o feelingmosaic_open_thumbs_ring_19.5mm
v -6.82820 10.12322 -1.76400
v -7.83475 11.61549 -1.76400
v -8.03606 11.91394 -1.40400
v -8.03606 11.91394 1.40400
v -7.83475 11.61549 1.76400
v -6.82820 10.12322 1.76400
v -6.62689 9.82477 1.40400
v -6.62689 9.82477 -1.40400
v -7.56409 9.66227 -1.84039
v -8.69648 11.10877 -1.76018
v -8.91307 11.38544 -1.37674
v -8.83594 11.28692 1.48902
v -8.59958 10.98499 1.84039
v -7.46719 9.53849 1.76018
v -7.25060 9.26182 1.37674
v -7.32773 9.36034 -1.48902
v -8.25520 9.13265 -1.97726
v -9.55034 10.56545 -1.80828
v -9.78670 10.82694 -1.38821
v -9.60994 10.63139 1.62477
v -9.32825 10.31976 1.97726
v -8.03311 8.88696 1.80828
v -7.79675 8.62547 1.38821
v -7.97351 8.82102 -1.62477
v -8.90691 8.55137 -2.15205
v -10.39128 9.97649 -1.88114
v -10.64908 10.22400 -1.41541
v -10.34422 9.93131 1.79468
v -10.00826 9.60876 2.15205
v -8.52388 8.18363 1.88114
v -8.26609 7.93613 1.41541
v -8.57095 8.22882 -1.79468
v -9.52520 7.92984 -2.34002
v -11.20882 9.33147 -1.95374
v -11.48617 9.56237 -1.43835
v -11.02305 9.17682 1.97914
v -10.62696 8.84707 2.34002
v -8.94334 7.44543 1.95374
v -8.66599 7.21454 1.43835
v -9.12910 7.60008 -1.97914
v -10.11495 7.27428 -2.51468
v -11.98649 8.62022 -2.00362
v -12.27781 8.82973 -1.44035
v -11.63055 8.36424 2.15584
v -11.17326 8.03538 2.51468
v -9.30173 6.68944 2.00362
v -9.01040 6.47993 1.44035
v -9.65766 6.94542 -2.15584
v -10.67845 6.58657 -2.64832
v -12.70187 7.83463 -2.01131
v -12.99811 8.01736 -1.40843
v -12.15233 7.49567 2.30025
v -11.63921 7.17917 2.64832
v -9.61580 5.93111 2.01131
v -9.31955 5.74838 1.40843
v -10.16534 6.27007 -2.30025
v -11.21412 5.86537 -2.71249
v -13.32687 6.97041 -1.96072
v -13.61620 7.12174 -1.33351
v -12.57700 6.57820 2.38598
v -12.02122 6.28751 2.71249
v -9.90847 5.18247 1.96072
v -9.61915 5.03114 1.33351
v -10.65834 5.57468 -2.38598
v -11.70972 5.10504 -2.72977
v -13.86319 6.04388 -1.87472
v -14.13713 6.16330 -1.23387
v -12.91440 5.63024 2.43094
v -12.32694 5.37413 2.72977
v -10.17347 4.43528 1.87472
v -9.89953 4.31586 1.23387
v -11.12226 4.84893 -2.43094
v -12.15398 4.30395 -2.74186
v -14.33120 5.07495 -1.78515
v -14.58628 5.16527 -1.13187
v -13.17942 4.66708 2.47126
v -12.56361 4.44901 2.74186
v -10.38639 3.67801 1.78515
v -10.13131 3.58769 1.13187
v -11.53817 4.08588 -2.47126
v -12.54342 3.46550 -2.74873
v -14.72737 4.06889 -1.69218
v -14.96048 4.13329 -1.02772
v -13.37179 3.69437 2.50688
v -12.73132 3.51742 2.74873
v -10.54737 2.91403 1.69218
v -10.31426 2.84963 1.02772
v -11.90295 3.28855 -2.50688
v -12.87473 2.59340 -2.75036
v -15.04860 3.03129 -1.59599
v -15.25704 3.07328 -0.92161
v -13.49168 2.71768 2.53773
v -12.83058 2.58451 2.75036
v -10.65672 2.14662 1.59599
v -10.44827 2.10463 0.92161
v -12.21363 2.46024 -2.53773
v -13.14487 1.69167 -2.74676
v -15.29223 1.96802 -1.49676
v -15.47374 1.99138 -0.81375
v -13.53969 1.74248 2.56375
v -12.86227 1.65530 2.74676
v -10.71492 1.37895 1.49676
v -10.53340 1.35559 0.81375
v -12.46745 1.60449 -2.56375
v -13.35108 0.76462 -2.73793
v -15.45611 0.88518 -1.39468
v -15.60891 0.89393 -0.70434
v -13.51687 0.77412 2.58489
v -12.82765 0.73465 2.73793
v -10.72262 0.61409 1.39468
v -10.56982 0.60534 0.70434
v -12.66187 0.72515 -2.58489
v -13.49089 -0.18315 -2.72389
v -15.53858 -0.21095 -1.28995
v -15.66136 -0.21261 -0.59359
v -13.42462 -0.18225 2.60111
v -12.72832 -0.17279 2.72389
v -10.68063 -0.14500 1.28995
v -10.55785 -0.14333 0.59359
v -12.79459 -0.17369 -2.60111
v -13.56219 -1.14679 -2.70467
v -15.53852 -1.31391 -1.18276
v -15.63049 -1.32169 -0.48171
v -13.26476 -1.12164 2.61237
v -12.56620 -1.06258 2.70467
v -10.58986 -0.89546 1.18276
v -10.49790 -0.88768 0.48171
v -12.86362 -1.08773 -2.61237
v -13.56321 -2.12125 -2.68029
v -15.45532 -2.41717 -1.07332
v -15.51621 -2.42669 -0.36891
v -13.03945 -2.03933 2.61866
v -12.34349 -1.93049 2.68029
v -10.45138 -1.63457 1.07332
v -10.39049 -1.62504 0.36891
v -12.86726 -2.01240 -2.61866
v -13.49260 -3.10123 -2.65082
v -15.28895 -3.51412 -0.96184
v -15.31901 -3.52103 -0.25541
v -12.75116 -2.93082 2.61997
v -12.06268 -2.77257 2.65082
v -10.26633 -2.35969 0.96184
v -10.23627 -2.35278 0.25541
v -12.80411 -2.94299 -2.61997
v -13.34939 -4.08132 -2.61630
v -15.03991 -4.59816 -0.84853
v -15.03991 -4.59816 -0.14142
v -12.40269 -3.79188 2.61630
v -11.72648 -3.58515 2.61630
v -10.03596 -3.06830 0.84853
v -10.03596 -3.06830 0.14142
v -12.67318 -3.87458 -2.61630
v -13.13306 -5.05593 -2.57679
v -14.70927 -5.66273 -0.73360
v -14.68048 -5.65165 -0.02717
v -11.99708 -4.61860 2.60764
v -11.33782 -4.36480 2.57679
v -9.76161 -3.75799 0.73360
v -9.79039 -3.76908 0.02717
v -12.47379 -4.80212 -2.60764
v -12.84355 -6.01939 -2.53239
v -14.29863 -6.70135 -0.61727
v -14.24283 -6.67520 0.08714
v -11.53762 -5.40735 2.59401
v -10.89978 -5.10841 2.53239
v -9.44470 -4.42645 0.61727
v -9.50050 -4.45261 -0.08714
v -12.20571 -5.72046 -2.59401
v -12.48123 -6.96600 -2.48316
v -13.81017 -7.70770 -0.49977
v -13.72958 -7.66272 0.20128
v -11.02781 -6.15482 2.57545
v -10.41564 -5.81316 2.48316
v -9.08671 -5.07145 0.49977
v -9.16730 -5.11643 -0.20128
v -11.86907 -6.62434 -2.57545
v -12.04699 -7.89000 -2.42920
v -13.24655 -8.67564 -0.38132
v -13.14384 -8.60837 0.31504
v -10.47131 -6.85803 2.55199
v -9.88876 -6.47651 2.42920
v -8.68920 -5.69087 0.38132
v -8.79192 -5.75814 -0.31504
v -11.46444 -7.50847 -2.55199
v -11.54215 -8.78569 -2.37062
v -12.61098 -9.59927 -0.26214
v -12.48920 -9.50657 0.42820
v -9.87194 -7.51435 2.52367
v -9.32262 -7.09622 2.37062
v -8.25379 -6.28264 0.26214
v -8.37557 -6.37534 -0.42820
v -10.99283 -8.36756 -2.52367
v -10.96854 -9.64741 -2.30753
v -11.90714 -10.47296 -0.14247
v -11.76972 -10.35209 0.54054
v -9.23362 -8.12146 2.49054
v -8.72076 -7.67037 2.30753
v -7.78216 -6.84482 0.14247
v -7.91958 -6.96569 -0.54054
v -10.45568 -9.19632 -2.49054
v -10.32846 -10.46963 -2.24005
v -11.13916 -11.29141 -0.02252
v -10.98983 -11.14004 0.65186
v -8.56037 -8.67737 2.45268
v -8.08676 -8.19729 2.24005
v -7.27605 -7.37550 0.02252
v -7.42538 -7.52687 -0.65186
v -9.85485 -9.98954 -2.45268
v -9.62469 -11.24696 -2.16830
v -10.31164 -12.04970 0.09747
v -10.15439 -11.86595 0.76193
v -7.85625 -9.18044 2.41014
v -7.42422 -8.67560 2.16830
v -6.73727 -7.87286 -0.09747
v -6.89452 -8.05661 -0.76193
v -9.19266 -10.74212 -2.41014
v -8.86046 -11.97422 -2.09242
v -9.42953 -12.74328 0.21728
v -9.26857 -12.52576 0.87056
v -7.12535 -9.62936 2.36302
v -6.73676 -9.10421 2.09242
v -6.16769 -8.33516 -0.21728
v -6.32865 -8.55268 -0.87056
v -8.47187 -11.44908 -2.36302
v -8.03946 -12.64647 -2.01257
v -8.49818 -13.36806 0.33667
v -8.33786 -13.11587 0.97752
v -6.37176 -10.02310 2.31140
v -6.02796 -9.48227 2.01257
v -5.56924 -8.76069 -0.33667
v -5.72956 -9.01288 -0.97752
v -7.69566 -12.10565 -2.31140
v -7.16582 -13.25905 -1.92888
v -7.52325 -13.92040 0.45542
v -7.36801 -13.63316 1.08263
v -5.59956 -10.36097 2.25538
v -5.30135 -9.80919 1.92888
v -4.94392 -9.14783 -0.45542
v -5.09916 -9.43507 -1.08263
v -6.86761 -12.70726 -2.25538
v -6.24404 -13.80760 -1.84151
v -6.51066 -14.39717 0.57330
v -6.36498 -14.07502 1.18567
v -4.81276 -10.64257 2.19507
v -4.56043 -10.08460 1.84151
v -4.29382 -9.49503 -0.57330
v -4.43950 -9.81717 -1.18567
v -5.99172 -13.24963 -2.19507
v -5.27905 -14.28815 -1.75065
v -5.46658 -14.79571 0.69009
v -5.33491 -14.43933 1.28646
v -4.01531 -10.86776 2.13058
v -3.80863 -10.30835 1.75065
v -3.62110 -9.80079 -0.69009
v -3.75277 -10.15717 -1.28646
v -5.07236 -13.72874 -2.13058
v -4.27609 -14.69711 -1.65645
v -4.39736 -15.11395 0.80557
v -4.28406 -14.72451 1.38480
v -3.21109 -11.03668 2.06203
v -3.04928 -10.48051 1.65645
v -2.92800 -10.06368 -0.80557
v -3.04131 -10.45311 -1.38480
v -4.11427 -14.14094 -2.06203
v -3.24073 -15.03132 -1.55910
v -3.30951 -15.35030 0.91952
v -3.21878 -14.92951 1.48050
v -2.40387 -11.14973 1.98955
v -2.28564 -10.60134 1.55910
v -2.21686 -10.28235 -0.91952
v -2.30758 -10.70314 -1.48050
v -3.12250 -14.48293 -1.98955
v -2.17884 -15.28806 -1.45877
v -2.20958 -15.50377 1.03171
v -2.14545 -15.05380 1.57339
v -1.59728 -11.20751 1.91329
v -1.52086 -10.67125 1.45877
v -1.49011 -10.45554 -1.03171
v -1.55424 -10.90551 -1.57339
v -2.10241 -14.75181 -1.91329
v -1.09650 -15.46513 -1.35568
v -1.10421 -15.57391 1.14194
v -1.07042 -15.09739 1.66328
v -0.79486 -11.21086 1.83339
v -0.75799 -10.69083 1.35568
v -0.75028 -10.58206 -1.14194
v -0.78407 -11.05858 -1.66328
v -1.05963 -14.94511 -1.83339
v -0.00000 -15.56081 -1.25000
v -0.00000 -15.56081 1.25000
v -0.00000 -15.06081 1.75000
v -0.00000 -11.16081 1.75000
v -0.00000 -10.66081 1.25000
v -0.00000 -10.66081 -1.25000
v -0.00000 -11.16081 -1.75000
v -0.00000 -15.06081 -1.75000
v 1.10421 -15.57391 -1.14194
v 1.09650 -15.46513 1.35568
v 1.05963 -14.94511 1.83339
v 0.78407 -11.05858 1.66328
v 0.75028 -10.58206 1.14194
v 0.75799 -10.69083 -1.35568
v 0.79486 -11.21086 -1.83339
v 1.07042 -15.09739 -1.66328
v 2.20958 -15.50377 -1.03171
v 2.17884 -15.28806 1.45877
v 2.10241 -14.75181 1.91329
v 1.55424 -10.90551 1.57339
v 1.49011 -10.45554 1.03171
v 1.52086 -10.67125 -1.45877
v 1.59728 -11.20751 -1.91329
v 2.14545 -15.05380 -1.57339
v 3.30951 -15.35030 -0.91952
v 3.24073 -15.03132 1.55910
v 3.12250 -14.48293 1.98955
v 2.30758 -10.70314 1.48050
v 2.21686 -10.28235 0.91952
v 2.28564 -10.60134 -1.55910
v 2.40387 -11.14973 -1.98955
v 3.21878 -14.92951 -1.48050
v 4.39736 -15.11395 -0.80557
v 4.27609 -14.69711 1.65645
v 4.11427 -14.14094 2.06203
v 3.04131 -10.45311 1.38480
v 2.92800 -10.06368 0.80557
v 3.04928 -10.48051 -1.65645
v 3.21109 -11.03668 -2.06203
v 4.28406 -14.72451 -1.38480
v 5.46658 -14.79571 -0.69009
v 5.27905 -14.28815 1.75065
v 5.07236 -13.72874 2.13058
v 3.75277 -10.15717 1.28646
v 3.62110 -9.80079 0.69009
v 3.80863 -10.30835 -1.75065
v 4.01531 -10.86776 -2.13058
v 5.33491 -14.43933 -1.28646
v 6.51066 -14.39717 -0.57330
v 6.24404 -13.80760 1.84151
v 5.99172 -13.24963 2.19507
v 4.43950 -9.81717 1.18567
v 4.29382 -9.49503 0.57330
v 4.56043 -10.08460 -1.84151
v 4.81276 -10.64257 -2.19507
v 6.36498 -14.07502 -1.18567
v 7.52325 -13.92040 -0.45542
v 7.16582 -13.25905 1.92888
v 6.86761 -12.70726 2.25538
v 5.09916 -9.43507 1.08263
v 4.94392 -9.14783 0.45542
v 5.30135 -9.80919 -1.92888
v 5.59956 -10.36097 -2.25538
v 7.36801 -13.63316 -1.08263
v 8.49818 -13.36806 -0.33667
v 8.03946 -12.64647 2.01257
v 7.69566 -12.10565 2.31140
v 5.72956 -9.01288 0.97752
v 5.56924 -8.76069 0.33667
v 6.02796 -9.48227 -2.01257
v 6.37176 -10.02310 -2.31140
v 8.33786 -13.11587 -0.97752
v 9.42953 -12.74328 -0.21728
v 8.86046 -11.97422 2.09242
v 8.47187 -11.44908 2.36302
v 6.32865 -8.55268 0.87056
v 6.16769 -8.33516 0.21728
v 6.73676 -9.10421 -2.09242
v 7.12535 -9.62936 -2.36302
v 9.26857 -12.52576 -0.87056
v 10.31164 -12.04970 -0.09747
v 9.62469 -11.24696 2.16830
v 9.19266 -10.74212 2.41014
v 6.89452 -8.05661 0.76193
v 6.73727 -7.87286 0.09747
v 7.42422 -8.67560 -2.16830
v 7.85625 -9.18044 -2.41014
v 10.15439 -11.86595 -0.76193
v 11.13916 -11.29141 0.02252
v 10.32846 -10.46963 2.24005
v 9.85485 -9.98954 2.45268
v 7.42538 -7.52687 0.65186
v 7.27605 -7.37550 -0.02252
v 8.08676 -8.19729 -2.24005
v 8.56037 -8.67737 -2.45268
v 10.98983 -11.14004 -0.65186
v 11.90714 -10.47296 0.14247
v 10.96854 -9.64741 2.30753
v 10.45568 -9.19632 2.49054
v 7.91958 -6.96569 0.54054
v 7.78216 -6.84482 -0.14247
v 8.72076 -7.67037 -2.30753
v 9.23362 -8.12146 -2.49054
v 11.76972 -10.35209 -0.54054
v 12.61098 -9.59927 0.26214
v 11.54215 -8.78569 2.37062
v 10.99283 -8.36756 2.52367
v 8.37557 -6.37534 0.42820
v 8.25379 -6.28264 -0.26214
v 9.32262 -7.09622 -2.37062
v 9.87194 -7.51435 -2.52367
v 12.48920 -9.50657 -0.42820
v 13.24655 -8.67564 0.38132
v 12.04699 -7.89000 2.42920
v 11.46444 -7.50847 2.55199
v 8.79192 -5.75814 0.31504
v 8.68920 -5.69087 -0.38132
v 9.88876 -6.47651 -2.42920
v 10.47131 -6.85803 -2.55199
v 13.14384 -8.60837 -0.31504
v 13.81017 -7.70770 0.49977
v 12.48123 -6.96600 2.48316
v 11.86907 -6.62434 2.57545
v 9.16730 -5.11643 0.20128
v 9.08671 -5.07145 -0.49977
v 10.41564 -5.81316 -2.48316
v 11.02781 -6.15482 -2.57545
v 13.72958 -7.66272 -0.20128
v 14.29863 -6.70135 0.61727
v 12.84355 -6.01939 2.53239
v 12.20571 -5.72046 2.59401
v 9.50050 -4.45261 0.08714
v 9.44470 -4.42645 -0.61727
v 10.89978 -5.10841 -2.53239
v 11.53762 -5.40735 -2.59401
v 14.24283 -6.67520 -0.08714
v 14.70927 -5.66273 0.73360
v 13.13306 -5.05593 2.57679
v 12.47379 -4.80212 2.60764
v 9.79039 -3.76908 -0.02717
v 9.76161 -3.75799 -0.73360
v 11.33782 -4.36480 -2.57679
v 11.99708 -4.61860 -2.60764
v 14.68048 -5.65165 0.02717
v 15.03991 -4.59816 0.84853
v 13.34939 -4.08132 2.61630
v 12.67318 -3.87458 2.61630
v 10.03596 -3.06830 -0.14142
v 10.03596 -3.06830 -0.84853
v 11.72648 -3.58515 -2.61630
v 12.40269 -3.79188 -2.61630
v 15.03991 -4.59816 0.14142
v 15.28895 -3.51412 0.96184
v 13.49260 -3.10123 2.65082
v 12.80411 -2.94299 2.61997
v 10.23627 -2.35278 -0.25541
v 10.26633 -2.35969 -0.96184
v 12.06268 -2.77257 -2.65082
v 12.75116 -2.93082 -2.61997
v 15.31901 -3.52103 0.25541
v 15.45532 -2.41717 1.07332
v 13.56321 -2.12125 2.68029
v 12.86726 -2.01240 2.61866
v 10.39049 -1.62504 -0.36891
v 10.45138 -1.63457 -1.07332
v 12.34349 -1.93049 -2.68029
v 13.03945 -2.03933 -2.61866
v 15.51621 -2.42669 0.36891
v 15.53852 -1.31391 1.18276
v 13.56219 -1.14679 2.70467
v 12.86362 -1.08773 2.61237
v 10.49790 -0.88768 -0.48171
v 10.58986 -0.89546 -1.18276
v 12.56620 -1.06258 -2.70467
v 13.26476 -1.12164 -2.61237
v 15.63049 -1.32169 0.48171
v 15.53858 -0.21095 1.28995
v 13.49089 -0.18315 2.72389
v 12.79459 -0.17369 2.60111
v 10.55785 -0.14333 -0.59359
v 10.68063 -0.14500 -1.28995
v 12.72832 -0.17279 -2.72389
v 13.42462 -0.18225 -2.60111
v 15.66136 -0.21261 0.59359
v 15.45611 0.88518 1.39468
v 13.35108 0.76462 2.73793
v 12.66187 0.72515 2.58489
v 10.56982 0.60534 -0.70434
v 10.72262 0.61409 -1.39468
v 12.82765 0.73465 -2.73793
v 13.51687 0.77412 -2.58489
v 15.60891 0.89393 0.70434
v 15.29223 1.96802 1.49676
v 13.14487 1.69167 2.74676
v 12.46745 1.60449 2.56375
v 10.53340 1.35559 -0.81375
v 10.71492 1.37895 -1.49676
v 12.86227 1.65530 -2.74676
v 13.53969 1.74248 -2.56375
v 15.47374 1.99138 0.81375
v 15.04860 3.03129 1.59599
v 12.87473 2.59340 2.75036
v 12.21363 2.46024 2.53773
v 10.44827 2.10463 -0.92161
v 10.65672 2.14662 -1.59599
v 12.83058 2.58451 -2.75036
v 13.49168 2.71768 -2.53773
v 15.25704 3.07328 0.92161
v 14.72737 4.06889 1.69218
v 12.54342 3.46550 2.74873
v 11.90295 3.28855 2.50688
v 10.31426 2.84963 -1.02772
v 10.54737 2.91403 -1.69218
v 12.73132 3.51742 -2.74873
v 13.37179 3.69437 -2.50688
v 14.96048 4.13329 1.02772
v 14.33120 5.07495 1.78515
v 12.15398 4.30395 2.74186
v 11.53817 4.08588 2.47126
v 10.13131 3.58769 -1.13187
v 10.38639 3.67801 -1.78515
v 12.56361 4.44901 -2.74186
v 13.17942 4.66708 -2.47126
v 14.58628 5.16527 1.13187
v 13.86319 6.04388 1.87472
v 11.70972 5.10504 2.72977
v 11.12226 4.84893 2.43094
v 9.89953 4.31586 -1.23387
v 10.17347 4.43528 -1.87472
v 12.32694 5.37413 -2.72977
v 12.91440 5.63024 -2.43094
v 14.13713 6.16330 1.23387
v 13.32687 6.97041 1.96072
v 11.21412 5.86537 2.71249
v 10.65834 5.57468 2.38598
v 9.61915 5.03114 -1.33351
v 9.90847 5.18247 -1.96072
v 12.02122 6.28751 -2.71249
v 12.57700 6.57820 -2.38598
v 13.61620 7.12174 1.33351
v 12.70187 7.83463 2.01131
v 10.67845 6.58657 2.64832
v 10.16534 6.27007 2.30025
v 9.31955 5.74838 -1.40843
v 9.61580 5.93111 -2.01131
v 11.63921 7.17917 -2.64832
v 12.15233 7.49567 -2.30025
v 12.99811 8.01736 1.40843
v 11.98649 8.62022 2.00362
v 10.11495 7.27428 2.51468
v 9.65766 6.94542 2.15584
v 9.01040 6.47993 -1.44035
v 9.30173 6.68944 -2.00362
v 11.17326 8.03538 -2.51468
v 11.63055 8.36424 -2.15584
v 12.27781 8.82973 1.44035
v 11.20882 9.33147 1.95374
v 9.52520 7.92984 2.34002
v 9.12910 7.60008 1.97914
v 8.66599 7.21454 -1.43835
v 8.94334 7.44543 -1.95374
v 10.62696 8.84707 -2.34002
v 11.02305 9.17682 -1.97914
v 11.48617 9.56237 1.43835
v 10.39128 9.97649 1.88114
v 8.90691 8.55137 2.15205
v 8.57095 8.22882 1.79468
v 8.26609 7.93613 -1.41541
v 8.52388 8.18363 -1.88114
v 10.00826 9.60876 -2.15205
v 10.34422 9.93131 -1.79468
v 10.64908 10.22400 1.41541
v 9.55034 10.56545 1.80828
v 8.25520 9.13265 1.97726
v 7.97351 8.82102 1.62477
v 7.79675 8.62547 -1.38821
v 8.03311 8.88696 -1.80828
v 9.32825 10.31976 -1.97726
v 9.60994 10.63139 -1.62477
v 9.78670 10.82694 1.38821
v 8.69648 11.10877 1.76018
v 7.56409 9.66227 1.84039
v 7.32773 9.36034 1.48902
v 7.25060 9.26182 -1.37674
v 7.46719 9.53849 -1.76018
v 8.59958 10.98499 -1.84039
v 8.83594 11.28692 -1.48902
v 8.91307 11.38544 1.37674
v 7.83475 11.61549 1.76400
v 6.82820 10.12322 1.76400
v 6.62689 9.82477 1.40400
v 6.62689 9.82477 -1.40400
v 6.82820 10.12322 -1.76400
v 7.83475 11.61549 -1.76400
v 8.03606 11.91394 -1.40400
v 8.03606 11.91394 1.40400
v -7.33147 10.86936 -0.00000
v 7.33147 10.86936 0.00000
v -8.51391 11.94143 -2.20665
v -8.41975 12.00494 2.19767
v -6.41436 13.35760 2.19954
v -4.54768 14.61669 1.29191
v -5.26229 14.13468 -2.52675
v -6.96818 12.98404 -2.55375
v -6.78041 9.37142 -2.20665
v -6.68625 9.43493 2.19767
v -4.68086 10.78758 2.19954
v -2.81418 12.04667 1.29191
v -3.52879 11.56466 -2.52675
v -5.23468 10.41402 -2.55375
v -4.30406 12.91138 0.13622
v -4.46128 13.18215 0.20434
v -4.55243 13.42285 0.39520
v -4.55945 13.58582 0.67101
v -4.48095 13.63877 0.97713
v -4.33248 13.57121 1.25293
v -4.14344 13.39653 1.44380
v -3.95129 13.14932 1.51191
v -3.79406 12.87855 1.44380
v -3.70292 12.63785 1.25293
v -3.69590 12.47488 0.97713
v -3.77440 12.42193 0.67101
v -3.92287 12.48949 0.39520
v -4.11190 12.66417 0.20434
v -3.62951 13.36637 -0.11545
v -3.78673 13.63714 -0.04734
v -3.87788 13.87784 0.14353
v -3.88489 14.04081 0.41933
v -3.80640 14.09376 0.72545
v -3.65793 14.02620 1.00126
v -3.46889 13.85152 1.19212
v -3.27673 13.60431 1.26024
v -3.11951 13.33354 1.19212
v -3.02837 13.09284 1.00126
v -3.02135 12.92987 0.72545
v -3.09985 12.87692 0.41933
v -3.24832 12.94448 0.14353
v -3.43735 13.11916 -0.04734
v -4.12767 13.03035 0.82407
v -3.45312 13.48534 0.57239
v -3.72505 12.43344 0.82407
v -3.56633 12.60661 0.66999
v -3.52966 12.63135 0.78436
v -3.53776 12.62588 0.90659
v -3.58903 12.59130 1.01248
v -3.67331 12.53445 1.08105
v -3.77391 12.46660 1.09872
v -3.87090 12.40118 1.06199
v -3.94507 12.35114 0.97814
v -3.98174 12.32641 0.86377
v -3.97364 12.33188 0.74154
v -3.92237 12.36646 0.63565
v -3.83809 12.42331 0.56708
v -3.73749 12.49116 0.54941
v -3.64050 12.55658 0.58614
v -3.49306 12.84429 0.53937
v -3.42531 12.89000 0.75070
v -3.44028 12.87990 0.97656
v -3.53501 12.81600 1.17221
v -3.69074 12.71096 1.29891
v -3.87662 12.58558 1.33156
v -4.05584 12.46470 1.26370
v -4.19289 12.37225 1.10876
v -4.26065 12.32655 0.89744
v -4.24568 12.33665 0.67158
v -4.15095 12.40054 0.47592
v -3.99522 12.50558 0.34922
v -3.80934 12.63096 0.31657
v -3.63012 12.75185 0.38443
v -3.51641 13.11030 0.45210
v -3.42788 13.17001 0.72821
v -3.44744 13.15682 1.02330
v -3.57121 13.07333 1.27894
v -3.77468 12.93609 1.44448
v -4.01755 12.77228 1.48714
v -4.25171 12.61433 1.39848
v -4.43079 12.49354 1.19604
v -4.51931 12.43383 0.91993
v -4.49975 12.44703 0.62483
v -4.37598 12.53051 0.36919
v -4.17251 12.66776 0.20365
v -3.92964 12.83157 0.16099
v -3.69548 12.98951 0.24966
v -3.63281 13.36414 0.42145
v -3.53699 13.42877 0.72031
v -3.55817 13.41448 1.03972
v -3.69214 13.32412 1.31642
v -3.91237 13.17557 1.49560
v -4.17525 12.99826 1.54178
v -4.42870 12.82730 1.44580
v -4.62253 12.69656 1.22669
v -4.71835 12.63193 0.92783
v -4.69717 12.64621 0.60841
v -4.56321 12.73658 0.33172
v -4.34297 12.88513 0.15253
v -4.08010 13.06244 0.10636
v -3.82664 13.23340 0.20233
v -3.82456 13.56715 0.45210
v -3.73603 13.62686 0.72821
v -3.75559 13.61367 1.02330
v -3.87937 13.53019 1.27894
v -4.08283 13.39294 1.44448
v -4.32570 13.22913 1.48714
v -4.55986 13.07119 1.39848
v -4.73894 12.95040 1.19604
v -4.82746 12.89069 0.91993
v -4.80790 12.90388 0.62483
v -4.68413 12.98737 0.36919
v -4.48066 13.12461 0.20365
v -4.23779 13.28842 0.16099
v -4.00363 13.44637 0.24966
v -4.06245 13.68845 0.53937
v -3.99469 13.73415 0.75070
v -4.00967 13.72405 0.97656
v -4.10440 13.66015 1.17221
v -4.26012 13.55511 1.29891
v -4.44601 13.42974 1.33156
v -4.62522 13.30885 1.26370
v -4.76228 13.21640 1.10876
v -4.83004 13.17070 0.89744
v -4.81507 13.18080 0.67158
v -4.72033 13.24470 0.47592
v -4.56461 13.34974 0.34922
v -4.37873 13.47512 0.31657
v -4.19951 13.59600 0.38443
v -4.31027 13.70955 0.66999
v -4.27360 13.73429 0.78436
v -4.28170 13.72882 0.90659
v -4.33297 13.69424 1.01248
v -4.41725 13.63739 1.08105
v -4.51785 13.56954 1.09872
v -4.61484 13.50412 1.06199
v -4.68902 13.45409 0.97814
v -4.72568 13.42935 0.86377
v -4.71758 13.43482 0.74154
v -4.66631 13.46940 0.63565
v -4.58203 13.52625 0.56708
v -4.48144 13.59410 0.54941
v -4.38444 13.65952 0.58614
v -4.53029 13.62726 0.82407
v -3.05050 12.88843 0.57239
v -2.89178 13.06160 0.41832
v -2.85511 13.08634 0.53269
v -2.86321 13.08087 0.65492
v -2.91448 13.04629 0.76081
v -2.99876 12.98944 0.82938
v -3.09936 12.92159 0.84705
v -3.19635 12.85617 0.81032
v -3.27052 12.80614 0.72647
v -3.30719 12.78140 0.61210
v -3.29909 12.78687 0.48987
v -3.24782 12.82145 0.38398
v -3.16354 12.87830 0.31541
v -3.06294 12.94615 0.29774
v -2.96595 13.01157 0.33447
v -2.81851 13.29929 0.28770
v -2.75075 13.34499 0.49902
v -2.76573 13.33489 0.72488
v -2.86046 13.27099 0.92054
v -3.01619 13.16595 1.04724
v -3.20207 13.04057 1.07989
v -3.38128 12.91969 1.01203
v -3.51834 12.82724 0.85709
v -3.58610 12.78154 0.64576
v -3.57113 12.79164 0.41990
v -3.47640 12.85554 0.22425
v -3.32067 12.96057 0.09755
v -3.13479 13.08595 0.06490
v -2.95557 13.20684 0.13276
v -2.84186 13.56529 0.20042
v -2.75333 13.62500 0.47653
v -2.77289 13.61181 0.77163
v -2.89666 13.52832 1.02727
v -3.10013 13.39108 1.19281
v -3.34300 13.22727 1.23547
v -3.57716 13.06932 1.14680
v -3.75623 12.94854 0.94436
v -3.84476 12.88882 0.66825
v -3.82520 12.90202 0.37316
v -3.70143 12.98550 0.11752
v -3.49796 13.12275 -0.04802
v -3.25509 13.28656 -0.09068
v -3.02093 13.44450 -0.00202
v -2.95826 13.81913 0.16977
v -2.86244 13.88376 0.46863
v -2.88362 13.86947 0.78804
v -3.01759 13.77911 1.06474
v -3.23782 13.63056 1.24393
v -3.50070 13.45325 1.29010
v -3.75415 13.28229 1.19413
v -3.94798 13.15155 0.97501
v -4.04380 13.08692 0.67615
v -4.02262 13.10120 0.35674
v -3.88865 13.19157 0.08004
v -3.66842 13.34012 -0.09914
v -3.40555 13.51743 -0.14532
v -3.15209 13.68839 -0.04934
v -3.15001 14.02214 0.20042
v -3.06148 14.08185 0.47653
v -3.08104 14.06866 0.77163
v -3.20482 13.98518 1.02727
v -3.40828 13.84793 1.19281
v -3.65115 13.68412 1.23547
v -3.88531 13.52618 1.14680
v -4.06439 13.40539 0.94436
v -4.15291 13.34568 0.66825
v -4.13335 13.35887 0.37316
v -4.00958 13.44236 0.11752
v -3.80611 13.57960 -0.04802
v -3.56324 13.74341 -0.09068
v -3.32908 13.90136 -0.00202
v -3.38790 14.14344 0.28770
v -3.32014 14.18914 0.49902
v -3.33512 14.17904 0.72488
v -3.42985 14.11514 0.92054
v -3.58557 14.01010 1.04724
v -3.77146 13.88473 1.07989
v -3.95067 13.76384 1.01203
v -4.08773 13.67139 0.85709
v -4.15549 13.62569 0.64576
v -4.14052 13.63579 0.41990
v -4.04578 13.69969 0.22425
v -3.89006 13.80473 0.09755
v -3.70417 13.93011 0.06490
v -3.52496 14.05099 0.13276
v -3.63572 14.16454 0.41832
v -3.59905 14.18928 0.53269
v -3.60715 14.18381 0.65492
v -3.65842 14.14923 0.76081
v -3.74270 14.09238 0.82938
v -3.84330 14.02453 0.84705
v -3.94029 13.95911 0.81032
v -4.01447 13.90908 0.72647
v -4.05113 13.88434 0.61210
v -4.04303 13.88981 0.48987
v -3.99176 13.92439 0.38398
v -3.90748 13.98124 0.31541
v -3.80689 14.04909 0.29774
v -3.70989 14.11451 0.33447
v -3.85574 14.08225 0.57239
v -3.66277 13.34393 -0.10174
v -3.81670 13.61692 -0.03498
v -3.89862 13.86385 0.15208
v -3.89230 14.03581 0.42239
v -3.79899 14.09875 0.72240
v -3.63719 14.04019 0.99271
v -3.43892 13.87174 1.17976
v -3.24347 13.62675 1.24652
v -3.08954 13.35376 1.17976
v -3.00763 13.10683 0.99271
v -3.01394 12.93487 0.72240
v -3.10725 12.87193 0.42239
v -3.26906 12.93049 0.15208
v -3.46732 13.09894 -0.03498
v -3.00167 13.78984 -0.40087
v -3.15560 14.06284 -0.33411
v -3.23752 14.30977 -0.14706
v -3.23120 14.48173 0.12325
v -3.13790 14.54466 0.42326
v -2.97609 14.48610 0.69357
v -2.77782 14.31765 0.88062
v -2.58237 14.07267 0.94738
v -2.42844 13.79967 0.88062
v -2.34653 13.55274 0.69357
v -2.35285 13.38078 0.42326
v -2.44615 13.31785 0.12325
v -2.60796 13.37641 -0.14706
v -2.80622 13.54486 -0.33411
v -3.45312 13.48534 0.57239
v -2.79202 13.93126 0.27326
v -3.05050 12.88843 0.57239
v -2.89178 13.06160 0.41832
v -2.85511 13.08634 0.53269
v -2.86321 13.08087 0.65492
v -2.91448 13.04629 0.76081
v -2.99876 12.98944 0.82938
v -3.09936 12.92159 0.84705
v -3.19635 12.85617 0.81032
v -3.27052 12.80614 0.72647
v -3.30719 12.78140 0.61210
v -3.29909 12.78687 0.48987
v -3.24782 12.82145 0.38398
v -3.16354 12.87830 0.31541
v -3.06294 12.94615 0.29774
v -2.96595 13.01157 0.33447
v -2.81851 13.29929 0.28770
v -2.75075 13.34499 0.49902
v -2.76573 13.33489 0.72488
v -2.86046 13.27099 0.92054
v -3.01619 13.16595 1.04724
v -3.20207 13.04057 1.07989
v -3.38128 12.91969 1.01203
v -3.51834 12.82724 0.85709
v -3.58610 12.78154 0.64576
v -3.57113 12.79164 0.41990
v -3.47640 12.85554 0.22425
v -3.32067 12.96057 0.09755
v -3.13479 13.08595 0.06490
v -2.95557 13.20684 0.13276
v -2.84186 13.56529 0.20042
v -2.75333 13.62500 0.47653
v -2.77289 13.61181 0.77163
v -2.89666 13.52832 1.02727
v -3.10013 13.39108 1.19281
v -3.34300 13.22727 1.23547
v -3.57716 13.06932 1.14680
v -3.75623 12.94854 0.94436
v -3.84476 12.88882 0.66825
v -3.82520 12.90202 0.37316
v -3.70143 12.98550 0.11752
v -3.49796 13.12275 -0.04802
v -3.25509 13.28656 -0.09068
v -3.02093 13.44450 -0.00202
v -2.95826 13.81913 0.16977
v -2.86244 13.88376 0.46863
v -2.88362 13.86947 0.78804
v -3.01759 13.77911 1.06474
v -3.23782 13.63056 1.24393
v -3.50070 13.45325 1.29010
v -3.75415 13.28229 1.19413
v -3.94798 13.15155 0.97501
v -4.04380 13.08692 0.67615
v -4.02262 13.10120 0.35674
v -3.88865 13.19157 0.08004
v -3.66842 13.34012 -0.09914
v -3.40555 13.51743 -0.14532
v -3.15209 13.68839 -0.04934
v -3.15001 14.02214 0.20042
v -3.06148 14.08185 0.47653
v -3.08104 14.06866 0.77163
v -3.20482 13.98518 1.02727
v -3.40828 13.84793 1.19281
v -3.65115 13.68412 1.23547
v -3.88531 13.52618 1.14680
v -4.06439 13.40539 0.94436
v -4.15291 13.34568 0.66825
v -4.13335 13.35887 0.37316
v -4.00958 13.44236 0.11752
v -3.80611 13.57960 -0.04802
v -3.56324 13.74341 -0.09068
v -3.32908 13.90136 -0.00202
v -3.38790 14.14344 0.28770
v -3.32014 14.18914 0.49902
v -3.33512 14.17904 0.72488
v -3.42985 14.11514 0.92054
v -3.58557 14.01010 1.04724
v -3.77146 13.88473 1.07989
v -3.95067 13.76384 1.01203
v -4.08773 13.67139 0.85709
v -4.15549 13.62569 0.64576
v -4.14052 13.63579 0.41990
v -4.04578 13.69969 0.22425
v -3.89006 13.80473 0.09755
v -3.70417 13.93011 0.06490
v -3.52496 14.05099 0.13276
v -3.63572 14.16454 0.41832
v -3.59905 14.18928 0.53269
v -3.60715 14.18381 0.65492
v -3.65842 14.14923 0.76081
v -3.74270 14.09238 0.82938
v -3.84330 14.02453 0.84705
v -3.94029 13.95911 0.81032
v -4.01447 13.90908 0.72647
v -4.05113 13.88434 0.61210
v -4.04303 13.88981 0.48987
v -3.99176 13.92439 0.38398
v -3.90748 13.98124 0.31541
v -3.80689 14.04909 0.29774
v -3.70989 14.11451 0.33447
v -3.85574 14.08225 0.57239
v -2.38940 13.33435 0.27326
v -2.23068 13.50752 0.11918
v -2.19401 13.53225 0.23355
v -2.20211 13.52679 0.35578
v -2.25338 13.49221 0.46167
v -2.33766 13.43536 0.53024
v -2.43826 13.36751 0.54791
v -2.53525 13.30208 0.51118
v -2.60943 13.25205 0.42733
v -2.64609 13.22732 0.31296
v -2.63799 13.23278 0.19073
v -2.58672 13.26736 0.08484
v -2.50244 13.32421 0.01627
v -2.40185 13.39207 -0.00140
v -2.30485 13.45749 0.03533
v -2.15741 13.74520 -0.01144
v -2.08966 13.79090 0.19989
v -2.10463 13.78080 0.42574
v -2.19936 13.71691 0.62140
v -2.35509 13.61187 0.74810
v -2.54097 13.48649 0.78075
v -2.72019 13.36560 0.71289
v -2.85725 13.27316 0.55795
v -2.92500 13.22746 0.34662
v -2.91003 13.23755 0.12077
v -2.81530 13.30145 -0.07489
v -2.65957 13.40649 -0.20159
v -2.47369 13.53187 -0.23424
v -2.29447 13.65275 -0.16638
v -2.18076 14.01121 -0.09872
v -2.09223 14.07092 0.17739
v -2.11179 14.05772 0.47249
v -2.23557 13.97424 0.72813
v -2.43904 13.83700 0.89367
v -2.68190 13.67318 0.93633
v -2.91606 13.51524 0.84766
v -3.09514 13.39445 0.64523
v -3.18366 13.33474 0.36912
v -3.16410 13.34793 0.07402
v -3.04033 13.43142 -0.18162
v -2.83686 13.56866 -0.34716
v -2.59399 13.73248 -0.38982
v -2.35983 13.89042 -0.30115
v -2.29716 14.26504 -0.12936
v -2.20135 14.32967 0.16950
v -2.22252 14.31539 0.48891
v -2.35649 14.22503 0.76561
v -2.57672 14.07648 0.94479
v -2.83960 13.89917 0.99096
v -3.09305 13.72821 0.89499
v -3.28688 13.59747 0.67587
v -3.38270 13.53284 0.37701
v -3.36153 13.54712 0.05760
v -3.22756 13.63748 -0.21910
v -3.00732 13.78603 -0.39828
v -2.74445 13.96335 -0.44445
v -2.49100 14.13430 -0.34848
v -2.48891 14.46806 -0.09872
v -2.40038 14.52777 0.17739
v -2.41995 14.51458 0.47249
v -2.54372 14.43109 0.72813
v -2.74719 14.29385 0.89367
v -2.99005 14.13004 0.93633
v -3.22421 13.97209 0.84766
v -3.40329 13.85130 0.64523
v -3.49181 13.79159 0.36912
v -3.47225 13.80479 0.07402
v -3.34848 13.88827 -0.18162
v -3.14501 14.02551 -0.34716
v -2.90215 14.18933 -0.38982
v -2.66799 14.34727 -0.30115
v -2.72680 14.58936 -0.01144
v -2.65905 14.63506 0.19989
v -2.67402 14.62496 0.42574
v -2.76875 14.56106 0.62140
v -2.92448 14.45602 0.74810
v -3.11036 14.33064 0.78075
v -3.28958 14.20976 0.71289
v -3.42664 14.11731 0.55795
v -3.49439 14.07161 0.34662
v -3.47942 14.08171 0.12077
v -3.38469 14.14560 -0.07489
v -3.22896 14.25064 -0.20159
v -3.04308 14.37602 -0.23424
v -2.86386 14.49691 -0.16638
v -2.97462 14.61046 0.11918
v -2.93795 14.63519 0.23355
v -2.94605 14.62973 0.35578
v -2.99732 14.59515 0.46167
v -3.08160 14.53830 0.53024
v -3.18220 14.47045 0.54791
v -3.27919 14.40502 0.51118
v -3.35337 14.35499 0.42733
v -3.39004 14.33026 0.31296
v -3.38193 14.33572 0.19073
v -3.33067 14.37030 0.08484
v -3.24639 14.42715 0.01627
v -3.14579 14.49501 -0.00140
v -3.04880 14.56043 0.03533
v -3.19464 14.52816 0.27326
v -3.03421 13.76790 -0.38482
v -3.18492 14.04306 -0.31965
v -3.25781 14.29608 -0.13705
v -3.23844 14.47685 0.12682
v -3.13066 14.54955 0.41969
v -2.95580 14.49979 0.68356
v -2.74851 14.33742 0.86616
v -2.54983 14.09461 0.93133
v -2.39913 13.81945 0.86616
v -2.32624 13.56643 0.68356
v -2.34561 13.38566 0.41969
v -2.45339 13.31296 0.12682
v -2.62825 13.36272 -0.13705
v -2.83554 13.52509 -0.31965
v -2.38886 14.20319 -0.73038
v -2.53957 14.47836 -0.66521
v -2.61245 14.73138 -0.48261
v -2.59309 14.91214 -0.21874
v -2.48530 14.98484 0.07413
v -2.31045 14.93508 0.33799
v -2.10316 14.77272 0.52059
v -1.90448 14.52991 0.58576
v -1.75378 14.25474 0.52059
v -1.68089 14.00172 0.33799
v -1.70026 13.82096 0.07413
v -1.80804 13.74826 -0.21874
v -1.98289 13.79802 -0.48261
v -2.19019 13.96038 -0.66521
v -2.79202 13.93126 0.27326
v -2.14667 14.36655 -0.07231
v -2.38940 13.33435 0.27326
v -2.23068 13.50752 0.11918
v -2.19401 13.53225 0.23355
v -2.20211 13.52679 0.35578
v -2.25338 13.49221 0.46167
v -2.33766 13.43536 0.53024
v -2.43826 13.36751 0.54791
v -2.53525 13.30208 0.51118
v -2.60943 13.25205 0.42733
v -2.64609 13.22732 0.31296
v -2.63799 13.23278 0.19073
v -2.58672 13.26736 0.08484
v -2.50244 13.32421 0.01627
v -2.40185 13.39207 -0.00140
v -2.30485 13.45749 0.03533
v -2.15741 13.74520 -0.01144
v -2.08966 13.79090 0.19989
v -2.10463 13.78080 0.42574
v -2.19936 13.71691 0.62140
v -2.35509 13.61187 0.74810
v -2.54097 13.48649 0.78075
v -2.72019 13.36560 0.71289
v -2.85725 13.27316 0.55795
v -2.92500 13.22746 0.34662
v -2.91003 13.23755 0.12077
v -2.81530 13.30145 -0.07489
v -2.65957 13.40649 -0.20159
v -2.47369 13.53187 -0.23424
v -2.29447 13.65275 -0.16638
v -2.18076 14.01121 -0.09872
v -2.09223 14.07092 0.17739
v -2.11179 14.05772 0.47249
v -2.23557 13.97424 0.72813
v -2.43904 13.83700 0.89367
v -2.68190 13.67318 0.93633
v -2.91606 13.51524 0.84766
v -3.09514 13.39445 0.64523
v -3.18366 13.33474 0.36912
v -3.16410 13.34793 0.07402
v -3.04033 13.43142 -0.18162
v -2.83686 13.56866 -0.34716
v -2.59399 13.73248 -0.38982
v -2.35983 13.89042 -0.30115
v -2.29716 14.26504 -0.12936
v -2.20135 14.32967 0.16950
v -2.22252 14.31539 0.48891
v -2.35649 14.22503 0.76561
v -2.57672 14.07648 0.94479
v -2.83960 13.89917 0.99096
v -3.09305 13.72821 0.89499
v -3.28688 13.59747 0.67587
v -3.38270 13.53284 0.37701
v -3.36153 13.54712 0.05760
v -3.22756 13.63748 -0.21910
v -3.00732 13.78603 -0.39828
v -2.74445 13.96335 -0.44445
v -2.49100 14.13430 -0.34848
v -2.48891 14.46806 -0.09872
v -2.40038 14.52777 0.17739
v -2.41995 14.51458 0.47249
v -2.54372 14.43109 0.72813
v -2.74719 14.29385 0.89367
v -2.99005 14.13004 0.93633
v -3.22421 13.97209 0.84766
v -3.40329 13.85130 0.64523
v -3.49181 13.79159 0.36912
v -3.47225 13.80479 0.07402
v -3.34848 13.88827 -0.18162
v -3.14501 14.02551 -0.34716
v -2.90215 14.18933 -0.38982
v -2.66799 14.34727 -0.30115
v -2.72680 14.58936 -0.01144
v -2.65905 14.63506 0.19989
v -2.67402 14.62496 0.42574
v -2.76875 14.56106 0.62140
v -2.92448 14.45602 0.74810
v -3.11036 14.33064 0.78075
v -3.28958 14.20976 0.71289
v -3.42664 14.11731 0.55795
v -3.49439 14.07161 0.34662
v -3.47942 14.08171 0.12077
v -3.38469 14.14560 -0.07489
v -3.22896 14.25064 -0.20159
v -3.04308 14.37602 -0.23424
v -2.86386 14.49691 -0.16638
v -2.97462 14.61046 0.11918
v -2.93795 14.63519 0.23355
v -2.94605 14.62973 0.35578
v -2.99732 14.59515 0.46167
v -3.08160 14.53830 0.53024
v -3.18220 14.47045 0.54791
v -3.27919 14.40502 0.51118
v -3.35337 14.35499 0.42733
v -3.39004 14.33026 0.31296
v -3.38193 14.33572 0.19073
v -3.33067 14.37030 0.08484
v -3.24639 14.42715 0.01627
v -3.14579 14.49501 -0.00140
v -3.04880 14.56043 0.03533
v -3.19464 14.52816 0.27326
v -1.74405 13.76964 -0.07231
v -1.58533 13.94281 -0.22638
v -1.54866 13.96755 -0.11202
v -1.55676 13.96208 0.01022
v -1.60803 13.92750 0.11611
v -1.69231 13.87065 0.18468
v -1.79291 13.80280 0.20235
v -1.88990 13.73738 0.16562
v -1.96407 13.68735 0.08177
v -2.00074 13.66261 -0.03260
v -1.99264 13.66808 -0.15484
v -1.94137 13.70266 -0.26072
v -1.85709 13.75951 -0.32929
v -1.75649 13.82736 -0.34696
v -1.65950 13.89278 -0.31024
v -1.51206 14.18050 -0.35700
v -1.44431 14.22620 -0.14568
v -1.45928 14.21610 0.08018
v -1.55401 14.15220 0.27584
v -1.70974 14.04716 0.40254
v -1.89562 13.92178 0.43519
v -2.07484 13.80090 0.36732
v -2.21190 13.70845 0.21239
v -2.27965 13.66275 0.00106
v -2.26468 13.67285 -0.22480
v -2.16995 13.73675 -0.42045
v -2.01422 13.84179 -0.54715
v -1.82834 13.96716 -0.57981
v -1.64912 14.08805 -0.51194
v -1.53541 14.44650 -0.44428
v -1.44688 14.50621 -0.16817
v -1.46644 14.49302 0.12693
v -1.59022 14.40953 0.38256
v -1.79368 14.27229 0.54811
v -2.03655 14.10848 0.59077
v -2.27071 13.95053 0.50210
v -2.44979 13.82975 0.29966
v -2.53831 13.77004 0.02355
v -2.51875 13.78323 -0.27155
v -2.39498 13.86671 -0.52718
v -2.19151 14.00396 -0.69272
v -1.94864 14.16777 -0.73539
v -1.71448 14.32571 -0.64672
v -1.65181 14.70034 -0.47493
v -1.55600 14.76497 -0.17607
v -1.57717 14.75069 0.14334
v -1.71114 14.66032 0.42004
v -1.93137 14.51177 0.59922
v -2.19425 14.33446 0.64540
v -2.44770 14.16350 0.54943
v -2.64153 14.03276 0.33031
v -2.73735 13.96813 0.03145
v -2.71618 13.98242 -0.28796
v -2.58221 14.07278 -0.56466
v -2.36197 14.22133 -0.74384
v -2.09910 14.39864 -0.79002
v -1.84564 14.56960 -0.69404
v -1.84356 14.90336 -0.44428
v -1.75503 14.96307 -0.16817
v -1.77459 14.94987 0.12693
v -1.89837 14.86639 0.38256
v -2.10184 14.72914 0.54811
v -2.34470 14.56533 0.59077
v -2.57886 14.40739 0.50210
v -2.75794 14.28660 0.29966
v -2.84646 14.22689 0.02355
v -2.82690 14.24008 -0.27155
v -2.70313 14.32357 -0.52718
v -2.49966 14.46081 -0.69272
v -2.25679 14.62462 -0.73539
v -2.02263 14.78257 -0.64672
v -2.08145 15.02465 -0.35700
v -2.01370 15.07035 -0.14568
v -2.02867 15.06025 0.08018
v -2.12340 14.99636 0.27584
v -2.27913 14.89132 0.40254
v -2.46501 14.76594 0.43519
v -2.64423 14.64505 0.36732
v -2.78128 14.55260 0.21239
v -2.84904 14.50690 0.00106
v -2.83407 14.51700 -0.22480
v -2.73934 14.58090 -0.42045
v -2.58361 14.68594 -0.54715
v -2.39773 14.81132 -0.57981
v -2.21851 14.93220 -0.51194
v -2.32927 15.04576 -0.22638
v -2.29260 15.07049 -0.11202
v -2.30070 15.06502 0.01022
v -2.35197 15.03044 0.11611
v -2.43625 14.97359 0.18468
v -2.53685 14.90574 0.20235
v -2.63384 14.84032 0.16562
v -2.70802 14.79029 0.08177
v -2.74469 14.76555 -0.03260
v -2.73658 14.77102 -0.15484
v -2.68531 14.80560 -0.26072
v -2.60104 14.86245 -0.32929
v -2.50044 14.93030 -0.34696
v -2.40345 14.99572 -0.31024
v -2.54929 14.96346 -0.07231
v -2.42056 14.18181 -0.71204
v -2.56813 14.45909 -0.64869
v -2.63222 14.71805 -0.47118
v -2.60014 14.90738 -0.21466
v -2.47825 14.98960 0.07004
v -2.29069 14.94841 0.32656
v -2.07460 14.79198 0.50407
v -1.87279 14.55129 0.56742
v -1.72522 14.27401 0.50407
v -1.66113 14.01505 0.32656
v -1.69320 13.82572 0.07004
v -1.81509 13.74350 -0.21466
v -2.00266 13.78469 -0.47118
v -2.21875 13.94112 -0.64869
v -1.79319 14.60498 -1.10283
v -1.94076 14.88226 -1.03948
v -2.00485 15.14121 -0.86197
v -1.97278 15.33055 -0.60545
v -1.85088 15.41276 -0.32075
v -1.66332 15.37158 -0.06423
v -1.44723 15.21515 0.11328
v -1.24542 14.97445 0.17663
v -1.09785 14.69717 0.11328
v -1.03376 14.43822 -0.06423
v -1.06584 14.24888 -0.32075
v -1.18773 14.16666 -0.60545
v -1.37529 14.20785 -0.86197
v -1.59138 14.36428 -1.03948
v -2.14667 14.36655 -0.07231
v -1.51931 14.78971 -0.46310
v -1.74405 13.76964 -0.07231
v -1.58533 13.94281 -0.22638
v -1.54866 13.96755 -0.11202
v -1.55676 13.96208 0.01022
v -1.60803 13.92750 0.11611
v -1.69231 13.87065 0.18468
v -1.79291 13.80280 0.20235
v -1.88990 13.73738 0.16562
v -1.96407 13.68735 0.08177
v -2.00074 13.66261 -0.03260
v -1.99264 13.66808 -0.15484
v -1.94137 13.70266 -0.26072
v -1.85709 13.75951 -0.32929
v -1.75649 13.82736 -0.34696
v -1.65950 13.89278 -0.31024
v -1.51206 14.18050 -0.35700
v -1.44431 14.22620 -0.14568
v -1.45928 14.21610 0.08018
v -1.55401 14.15220 0.27584
v -1.70974 14.04716 0.40254
v -1.89562 13.92178 0.43519
v -2.07484 13.80090 0.36732
v -2.21190 13.70845 0.21239
v -2.27965 13.66275 0.00106
v -2.26468 13.67285 -0.22480
v -2.16995 13.73675 -0.42045
v -2.01422 13.84179 -0.54715
v -1.82834 13.96716 -0.57981
v -1.64912 14.08805 -0.51194
v -1.53541 14.44650 -0.44428
v -1.44688 14.50621 -0.16817
v -1.46644 14.49302 0.12693
v -1.59022 14.40953 0.38256
v -1.79368 14.27229 0.54811
v -2.03655 14.10848 0.59077
v -2.27071 13.95053 0.50210
v -2.44979 13.82975 0.29966
v -2.53831 13.77004 0.02355
v -2.51875 13.78323 -0.27155
v -2.39498 13.86671 -0.52718
v -2.19151 14.00396 -0.69272
v -1.94864 14.16777 -0.73539
v -1.71448 14.32571 -0.64672
v -1.65181 14.70034 -0.47493
v -1.55600 14.76497 -0.17607
v -1.57717 14.75069 0.14334
v -1.71114 14.66032 0.42004
v -1.93137 14.51177 0.59922
v -2.19425 14.33446 0.64540
v -2.44770 14.16350 0.54943
v -2.64153 14.03276 0.33031
v -2.73735 13.96813 0.03145
v -2.71618 13.98242 -0.28796
v -2.58221 14.07278 -0.56466
v -2.36197 14.22133 -0.74384
v -2.09910 14.39864 -0.79002
v -1.84564 14.56960 -0.69404
v -1.84356 14.90336 -0.44428
v -1.75503 14.96307 -0.16817
v -1.77459 14.94987 0.12693
v -1.89837 14.86639 0.38256
v -2.10184 14.72914 0.54811
v -2.34470 14.56533 0.59077
v -2.57886 14.40739 0.50210
v -2.75794 14.28660 0.29966
v -2.84646 14.22689 0.02355
v -2.82690 14.24008 -0.27155
v -2.70313 14.32357 -0.52718
v -2.49966 14.46081 -0.69272
v -2.25679 14.62462 -0.73539
v -2.02263 14.78257 -0.64672
v -2.08145 15.02465 -0.35700
v -2.01370 15.07035 -0.14568
v -2.02867 15.06025 0.08018
v -2.12340 14.99636 0.27584
v -2.27913 14.89132 0.40254
v -2.46501 14.76594 0.43519
v -2.64423 14.64505 0.36732
v -2.78128 14.55260 0.21239
v -2.84904 14.50690 0.00106
v -2.83407 14.51700 -0.22480
v -2.73934 14.58090 -0.42045
v -2.58361 14.68594 -0.54715
v -2.39773 14.81132 -0.57981
v -2.21851 14.93220 -0.51194
v -2.32927 15.04576 -0.22638
v -2.29260 15.07049 -0.11202
v -2.30070 15.06502 0.01022
v -2.35197 15.03044 0.11611
v -2.43625 14.97359 0.18468
v -2.53685 14.90574 0.20235
v -2.63384 14.84032 0.16562
v -2.70802 14.79029 0.08177
v -2.74469 14.76555 -0.03260
v -2.73658 14.77102 -0.15484
v -2.68531 14.80560 -0.26072
v -2.60104 14.86245 -0.32929
v -2.50044 14.93030 -0.34696
v -2.40345 14.99572 -0.31024
v -2.54929 14.96346 -0.07231
v -1.11669 14.19281 -0.46310
v -0.95796 14.36598 -0.61718
v -0.92129 14.39071 -0.50281
v -0.92939 14.38525 -0.38057
v -0.98066 14.35067 -0.27469
v -1.06494 14.29382 -0.20612
v -1.16554 14.22596 -0.18845
v -1.26253 14.16054 -0.22517
v -1.33671 14.11051 -0.30903
v -1.37338 14.08578 -0.42339
v -1.36527 14.09124 -0.54563
v -1.31401 14.12582 -0.65152
v -1.22973 14.18267 -0.72009
v -1.12913 14.25052 -0.73776
v -1.03214 14.31595 -0.70103
v -0.88469 14.60366 -0.74780
v -0.81694 14.64936 -0.53647
v -0.83191 14.63926 -0.31061
v -0.92664 14.57536 -0.11496
v -1.08237 14.47033 0.01174
v -1.26825 14.34495 0.04440
v -1.44747 14.22406 -0.02347
v -1.58453 14.13161 -0.17841
v -1.65228 14.08591 -0.38973
v -1.63731 14.09601 -0.61559
v -1.54258 14.15991 -0.81125
v -1.38685 14.26495 -0.93795
v -1.20097 14.39033 -0.97060
v -1.02175 14.51121 -0.90273
v -0.90804 14.86967 -0.83507
v -0.81952 14.92938 -0.55896
v -0.83908 14.91618 -0.26386
v -0.96285 14.83270 -0.00823
v -1.16632 14.69546 0.15731
v -1.40918 14.53164 0.19998
v -1.64334 14.37370 0.11131
v -1.82242 14.25291 -0.09113
v -1.91094 14.19320 -0.36724
v -1.89138 14.20639 -0.66234
v -1.76761 14.28988 -0.91797
v -1.56414 14.42712 -1.08352
v -1.32128 14.59093 -1.12618
v -1.08712 14.74888 -1.03751
v -1.02445 15.12350 -0.86572
v -0.92863 15.18813 -0.56686
v -0.94980 15.17385 -0.24745
v -1.08377 15.08349 0.02925
v -1.30400 14.93494 0.20843
v -1.56688 14.75762 0.25461
v -1.82033 14.58667 0.15863
v -2.01416 14.45593 -0.06048
v -2.10998 14.39130 -0.35934
v -2.08881 14.40558 -0.67875
v -1.95484 14.49594 -0.95545
v -1.73461 14.64449 -1.13463
v -1.47173 14.82180 -1.18081
v -1.21828 14.99276 -1.08484
v -1.21619 15.32652 -0.83507
v -1.12767 15.38623 -0.55896
v -1.14723 15.37304 -0.26386
v -1.27100 15.28955 -0.00823
v -1.47447 15.15231 0.15731
v -1.71733 14.98849 0.19998
v -1.95149 14.83055 0.11131
v -2.13057 14.70976 -0.09113
v -2.21910 14.65005 -0.36724
v -2.19953 14.66325 -0.66234
v -2.07576 14.74673 -0.91797
v -1.87229 14.88397 -1.08352
v -1.62943 15.04779 -1.12618
v -1.39527 15.20573 -1.03751
v -1.45408 15.44781 -0.74780
v -1.38633 15.49351 -0.53647
v -1.40130 15.48342 -0.31061
v -1.49603 15.41952 -0.11496
v -1.65176 15.31448 0.01174
v -1.83764 15.18910 0.04440
v -2.01686 15.06822 -0.02347
v -2.15392 14.97577 -0.17841
v -2.22167 14.93007 -0.38973
v -2.20670 14.94017 -0.61559
v -2.11197 15.00406 -0.81125
v -1.95624 15.10910 -0.93795
v -1.77036 15.23448 -0.97060
v -1.59114 15.35537 -0.90273
v -1.70190 15.46892 -0.61718
v -1.66524 15.49365 -0.50281
v -1.67334 15.48819 -0.38057
v -1.72461 15.45361 -0.27469
v -1.80888 15.39676 -0.20612
v -1.90948 15.32890 -0.18845
v -2.00648 15.26348 -0.22517
v -2.08065 15.21345 -0.30903
v -2.11732 15.18872 -0.42339
v -2.10922 15.19418 -0.54563
v -2.05795 15.22876 -0.65152
v -1.97367 15.28561 -0.72009
v -1.87307 15.35346 -0.73776
v -1.77608 15.41889 -0.70103
v -1.92192 15.38662 -0.46310
v -4.39449 12.85038 -1.09097
v -4.54228 13.10658 -1.02690
v -4.62641 13.33523 -0.84739
v -4.63022 13.49104 -0.58798
v -4.55295 13.54316 -0.30007
v -4.40990 13.48126 -0.04066
v -4.22942 13.31760 0.13885
v -4.04724 13.08460 0.20292
v -3.89945 12.82840 0.13885
v -3.81532 12.59975 -0.04066
v -3.81151 12.44394 -0.30007
v -3.88878 12.39182 -0.58798
v -4.03182 12.45372 -0.84739
v -4.21231 12.61738 -1.02690
v -3.87169 13.20301 -1.29511
v -4.01948 13.45921 -1.23104
v -4.10361 13.68786 -1.05153
v -4.10742 13.84367 -0.79212
v -4.03015 13.89579 -0.50420
v -3.88711 13.83389 -0.24480
v -3.70662 13.67023 -0.06528
v -3.52444 13.43723 -0.00121
v -3.37665 13.18103 -0.06528
v -3.29252 12.95238 -0.24480
v -3.28871 12.79657 -0.50420
v -3.36598 12.74445 -0.79212
v -3.50903 12.80635 -1.05153
v -3.68951 12.97001 -1.23104
v -4.22086 12.96749 -0.44402
v -3.69807 13.32012 -0.64816
v -3.84061 12.40374 -0.44402
v -3.69070 12.56730 -0.58954
v -3.65607 12.59065 -0.48153
v -3.66373 12.58549 -0.36608
v -3.71215 12.55283 -0.26608
v -3.79174 12.49914 -0.20132
v -3.88675 12.43506 -0.18463
v -3.97836 12.37327 -0.21932
v -4.04841 12.32602 -0.29851
v -4.08304 12.30266 -0.40652
v -4.07539 12.30782 -0.52197
v -4.02697 12.34048 -0.62197
v -3.94737 12.39417 -0.68673
v -3.85236 12.45826 -0.70342
v -3.76076 12.52004 -0.66873
v -3.62151 12.79177 -0.71290
v -3.55752 12.83493 -0.51332
v -3.57166 12.82540 -0.30001
v -3.66113 12.76505 -0.11522
v -3.80820 12.66584 0.00444
v -3.98376 12.54743 0.03528
v -4.15302 12.43326 -0.02882
v -4.28246 12.34595 -0.17515
v -4.34645 12.30279 -0.37473
v -4.33231 12.31233 -0.58804
v -4.24285 12.37267 -0.77283
v -4.09577 12.47188 -0.89249
v -3.92021 12.59029 -0.92333
v -3.75095 12.70446 -0.85923
v -3.64356 13.04300 -0.79533
v -3.55995 13.09939 -0.53456
v -3.57843 13.08693 -0.25586
v -3.69532 13.00809 -0.01442
v -3.88749 12.87847 0.14192
v -4.11686 12.72375 0.18221
v -4.33801 12.57459 0.09847
v -4.50714 12.46051 -0.09272
v -4.59074 12.40412 -0.35349
v -4.57227 12.41658 -0.63219
v -4.45537 12.49542 -0.87363
v -4.26321 12.62504 -1.02997
v -4.03384 12.77975 -1.07026
v -3.81269 12.92892 -0.98652
v -3.75350 13.28273 -0.82428
v -3.66300 13.34377 -0.54202
v -3.68300 13.33028 -0.24035
v -3.80953 13.24494 0.02097
v -4.01752 13.10464 0.19020
v -4.26580 12.93718 0.23381
v -4.50517 12.77572 0.14317
v -4.68823 12.65225 -0.06377
v -4.77872 12.59121 -0.34603
v -4.75873 12.60470 -0.64770
v -4.63220 12.69004 -0.90902
v -4.42420 12.83034 -1.07825
v -4.17593 12.99780 -1.12186
v -3.93656 13.15926 -1.03122
v -3.93459 13.47447 -0.79533
v -3.85098 13.53087 -0.53456
v -3.86946 13.51840 -0.25586
v -3.98635 13.43956 -0.01442
v -4.17852 13.30994 0.14192
v -4.40789 13.15523 0.18221
v -4.62904 13.00606 0.09847
v -4.79817 12.89198 -0.09272
v -4.88178 12.83559 -0.35349
v -4.86330 12.84805 -0.63219
v -4.74641 12.92690 -0.87363
v -4.55424 13.05651 -1.02997
v -4.32487 13.21123 -1.07026
v -4.10372 13.36039 -0.98652
v -4.15926 13.58903 -0.71290
v -4.09527 13.63219 -0.51332
v -4.10941 13.62265 -0.30001
v -4.19888 13.56231 -0.11522
v -4.34596 13.46310 0.00444
v -4.52151 13.34469 0.03528
v -4.69078 13.23052 -0.02882
v -4.82022 13.14321 -0.17515
v -4.88421 13.10005 -0.37473
v -4.87007 13.10958 -0.58804
v -4.78060 13.16993 -0.77283
v -4.63353 13.26914 -0.89249
v -4.45797 13.38755 -0.92333
v -4.28871 13.50172 -0.85923
v -4.39332 13.60896 -0.58954
v -4.35869 13.63232 -0.48153
v -4.36634 13.62716 -0.36608
v -4.41476 13.59450 -0.26608
v -4.49436 13.54081 -0.20132
v -4.58936 13.47673 -0.18463
v -4.68097 13.41494 -0.21932
v -4.75102 13.36769 -0.29851
v -4.78565 13.34433 -0.40652
v -4.77800 13.34949 -0.52197
v -4.72958 13.38215 -0.62197
v -4.64998 13.43584 -0.68673
v -4.55498 13.49992 -0.70342
v -4.46337 13.56171 -0.66873
v -4.60112 13.53124 -0.44402
v -3.31782 12.75638 -0.64816
v -3.16791 12.91993 -0.79368
v -3.13328 12.94329 -0.68566
v -3.14093 12.93812 -0.57022
v -3.18935 12.90546 -0.47021
v -3.26895 12.85178 -0.40545
v -3.36395 12.78769 -0.38876
v -3.45556 12.72590 -0.42345
v -3.52561 12.67865 -0.50265
v -3.56024 12.65529 -0.61066
v -3.55259 12.66045 -0.72610
v -3.50417 12.69311 -0.82611
v -3.42458 12.74680 -0.89087
v -3.32957 12.81089 -0.90756
v -3.23796 12.87267 -0.87287
v -3.09871 13.14440 -0.91704
v -3.03472 13.18756 -0.71745
v -3.04886 13.17803 -0.50414
v -3.13833 13.11768 -0.31936
v -3.28541 13.01848 -0.19970
v -3.46096 12.90006 -0.16886
v -3.63022 12.78589 -0.23295
v -3.75967 12.69858 -0.37928
v -3.82366 12.65542 -0.57887
v -3.80952 12.66496 -0.79218
v -3.72005 12.72531 -0.97696
v -3.57297 12.82451 -1.09663
v -3.39742 12.94292 -1.12746
v -3.22816 13.05709 -1.06337
v -3.12076 13.39563 -0.99947
v -3.03715 13.45202 -0.73870
v -3.05563 13.43956 -0.45999
v -3.17252 13.36072 -0.21856
v -3.36469 13.23110 -0.06221
v -3.59406 13.07639 -0.02192
v -3.81521 12.92722 -0.10566
v -3.98434 12.81314 -0.29686
v -4.06795 12.75675 -0.55763
v -4.04947 12.76921 -0.83633
v -3.93258 12.84805 -1.07776
v -3.74041 12.97767 -1.23411
v -3.51104 13.13239 -1.27440
v -3.28989 13.28155 -1.19066
v -3.23070 13.63536 -1.02841
v -3.14021 13.69640 -0.74616
v -3.16020 13.68292 -0.44449
v -3.28673 13.59757 -0.18316
v -3.49473 13.45728 -0.01394
v -3.74300 13.28981 0.02968
v -3.98237 13.12836 -0.06097
v -4.16543 13.00488 -0.26791
v -4.25593 12.94384 -0.55017
v -4.23593 12.95733 -0.85183
v -4.10940 13.04267 -1.11316
v -3.90141 13.18297 -1.28239
v -3.65313 13.35043 -1.32600
v -3.41376 13.51189 -1.23536
v -3.41179 13.82710 -0.99947
v -3.32819 13.88350 -0.73870
v -3.34666 13.87104 -0.45999
v -3.46356 13.79219 -0.21856
v -3.65572 13.66257 -0.06221
v -3.88509 13.50786 -0.02192
v -4.10624 13.35869 -0.10566
v -4.27537 13.24461 -0.29686
v -4.35898 13.18822 -0.55763
v -4.34050 13.20068 -0.83633
v -4.22361 13.27953 -1.07776
v -4.03144 13.40914 -1.23411
v -3.80207 13.56386 -1.27440
v -3.58092 13.71303 -1.19066
v -3.63647 13.94166 -0.91704
v -3.57248 13.98482 -0.71745
v -3.58662 13.97528 -0.50414
v -3.67609 13.91494 -0.31936
v -3.82316 13.81573 -0.19970
v -3.99872 13.69732 -0.16886
v -4.16798 13.58315 -0.23295
v -4.29742 13.49584 -0.37928
v -4.36141 13.45268 -0.57887
v -4.34727 13.46222 -0.79218
v -4.25780 13.52256 -0.97696
v -4.11073 13.62177 -1.09663
v -3.93517 13.74018 -1.12746
v -3.76591 13.85435 -1.06337
v -3.87052 13.96159 -0.79368
v -3.83589 13.98495 -0.68566
v -3.84354 13.97979 -0.57022
v -3.89196 13.94713 -0.47021
v -3.97156 13.89344 -0.40545
v -4.06657 13.82936 -0.38876
v -4.15817 13.76757 -0.42345
v -4.22823 13.72032 -0.50265
v -4.26286 13.69696 -0.61066
v -4.25520 13.70212 -0.72610
v -4.20678 13.73478 -0.82611
v -4.12719 13.78847 -0.89087
v -4.03218 13.85255 -0.90756
v -3.94057 13.91434 -0.87287
v -4.07832 13.88387 -0.64816
v -3.89837 13.18501 -1.28379
v -4.04352 13.44299 -1.22084
v -4.12025 13.67664 -1.04447
v -4.11336 13.83967 -0.78960
v -4.02421 13.89980 -0.50672
v -3.87047 13.84511 -0.25185
v -3.68258 13.68645 -0.07548
v -3.49776 13.45523 -0.01253
v -3.35261 13.19725 -0.07548
v -3.27589 12.96361 -0.25185
v -3.28278 12.80057 -0.50672
v -3.37192 12.74045 -0.78960
v -3.52566 12.79513 -1.04447
v -3.71355 12.95379 -1.22084
v -3.38472 13.53148 -1.51930
v -3.52987 13.78946 -1.45635
v -3.60660 14.02310 -1.27998
v -3.59971 14.18613 -1.02511
v -3.51056 14.24626 -0.74223
v -3.35682 14.19158 -0.48736
v -3.16893 14.03291 -0.31099
v -2.98411 13.80169 -0.24804
v -2.83896 13.54371 -0.31099
v -2.76224 13.31007 -0.48736
v -2.76913 13.14704 -0.74223
v -2.85827 13.08691 -1.02511
v -3.01201 13.14159 -1.27998
v -3.19990 13.30026 -1.45635
v -3.69807 13.32012 -0.64816
v -3.18442 13.66658 -0.88367
v -3.31782 12.75638 -0.64816
v -3.16791 12.91993 -0.79368
v -3.13328 12.94329 -0.68566
v -3.14093 12.93812 -0.57022
v -3.18935 12.90546 -0.47021
v -3.26895 12.85178 -0.40545
v -3.36395 12.78769 -0.38876
v -3.45556 12.72590 -0.42345
v -3.52561 12.67865 -0.50265
v -3.56024 12.65529 -0.61066
v -3.55259 12.66045 -0.72610
v -3.50417 12.69311 -0.82611
v -3.42458 12.74680 -0.89087
v -3.32957 12.81089 -0.90756
v -3.23796 12.87267 -0.87287
v -3.09871 13.14440 -0.91704
v -3.03472 13.18756 -0.71745
v -3.04886 13.17803 -0.50414
v -3.13833 13.11768 -0.31936
v -3.28541 13.01848 -0.19970
v -3.46096 12.90006 -0.16886
v -3.63022 12.78589 -0.23295
v -3.75967 12.69858 -0.37928
v -3.82366 12.65542 -0.57887
v -3.80952 12.66496 -0.79218
v -3.72005 12.72531 -0.97696
v -3.57297 12.82451 -1.09663
v -3.39742 12.94292 -1.12746
v -3.22816 13.05709 -1.06337
v -3.12076 13.39563 -0.99947
v -3.03715 13.45202 -0.73870
v -3.05563 13.43956 -0.45999
v -3.17252 13.36072 -0.21856
v -3.36469 13.23110 -0.06221
v -3.59406 13.07639 -0.02192
v -3.81521 12.92722 -0.10566
v -3.98434 12.81314 -0.29686
v -4.06795 12.75675 -0.55763
v -4.04947 12.76921 -0.83633
v -3.93258 12.84805 -1.07776
v -3.74041 12.97767 -1.23411
v -3.51104 13.13239 -1.27440
v -3.28989 13.28155 -1.19066
v -3.23070 13.63536 -1.02841
v -3.14021 13.69640 -0.74616
v -3.16020 13.68292 -0.44449
v -3.28673 13.59757 -0.18316
v -3.49473 13.45728 -0.01394
v -3.74300 13.28981 0.02968
v -3.98237 13.12836 -0.06097
v -4.16543 13.00488 -0.26791
v -4.25593 12.94384 -0.55017
v -4.23593 12.95733 -0.85183
v -4.10940 13.04267 -1.11316
v -3.90141 13.18297 -1.28239
v -3.65313 13.35043 -1.32600
v -3.41376 13.51189 -1.23536
v -3.41179 13.82710 -0.99947
v -3.32819 13.88350 -0.73870
v -3.34666 13.87104 -0.45999
v -3.46356 13.79219 -0.21856
v -3.65572 13.66257 -0.06221
v -3.88509 13.50786 -0.02192
v -4.10624 13.35869 -0.10566
v -4.27537 13.24461 -0.29686
v -4.35898 13.18822 -0.55763
v -4.34050 13.20068 -0.83633
v -4.22361 13.27953 -1.07776
v -4.03144 13.40914 -1.23411
v -3.80207 13.56386 -1.27440
v -3.58092 13.71303 -1.19066
v -3.63647 13.94166 -0.91704
v -3.57248 13.98482 -0.71745
v -3.58662 13.97528 -0.50414
v -3.67609 13.91494 -0.31936
v -3.82316 13.81573 -0.19970
v -3.99872 13.69732 -0.16886
v -4.16798 13.58315 -0.23295
v -4.29742 13.49584 -0.37928
v -4.36141 13.45268 -0.57887
v -4.34727 13.46222 -0.79218
v -4.25780 13.52256 -0.97696
v -4.11073 13.62177 -1.09663
v -3.93517 13.74018 -1.12746
v -3.76591 13.85435 -1.06337
v -3.87052 13.96159 -0.79368
v -3.83589 13.98495 -0.68566
v -3.84354 13.97979 -0.57022
v -3.89196 13.94713 -0.47021
v -3.97156 13.89344 -0.40545
v -4.06657 13.82936 -0.38876
v -4.15817 13.76757 -0.42345
v -4.22823 13.72032 -0.50265
v -4.26286 13.69696 -0.61066
v -4.25520 13.70212 -0.72610
v -4.20678 13.73478 -0.82611
v -4.12719 13.78847 -0.89087
v -4.03218 13.85255 -0.90756
v -3.94057 13.91434 -0.87287
v -4.07832 13.88387 -0.64816
v -2.80416 13.10284 -0.88367
v -2.65426 13.26639 -1.02919
v -2.61963 13.28975 -0.92117
v -2.62728 13.28459 -0.80573
v -2.67570 13.25193 -0.70572
v -2.75529 13.19824 -0.64096
v -2.85030 13.13415 -0.62427
v -2.94191 13.07237 -0.65896
v -3.01196 13.02511 -0.73815
v -3.04659 13.00175 -0.84617
v -3.03894 13.00692 -0.96161
v -2.99052 13.03957 -1.06162
v -2.91092 13.09326 -1.12638
v -2.81591 13.15735 -1.14307
v -2.72431 13.21914 -1.10838
v -2.58506 13.49087 -1.15255
v -2.52107 13.53403 -0.95296
v -2.53521 13.52449 -0.73965
v -2.62468 13.46414 -0.55487
v -2.77175 13.36494 -0.43521
v -2.94731 13.24653 -0.40437
v -3.11657 13.13236 -0.46846
v -3.24602 13.04505 -0.61479
v -3.31000 13.00188 -0.81438
v -3.29587 13.01142 -1.02769
v -3.20640 13.07177 -1.21247
v -3.05932 13.17097 -1.33214
v -2.88377 13.28939 -1.36297
v -2.71450 13.40355 -1.29888
v -2.60711 13.74209 -1.23498
v -2.52350 13.79849 -0.97421
v -2.54198 13.78603 -0.69550
v -2.65887 13.70718 -0.45407
v -2.85104 13.57756 -0.29772
v -3.08041 13.42285 -0.25743
v -3.30156 13.27368 -0.34117
v -3.47069 13.15960 -0.53236
v -3.55430 13.10321 -0.79314
v -3.53582 13.11567 -1.07184
v -3.41893 13.19452 -1.31327
v -3.22676 13.32413 -1.46962
v -2.99739 13.47885 -1.50991
v -2.77624 13.62802 -1.42617
v -2.71705 13.98183 -1.26392
v -2.62655 14.04287 -0.98166
v -2.64655 14.02938 -0.68000
v -2.77308 13.94403 -0.41867
v -2.98108 13.80374 -0.24945
v -3.22935 13.63628 -0.20583
v -3.46872 13.47482 -0.29648
v -3.65178 13.35134 -0.50342
v -3.74228 13.29030 -0.78568
v -3.72228 13.30379 -1.08734
v -3.59575 13.38913 -1.34867
v -3.38776 13.52943 -1.51790
v -3.13948 13.69689 -1.56151
v -2.90011 13.85835 -1.47087
v -2.89814 14.17357 -1.23498
v -2.81453 14.22996 -0.97421
v -2.83301 14.21750 -0.69550
v -2.94991 14.13865 -0.45407
v -3.14207 14.00903 -0.29772
v -3.37144 13.85432 -0.25743
v -3.59259 13.70515 -0.34117
v -3.76172 13.59107 -0.53236
v -3.84533 13.53468 -0.79314
v -3.82685 13.54714 -1.07184
v -3.70996 13.62599 -1.31327
v -3.51779 13.75561 -1.46962
v -3.28842 13.91032 -1.50991
v -3.06727 14.05949 -1.42617
v -3.12282 14.28812 -1.15255
v -3.05883 14.33128 -0.95296
v -3.07297 14.32175 -0.73965
v -3.16243 14.26140 -0.55487
v -3.30951 14.16219 -0.43521
v -3.48507 14.04378 -0.40437
v -3.65433 13.92961 -0.46846
v -3.78377 13.84230 -0.61479
v -3.84776 13.79914 -0.81438
v -3.83362 13.80868 -1.02769
v -3.74415 13.86902 -1.21247
v -3.59708 13.96823 -1.33214
v -3.42152 14.08664 -1.36297
v -3.25226 14.20081 -1.29888
v -3.35687 14.30805 -1.02919
v -3.32224 14.33141 -0.92117
v -3.32989 14.32625 -0.80573
v -3.37831 14.29359 -0.70572
v -3.45791 14.23990 -0.64096
v -3.55292 14.17582 -0.62427
v -3.64452 14.11403 -0.65896
v -3.71458 14.06678 -0.73815
v -3.74921 14.04342 -0.84617
v -3.74155 14.04858 -0.96161
v -3.69313 14.08124 -1.06162
v -3.61354 14.13493 -1.12638
v -3.51853 14.19901 -1.14307
v -3.42692 14.26080 -1.10838
v -3.56467 14.23033 -0.88367
v -3.41090 13.51382 -1.50638
v -3.55346 13.77355 -1.44471
v -3.62292 14.01209 -1.27192
v -3.60553 14.18220 -1.02224
v -3.50474 14.25019 -0.74510
v -3.34050 14.20259 -0.49542
v -3.14535 14.04882 -0.32263
v -2.95793 13.81935 -0.26096
v -2.81538 13.55962 -0.32263
v -2.74591 13.32108 -0.49542
v -2.76330 13.15097 -0.74510
v -2.86410 13.08298 -1.02224
v -3.02833 13.13058 -1.27192
v -3.22349 13.28435 -1.44471
v -2.90769 13.85324 -1.77267
v -3.05024 14.11297 -1.71100
v -3.11971 14.35151 -1.53821
v -3.10232 14.52162 -1.28853
v -3.00152 14.58961 -1.01139
v -2.83729 14.54201 -0.76171
v -2.64213 14.38824 -0.58892
v -2.45472 14.15877 -0.52725
v -2.31216 13.89904 -0.58892
v -2.24270 13.66050 -0.76171
v -2.26009 13.49039 -1.01139
v -2.36088 13.42240 -1.28853
v -2.52512 13.47000 -1.53821
v -2.72027 13.62377 -1.71100
v -3.18442 13.66658 -0.88367
v -2.68120 14.00600 -1.14996
v -2.80416 13.10284 -0.88367
v -2.65426 13.26639 -1.02919
v -2.61963 13.28975 -0.92117
v -2.62728 13.28459 -0.80573
v -2.67570 13.25193 -0.70572
v -2.75529 13.19824 -0.64096
v -2.85030 13.13415 -0.62427
v -2.94191 13.07237 -0.65896
v -3.01196 13.02511 -0.73815
v -3.04659 13.00175 -0.84617
v -3.03894 13.00692 -0.96161
v -2.99052 13.03957 -1.06162
v -2.91092 13.09326 -1.12638
v -2.81591 13.15735 -1.14307
v -2.72431 13.21914 -1.10838
v -2.58506 13.49087 -1.15255
v -2.52107 13.53403 -0.95296
v -2.53521 13.52449 -0.73965
v -2.62468 13.46414 -0.55487
v -2.77175 13.36494 -0.43521
v -2.94731 13.24653 -0.40437
v -3.11657 13.13236 -0.46846
v -3.24602 13.04505 -0.61479
v -3.31000 13.00188 -0.81438
v -3.29587 13.01142 -1.02769
v -3.20640 13.07177 -1.21247
v -3.05932 13.17097 -1.33214
v -2.88377 13.28939 -1.36297
v -2.71450 13.40355 -1.29888
v -2.60711 13.74209 -1.23498
v -2.52350 13.79849 -0.97421
v -2.54198 13.78603 -0.69550
v -2.65887 13.70718 -0.45407
v -2.85104 13.57756 -0.29772
v -3.08041 13.42285 -0.25743
v -3.30156 13.27368 -0.34117
v -3.47069 13.15960 -0.53236
v -3.55430 13.10321 -0.79314
v -3.53582 13.11567 -1.07184
v -3.41893 13.19452 -1.31327
v -3.22676 13.32413 -1.46962
v -2.99739 13.47885 -1.50991
v -2.77624 13.62802 -1.42617
v -2.71705 13.98183 -1.26392
v -2.62655 14.04287 -0.98166
v -2.64655 14.02938 -0.68000
v -2.77308 13.94403 -0.41867
v -2.98108 13.80374 -0.24945
v -3.22935 13.63628 -0.20583
v -3.46872 13.47482 -0.29648
v -3.65178 13.35134 -0.50342
v -3.74228 13.29030 -0.78568
v -3.72228 13.30379 -1.08734
v -3.59575 13.38913 -1.34867
v -3.38776 13.52943 -1.51790
v -3.13948 13.69689 -1.56151
v -2.90011 13.85835 -1.47087
v -2.89814 14.17357 -1.23498
v -2.81453 14.22996 -0.97421
v -2.83301 14.21750 -0.69550
v -2.94991 14.13865 -0.45407
v -3.14207 14.00903 -0.29772
v -3.37144 13.85432 -0.25743
v -3.59259 13.70515 -0.34117
v -3.76172 13.59107 -0.53236
v -3.84533 13.53468 -0.79314
v -3.82685 13.54714 -1.07184
v -3.70996 13.62599 -1.31327
v -3.51779 13.75561 -1.46962
v -3.28842 13.91032 -1.50991
v -3.06727 14.05949 -1.42617
v -3.12282 14.28812 -1.15255
v -3.05883 14.33128 -0.95296
v -3.07297 14.32175 -0.73965
v -3.16243 14.26140 -0.55487
v -3.30951 14.16219 -0.43521
v -3.48507 14.04378 -0.40437
v -3.65433 13.92961 -0.46846
v -3.78377 13.84230 -0.61479
v -3.84776 13.79914 -0.81438
v -3.83362 13.80868 -1.02769
v -3.74415 13.86902 -1.21247
v -3.59708 13.96823 -1.33214
v -3.42152 14.08664 -1.36297
v -3.25226 14.20081 -1.29888
v -3.35687 14.30805 -1.02919
v -3.32224 14.33141 -0.92117
v -3.32989 14.32625 -0.80573
v -3.37831 14.29359 -0.70572
v -3.45791 14.23990 -0.64096
v -3.55292 14.17582 -0.62427
v -3.64452 14.11403 -0.65896
v -3.71458 14.06678 -0.73815
v -3.74921 14.04342 -0.84617
v -3.74155 14.04858 -0.96161
v -3.69313 14.08124 -1.06162
v -3.61354 14.13493 -1.12638
v -3.51853 14.19901 -1.14307
v -3.42692 14.26080 -1.10838
v -3.56467 14.23033 -0.88367
v -2.30095 13.44226 -1.14996
v -2.15104 13.60581 -1.29548
v -2.11641 13.62917 -1.18746
v -2.12407 13.62401 -1.07202
v -2.17249 13.59135 -0.97201
v -2.25208 13.53766 -0.90725
v -2.34709 13.47357 -0.89056
v -2.43870 13.41179 -0.92525
v -2.50875 13.36453 -1.00444
v -2.54338 13.34117 -1.11246
v -2.53573 13.34634 -1.22790
v -2.48731 13.37900 -1.32791
v -2.40771 13.43268 -1.39267
v -2.31270 13.49677 -1.40936
v -2.22110 13.55856 -1.37467
v -2.08185 13.83029 -1.41884
v -2.01786 13.87345 -1.21925
v -2.03200 13.86391 -1.00594
v -2.12147 13.80356 -0.82116
v -2.26854 13.70436 -0.70149
v -2.44410 13.58595 -0.67066
v -2.61336 13.47178 -0.73475
v -2.74280 13.38447 -0.88108
v -2.80679 13.34130 -1.08067
v -2.79265 13.35084 -1.29398
v -2.70319 13.41119 -1.47876
v -2.55611 13.51039 -1.59842
v -2.38055 13.62881 -1.62926
v -2.21129 13.74297 -1.56517
v -2.10390 14.08151 -1.50127
v -2.02029 14.13791 -1.24049
v -2.03877 14.12545 -0.96179
v -2.15566 14.04660 -0.72036
v -2.34783 13.91698 -0.56401
v -2.57720 13.76227 -0.52372
v -2.79835 13.61310 -0.60746
v -2.96748 13.49902 -0.79865
v -3.05108 13.44263 -1.05942
v -3.03261 13.45509 -1.33813
v -2.91571 13.53394 -1.57956
v -2.72355 13.66355 -1.73591
v -2.49418 13.81827 -1.77620
v -2.27303 13.96744 -1.69246
v -2.21384 14.32125 -1.53021
v -2.12334 14.38229 -1.24795
v -2.14334 14.36880 -0.94629
v -2.26987 14.28345 -0.68496
v -2.47786 14.14316 -0.51573
v -2.72614 13.97570 -0.47212
v -2.96551 13.81424 -0.56276
v -3.14857 13.69076 -0.76971
v -3.23907 13.62972 -1.05196
v -3.21907 13.64321 -1.35363
v -3.09254 13.72855 -1.61496
v -2.88454 13.86885 -1.78418
v -2.63627 14.03631 -1.82780
v -2.39690 14.19777 -1.73715
v -2.39493 14.51299 -1.50127
v -2.31132 14.56938 -1.24049
v -2.32980 14.55692 -0.96179
v -2.44669 14.47807 -0.72036
v -2.63886 14.34845 -0.56401
v -2.86823 14.19374 -0.52372
v -3.08938 14.04457 -0.60746
v -3.25851 13.93049 -0.79865
v -3.34212 13.87410 -1.05942
v -3.32364 13.88656 -1.33813
v -3.20675 13.96541 -1.57956
v -3.01458 14.09503 -1.73591
v -2.78521 14.24974 -1.77620
v -2.56406 14.39891 -1.69246
v -2.61960 14.62754 -1.41884
v -2.55562 14.67070 -1.21925
v -2.56975 14.66117 -1.00594
v -2.65922 14.60082 -0.82116
v -2.80630 14.50162 -0.70149
v -2.98185 14.38320 -0.67066
v -3.15112 14.26903 -0.73475
v -3.28056 14.18172 -0.88108
v -3.34455 14.13856 -1.08067
v -3.33041 14.14810 -1.29398
v -3.24094 14.20845 -1.47876
v -3.09387 14.30765 -1.59842
v -2.91831 14.42606 -1.62926
v -2.74905 14.54023 -1.56517
v -2.85366 14.64748 -1.29548
v -2.81903 14.67083 -1.18746
v -2.82668 14.66567 -1.07202
v -2.87510 14.63301 -0.97201
v -2.95470 14.57932 -0.90725
v -3.04970 14.51524 -0.89056
v -3.14131 14.45345 -0.92525
v -3.21136 14.40620 -1.00444
v -3.24599 14.38284 -1.11246
v -3.23834 14.38800 -1.22790
v -3.18992 14.42066 -1.32791
v -3.11033 14.47435 -1.39267
v -3.01532 14.53843 -1.40936
v -2.92371 14.60022 -1.37467
v -3.06146 14.56975 -1.14996
v -2.93330 13.83597 -1.75818
v -3.07332 14.09740 -1.69795
v -3.13567 14.34074 -1.52918
v -3.10802 14.51778 -1.28530
v -2.99583 14.59345 -1.01462
v -2.82132 14.55278 -0.77074
v -2.61906 14.40380 -0.60197
v -2.42911 14.17604 -0.54174
v -2.28909 13.91460 -0.60197
v -2.22673 13.67127 -0.77074
v -2.25439 13.49423 -1.01462
v -2.36658 13.41856 -1.28530
v -2.54109 13.45923 -1.52918
v -2.74335 13.60820 -1.69795
v -2.44179 14.16749 -2.05458
v -2.58181 14.42893 -1.99435
v -2.64417 14.67227 -1.82558
v -2.61651 14.84930 -1.58170
v -2.50432 14.92498 -1.31101
v -2.32981 14.88430 -1.06714
v -2.12756 14.73533 -0.89837
v -1.93761 14.50757 -0.83813
v -1.79759 14.24613 -0.89837
v -1.73523 14.00279 -1.06714
v -1.76289 13.82575 -1.31101
v -1.87508 13.75008 -1.58170
v -2.04958 13.79076 -1.82558
v -2.25184 13.93973 -1.99435
v -2.68120 14.00600 -1.14996
v -2.18970 14.33753 -1.44636
v -2.30095 13.44226 -1.14996
v -2.15104 13.60581 -1.29548
v -2.11641 13.62917 -1.18746
v -2.12407 13.62401 -1.07202
v -2.17249 13.59135 -0.97201
v -2.25208 13.53766 -0.90725
v -2.34709 13.47357 -0.89056
v -2.43870 13.41179 -0.92525
v -2.50875 13.36453 -1.00444
v -2.54338 13.34117 -1.11246
v -2.53573 13.34634 -1.22790
v -2.48731 13.37900 -1.32791
v -2.40771 13.43268 -1.39267
v -2.31270 13.49677 -1.40936
v -2.22110 13.55856 -1.37467
v -2.08185 13.83029 -1.41884
v -2.01786 13.87345 -1.21925
v -2.03200 13.86391 -1.00594
v -2.12147 13.80356 -0.82116
v -2.26854 13.70436 -0.70149
v -2.44410 13.58595 -0.67066
v -2.61336 13.47178 -0.73475
v -2.74280 13.38447 -0.88108
v -2.80679 13.34130 -1.08067
v -2.79265 13.35084 -1.29398
v -2.70319 13.41119 -1.47876
v -2.55611 13.51039 -1.59842
v -2.38055 13.62881 -1.62926
v -2.21129 13.74297 -1.56517
v -2.10390 14.08151 -1.50127
v -2.02029 14.13791 -1.24049
v -2.03877 14.12545 -0.96179
v -2.15566 14.04660 -0.72036
v -2.34783 13.91698 -0.56401
v -2.57720 13.76227 -0.52372
v -2.79835 13.61310 -0.60746
v -2.96748 13.49902 -0.79865
v -3.05108 13.44263 -1.05942
v -3.03261 13.45509 -1.33813
v -2.91571 13.53394 -1.57956
v -2.72355 13.66355 -1.73591
v -2.49418 13.81827 -1.77620
v -2.27303 13.96744 -1.69246
v -2.21384 14.32125 -1.53021
v -2.12334 14.38229 -1.24795
v -2.14334 14.36880 -0.94629
v -2.26987 14.28345 -0.68496
v -2.47786 14.14316 -0.51573
v -2.72614 13.97570 -0.47212
v -2.96551 13.81424 -0.56276
v -3.14857 13.69076 -0.76971
v -3.23907 13.62972 -1.05196
v -3.21907 13.64321 -1.35363
v -3.09254 13.72855 -1.61496
v -2.88454 13.86885 -1.78418
v -2.63627 14.03631 -1.82780
v -2.39690 14.19777 -1.73715
v -2.39493 14.51299 -1.50127
v -2.31132 14.56938 -1.24049
v -2.32980 14.55692 -0.96179
v -2.44669 14.47807 -0.72036
v -2.63886 14.34845 -0.56401
v -2.86823 14.19374 -0.52372
v -3.08938 14.04457 -0.60746
v -3.25851 13.93049 -0.79865
v -3.34212 13.87410 -1.05942
v -3.32364 13.88656 -1.33813
v -3.20675 13.96541 -1.57956
v -3.01458 14.09503 -1.73591
v -2.78521 14.24974 -1.77620
v -2.56406 14.39891 -1.69246
v -2.61960 14.62754 -1.41884
v -2.55562 14.67070 -1.21925
v -2.56975 14.66117 -1.00594
v -2.65922 14.60082 -0.82116
v -2.80630 14.50162 -0.70149
v -2.98185 14.38320 -0.67066
v -3.15112 14.26903 -0.73475
v -3.28056 14.18172 -0.88108
v -3.34455 14.13856 -1.08067
v -3.33041 14.14810 -1.29398
v -3.24094 14.20845 -1.47876
v -3.09387 14.30765 -1.59842
v -2.91831 14.42606 -1.62926
v -2.74905 14.54023 -1.56517
v -2.85366 14.64748 -1.29548
v -2.81903 14.67083 -1.18746
v -2.82668 14.66567 -1.07202
v -2.87510 14.63301 -0.97201
v -2.95470 14.57932 -0.90725
v -3.04970 14.51524 -0.89056
v -3.14131 14.45345 -0.92525
v -3.21136 14.40620 -1.00444
v -3.24599 14.38284 -1.11246
v -3.23834 14.38800 -1.22790
v -3.18992 14.42066 -1.32791
v -3.11033 14.47435 -1.39267
v -3.01532 14.53843 -1.40936
v -2.92371 14.60022 -1.37467
v -3.06146 14.56975 -1.14996
v -1.80945 13.77378 -1.44636
v -1.65954 13.93733 -1.59187
v -1.62491 13.96069 -1.48386
v -1.63256 13.95553 -1.36842
v -1.68098 13.92287 -1.26841
v -1.76058 13.86918 -1.20365
v -1.85559 13.80510 -1.18696
v -1.94719 13.74331 -1.22165
v -2.01725 13.69606 -1.30084
v -2.05188 13.67270 -1.40886
v -2.04422 13.67786 -1.52430
v -1.99580 13.71052 -1.62430
v -1.91621 13.76421 -1.68907
v -1.82120 13.82829 -1.70575
v -1.72959 13.89008 -1.67107
v -1.59034 14.16181 -1.71524
v -1.52635 14.20497 -1.51565
v -1.54049 14.19543 -1.30234
v -1.62996 14.13509 -1.11755
v -1.77704 14.03588 -0.99789
v -1.95259 13.91747 -0.96705
v -2.12185 13.80330 -1.03115
v -2.25130 13.71599 -1.17748
v -2.31529 13.67283 -1.37707
v -2.30115 13.68237 -1.59037
v -2.21168 13.74271 -1.77516
v -2.06460 13.84192 -1.89482
v -1.88905 13.96033 -1.92566
v -1.71979 14.07450 -1.86157
v -1.61239 14.41304 -1.79766
v -1.52879 14.46943 -1.53689
v -1.54726 14.45697 -1.25819
v -1.66416 14.37812 -1.01676
v -1.85632 14.24851 -0.86041
v -2.08569 14.09379 -0.82012
v -2.30685 13.94462 -0.90386
v -2.47597 13.83055 -1.09505
v -2.55958 13.77415 -1.35582
v -2.54111 13.78661 -1.63453
v -2.42421 13.86546 -1.87596
v -2.23204 13.99508 -2.03231
v -2.00267 14.14979 -2.07260
v -1.78152 14.29896 -1.98885
v -1.72233 14.65277 -1.82661
v -1.63184 14.71381 -1.54435
v -1.65183 14.70032 -1.24269
v -1.77836 14.61498 -0.98136
v -1.98636 14.47468 -0.81213
v -2.23463 14.30722 -0.76852
v -2.47400 14.14576 -0.85916
v -2.65707 14.02229 -1.06611
v -2.74756 13.96125 -1.34836
v -2.72756 13.97473 -1.65003
v -2.60104 14.06008 -1.91135
v -2.39304 14.20037 -2.08058
v -2.14477 14.36784 -2.12419
v -1.90540 14.52929 -2.03355
v -1.90342 14.84451 -1.79766
v -1.81982 14.90090 -1.53689
v -1.83829 14.88844 -1.25819
v -1.95519 14.80960 -1.01676
v -2.14735 14.67998 -0.86041
v -2.37673 14.52526 -0.82012
v -2.59788 14.37610 -0.90386
v -2.76700 14.26202 -1.09505
v -2.85061 14.20563 -1.35582
v -2.83214 14.21809 -1.63453
v -2.71524 14.29693 -1.87596
v -2.52308 14.42655 -2.03231
v -2.29370 14.58126 -2.07260
v -2.07255 14.73043 -1.98885
v -2.12810 14.95907 -1.71524
v -2.06411 15.00223 -1.51565
v -2.07825 14.99269 -1.30234
v -2.16772 14.93234 -1.11755
v -2.31479 14.83314 -0.99789
v -2.49035 14.71473 -0.96705
v -2.65961 14.60056 -1.03115
v -2.78905 14.51325 -1.17748
v -2.85304 14.47009 -1.37707
v -2.83890 14.47962 -1.59037
v -2.74944 14.53997 -1.77516
v -2.60236 14.63917 -1.89482
v -2.42681 14.75759 -1.92566
v -2.25754 14.87176 -1.86157
v -2.36215 14.97900 -1.59187
v -2.32752 15.00236 -1.48386
v -2.33517 14.99720 -1.36842
v -2.38359 14.96454 -1.26841
v -2.46319 14.91085 -1.20365
v -2.55820 14.84676 -1.18696
v -2.64980 14.78498 -1.22165
v -2.71986 14.73772 -1.30084
v -2.75449 14.71436 -1.40886
v -2.74684 14.71953 -1.52430
v -2.69842 14.75219 -1.62430
v -2.61882 14.80587 -1.68907
v -2.52381 14.86996 -1.70575
v -2.43221 14.93175 -1.67107
v -2.56995 14.90127 -1.44636
v -4.50722 12.77434 -2.26216
v -4.64567 13.01591 -2.20212
v -4.72302 13.23234 -2.03389
v -4.72396 13.38077 -1.79080
v -4.64830 13.43180 -1.52099
v -4.51103 13.37533 -1.27790
v -4.33933 13.22253 -1.10968
v -4.16722 13.00367 -1.04964
v -4.02877 12.76211 -1.10968
v -3.95142 12.54567 -1.27790
v -3.95048 12.39724 -1.52099
v -4.02614 12.34621 -1.79080
v -4.16341 12.40268 -2.03389
v -4.33511 12.55548 -2.20212
v -4.11626 13.03805 -2.42166
v -4.25471 13.27961 -2.36163
v -4.33206 13.49605 -2.19340
v -4.33300 13.64448 -1.95031
v -4.25734 13.69551 -1.68050
v -4.12007 13.63904 -1.43741
v -3.94837 13.48624 -1.26918
v -3.77626 13.26738 -1.20915
v -3.63781 13.02581 -1.26918
v -3.56046 12.80938 -1.43741
v -3.55952 12.66095 -1.68050
v -3.63518 12.60992 -1.95031
v -3.77245 12.66639 -2.19340
v -3.94415 12.81919 -2.36163
v -4.33722 12.88901 -1.65590
v -3.94626 13.15271 -1.81541
v -3.97934 12.35842 -1.65590
v -3.83825 12.51235 -1.79285
v -3.80565 12.53434 -1.69119
v -3.81286 12.52948 -1.58254
v -3.85843 12.49874 -1.48842
v -3.93334 12.44821 -1.42747
v -4.02276 12.38789 -1.41176
v -4.10898 12.32974 -1.44441
v -4.17491 12.28527 -1.51894
v -4.20751 12.26328 -1.62060
v -4.20030 12.26814 -1.72925
v -4.15473 12.29888 -1.82338
v -4.07982 12.34941 -1.88433
v -3.99040 12.40973 -1.90004
v -3.90418 12.46788 -1.86739
v -3.77312 12.72362 -1.90896
v -3.71290 12.76425 -1.72111
v -3.72620 12.75527 -1.52035
v -3.81041 12.69847 -1.34644
v -3.94883 12.60510 -1.23381
v -4.11406 12.49366 -1.20479
v -4.27337 12.38620 -1.26511
v -4.39520 12.30403 -1.40284
v -4.45542 12.26341 -1.59068
v -4.44212 12.27238 -1.79144
v -4.35791 12.32918 -1.96536
v -4.21948 12.42255 -2.07798
v -4.05426 12.53400 -2.10701
v -3.89495 12.64145 -2.04668
v -3.79387 12.96007 -1.98654
v -3.71519 13.01315 -1.74111
v -3.73257 13.00142 -1.47880
v -3.84259 12.92721 -1.25157
v -4.02345 12.80522 -1.10442
v -4.23933 12.65961 -1.06650
v -4.44748 12.51921 -1.14531
v -4.60666 12.41185 -1.32526
v -4.68534 12.35877 -1.57069
v -4.66796 12.37050 -1.83300
v -4.55794 12.44471 -2.06023
v -4.37708 12.56670 -2.20738
v -4.16120 12.71231 -2.24530
v -3.95305 12.85271 -2.16648
v -3.89735 13.18571 -2.01378
v -3.81218 13.24315 -1.74813
v -3.83100 13.23046 -1.46421
v -3.95008 13.15014 -1.21825
v -4.14584 13.01809 -1.05898
v -4.37951 12.86048 -1.01793
v -4.60480 12.70852 -1.10324
v -4.77710 12.59231 -1.29801
v -4.86227 12.53486 -1.56367
v -4.84345 12.54755 -1.84759
v -4.72436 12.62788 -2.09354
v -4.52860 12.75992 -2.25281
v -4.29493 12.91753 -2.29386
v -4.06964 13.06949 -2.20855
v -4.06779 13.36617 -1.98654
v -3.98910 13.41924 -1.74111
v -4.00649 13.40751 -1.47880
v -4.11651 13.33330 -1.25157
v -4.29737 13.21131 -1.10442
v -4.51325 13.06570 -1.06650
v -4.72139 12.92531 -1.14531
v -4.88057 12.81794 -1.32526
v -4.95926 12.76486 -1.57069
v -4.94187 12.77659 -1.83300
v -4.83185 12.85080 -2.06023
v -4.65099 12.97279 -2.20738
v -4.43511 13.11840 -2.24530
v -4.22697 13.25880 -2.16648
v -4.27925 13.47398 -1.90896
v -4.21902 13.51461 -1.72111
v -4.23233 13.50563 -1.52035
v -4.31653 13.44883 -1.34644
v -4.45496 13.35546 -1.23381
v -4.62019 13.24402 -1.20479
v -4.77949 13.13656 -1.26511
v -4.90132 13.05439 -1.40284
v -4.96155 13.01377 -1.59068
v -4.94824 13.02274 -1.79144
v -4.86403 13.07954 -1.96536
v -4.72561 13.17291 -2.07798
v -4.56038 13.28436 -2.10701
v -4.40108 13.39181 -2.04668
v -4.49953 13.49274 -1.79285
v -4.46694 13.51473 -1.69119
v -4.47414 13.50987 -1.58254
v -4.51971 13.47913 -1.48842
v -4.59463 13.42860 -1.42747
v -4.68405 13.36829 -1.41176
v -4.77026 13.31013 -1.44441
v -4.83620 13.26566 -1.51894
v -4.86879 13.24368 -1.62060
v -4.86159 13.24853 -1.72925
v -4.81602 13.27927 -1.82338
v -4.74110 13.32980 -1.88433
v -4.65168 13.39012 -1.90004
v -4.56546 13.44827 -1.86739
v -4.69510 13.41959 -1.65590
v -3.58838 12.62213 -1.81541
v -3.44729 12.77606 -1.95236
v -3.41469 12.79804 -1.85070
v -3.42189 12.79319 -1.74205
v -3.46747 12.76245 -1.64793
v -3.54238 12.71192 -1.58697
v -3.63180 12.65160 -1.57127
v -3.71802 12.59345 -1.60391
v -3.78395 12.54898 -1.67845
v -3.81654 12.52699 -1.78011
v -3.80934 12.53185 -1.88876
v -3.76377 12.56259 -1.98288
v -3.68886 12.61312 -2.04384
v -3.59943 12.67343 -2.05954
v -3.51322 12.73159 -2.02690
v -3.38216 12.98733 -2.06847
v -3.32193 13.02795 -1.88062
v -3.33524 13.01898 -1.67986
v -3.41945 12.96218 -1.50594
v -3.55787 12.86881 -1.39332
v -3.72310 12.75736 -1.36430
v -3.88240 12.64991 -1.42462
v -4.00424 12.56774 -1.56234
v -4.06446 12.52711 -1.75019
v -4.05115 12.53609 -1.95095
v -3.96695 12.59289 -2.12487
v -3.82852 12.68626 -2.23749
v -3.66329 12.79770 -2.26651
v -3.50399 12.90516 -2.20619
v -3.40291 13.22378 -2.14605
v -3.32422 13.27686 -1.90061
v -3.34161 13.26513 -1.63831
v -3.45163 13.19092 -1.41107
v -3.63249 13.06893 -1.26393
v -3.84837 12.92332 -1.22600
v -4.05651 12.78292 -1.30482
v -4.21569 12.67555 -1.48476
v -4.29438 12.62248 -1.73020
v -4.27699 12.63421 -1.99250
v -4.16697 12.70842 -2.21974
v -3.98611 12.83041 -2.36689
v -3.77023 12.97602 -2.40481
v -3.56209 13.11641 -2.32599
v -3.50638 13.44941 -2.17329
v -3.42121 13.50686 -1.90764
v -3.44003 13.49417 -1.62371
v -3.55912 13.41384 -1.37776
v -3.75488 13.28180 -1.21849
v -3.98855 13.12419 -1.17744
v -4.21384 12.97223 -1.26275
v -4.38613 12.85601 -1.45752
v -4.47130 12.79857 -1.72318
v -4.45248 12.81126 -2.00710
v -4.33340 12.89158 -2.25305
v -4.13764 13.02363 -2.41232
v -3.90397 13.18124 -2.45337
v -3.67868 13.33320 -2.36806
v -3.67682 13.62987 -2.14605
v -3.59814 13.68295 -1.90061
v -3.61552 13.67122 -1.63831
v -3.72554 13.59701 -1.41107
v -3.90640 13.47502 -1.26393
v -4.12228 13.32941 -1.22600
v -4.33043 13.18901 -1.30482
v -4.48961 13.08165 -1.48476
v -4.56829 13.02857 -1.73020
v -4.55091 13.04030 -1.99250
v -4.44089 13.11451 -2.21974
v -4.26003 13.23650 -2.36689
v -4.04415 13.38211 -2.40481
v -3.83600 13.52251 -2.32599
v -3.88828 13.73769 -2.06847
v -3.82806 13.77831 -1.88062
v -3.84137 13.76934 -1.67986
v -3.92557 13.71254 -1.50594
v -4.06400 13.61917 -1.39332
v -4.22922 13.50772 -1.36430
v -4.38853 13.40027 -1.42462
v -4.51036 13.31810 -1.56234
v -4.57058 13.27747 -1.75019
v -4.55728 13.28645 -1.95095
v -4.47307 13.34325 -2.12487
v -4.33465 13.43662 -2.23749
v -4.16942 13.54806 -2.26651
v -4.01011 13.65552 -2.20619
v -4.10857 13.75645 -1.95236
v -4.07597 13.77844 -1.85070
v -4.08318 13.77358 -1.74205
v -4.12875 13.74284 -1.64793
v -4.20366 13.69231 -1.58697
v -4.29308 13.63199 -1.57127
v -4.37930 13.57384 -1.60391
v -4.44523 13.52937 -1.67845
v -4.47783 13.50738 -1.78011
v -4.47062 13.51224 -1.88876
v -4.42505 13.54298 -1.98288
v -4.35014 13.59351 -2.04384
v -4.26072 13.65383 -2.05954
v -4.17450 13.71198 -2.02690
v -4.30414 13.68330 -1.81541
v -4.13694 13.02410 -2.41265
v -4.27334 13.26704 -2.35350
v -4.34495 13.48735 -2.18778
v -4.33760 13.64137 -1.94830
v -4.25274 13.69862 -1.68251
v -4.10717 13.64773 -1.44303
v -3.92974 13.49881 -1.27731
v -3.75557 13.28133 -1.21816
v -3.61918 13.03838 -1.27731
v -3.54756 12.81808 -1.44303
v -3.55492 12.66405 -1.68251
v -3.63978 12.60681 -1.94830
v -3.78534 12.65769 -2.18778
v -3.96278 12.80662 -2.35350
v -3.75180 13.28388 -2.59156
v -3.88819 13.52683 -2.53241
v -3.95981 13.74713 -2.36669
v -3.95245 13.90116 -2.12722
v -3.86759 13.95840 -1.86142
v -3.72203 13.90752 -1.62195
v -3.54459 13.75859 -1.45622
v -3.37043 13.54112 -1.39708
v -3.23403 13.29817 -1.45622
v -3.16242 13.07786 -1.62195
v -3.16977 12.92384 -1.86142
v -3.25463 12.86660 -2.12722
v -3.40020 12.91748 -2.36669
v -3.57763 13.06641 -2.53241
v -3.94626 13.15271 -1.81541
v -3.56111 13.41250 -1.99432
v -3.58838 12.62213 -1.81541
v -3.44729 12.77606 -1.95236
v -3.41469 12.79804 -1.85070
v -3.42189 12.79319 -1.74205
v -3.46747 12.76245 -1.64793
v -3.54238 12.71192 -1.58697
v -3.63180 12.65160 -1.57127
v -3.71802 12.59345 -1.60391
v -3.78395 12.54898 -1.67845
v -3.81654 12.52699 -1.78011
v -3.80934 12.53185 -1.88876
v -3.76377 12.56259 -1.98288
v -3.68886 12.61312 -2.04384
v -3.59943 12.67343 -2.05954
v -3.51322 12.73159 -2.02690
v -3.38216 12.98733 -2.06847
v -3.32193 13.02795 -1.88062
v -3.33524 13.01898 -1.67986
v -3.41945 12.96218 -1.50594
v -3.55787 12.86881 -1.39332
v -3.72310 12.75736 -1.36430
v -3.88240 12.64991 -1.42462
v -4.00424 12.56774 -1.56234
v -4.06446 12.52711 -1.75019
v -4.05115 12.53609 -1.95095
v -3.96695 12.59289 -2.12487
v -3.82852 12.68626 -2.23749
v -3.66329 12.79770 -2.26651
v -3.50399 12.90516 -2.20619
v -3.40291 13.22378 -2.14605
v -3.32422 13.27686 -1.90061
v -3.34161 13.26513 -1.63831
v -3.45163 13.19092 -1.41107
v -3.63249 13.06893 -1.26393
v -3.84837 12.92332 -1.22600
v -4.05651 12.78292 -1.30482
v -4.21569 12.67555 -1.48476
v -4.29438 12.62248 -1.73020
v -4.27699 12.63421 -1.99250
v -4.16697 12.70842 -2.21974
v -3.98611 12.83041 -2.36689
v -3.77023 12.97602 -2.40481
v -3.56209 13.11641 -2.32599
v -3.50638 13.44941 -2.17329
v -3.42121 13.50686 -1.90764
v -3.44003 13.49417 -1.62371
v -3.55912 13.41384 -1.37776
v -3.75488 13.28180 -1.21849
v -3.98855 13.12419 -1.17744
v -4.21384 12.97223 -1.26275
v -4.38613 12.85601 -1.45752
v -4.47130 12.79857 -1.72318
v -4.45248 12.81126 -2.00710
v -4.33340 12.89158 -2.25305
v -4.13764 13.02363 -2.41232
v -3.90397 13.18124 -2.45337
v -3.67868 13.33320 -2.36806
v -3.67682 13.62987 -2.14605
v -3.59814 13.68295 -1.90061
v -3.61552 13.67122 -1.63831
v -3.72554 13.59701 -1.41107
v -3.90640 13.47502 -1.26393
v -4.12228 13.32941 -1.22600
v -4.33043 13.18901 -1.30482
v -4.48961 13.08165 -1.48476
v -4.56829 13.02857 -1.73020
v -4.55091 13.04030 -1.99250
v -4.44089 13.11451 -2.21974
v -4.26003 13.23650 -2.36689
v -4.04415 13.38211 -2.40481
v -3.83600 13.52251 -2.32599
v -3.88828 13.73769 -2.06847
v -3.82806 13.77831 -1.88062
v -3.84137 13.76934 -1.67986
v -3.92557 13.71254 -1.50594
v -4.06400 13.61917 -1.39332
v -4.22922 13.50772 -1.36430
v -4.38853 13.40027 -1.42462
v -4.51036 13.31810 -1.56234
v -4.57058 13.27747 -1.75019
v -4.55728 13.28645 -1.95095
v -4.47307 13.34325 -2.12487
v -4.33465 13.43662 -2.23749
v -4.16942 13.54806 -2.26651
v -4.01011 13.65552 -2.20619
v -4.10857 13.75645 -1.95236
v -4.07597 13.77844 -1.85070
v -4.08318 13.77358 -1.74205
v -4.12875 13.74284 -1.64793
v -4.20366 13.69231 -1.58697
v -4.29308 13.63199 -1.57127
v -4.37930 13.57384 -1.60391
v -4.44523 13.52937 -1.67845
v -4.47783 13.50738 -1.78011
v -4.47062 13.51224 -1.88876
v -4.42505 13.54298 -1.98288
v -4.35014 13.59351 -2.04384
v -4.26072 13.65383 -2.05954
v -4.17450 13.71198 -2.02690
v -4.30414 13.68330 -1.81541
v -3.20323 12.88191 -1.99432
v -3.06214 13.03584 -2.13128
v -3.02954 13.05783 -2.02961
v -3.03675 13.05297 -1.92096
v -3.08232 13.02223 -1.82684
v -3.15723 12.97170 -1.76589
v -3.24665 12.91139 -1.75018
v -3.33287 12.85323 -1.78283
v -3.39880 12.80876 -1.85736
v -3.43140 12.78678 -1.95902
v -3.42420 12.79163 -2.06768
v -3.37862 12.82237 -2.16180
v -3.30371 12.87290 -2.22275
v -3.21429 12.93322 -2.23846
v -3.12807 12.99137 -2.20581
v -2.99701 13.24712 -2.24738
v -2.93679 13.28774 -2.05954
v -2.95009 13.27876 -1.85877
v -3.03430 13.22197 -1.68486
v -3.17273 13.12860 -1.57223
v -3.33795 13.01715 -1.54321
v -3.49726 12.90970 -1.60353
v -3.61909 12.82752 -1.74126
v -3.67931 12.78690 -1.92910
v -3.66601 12.79587 -2.12986
v -3.58180 12.85267 -2.30378
v -3.44338 12.94604 -2.41640
v -3.27815 13.05749 -2.44543
v -3.11884 13.16494 -2.38510
v -3.01777 13.48357 -2.32496
v -2.93908 13.53664 -2.07953
v -2.95646 13.52491 -1.81722
v -3.06648 13.45071 -1.58999
v -3.24735 13.32871 -1.44284
v -3.46323 13.18310 -1.40492
v -3.67137 13.04271 -1.48373
v -3.83055 12.93534 -1.66368
v -3.90924 12.88226 -1.90911
v -3.89185 12.89399 -2.17142
v -3.78183 12.96820 -2.39865
v -3.60097 13.09019 -2.54580
v -3.38509 13.23581 -2.58372
v -3.17694 13.37620 -2.50490
v -3.12124 13.70920 -2.35220
v -3.03607 13.76665 -2.08655
v -3.05489 13.75395 -1.80263
v -3.17397 13.67363 -1.55667
v -3.36973 13.54159 -1.39740
v -3.60340 13.38397 -1.35636
v -3.82869 13.23201 -1.44167
v -4.00099 13.11580 -1.63644
v -4.08616 13.05835 -1.90209
v -4.06734 13.07104 -2.18601
v -3.94825 13.15137 -2.43196
v -3.75249 13.28341 -2.59124
v -3.51882 13.44102 -2.63228
v -3.29353 13.59298 -2.54697
v -3.29168 13.88966 -2.32496
v -3.21299 13.94273 -2.07953
v -3.23038 13.93101 -1.81722
v -3.34040 13.85680 -1.58999
v -3.52126 13.73480 -1.44284
v -3.73714 13.58919 -1.40492
v -3.94528 13.44880 -1.48373
v -4.10446 13.34143 -1.66368
v -4.18315 13.28835 -1.90911
v -4.16576 13.30008 -2.17142
v -4.05574 13.37429 -2.39865
v -3.87488 13.49628 -2.54580
v -3.65900 13.64190 -2.58372
v -3.45086 13.78229 -2.50490
v -3.50314 13.99748 -2.24738
v -3.44291 14.03810 -2.05954
v -3.45622 14.02912 -1.85877
v -3.54042 13.97232 -1.68486
v -3.67885 13.87896 -1.57223
v -3.84408 13.76751 -1.54321
v -4.00338 13.66006 -1.60353
v -4.12521 13.57788 -1.74126
v -4.18544 13.53726 -1.92910
v -4.17213 13.54623 -2.12986
v -4.08792 13.60303 -2.30378
v -3.94950 13.69640 -2.41640
v -3.78427 13.80785 -2.44543
v -3.62497 13.91530 -2.38510
v -3.72342 14.01624 -2.13128
v -3.69083 14.03822 -2.02961
v -3.69803 14.03336 -1.92096
v -3.74360 14.00262 -1.82684
v -3.81852 13.95209 -1.76589
v -3.90794 13.89178 -1.75018
v -3.99415 13.83363 -1.78283
v -4.06009 13.78915 -1.85736
v -4.09268 13.76717 -1.95902
v -4.08548 13.77203 -2.06768
v -4.03991 13.80276 -2.16180
v -3.96499 13.85329 -2.22275
v -3.87557 13.91361 -2.23846
v -3.78936 13.97176 -2.20581
v -3.91900 13.94308 -1.99432
v -3.77215 13.27015 -2.58152
v -3.90653 13.51446 -2.52336
v -3.97250 13.73857 -2.36043
v -3.95698 13.89810 -2.12498
v -3.86306 13.96145 -1.86366
v -3.70934 13.91608 -1.62821
v -3.52625 13.77096 -1.46527
v -3.35007 13.55485 -1.40712
v -3.21569 13.31054 -1.46527
v -3.14973 13.08642 -1.62821
v -3.16524 12.92689 -1.86366
v -3.25916 12.86354 -2.12498
v -3.41289 12.90892 -2.36043
v -3.59597 13.05404 -2.52336
v -3.39348 13.52557 -2.77953
v -3.52786 13.76988 -2.72138
v -3.59383 13.99399 -2.55844
v -3.57831 14.15352 -2.32299
v -3.48439 14.21687 -2.06167
v -3.33067 14.17149 -1.82622
v -3.14758 14.02638 -1.66329
v -2.97140 13.81026 -1.60513
v -2.83702 13.56595 -1.66329
v -2.77106 13.34184 -1.82622
v -2.78657 13.18231 -2.06167
v -2.88049 13.11896 -2.32299
v -3.03422 13.16433 -2.55844
v -3.21730 13.30945 -2.72138
v -3.56111 13.41250 -1.99432
v -3.18244 13.66791 -2.19233
v -3.20323 12.88191 -1.99432
v -3.06214 13.03584 -2.13128
v -3.02954 13.05783 -2.02961
v -3.03675 13.05297 -1.92096
v -3.08232 13.02223 -1.82684
v -3.15723 12.97170 -1.76589
v -3.24665 12.91139 -1.75018
v -3.33287 12.85323 -1.78283
v -3.39880 12.80876 -1.85736
v -3.43140 12.78678 -1.95902
v -3.42420 12.79163 -2.06768
v -3.37862 12.82237 -2.16180
v -3.30371 12.87290 -2.22275
v -3.21429 12.93322 -2.23846
v -3.12807 12.99137 -2.20581
v -2.99701 13.24712 -2.24738
v -2.93679 13.28774 -2.05954
v -2.95009 13.27876 -1.85877
v -3.03430 13.22197 -1.68486
v -3.17273 13.12860 -1.57223
v -3.33795 13.01715 -1.54321
v -3.49726 12.90970 -1.60353
v -3.61909 12.82752 -1.74126
v -3.67931 12.78690 -1.92910
v -3.66601 12.79587 -2.12986
v -3.58180 12.85267 -2.30378
v -3.44338 12.94604 -2.41640
v -3.27815 13.05749 -2.44543
v -3.11884 13.16494 -2.38510
v -3.01777 13.48357 -2.32496
v -2.93908 13.53664 -2.07953
v -2.95646 13.52491 -1.81722
v -3.06648 13.45071 -1.58999
v -3.24735 13.32871 -1.44284
v -3.46323 13.18310 -1.40492
v -3.67137 13.04271 -1.48373
v -3.83055 12.93534 -1.66368
v -3.90924 12.88226 -1.90911
v -3.89185 12.89399 -2.17142
v -3.78183 12.96820 -2.39865
v -3.60097 13.09019 -2.54580
v -3.38509 13.23581 -2.58372
v -3.17694 13.37620 -2.50490
v -3.12124 13.70920 -2.35220
v -3.03607 13.76665 -2.08655
v -3.05489 13.75395 -1.80263
v -3.17397 13.67363 -1.55667
v -3.36973 13.54159 -1.39740
v -3.60340 13.38397 -1.35636
v -3.82869 13.23201 -1.44167
v -4.00099 13.11580 -1.63644
v -4.08616 13.05835 -1.90209
v -4.06734 13.07104 -2.18601
v -3.94825 13.15137 -2.43196
v -3.75249 13.28341 -2.59124
v -3.51882 13.44102 -2.63228
v -3.29353 13.59298 -2.54697
v -3.29168 13.88966 -2.32496
v -3.21299 13.94273 -2.07953
v -3.23038 13.93101 -1.81722
v -3.34040 13.85680 -1.58999
v -3.52126 13.73480 -1.44284
v -3.73714 13.58919 -1.40492
v -3.94528 13.44880 -1.48373
v -4.10446 13.34143 -1.66368
v -4.18315 13.28835 -1.90911
v -4.16576 13.30008 -2.17142
v -4.05574 13.37429 -2.39865
v -3.87488 13.49628 -2.54580
v -3.65900 13.64190 -2.58372
v -3.45086 13.78229 -2.50490
v -3.50314 13.99748 -2.24738
v -3.44291 14.03810 -2.05954
v -3.45622 14.02912 -1.85877
v -3.54042 13.97232 -1.68486
v -3.67885 13.87896 -1.57223
v -3.84408 13.76751 -1.54321
v -4.00338 13.66006 -1.60353
v -4.12521 13.57788 -1.74126
v -4.18544 13.53726 -1.92910
v -4.17213 13.54623 -2.12986
v -4.08792 13.60303 -2.30378
v -3.94950 13.69640 -2.41640
v -3.78427 13.80785 -2.44543
v -3.62497 13.91530 -2.38510
v -3.72342 14.01624 -2.13128
v -3.69083 14.03822 -2.02961
v -3.69803 14.03336 -1.92096
v -3.74360 14.00262 -1.82684
v -3.81852 13.95209 -1.76589
v -3.90794 13.89178 -1.75018
v -3.99415 13.83363 -1.78283
v -4.06009 13.78915 -1.85736
v -4.09268 13.76717 -1.95902
v -4.08548 13.77203 -2.06768
v -4.03991 13.80276 -2.16180
v -3.96499 13.85329 -2.22275
v -3.87557 13.91361 -2.23846
v -3.78936 13.97176 -2.20581
v -3.91900 13.94308 -1.99432
v -2.82456 13.13733 -2.19233
v -2.68347 13.29126 -2.32929
v -2.65088 13.31324 -2.22763
v -2.65808 13.30839 -2.11897
v -2.70365 13.27765 -2.02485
v -2.77856 13.22712 -1.96390
v -2.86798 13.16680 -1.94819
v -2.95420 13.10865 -1.98084
v -3.02013 13.06418 -2.05537
v -3.05273 13.04219 -2.15704
v -3.04553 13.04705 -2.26569
v -2.99995 13.07779 -2.35981
v -2.92504 13.12832 -2.42076
v -2.83562 13.18863 -2.43647
v -2.74940 13.24679 -2.40382
v -2.61834 13.50253 -2.44539
v -2.55812 13.54315 -2.25755
v -2.57143 13.53418 -2.05679
v -2.65563 13.47738 -1.88287
v -2.79406 13.38401 -1.77025
v -2.95928 13.27256 -1.74122
v -3.11859 13.16511 -1.80155
v -3.24042 13.08294 -1.93927
v -3.30064 13.04231 -2.12711
v -3.28734 13.05129 -2.32788
v -3.20313 13.10809 -2.50179
v -3.06471 13.20146 -2.61442
v -2.89948 13.31290 -2.64344
v -2.74017 13.42036 -2.58312
v -2.63910 13.73898 -2.52297
v -2.56041 13.79206 -2.27754
v -2.57780 13.78033 -2.01523
v -2.68782 13.70612 -1.78800
v -2.86868 13.58413 -1.64085
v -3.08456 13.43852 -1.60293
v -3.29270 13.29812 -1.68175
v -3.45188 13.19075 -1.86169
v -3.53057 13.13768 -2.10712
v -3.51318 13.14941 -2.36943
v -3.40316 13.22362 -2.59666
v -3.22230 13.34561 -2.74381
v -3.00642 13.49122 -2.78173
v -2.79828 13.63161 -2.70292
v -2.74257 13.96461 -2.55021
v -2.65740 14.02206 -2.28456
v -2.67622 14.00937 -2.00064
v -2.79530 13.92904 -1.75469
v -2.99106 13.79700 -1.59541
v -3.22473 13.63939 -1.55437
v -3.45002 13.48743 -1.63968
v -3.62232 13.37122 -1.83445
v -3.70749 13.31377 -2.10010
v -3.68867 13.32646 -2.38402
v -3.56958 13.40678 -2.62998
v -3.37382 13.53883 -2.78925
v -3.14015 13.69644 -2.83029
v -2.91486 13.84840 -2.74498
v -2.91301 14.14507 -2.52297
v -2.83432 14.19815 -2.27754
v -2.85171 14.18642 -2.01523
v -2.96173 14.11221 -1.78800
v -3.14259 13.99022 -1.64085
v -3.35847 13.84461 -1.60293
v -3.56661 13.70421 -1.68175
v -3.72579 13.59685 -1.86169
v -3.80448 13.54377 -2.10712
v -3.78709 13.55550 -2.36943
v -3.67707 13.62971 -2.59666
v -3.49621 13.75170 -2.74381
v -3.28033 13.89731 -2.78173
v -3.07219 14.03771 -2.70292
v -3.12447 14.25289 -2.44539
v -3.06424 14.29351 -2.25755
v -3.07755 14.28454 -2.05679
v -3.16175 14.22774 -1.88287
v -3.30018 14.13437 -1.77025
v -3.46541 14.02292 -1.74122
v -3.62471 13.91547 -1.80155
v -3.74654 13.83330 -1.93927
v -3.80677 13.79267 -2.12711
v -3.79346 13.80165 -2.32788
v -3.70926 13.85845 -2.50179
v -3.57083 13.95182 -2.61442
v -3.40560 14.06326 -2.64344
v -3.24630 14.17072 -2.58312
v -3.34475 14.27165 -2.32929
v -3.31216 14.29364 -2.22763
v -3.31936 14.28878 -2.11897
v -3.36493 14.25804 -2.02485
v -3.43985 14.20751 -1.96390
v -3.52927 14.14719 -1.94819
v -3.61548 14.08904 -1.98084
v -3.68142 14.04457 -2.05537
v -3.71401 14.02258 -2.15704
v -3.70681 14.02744 -2.26569
v -3.66124 14.05818 -2.35981
v -3.58632 14.10871 -2.42076
v -3.49690 14.16903 -2.43647
v -3.41069 14.22718 -2.40382
v -3.54033 14.19850 -2.19233
v -3.41347 13.51208 -2.76847
v -3.54587 13.75773 -2.71142
v -3.60629 13.98558 -2.55155
v -3.58276 14.15052 -2.32053
v -3.47994 14.21987 -2.06413
v -3.31820 14.17990 -1.83311
v -3.12957 14.03853 -1.67324
v -2.95141 13.82375 -1.61619
v -2.81901 13.57810 -1.67324
v -2.75859 13.35025 -1.83311
v -2.78212 13.18531 -2.06413
v -2.88494 13.11596 -2.32053
v -3.04668 13.15593 -2.55155
v -3.23531 13.29730 -2.71142
v -3.04193 13.76269 -2.98524
v -3.17433 14.00833 -2.92819
v -3.23475 14.23619 -2.76832
v -3.21122 14.40113 -2.53730
v -3.10840 14.47048 -2.28090
v -2.94666 14.43051 -2.04988
v -2.75803 14.28913 -1.89001
v -2.57987 14.07435 -1.83296
v -2.44747 13.82871 -1.89001
v -2.38705 13.60085 -2.04988
v -2.41058 13.43592 -2.28090
v -2.51340 13.36656 -2.53730
v -2.67514 13.40653 -2.76832
v -2.86377 13.54791 -2.92819
v -3.18244 13.66791 -2.19233
v -2.81090 13.91852 -2.40910
v -2.82456 13.13733 -2.19233
v -2.68347 13.29126 -2.32929
v -2.65088 13.31324 -2.22763
v -2.65808 13.30839 -2.11897
v -2.70365 13.27765 -2.02485
v -2.77856 13.22712 -1.96390
v -2.86798 13.16680 -1.94819
v -2.95420 13.10865 -1.98084
v -3.02013 13.06418 -2.05537
v -3.05273 13.04219 -2.15704
v -3.04553 13.04705 -2.26569
v -2.99995 13.07779 -2.35981
v -2.92504 13.12832 -2.42076
v -2.83562 13.18863 -2.43647
v -2.74940 13.24679 -2.40382
v -2.61834 13.50253 -2.44539
v -2.55812 13.54315 -2.25755
v -2.57143 13.53418 -2.05679
v -2.65563 13.47738 -1.88287
v -2.79406 13.38401 -1.77025
v -2.95928 13.27256 -1.74122
v -3.11859 13.16511 -1.80155
v -3.24042 13.08294 -1.93927
v -3.30064 13.04231 -2.12711
v -3.28734 13.05129 -2.32788
v -3.20313 13.10809 -2.50179
v -3.06471 13.20146 -2.61442
v -2.89948 13.31290 -2.64344
v -2.74017 13.42036 -2.58312
v -2.63910 13.73898 -2.52297
v -2.56041 13.79206 -2.27754
v -2.57780 13.78033 -2.01523
v -2.68782 13.70612 -1.78800
v -2.86868 13.58413 -1.64085
v -3.08456 13.43852 -1.60293
v -3.29270 13.29812 -1.68175
v -3.45188 13.19075 -1.86169
v -3.53057 13.13768 -2.10712
v -3.51318 13.14941 -2.36943
v -3.40316 13.22362 -2.59666
v -3.22230 13.34561 -2.74381
v -3.00642 13.49122 -2.78173
v -2.79828 13.63161 -2.70292
v -2.74257 13.96461 -2.55021
v -2.65740 14.02206 -2.28456
v -2.67622 14.00937 -2.00064
v -2.79530 13.92904 -1.75469
v -2.99106 13.79700 -1.59541
v -3.22473 13.63939 -1.55437
v -3.45002 13.48743 -1.63968
v -3.62232 13.37122 -1.83445
v -3.70749 13.31377 -2.10010
v -3.68867 13.32646 -2.38402
v -3.56958 13.40678 -2.62998
v -3.37382 13.53883 -2.78925
v -3.14015 13.69644 -2.83029
v -2.91486 13.84840 -2.74498
v -2.91301 14.14507 -2.52297
v -2.83432 14.19815 -2.27754
v -2.85171 14.18642 -2.01523
v -2.96173 14.11221 -1.78800
v -3.14259 13.99022 -1.64085
v -3.35847 13.84461 -1.60293
v -3.56661 13.70421 -1.68175
v -3.72579 13.59685 -1.86169
v -3.80448 13.54377 -2.10712
v -3.78709 13.55550 -2.36943
v -3.67707 13.62971 -2.59666
v -3.49621 13.75170 -2.74381
v -3.28033 13.89731 -2.78173
v -3.07219 14.03771 -2.70292
v -3.12447 14.25289 -2.44539
v -3.06424 14.29351 -2.25755
v -3.07755 14.28454 -2.05679
v -3.16175 14.22774 -1.88287
v -3.30018 14.13437 -1.77025
v -3.46541 14.02292 -1.74122
v -3.62471 13.91547 -1.80155
v -3.74654 13.83330 -1.93927
v -3.80677 13.79267 -2.12711
v -3.79346 13.80165 -2.32788
v -3.70926 13.85845 -2.50179
v -3.57083 13.95182 -2.61442
v -3.40560 14.06326 -2.64344
v -3.24630 14.17072 -2.58312
v -3.34475 14.27165 -2.32929
v -3.31216 14.29364 -2.22763
v -3.31936 14.28878 -2.11897
v -3.36493 14.25804 -2.02485
v -3.43985 14.20751 -1.96390
v -3.52927 14.14719 -1.94819
v -3.61548 14.08904 -1.98084
v -3.68142 14.04457 -2.05537
v -3.71401 14.02258 -2.15704
v -3.70681 14.02744 -2.26569
v -3.66124 14.05818 -2.35981
v -3.58632 14.10871 -2.42076
v -3.49690 14.16903 -2.43647
v -3.41069 14.22718 -2.40382
v -3.54033 14.19850 -2.19233
v -2.45302 13.38794 -2.40910
v -2.31193 13.54187 -2.54606
v -2.27933 13.56385 -2.44440
v -2.28654 13.55899 -2.33574
v -2.33211 13.52826 -2.24162
v -2.40702 13.47773 -2.18067
v -2.49644 13.41741 -2.16496
v -2.58266 13.35926 -2.19761
v -2.64859 13.31478 -2.27214
v -2.68119 13.29280 -2.37381
v -2.67398 13.29766 -2.48246
v -2.62841 13.32840 -2.57658
v -2.55350 13.37893 -2.63753
v -2.46408 13.43924 -2.65324
v -2.37786 13.49739 -2.62059
v -2.24680 13.75314 -2.66216
v -2.18658 13.79376 -2.47432
v -2.19988 13.78479 -2.27355
v -2.28409 13.72799 -2.09964
v -2.42251 13.63462 -1.98702
v -2.58774 13.52317 -1.95799
v -2.74705 13.41572 -2.01832
v -2.86888 13.33354 -2.15604
v -2.92910 13.29292 -2.34388
v -2.91580 13.30190 -2.54465
v -2.83159 13.35870 -2.71856
v -2.69317 13.45206 -2.83118
v -2.52794 13.56351 -2.86021
v -2.36863 13.67096 -2.79989
v -2.26756 13.98959 -2.73974
v -2.18887 14.04267 -2.49431
v -2.20625 14.03094 -2.23200
v -2.31627 13.95673 -2.00477
v -2.49713 13.83474 -1.85762
v -2.71302 13.68912 -1.81970
v -2.92116 13.54873 -1.89851
v -3.08034 13.44136 -2.07846
v -3.15902 13.38829 -2.32389
v -3.14164 13.40001 -2.58620
v -3.03162 13.47422 -2.81343
v -2.85076 13.59622 -2.96058
v -2.63488 13.74183 -2.99850
v -2.42673 13.88222 -2.91969
v -2.37103 14.21522 -2.76698
v -2.28586 14.27267 -2.50133
v -2.30468 14.25998 -2.21741
v -2.42376 14.17965 -1.97146
v -2.61952 14.04761 -1.81218
v -2.85319 13.89000 -1.77114
v -3.07848 13.73804 -1.85645
v -3.25078 13.62182 -2.05122
v -3.33595 13.56437 -2.31687
v -3.31713 13.57707 -2.60079
v -3.19804 13.65739 -2.84674
v -3.00228 13.78944 -3.00602
v -2.76861 13.94705 -3.04706
v -2.54332 14.09901 -2.96175
v -2.54147 14.39568 -2.73974
v -2.46278 14.44876 -2.49431
v -2.48017 14.43703 -2.23200
v -2.59019 14.36282 -2.00477
v -2.77105 14.24083 -1.85762
v -2.98693 14.09521 -1.81970
v -3.19507 13.95482 -1.89851
v -3.35425 13.84745 -2.07846
v -3.43294 13.79438 -2.32389
v -3.41555 13.80611 -2.58620
v -3.30553 13.88031 -2.81343
v -3.12467 14.00231 -2.96058
v -2.90879 14.14792 -2.99850
v -2.70065 14.28831 -2.91969
v -2.75293 14.50350 -2.66216
v -2.69270 14.54412 -2.47432
v -2.70601 14.53515 -2.27355
v -2.79021 14.47835 -2.09964
v -2.92864 14.38498 -1.98702
v -3.09387 14.27353 -1.95799
v -3.25317 14.16608 -2.01832
v -3.37500 14.08390 -2.15604
v -3.43523 14.04328 -2.34388
v -3.42192 14.05226 -2.54465
v -3.33771 14.10905 -2.71856
v -3.19929 14.20242 -2.83118
v -3.03406 14.31387 -2.86021
v -2.87476 14.42132 -2.79989
v -2.97321 14.52226 -2.54606
v -2.94062 14.54424 -2.44440
v -2.94782 14.53939 -2.33574
v -2.99339 14.50865 -2.24162
v -3.06831 14.45812 -2.18067
v -3.15773 14.39780 -2.16496
v -3.24394 14.33965 -2.19761
v -3.30988 14.29518 -2.27214
v -3.34247 14.27319 -2.37381
v -3.33527 14.27805 -2.48246
v -3.28970 14.30879 -2.57658
v -3.21478 14.35932 -2.63753
v -3.12536 14.41963 -2.65324
v -3.03914 14.47779 -2.62059
v -3.16879 14.44911 -2.40910
v -6.77854 11.24232 -2.18296
v -6.91603 11.55780 -2.13748
v -6.92276 11.88062 -2.01003
v -6.79742 12.14684 -1.82587
v -6.56481 12.30374 -1.62147
v -6.27102 12.32023 -1.43731
v -5.97423 12.19305 -1.30987
v -5.73322 11.94739 -1.26438
v -5.59573 11.63191 -1.30987
v -5.58900 11.30909 -1.43731
v -5.71434 11.04287 -1.62147
v -5.94695 10.88597 -1.82587
v -6.24074 10.86948 -2.01003
v -6.53753 10.99666 -2.13748
v -5.82628 11.88462 -3.75962
v -5.96377 12.20010 -3.71414
v -5.97051 12.52293 -3.58670
v -5.84516 12.78915 -3.40254
v -5.61256 12.94604 -3.19813
v -5.31876 12.96253 -3.01397
v -5.02197 12.83535 -2.88653
v -4.78097 12.58970 -2.84105
v -4.64348 12.27421 -2.88653
v -4.63674 11.95139 -3.01397
v -4.76209 11.68517 -3.19813
v -4.99469 11.52827 -3.40254
v -5.28849 11.51178 -3.58670
v -5.58528 11.63896 -3.71414
v -6.25588 11.59485 -1.72367
v -5.30363 12.23716 -3.30033
v -5.81971 10.94821 -1.72367
v -5.64776 11.13581 -1.89059
v -5.60803 11.16260 -1.76669
v -5.61681 11.15668 -1.63427
v -5.67235 11.11922 -1.51956
v -5.76365 11.05763 -1.44527
v -5.87263 10.98413 -1.42613
v -5.97771 10.91325 -1.46592
v -6.05807 10.85905 -1.55676
v -6.09779 10.83226 -1.68066
v -6.08901 10.83818 -1.81308
v -6.03347 10.87564 -1.92779
v -5.94217 10.93722 -2.00207
v -5.83319 11.01073 -2.02122
v -5.72811 11.08161 -1.98143
v -5.56838 11.39330 -2.03209
v -5.49498 11.44280 -1.80315
v -5.51120 11.43186 -1.55848
v -5.61383 11.36264 -1.34652
v -5.78253 11.24885 -1.20926
v -5.98390 11.11302 -1.17388
v -6.17806 10.98207 -1.24740
v -6.32654 10.88191 -1.41525
v -6.39994 10.83240 -1.64419
v -6.38372 10.84334 -1.88887
v -6.28109 10.91257 -2.10083
v -6.11239 11.02636 -2.23809
v -5.91102 11.16219 -2.27346
v -5.71686 11.29314 -2.19994
v -5.59368 11.68147 -2.12664
v -5.49777 11.74616 -1.82752
v -5.51897 11.73186 -1.50783
v -5.65305 11.64142 -1.23089
v -5.87348 11.49274 -1.05156
v -6.13658 11.31528 -1.00534
v -6.39025 11.14417 -1.10140
v -6.58425 11.01332 -1.32070
v -6.68015 10.94863 -1.61982
v -6.65896 10.96292 -1.93951
v -6.52488 11.05337 -2.21645
v -6.30445 11.20204 -2.39579
v -6.04135 11.37951 -2.44201
v -5.78768 11.55061 -2.34595
v -5.71978 11.95646 -2.15984
v -5.61598 12.02647 -1.83608
v -5.63892 12.01100 -1.49005
v -5.78405 11.91311 -1.19029
v -6.02264 11.75218 -0.99618
v -6.30742 11.56009 -0.94615
v -6.58199 11.37489 -1.05013
v -6.79198 11.23325 -1.28750
v -6.89578 11.16324 -1.61127
v -6.87284 11.17871 -1.95729
v -6.72771 11.27660 -2.25705
v -6.48912 11.43753 -2.45117
v -6.20434 11.62962 -2.50119
v -5.92977 11.81482 -2.39722
v -5.92751 12.17639 -2.12664
v -5.83161 12.24108 -1.82752
v -5.85280 12.22679 -1.50783
v -5.98688 12.13634 -1.23089
v -6.20731 11.98767 -1.05156
v -6.47041 11.81020 -1.00534
v -6.72408 11.63909 -1.10140
v -6.91808 11.50824 -1.32070
v -7.01399 11.44355 -1.61982
v -6.99279 11.45785 -1.93951
v -6.85871 11.54829 -2.21645
v -6.63828 11.69697 -2.39579
v -6.37518 11.87443 -2.44201
v -6.12151 12.04554 -2.34595
v -6.18522 12.30780 -2.03209
v -6.11182 12.35730 -1.80315
v -6.12804 12.34636 -1.55848
v -6.23067 12.27714 -1.34652
v -6.39937 12.16335 -1.20926
v -6.60074 12.02752 -1.17388
v -6.79490 11.89657 -1.24740
v -6.94338 11.79641 -1.41525
v -7.01678 11.74691 -1.64419
v -7.00056 11.75784 -1.88887
v -6.89793 11.82707 -2.10083
v -6.72923 11.94086 -2.23809
v -6.52786 12.07669 -2.27346
v -6.33370 12.20764 -2.19994
v -6.45369 12.33066 -1.89059
v -6.41397 12.35745 -1.76669
v -6.42275 12.35153 -1.63427
v -6.47829 12.31407 -1.51956
v -6.56959 12.25249 -1.44527
v -6.67857 12.17898 -1.42613
v -6.78365 12.10810 -1.46592
v -6.86400 12.05390 -1.55676
v -6.90373 12.02711 -1.68066
v -6.89495 12.03303 -1.81308
v -6.83941 12.07049 -1.92779
v -6.74811 12.13208 -2.00207
v -6.63913 12.20558 -2.02122
v -6.53405 12.27646 -1.98143
v -6.69205 12.24150 -1.72367
v -4.86746 11.59051 -3.30033
v -4.69550 11.77811 -3.46725
v -4.65578 11.80491 -3.34335
v -4.66456 11.79898 -3.21093
v -4.72010 11.76152 -3.09622
v -4.81140 11.69994 -3.02193
v -4.92038 11.62643 -3.00279
v -5.02545 11.55555 -3.04258
v -5.10581 11.50135 -3.13342
v -5.14554 11.47456 -3.25732
v -5.13676 11.48048 -3.38974
v -5.08122 11.51794 -3.50445
v -4.98991 11.57953 -3.57873
v -4.88093 11.65304 -3.59788
v -4.77586 11.72391 -3.55809
v -4.61613 12.03560 -3.60875
v -4.54273 12.08511 -3.37982
v -4.55895 12.07417 -3.13514
v -4.66157 12.00495 -2.92318
v -4.83028 11.89115 -2.78592
v -5.03165 11.75533 -2.75055
v -5.22580 11.62437 -2.82406
v -5.37428 11.52422 -2.99192
v -5.44768 11.47471 -3.22085
v -5.43146 11.48565 -3.46553
v -5.32884 11.55487 -3.67749
v -5.16013 11.66866 -3.81475
v -4.95876 11.80449 -3.85012
v -4.76461 11.93545 -3.77660
v -4.64142 12.32377 -3.70330
v -4.54552 12.38846 -3.40418
v -4.56671 12.37417 -3.08449
v -4.70080 12.28372 -2.80756
v -4.92122 12.13505 -2.62822
v -5.18433 11.95758 -2.58200
v -5.43800 11.78647 -2.67806
v -5.63200 11.65562 -2.89737
v -5.72790 11.59093 -3.19649
v -5.70671 11.60523 -3.51617
v -5.57262 11.69567 -3.79311
v -5.35220 11.84435 -3.97245
v -5.08909 12.02181 -4.01867
v -4.83542 12.19292 -3.92261
v -4.76753 12.59876 -3.73650
v -4.66373 12.66878 -3.41274
v -4.68666 12.65330 -3.06671
v -4.83180 12.55541 -2.76695
v -5.07038 12.39448 -2.57284
v -5.35516 12.20239 -2.52282
v -5.62974 12.01719 -2.62679
v -5.83972 11.87556 -2.86416
v -5.94352 11.80554 -3.18793
v -5.92059 11.82101 -3.53396
v -5.77545 11.91891 -3.83371
v -5.53687 12.07983 -4.02783
v -5.25209 12.27192 -4.07785
v -4.97751 12.45712 -3.97388
v -4.97525 12.81870 -3.70330
v -4.87935 12.88338 -3.40418
v -4.90054 12.86909 -3.08449
v -5.03463 12.77865 -2.80756
v -5.25505 12.62997 -2.62822
v -5.51816 12.45250 -2.58200
v -5.77183 12.28140 -2.67806
v -5.96583 12.15054 -2.89737
v -6.06173 12.08586 -3.19649
v -6.04054 12.10015 -3.51617
v -5.90645 12.19059 -3.79311
v -5.68603 12.33927 -3.97245
v -5.42292 12.51674 -4.01867
v -5.16925 12.68784 -3.92261
v -5.23297 12.95010 -3.60875
v -5.15957 12.99961 -3.37982
v -5.17579 12.98867 -3.13514
v -5.27841 12.91945 -2.92318
v -5.44712 12.80565 -2.78592
v -5.64849 12.66983 -2.75055
v -5.84264 12.53887 -2.82406
v -5.99112 12.43872 -2.99192
v -6.06452 12.38921 -3.22085
v -6.04830 12.40015 -3.46553
v -5.94568 12.46937 -3.67749
v -5.77697 12.58316 -3.81475
v -5.57560 12.71899 -3.85012
v -5.38145 12.84995 -3.77660
v -5.50144 12.97296 -3.46725
v -5.46172 12.99976 -3.34335
v -5.47049 12.99384 -3.21093
v -5.52603 12.95637 -3.09622
v -5.61734 12.89479 -3.02193
v -5.72632 12.82128 -3.00279
v -5.83139 12.75041 -3.04258
v -5.91175 12.69621 -3.13342
v -5.95147 12.66941 -3.25732
v -5.94270 12.67533 -3.38974
v -5.88716 12.71279 -3.50445
v -5.79585 12.77438 -3.57873
v -5.68687 12.84789 -3.59788
v -5.58180 12.91876 -3.55809
v -5.73980 12.88381 -3.30033
v -5.75196 11.93476 -3.80546
v -5.88710 12.23089 -3.75544
v -5.90668 12.52826 -3.61528
v -5.80682 12.76797 -3.41274
v -5.60729 12.90256 -3.18793
v -5.34762 12.90535 -2.98539
v -5.07924 12.77580 -2.84523
v -4.85530 12.53956 -2.79521
v -4.72015 12.24343 -2.84523
v -4.70057 11.94606 -2.98539
v -4.80043 11.70634 -3.18793
v -4.99996 11.57176 -3.41274
v -5.25963 11.56897 -3.61528
v -5.52801 11.69852 -3.75544
v -5.13396 12.35160 -4.60352
v -5.26910 12.64773 -4.55350
v -5.28868 12.94510 -4.41334
v -5.18882 13.18482 -4.21080
v -4.98929 13.31940 -3.98599
v -4.72962 13.32219 -3.78345
v -4.46124 13.19264 -3.64329
v -4.23730 12.95640 -3.59327
v -4.10216 12.66027 -3.64329
v -4.08258 12.36290 -3.78345
v -4.18244 12.12319 -3.98599
v -4.38196 11.98860 -4.21080
v -4.64163 11.98581 -4.41334
v -4.91002 12.11536 -4.55350
v -5.30363 12.23716 -3.30033
v -4.68563 12.65400 -4.09839
v -4.88982 11.62367 -3.30033
v -4.72669 11.80165 -3.45869
v -4.68900 11.82707 -3.34114
v -4.69733 11.82146 -3.21552
v -4.75002 11.78591 -3.10669
v -4.83664 11.72749 -3.03621
v -4.94003 11.65775 -3.01805
v -5.03972 11.59051 -3.05580
v -5.11596 11.53909 -3.14198
v -5.15364 11.51367 -3.25952
v -5.14532 11.51928 -3.38515
v -5.09262 11.55483 -3.49398
v -5.00600 11.61325 -3.56446
v -4.90261 11.68299 -3.58262
v -4.80292 11.75023 -3.54487
v -4.65139 12.04594 -3.59294
v -4.58175 12.09291 -3.37574
v -4.59714 12.08253 -3.14361
v -4.69450 12.01685 -2.94252
v -4.85455 11.90890 -2.81230
v -5.04560 11.78004 -2.77874
v -5.22979 11.65579 -2.84849
v -5.37066 11.56078 -3.00773
v -5.44030 11.51381 -3.22493
v -5.42491 11.52419 -3.45706
v -5.32755 11.58986 -3.65815
v -5.16749 11.69782 -3.78837
v -4.97645 11.82668 -3.82193
v -4.79225 11.95092 -3.75218
v -4.67538 12.31933 -3.68264
v -4.58440 12.38070 -3.39886
v -4.60450 12.36714 -3.09556
v -4.73171 12.28134 -2.83283
v -4.94083 12.14028 -2.66269
v -5.19044 11.97192 -2.61884
v -5.43111 11.80959 -2.70997
v -5.61516 11.68544 -2.91803
v -5.70614 11.62407 -3.20181
v -5.68604 11.63763 -3.50511
v -5.55883 11.72344 -3.76784
v -5.34971 11.86449 -3.93798
v -5.10010 12.03286 -3.98183
v -4.85943 12.19519 -3.89070
v -4.79502 12.58022 -3.71414
v -4.69654 12.64664 -3.40698
v -4.71830 12.63196 -3.07869
v -4.85599 12.53909 -2.79431
v -5.08234 12.38641 -2.61015
v -5.35252 12.20418 -2.56269
v -5.61302 12.02847 -2.66133
v -5.81223 11.89410 -2.88653
v -5.91071 11.82767 -3.19369
v -5.88895 11.84235 -3.52198
v -5.75126 11.93523 -3.80636
v -5.52491 12.08790 -3.99052
v -5.25473 12.27014 -4.03798
v -4.99424 12.44584 -3.93934
v -4.99209 12.78887 -3.68264
v -4.90111 12.85024 -3.39886
v -4.92121 12.83668 -3.09556
v -5.04842 12.75088 -2.83283
v -5.25754 12.60982 -2.66269
v -5.50716 12.44146 -2.61884
v -5.74782 12.27913 -2.70997
v -5.93187 12.15499 -2.91803
v -6.02285 12.09362 -3.20181
v -6.00275 12.10718 -3.50511
v -5.87554 12.19298 -3.76784
v -5.66642 12.33404 -3.93798
v -5.41681 12.50240 -3.98183
v -5.17614 12.66473 -3.89070
v -5.23659 12.91354 -3.59294
v -5.16696 12.96051 -3.37574
v -5.18234 12.95013 -3.14361
v -5.27970 12.88446 -2.94252
v -5.43976 12.77650 -2.81230
v -5.63080 12.64764 -2.77874
v -5.81500 12.52340 -2.84849
v -5.95587 12.42838 -3.00773
v -6.02550 12.38141 -3.22493
v -6.01011 12.39179 -3.45706
v -5.91275 12.45746 -3.65815
v -5.75270 12.56542 -3.78837
v -5.56165 12.69428 -3.82193
v -5.37746 12.81852 -3.75218
v -5.49129 12.93523 -3.45869
v -5.45361 12.96065 -3.34114
v -5.46194 12.95503 -3.21552
v -5.51463 12.91949 -3.10669
v -5.60125 12.86107 -3.03621
v -5.70464 12.79133 -3.01805
v -5.80433 12.72409 -3.05580
v -5.88056 12.67266 -3.14198
v -5.91825 12.64724 -3.25952
v -5.90992 12.65286 -3.38515
v -5.85723 12.68840 -3.49398
v -5.77061 12.74683 -3.56446
v -5.66722 12.81657 -3.58262
v -5.56753 12.88381 -3.54487
v -5.71743 12.85065 -3.30033
v -4.27183 12.04051 -4.09839
v -4.10869 12.21850 -4.25675
v -4.07100 12.24392 -4.13920
v -4.07933 12.23830 -4.01358
v -4.13202 12.20276 -3.90475
v -4.21864 12.14433 -3.83427
v -4.32204 12.07459 -3.81611
v -4.42172 12.00735 -3.85386
v -4.49796 11.95593 -3.94004
v -4.53565 11.93051 -4.05758
v -4.52732 11.93613 -4.18321
v -4.47463 11.97167 -4.29204
v -4.38801 12.03010 -4.36252
v -4.28461 12.09983 -4.38068
v -4.18493 12.16707 -4.34293
v -4.03339 12.46278 -4.39100
v -3.96375 12.50975 -4.17380
v -3.97914 12.49937 -3.94167
v -4.07650 12.43370 -3.74058
v -4.23656 12.32574 -3.61036
v -4.42760 12.19688 -3.57680
v -4.61180 12.07264 -3.64655
v -4.75266 11.97762 -3.80579
v -4.82230 11.93065 -4.02299
v -4.80691 11.94103 -4.25512
v -4.70955 12.00670 -4.45621
v -4.54950 12.11466 -4.58643
v -4.35845 12.24352 -4.61999
v -4.17426 12.36776 -4.55024
v -4.05738 12.73617 -4.48070
v -3.96640 12.79754 -4.19692
v -3.98651 12.78398 -3.89362
v -4.11372 12.69818 -3.63089
v -4.32284 12.55713 -3.46075
v -4.57245 12.38876 -3.41690
v -4.81311 12.22643 -3.50803
v -4.99716 12.10229 -3.71609
v -5.08815 12.04092 -3.99987
v -5.06804 12.05448 -4.30316
v -4.94083 12.14028 -4.56590
v -4.73171 12.28134 -4.73604
v -4.48210 12.44970 -4.77989
v -4.24144 12.61203 -4.68876
v -4.17703 12.99706 -4.51220
v -4.07855 13.06349 -4.20504
v -4.10031 13.04881 -3.87675
v -4.23800 12.95593 -3.59237
v -4.46435 12.80326 -3.40821
v -4.73453 12.62102 -3.36075
v -4.99502 12.44532 -3.45939
v -5.19423 12.31094 -3.68459
v -5.29271 12.24452 -3.99175
v -5.27095 12.25920 -4.32004
v -5.13326 12.35207 -4.60442
v -4.90691 12.50475 -4.78858
v -4.63673 12.68698 -4.83604
v -4.37624 12.86269 -4.73740
v -4.37410 13.20572 -4.48070
v -4.28311 13.26709 -4.19692
v -4.30322 13.25353 -3.89362
v -4.43043 13.16772 -3.63089
v -4.63955 13.02667 -3.46075
v -4.88916 12.85830 -3.41690
v -5.12982 12.69597 -3.50803
v -5.31387 12.57183 -3.71609
v -5.40486 12.51046 -3.99987
v -5.38475 12.52402 -4.30316
v -5.25754 12.60983 -4.56590
v -5.04842 12.75088 -4.73604
v -4.79881 12.91924 -4.77989
v -4.55815 13.08157 -4.68876
v -4.61859 13.33038 -4.39100
v -4.54896 13.37735 -4.17380
v -4.56435 13.36697 -3.94167
v -4.66171 13.30130 -3.74058
v -4.82176 13.19334 -3.61036
v -5.01281 13.06448 -3.57680
v -5.19700 12.94024 -3.64655
v -5.33787 12.84522 -3.80579
v -5.40751 12.79825 -4.02299
v -5.39212 12.80863 -4.25512
v -5.29476 12.87431 -4.45621
v -5.13470 12.98226 -4.58643
v -4.94366 13.11112 -4.61999
v -4.75946 13.23537 -4.55024
v -4.87330 13.35207 -4.25675
v -4.83561 13.37749 -4.13920
v -4.84394 13.37188 -4.01358
v -4.89663 13.33634 -3.90475
v -4.98325 13.27791 -3.83427
v -5.08665 13.20817 -3.81611
v -5.18633 13.14093 -3.85386
v -5.26257 13.08951 -3.94004
v -5.30025 13.06409 -4.05758
v -5.29193 13.06971 -4.18321
v -5.23923 13.10525 -4.29204
v -5.15261 13.16367 -4.36252
v -5.04922 13.23341 -4.38068
v -4.94954 13.30065 -4.34293
v -5.09943 13.26749 -4.09839
v 8.51391 11.94143 -2.20665
v 8.41975 12.00494 2.19767
v 6.41436 13.35760 2.19954
v 4.54768 14.61669 1.29191
v 5.26229 14.13468 -2.52675
v 6.96818 12.98404 -2.55375
v 6.78041 9.37142 -2.20665
v 6.68625 9.43493 2.19767
v 4.68086 10.78758 2.19954
v 2.81418 12.04667 1.29191
v 3.52879 11.56466 -2.52675
v 5.23468 10.41402 -2.55375
v 3.95129 13.14932 1.51191
v 4.14344 13.39653 1.44380
v 4.33248 13.57121 1.25293
v 4.48095 13.63877 0.97713
v 4.55945 13.58582 0.67101
v 4.55243 13.42285 0.39520
v 4.46128 13.18215 0.20434
v 4.30406 12.91138 0.13622
v 4.11190 12.66417 0.20434
v 3.92287 12.48949 0.39520
v 3.77440 12.42193 0.67101
v 3.69590 12.47488 0.97713
v 3.70292 12.63785 1.25293
v 3.79406 12.87855 1.44380
v 3.27673 13.60431 1.26024
v 3.46889 13.85152 1.19212
v 3.65793 14.02620 1.00126
v 3.80640 14.09376 0.72545
v 3.88489 14.04081 0.41933
v 3.87788 13.87784 0.14353
v 3.78673 13.63714 -0.04734
v 3.62951 13.36637 -0.11545
v 3.43735 13.11916 -0.04734
v 3.24832 12.94448 0.14353
v 3.09985 12.87692 0.41933
v 3.02135 12.92987 0.72545
v 3.02837 13.09284 1.00126
v 3.11951 13.33354 1.19212
v 4.12767 13.03035 0.82407
v 3.45312 13.48534 0.57239
v 3.72505 12.43344 0.82407
v 3.94507 12.35114 0.97814
v 3.87090 12.40118 1.06199
v 3.77391 12.46660 1.09872
v 3.67331 12.53445 1.08105
v 3.58903 12.59130 1.01248
v 3.53776 12.62588 0.90659
v 3.52966 12.63135 0.78436
v 3.56633 12.60661 0.66999
v 3.64050 12.55658 0.58614
v 3.73749 12.49116 0.54941
v 3.83809 12.42331 0.56708
v 3.92237 12.36646 0.63565
v 3.97364 12.33188 0.74154
v 3.98174 12.32641 0.86377
v 4.19289 12.37225 1.10876
v 4.05584 12.46470 1.26370
v 3.87662 12.58558 1.33156
v 3.69074 12.71096 1.29891
v 3.53501 12.81600 1.17221
v 3.44028 12.87990 0.97656
v 3.42531 12.89000 0.75070
v 3.49306 12.84429 0.53937
v 3.63012 12.75185 0.38443
v 3.80934 12.63096 0.31657
v 3.99522 12.50558 0.34922
v 4.15095 12.40054 0.47592
v 4.24568 12.33665 0.67158
v 4.26065 12.32655 0.89744
v 4.43079 12.49354 1.19604
v 4.25171 12.61433 1.39848
v 4.01755 12.77228 1.48714
v 3.77468 12.93609 1.44448
v 3.57121 13.07333 1.27894
v 3.44744 13.15682 1.02330
v 3.42788 13.17001 0.72821
v 3.51641 13.11030 0.45210
v 3.69548 12.98951 0.24966
v 3.92964 12.83157 0.16099
v 4.17251 12.66776 0.20365
v 4.37598 12.53051 0.36919
v 4.49975 12.44703 0.62483
v 4.51931 12.43383 0.91993
v 4.62253 12.69656 1.22669
v 4.42870 12.82730 1.44580
v 4.17525 12.99826 1.54178
v 3.91237 13.17557 1.49560
v 3.69214 13.32412 1.31642
v 3.55817 13.41448 1.03972
v 3.53699 13.42877 0.72031
v 3.63281 13.36414 0.42145
v 3.82664 13.23340 0.20233
v 4.08010 13.06244 0.10636
v 4.34297 12.88513 0.15253
v 4.56321 12.73658 0.33172
v 4.69717 12.64621 0.60841
v 4.71835 12.63193 0.92783
v 4.73894 12.95040 1.19604
v 4.55986 13.07119 1.39848
v 4.32570 13.22913 1.48714
v 4.08283 13.39294 1.44448
v 3.87937 13.53019 1.27894
v 3.75559 13.61367 1.02330
v 3.73603 13.62686 0.72821
v 3.82456 13.56715 0.45210
v 4.00363 13.44637 0.24966
v 4.23779 13.28842 0.16099
v 4.48066 13.12461 0.20365
v 4.68413 12.98737 0.36919
v 4.80790 12.90388 0.62483
v 4.82746 12.89069 0.91993
v 4.76228 13.21640 1.10876
v 4.62522 13.30885 1.26370
v 4.44601 13.42974 1.33156
v 4.26012 13.55511 1.29891
v 4.10440 13.66015 1.17221
v 4.00967 13.72405 0.97656
v 3.99469 13.73415 0.75070
v 4.06245 13.68845 0.53937
v 4.19951 13.59600 0.38443
v 4.37873 13.47512 0.31657
v 4.56461 13.34974 0.34922
v 4.72033 13.24470 0.47592
v 4.81507 13.18080 0.67158
v 4.83004 13.17070 0.89744
v 4.68902 13.45409 0.97814
v 4.61484 13.50412 1.06199
v 4.51785 13.56954 1.09872
v 4.41725 13.63739 1.08105
v 4.33297 13.69424 1.01248
v 4.28170 13.72882 0.90659
v 4.27360 13.73429 0.78436
v 4.31027 13.70955 0.66999
v 4.38444 13.65952 0.58614
v 4.48144 13.59410 0.54941
v 4.58203 13.52625 0.56708
v 4.66631 13.46940 0.63565
v 4.71758 13.43482 0.74154
v 4.72568 13.42935 0.86377
v 4.53029 13.62726 0.82407
v 3.05050 12.88843 0.57239
v 3.27052 12.80614 0.72647
v 3.19635 12.85617 0.81032
v 3.09936 12.92159 0.84705
v 2.99876 12.98944 0.82938
v 2.91448 13.04629 0.76081
v 2.86321 13.08087 0.65492
v 2.85511 13.08634 0.53269
v 2.89178 13.06160 0.41832
v 2.96595 13.01157 0.33447
v 3.06294 12.94615 0.29774
v 3.16354 12.87830 0.31541
v 3.24782 12.82145 0.38398
v 3.29909 12.78687 0.48987
v 3.30719 12.78140 0.61210
v 3.51834 12.82724 0.85709
v 3.38128 12.91969 1.01203
v 3.20207 13.04057 1.07989
v 3.01619 13.16595 1.04724
v 2.86046 13.27099 0.92054
v 2.76573 13.33489 0.72488
v 2.75075 13.34499 0.49902
v 2.81851 13.29929 0.28770
v 2.95557 13.20684 0.13276
v 3.13479 13.08595 0.06490
v 3.32067 12.96057 0.09755
v 3.47640 12.85554 0.22425
v 3.57113 12.79164 0.41990
v 3.58610 12.78154 0.64576
v 3.75623 12.94854 0.94436
v 3.57716 13.06932 1.14680
v 3.34300 13.22727 1.23547
v 3.10013 13.39108 1.19281
v 2.89666 13.52832 1.02727
v 2.77289 13.61181 0.77163
v 2.75333 13.62500 0.47653
v 2.84186 13.56529 0.20042
v 3.02093 13.44450 -0.00202
v 3.25509 13.28656 -0.09068
v 3.49796 13.12275 -0.04802
v 3.70143 12.98550 0.11752
v 3.82520 12.90202 0.37316
v 3.84476 12.88882 0.66825
v 3.94798 13.15155 0.97501
v 3.75415 13.28229 1.19413
v 3.50070 13.45325 1.29010
v 3.23782 13.63056 1.24393
v 3.01759 13.77911 1.06474
v 2.88362 13.86947 0.78804
v 2.86244 13.88376 0.46863
v 2.95826 13.81913 0.16977
v 3.15209 13.68839 -0.04934
v 3.40555 13.51743 -0.14532
v 3.66842 13.34012 -0.09914
v 3.88865 13.19157 0.08004
v 4.02262 13.10120 0.35674
v 4.04380 13.08692 0.67615
v 4.06439 13.40539 0.94436
v 3.88531 13.52618 1.14680
v 3.65115 13.68412 1.23547
v 3.40828 13.84793 1.19281
v 3.20482 13.98518 1.02727
v 3.08104 14.06866 0.77163
v 3.06148 14.08185 0.47653
v 3.15001 14.02214 0.20042
v 3.32908 13.90136 -0.00202
v 3.56324 13.74341 -0.09068
v 3.80611 13.57960 -0.04802
v 4.00958 13.44236 0.11752
v 4.13335 13.35887 0.37316
v 4.15291 13.34568 0.66825
v 4.08773 13.67139 0.85709
v 3.95067 13.76384 1.01203
v 3.77146 13.88473 1.07989
v 3.58557 14.01010 1.04724
v 3.42985 14.11514 0.92054
v 3.33512 14.17904 0.72488
v 3.32014 14.18914 0.49902
v 3.38790 14.14344 0.28770
v 3.52496 14.05099 0.13276
v 3.70417 13.93011 0.06490
v 3.89006 13.80473 0.09755
v 4.04578 13.69969 0.22425
v 4.14052 13.63579 0.41990
v 4.15549 13.62569 0.64576
v 4.01447 13.90908 0.72647
v 3.94029 13.95911 0.81032
v 3.84330 14.02453 0.84705
v 3.74270 14.09238 0.82938
v 3.65842 14.14923 0.76081
v 3.60715 14.18381 0.65492
v 3.59905 14.18928 0.53269
v 3.63572 14.16454 0.41832
v 3.70989 14.11451 0.33447
v 3.80689 14.04909 0.29774
v 3.90748 13.98124 0.31541
v 3.99176 13.92439 0.38398
v 4.04303 13.88981 0.48987
v 4.05113 13.88434 0.61210
v 3.85574 14.08225 0.57239
v 3.24347 13.62675 1.24652
v 3.43892 13.87174 1.17976
v 3.63719 14.04019 0.99271
v 3.79899 14.09875 0.72240
v 3.89230 14.03581 0.42239
v 3.89862 13.86385 0.15208
v 3.81670 13.61692 -0.03498
v 3.66277 13.34393 -0.10174
v 3.46732 13.09894 -0.03498
v 3.26906 12.93049 0.15208
v 3.10725 12.87193 0.42239
v 3.01394 12.93487 0.72240
v 3.00763 13.10683 0.99271
v 3.08954 13.35376 1.17976
v 2.58237 14.07267 0.94738
v 2.77782 14.31765 0.88062
v 2.97609 14.48610 0.69357
v 3.13790 14.54466 0.42326
v 3.23120 14.48173 0.12325
v 3.23752 14.30977 -0.14706
v 3.15560 14.06284 -0.33411
v 3.00167 13.78984 -0.40087
v 2.80622 13.54486 -0.33411
v 2.60796 13.37641 -0.14706
v 2.44615 13.31785 0.12325
v 2.35285 13.38078 0.42326
v 2.34653 13.55274 0.69357
v 2.42844 13.79967 0.88062
v 3.45312 13.48534 0.57239
v 2.79202 13.93126 0.27326
v 3.05050 12.88843 0.57239
v 3.27052 12.80614 0.72647
v 3.19635 12.85617 0.81032
v 3.09936 12.92159 0.84705
v 2.99876 12.98944 0.82938
v 2.91448 13.04629 0.76081
v 2.86321 13.08087 0.65492
v 2.85511 13.08634 0.53269
v 2.89178 13.06160 0.41832
v 2.96595 13.01157 0.33447
v 3.06294 12.94615 0.29774
v 3.16354 12.87830 0.31541
v 3.24782 12.82145 0.38398
v 3.29909 12.78687 0.48987
v 3.30719 12.78140 0.61210
v 3.51834 12.82724 0.85709
v 3.38128 12.91969 1.01203
v 3.20207 13.04057 1.07989
v 3.01619 13.16595 1.04724
v 2.86046 13.27099 0.92054
v 2.76573 13.33489 0.72488
v 2.75075 13.34499 0.49902
v 2.81851 13.29929 0.28770
v 2.95557 13.20684 0.13276
v 3.13479 13.08595 0.06490
v 3.32067 12.96057 0.09755
v 3.47640 12.85554 0.22425
v 3.57113 12.79164 0.41990
v 3.58610 12.78154 0.64576
v 3.75623 12.94854 0.94436
v 3.57716 13.06932 1.14680
v 3.34300 13.22727 1.23547
v 3.10013 13.39108 1.19281
v 2.89666 13.52832 1.02727
v 2.77289 13.61181 0.77163
v 2.75333 13.62500 0.47653
v 2.84186 13.56529 0.20042
v 3.02093 13.44450 -0.00202
v 3.25509 13.28656 -0.09068
v 3.49796 13.12275 -0.04802
v 3.70143 12.98550 0.11752
v 3.82520 12.90202 0.37316
v 3.84476 12.88882 0.66825
v 3.94798 13.15155 0.97501
v 3.75415 13.28229 1.19413
v 3.50070 13.45325 1.29010
v 3.23782 13.63056 1.24393
v 3.01759 13.77911 1.06474
v 2.88362 13.86947 0.78804
v 2.86244 13.88376 0.46863
v 2.95826 13.81913 0.16977
v 3.15209 13.68839 -0.04934
v 3.40555 13.51743 -0.14532
v 3.66842 13.34012 -0.09914
v 3.88865 13.19157 0.08004
v 4.02262 13.10120 0.35674
v 4.04380 13.08692 0.67615
v 4.06439 13.40539 0.94436
v 3.88531 13.52618 1.14680
v 3.65115 13.68412 1.23547
v 3.40828 13.84793 1.19281
v 3.20482 13.98518 1.02727
v 3.08104 14.06866 0.77163
v 3.06148 14.08185 0.47653
v 3.15001 14.02214 0.20042
v 3.32908 13.90136 -0.00202
v 3.56324 13.74341 -0.09068
v 3.80611 13.57960 -0.04802
v 4.00958 13.44236 0.11752
v 4.13335 13.35887 0.37316
v 4.15291 13.34568 0.66825
v 4.08773 13.67139 0.85709
v 3.95067 13.76384 1.01203
v 3.77146 13.88473 1.07989
v 3.58557 14.01010 1.04724
v 3.42985 14.11514 0.92054
v 3.33512 14.17904 0.72488
v 3.32014 14.18914 0.49902
v 3.38790 14.14344 0.28770
v 3.52496 14.05099 0.13276
v 3.70417 13.93011 0.06490
v 3.89006 13.80473 0.09755
v 4.04578 13.69969 0.22425
v 4.14052 13.63579 0.41990
v 4.15549 13.62569 0.64576
v 4.01447 13.90908 0.72647
v 3.94029 13.95911 0.81032
v 3.84330 14.02453 0.84705
v 3.74270 14.09238 0.82938
v 3.65842 14.14923 0.76081
v 3.60715 14.18381 0.65492
v 3.59905 14.18928 0.53269
v 3.63572 14.16454 0.41832
v 3.70989 14.11451 0.33447
v 3.80689 14.04909 0.29774
v 3.90748 13.98124 0.31541
v 3.99176 13.92439 0.38398
v 4.04303 13.88981 0.48987
v 4.05113 13.88434 0.61210
v 3.85574 14.08225 0.57239
v 2.38940 13.33435 0.27326
v 2.60943 13.25205 0.42733
v 2.53525 13.30208 0.51118
v 2.43826 13.36751 0.54791
v 2.33766 13.43536 0.53024
v 2.25338 13.49221 0.46167
v 2.20211 13.52679 0.35578
v 2.19401 13.53225 0.23355
v 2.23068 13.50752 0.11918
v 2.30485 13.45749 0.03533
v 2.40185 13.39207 -0.00140
v 2.50244 13.32421 0.01627
v 2.58672 13.26736 0.08484
v 2.63799 13.23278 0.19073
v 2.64609 13.22732 0.31296
v 2.85725 13.27316 0.55795
v 2.72019 13.36560 0.71289
v 2.54097 13.48649 0.78075
v 2.35509 13.61187 0.74810
v 2.19936 13.71691 0.62140
v 2.10463 13.78080 0.42574
v 2.08966 13.79090 0.19989
v 2.15741 13.74520 -0.01144
v 2.29447 13.65275 -0.16638
v 2.47369 13.53187 -0.23424
v 2.65957 13.40649 -0.20159
v 2.81530 13.30145 -0.07489
v 2.91003 13.23755 0.12077
v 2.92500 13.22746 0.34662
v 3.09514 13.39445 0.64523
v 2.91606 13.51524 0.84766
v 2.68190 13.67318 0.93633
v 2.43904 13.83700 0.89367
v 2.23557 13.97424 0.72813
v 2.11179 14.05772 0.47249
v 2.09223 14.07092 0.17739
v 2.18076 14.01121 -0.09872
v 2.35983 13.89042 -0.30115
v 2.59399 13.73248 -0.38982
v 2.83686 13.56866 -0.34716
v 3.04033 13.43142 -0.18162
v 3.16410 13.34793 0.07402
v 3.18366 13.33474 0.36912
v 3.28688 13.59747 0.67587
v 3.09305 13.72821 0.89499
v 2.83960 13.89917 0.99096
v 2.57672 14.07648 0.94479
v 2.35649 14.22503 0.76561
v 2.22252 14.31539 0.48891
v 2.20135 14.32967 0.16950
v 2.29716 14.26504 -0.12936
v 2.49100 14.13430 -0.34848
v 2.74445 13.96335 -0.44445
v 3.00732 13.78603 -0.39828
v 3.22756 13.63748 -0.21910
v 3.36153 13.54712 0.05760
v 3.38270 13.53284 0.37701
v 3.40329 13.85130 0.64523
v 3.22421 13.97209 0.84766
v 2.99005 14.13004 0.93633
v 2.74719 14.29385 0.89367
v 2.54372 14.43109 0.72813
v 2.41995 14.51458 0.47249
v 2.40038 14.52777 0.17739
v 2.48891 14.46806 -0.09872
v 2.66799 14.34727 -0.30115
v 2.90215 14.18933 -0.38982
v 3.14501 14.02551 -0.34716
v 3.34848 13.88827 -0.18162
v 3.47225 13.80479 0.07402
v 3.49181 13.79159 0.36912
v 3.42664 14.11731 0.55795
v 3.28958 14.20976 0.71289
v 3.11036 14.33064 0.78075
v 2.92448 14.45602 0.74810
v 2.76875 14.56106 0.62140
v 2.67402 14.62496 0.42574
v 2.65905 14.63506 0.19989
v 2.72680 14.58936 -0.01144
v 2.86386 14.49691 -0.16638
v 3.04308 14.37602 -0.23424
v 3.22896 14.25064 -0.20159
v 3.38469 14.14560 -0.07489
v 3.47942 14.08171 0.12077
v 3.49439 14.07161 0.34662
v 3.35337 14.35499 0.42733
v 3.27919 14.40502 0.51118
v 3.18220 14.47045 0.54791
v 3.08160 14.53830 0.53024
v 2.99732 14.59515 0.46167
v 2.94605 14.62973 0.35578
v 2.93795 14.63519 0.23355
v 2.97462 14.61046 0.11918
v 3.04880 14.56043 0.03533
v 3.14579 14.49501 -0.00140
v 3.24639 14.42715 0.01627
v 3.33067 14.37030 0.08484
v 3.38193 14.33572 0.19073
v 3.39004 14.33026 0.31296
v 3.19464 14.52816 0.27326
v 2.54983 14.09461 0.93133
v 2.74851 14.33742 0.86616
v 2.95580 14.49979 0.68356
v 3.13066 14.54955 0.41969
v 3.23844 14.47685 0.12682
v 3.25781 14.29608 -0.13705
v 3.18492 14.04306 -0.31965
v 3.03421 13.76790 -0.38482
v 2.83554 13.52509 -0.31965
v 2.62825 13.36272 -0.13705
v 2.45339 13.31296 0.12682
v 2.34561 13.38566 0.41969
v 2.32624 13.56643 0.68356
v 2.39913 13.81945 0.86616
v 1.90448 14.52991 0.58576
v 2.10316 14.77272 0.52059
v 2.31045 14.93508 0.33799
v 2.48530 14.98484 0.07413
v 2.59309 14.91214 -0.21874
v 2.61245 14.73138 -0.48261
v 2.53957 14.47836 -0.66521
v 2.38886 14.20319 -0.73038
v 2.19019 13.96038 -0.66521
v 1.98289 13.79802 -0.48261
v 1.80804 13.74826 -0.21874
v 1.70026 13.82096 0.07413
v 1.68089 14.00172 0.33799
v 1.75378 14.25474 0.52059
v 2.79202 13.93126 0.27326
v 2.14667 14.36655 -0.07231
v 2.38940 13.33435 0.27326
v 2.60943 13.25205 0.42733
v 2.53525 13.30208 0.51118
v 2.43826 13.36751 0.54791
v 2.33766 13.43536 0.53024
v 2.25338 13.49221 0.46167
v 2.20211 13.52679 0.35578
v 2.19401 13.53225 0.23355
v 2.23068 13.50752 0.11918
v 2.30485 13.45749 0.03533
v 2.40185 13.39207 -0.00140
v 2.50244 13.32421 0.01627
v 2.58672 13.26736 0.08484
v 2.63799 13.23278 0.19073
v 2.64609 13.22732 0.31296
v 2.85725 13.27316 0.55795
v 2.72019 13.36560 0.71289
v 2.54097 13.48649 0.78075
v 2.35509 13.61187 0.74810
v 2.19936 13.71691 0.62140
v 2.10463 13.78080 0.42574
v 2.08966 13.79090 0.19989
v 2.15741 13.74520 -0.01144
v 2.29447 13.65275 -0.16638
v 2.47369 13.53187 -0.23424
v 2.65957 13.40649 -0.20159
v 2.81530 13.30145 -0.07489
v 2.91003 13.23755 0.12077
v 2.92500 13.22746 0.34662
v 3.09514 13.39445 0.64523
v 2.91606 13.51524 0.84766
v 2.68190 13.67318 0.93633
v 2.43904 13.83700 0.89367
v 2.23557 13.97424 0.72813
v 2.11179 14.05772 0.47249
v 2.09223 14.07092 0.17739
v 2.18076 14.01121 -0.09872
v 2.35983 13.89042 -0.30115
v 2.59399 13.73248 -0.38982
v 2.83686 13.56866 -0.34716
v 3.04033 13.43142 -0.18162
v 3.16410 13.34793 0.07402
v 3.18366 13.33474 0.36912
v 3.28688 13.59747 0.67587
v 3.09305 13.72821 0.89499
v 2.83960 13.89917 0.99096
v 2.57672 14.07648 0.94479
v 2.35649 14.22503 0.76561
v 2.22252 14.31539 0.48891
v 2.20135 14.32967 0.16950
v 2.29716 14.26504 -0.12936
v 2.49100 14.13430 -0.34848
v 2.74445 13.96335 -0.44445
v 3.00732 13.78603 -0.39828
v 3.22756 13.63748 -0.21910
v 3.36153 13.54712 0.05760
v 3.38270 13.53284 0.37701
v 3.40329 13.85130 0.64523
v 3.22421 13.97209 0.84766
v 2.99005 14.13004 0.93633
v 2.74719 14.29385 0.89367
v 2.54372 14.43109 0.72813
v 2.41995 14.51458 0.47249
v 2.40038 14.52777 0.17739
v 2.48891 14.46806 -0.09872
v 2.66799 14.34727 -0.30115
v 2.90215 14.18933 -0.38982
v 3.14501 14.02551 -0.34716
v 3.34848 13.88827 -0.18162
v 3.47225 13.80479 0.07402
v 3.49181 13.79159 0.36912
v 3.42664 14.11731 0.55795
v 3.28958 14.20976 0.71289
v 3.11036 14.33064 0.78075
v 2.92448 14.45602 0.74810
v 2.76875 14.56106 0.62140
v 2.67402 14.62496 0.42574
v 2.65905 14.63506 0.19989
v 2.72680 14.58936 -0.01144
v 2.86386 14.49691 -0.16638
v 3.04308 14.37602 -0.23424
v 3.22896 14.25064 -0.20159
v 3.38469 14.14560 -0.07489
v 3.47942 14.08171 0.12077
v 3.49439 14.07161 0.34662
v 3.35337 14.35499 0.42733
v 3.27919 14.40502 0.51118
v 3.18220 14.47045 0.54791
v 3.08160 14.53830 0.53024
v 2.99732 14.59515 0.46167
v 2.94605 14.62973 0.35578
v 2.93795 14.63519 0.23355
v 2.97462 14.61046 0.11918
v 3.04880 14.56043 0.03533
v 3.14579 14.49501 -0.00140
v 3.24639 14.42715 0.01627
v 3.33067 14.37030 0.08484
v 3.38193 14.33572 0.19073
v 3.39004 14.33026 0.31296
v 3.19464 14.52816 0.27326
v 1.74405 13.76964 -0.07231
v 1.96407 13.68735 0.08177
v 1.88990 13.73738 0.16562
v 1.79291 13.80280 0.20235
v 1.69231 13.87065 0.18468
v 1.60803 13.92750 0.11611
v 1.55676 13.96208 0.01022
v 1.54866 13.96755 -0.11202
v 1.58533 13.94281 -0.22638
v 1.65950 13.89278 -0.31024
v 1.75649 13.82736 -0.34696
v 1.85709 13.75951 -0.32929
v 1.94137 13.70266 -0.26072
v 1.99264 13.66808 -0.15484
v 2.00074 13.66261 -0.03260
v 2.21190 13.70845 0.21239
v 2.07484 13.80090 0.36732
v 1.89562 13.92178 0.43519
v 1.70974 14.04716 0.40254
v 1.55401 14.15220 0.27584
v 1.45928 14.21610 0.08018
v 1.44431 14.22620 -0.14568
v 1.51206 14.18050 -0.35700
v 1.64912 14.08805 -0.51194
v 1.82834 13.96716 -0.57981
v 2.01422 13.84179 -0.54715
v 2.16995 13.73675 -0.42045
v 2.26468 13.67285 -0.22480
v 2.27965 13.66275 0.00106
v 2.44979 13.82975 0.29966
v 2.27071 13.95053 0.50210
v 2.03655 14.10848 0.59077
v 1.79368 14.27229 0.54811
v 1.59022 14.40953 0.38256
v 1.46644 14.49302 0.12693
v 1.44688 14.50621 -0.16817
v 1.53541 14.44650 -0.44428
v 1.71448 14.32571 -0.64672
v 1.94864 14.16777 -0.73539
v 2.19151 14.00396 -0.69272
v 2.39498 13.86671 -0.52718
v 2.51875 13.78323 -0.27155
v 2.53831 13.77004 0.02355
v 2.64153 14.03276 0.33031
v 2.44770 14.16350 0.54943
v 2.19425 14.33446 0.64540
v 1.93137 14.51177 0.59922
v 1.71114 14.66032 0.42004
v 1.57717 14.75069 0.14334
v 1.55600 14.76497 -0.17607
v 1.65181 14.70034 -0.47493
v 1.84564 14.56960 -0.69404
v 2.09910 14.39864 -0.79002
v 2.36197 14.22133 -0.74384
v 2.58221 14.07278 -0.56466
v 2.71618 13.98242 -0.28796
v 2.73735 13.96813 0.03145
v 2.75794 14.28660 0.29966
v 2.57886 14.40739 0.50210
v 2.34470 14.56533 0.59077
v 2.10184 14.72914 0.54811
v 1.89837 14.86639 0.38256
v 1.77459 14.94987 0.12693
v 1.75503 14.96307 -0.16817
v 1.84356 14.90336 -0.44428
v 2.02263 14.78257 -0.64672
v 2.25679 14.62462 -0.73539
v 2.49966 14.46081 -0.69272
v 2.70313 14.32357 -0.52718
v 2.82690 14.24008 -0.27155
v 2.84646 14.22689 0.02355
v 2.78128 14.55260 0.21239
v 2.64423 14.64505 0.36732
v 2.46501 14.76594 0.43519
v 2.27913 14.89132 0.40254
v 2.12340 14.99636 0.27584
v 2.02867 15.06025 0.08018
v 2.01370 15.07035 -0.14568
v 2.08145 15.02465 -0.35700
v 2.21851 14.93220 -0.51194
v 2.39773 14.81132 -0.57981
v 2.58361 14.68594 -0.54715
v 2.73934 14.58090 -0.42045
v 2.83407 14.51700 -0.22480
v 2.84904 14.50690 0.00106
v 2.70802 14.79029 0.08177
v 2.63384 14.84032 0.16562
v 2.53685 14.90574 0.20235
v 2.43625 14.97359 0.18468
v 2.35197 15.03044 0.11611
v 2.30070 15.06502 0.01022
v 2.29260 15.07049 -0.11202
v 2.32927 15.04576 -0.22638
v 2.40345 14.99572 -0.31024
v 2.50044 14.93030 -0.34696
v 2.60104 14.86245 -0.32929
v 2.68531 14.80560 -0.26072
v 2.73658 14.77102 -0.15484
v 2.74469 14.76555 -0.03260
v 2.54929 14.96346 -0.07231
v 1.87279 14.55129 0.56742
v 2.07460 14.79198 0.50407
v 2.29069 14.94841 0.32656
v 2.47825 14.98960 0.07004
v 2.60014 14.90738 -0.21466
v 2.63222 14.71805 -0.47118
v 2.56813 14.45909 -0.64869
v 2.42056 14.18181 -0.71204
v 2.21875 13.94112 -0.64869
v 2.00266 13.78469 -0.47118
v 1.81509 13.74350 -0.21466
v 1.69320 13.82572 0.07004
v 1.66113 14.01505 0.32656
v 1.72522 14.27401 0.50407
v 1.24542 14.97445 0.17663
v 1.44723 15.21515 0.11328
v 1.66332 15.37158 -0.06423
v 1.85088 15.41276 -0.32075
v 1.97278 15.33055 -0.60545
v 2.00485 15.14121 -0.86197
v 1.94076 14.88226 -1.03948
v 1.79319 14.60498 -1.10283
v 1.59138 14.36428 -1.03948
v 1.37529 14.20785 -0.86197
v 1.18773 14.16666 -0.60545
v 1.06584 14.24888 -0.32075
v 1.03376 14.43822 -0.06423
v 1.09785 14.69717 0.11328
v 2.14667 14.36655 -0.07231
v 1.51931 14.78971 -0.46310
v 1.74405 13.76964 -0.07231
v 1.96407 13.68735 0.08177
v 1.88990 13.73738 0.16562
v 1.79291 13.80280 0.20235
v 1.69231 13.87065 0.18468
v 1.60803 13.92750 0.11611
v 1.55676 13.96208 0.01022
v 1.54866 13.96755 -0.11202
v 1.58533 13.94281 -0.22638
v 1.65950 13.89278 -0.31024
v 1.75649 13.82736 -0.34696
v 1.85709 13.75951 -0.32929
v 1.94137 13.70266 -0.26072
v 1.99264 13.66808 -0.15484
v 2.00074 13.66261 -0.03260
v 2.21190 13.70845 0.21239
v 2.07484 13.80090 0.36732
v 1.89562 13.92178 0.43519
v 1.70974 14.04716 0.40254
v 1.55401 14.15220 0.27584
v 1.45928 14.21610 0.08018
v 1.44431 14.22620 -0.14568
v 1.51206 14.18050 -0.35700
v 1.64912 14.08805 -0.51194
v 1.82834 13.96716 -0.57981
v 2.01422 13.84179 -0.54715
v 2.16995 13.73675 -0.42045
v 2.26468 13.67285 -0.22480
v 2.27965 13.66275 0.00106
v 2.44979 13.82975 0.29966
v 2.27071 13.95053 0.50210
v 2.03655 14.10848 0.59077
v 1.79368 14.27229 0.54811
v 1.59022 14.40953 0.38256
v 1.46644 14.49302 0.12693
v 1.44688 14.50621 -0.16817
v 1.53541 14.44650 -0.44428
v 1.71448 14.32571 -0.64672
v 1.94864 14.16777 -0.73539
v 2.19151 14.00396 -0.69272
v 2.39498 13.86671 -0.52718
v 2.51875 13.78323 -0.27155
v 2.53831 13.77004 0.02355
v 2.64153 14.03276 0.33031
v 2.44770 14.16350 0.54943
v 2.19425 14.33446 0.64540
v 1.93137 14.51177 0.59922
v 1.71114 14.66032 0.42004
v 1.57717 14.75069 0.14334
v 1.55600 14.76497 -0.17607
v 1.65181 14.70034 -0.47493
v 1.84564 14.56960 -0.69404
v 2.09910 14.39864 -0.79002
v 2.36197 14.22133 -0.74384
v 2.58221 14.07278 -0.56466
v 2.71618 13.98242 -0.28796
v 2.73735 13.96813 0.03145
v 2.75794 14.28660 0.29966
v 2.57886 14.40739 0.50210
v 2.34470 14.56533 0.59077
v 2.10184 14.72914 0.54811
v 1.89837 14.86639 0.38256
v 1.77459 14.94987 0.12693
v 1.75503 14.96307 -0.16817
v 1.84356 14.90336 -0.44428
v 2.02263 14.78257 -0.64672
v 2.25679 14.62462 -0.73539
v 2.49966 14.46081 -0.69272
v 2.70313 14.32357 -0.52718
v 2.82690 14.24008 -0.27155
v 2.84646 14.22689 0.02355
v 2.78128 14.55260 0.21239
v 2.64423 14.64505 0.36732
v 2.46501 14.76594 0.43519
v 2.27913 14.89132 0.40254
v 2.12340 14.99636 0.27584
v 2.02867 15.06025 0.08018
v 2.01370 15.07035 -0.14568
v 2.08145 15.02465 -0.35700
v 2.21851 14.93220 -0.51194
v 2.39773 14.81132 -0.57981
v 2.58361 14.68594 -0.54715
v 2.73934 14.58090 -0.42045
v 2.83407 14.51700 -0.22480
v 2.84904 14.50690 0.00106
v 2.70802 14.79029 0.08177
v 2.63384 14.84032 0.16562
v 2.53685 14.90574 0.20235
v 2.43625 14.97359 0.18468
v 2.35197 15.03044 0.11611
v 2.30070 15.06502 0.01022
v 2.29260 15.07049 -0.11202
v 2.32927 15.04576 -0.22638
v 2.40345 14.99572 -0.31024
v 2.50044 14.93030 -0.34696
v 2.60104 14.86245 -0.32929
v 2.68531 14.80560 -0.26072
v 2.73658 14.77102 -0.15484
v 2.74469 14.76555 -0.03260
v 2.54929 14.96346 -0.07231
v 1.11669 14.19281 -0.46310
v 1.33671 14.11051 -0.30903
v 1.26253 14.16054 -0.22517
v 1.16554 14.22596 -0.18845
v 1.06494 14.29382 -0.20612
v 0.98066 14.35067 -0.27469
v 0.92939 14.38525 -0.38057
v 0.92129 14.39071 -0.50281
v 0.95796 14.36598 -0.61718
v 1.03214 14.31595 -0.70103
v 1.12913 14.25052 -0.73776
v 1.22973 14.18267 -0.72009
v 1.31401 14.12582 -0.65152
v 1.36527 14.09124 -0.54563
v 1.37338 14.08578 -0.42339
v 1.58453 14.13161 -0.17841
v 1.44747 14.22406 -0.02347
v 1.26825 14.34495 0.04440
v 1.08237 14.47033 0.01174
v 0.92664 14.57536 -0.11496
v 0.83191 14.63926 -0.31061
v 0.81694 14.64936 -0.53647
v 0.88469 14.60366 -0.74780
v 1.02175 14.51121 -0.90273
v 1.20097 14.39033 -0.97060
v 1.38685 14.26495 -0.93795
v 1.54258 14.15991 -0.81125
v 1.63731 14.09601 -0.61559
v 1.65228 14.08591 -0.38973
v 1.82242 14.25291 -0.09113
v 1.64334 14.37370 0.11131
v 1.40918 14.53164 0.19998
v 1.16632 14.69546 0.15731
v 0.96285 14.83270 -0.00823
v 0.83908 14.91618 -0.26386
v 0.81952 14.92938 -0.55896
v 0.90804 14.86967 -0.83507
v 1.08712 14.74888 -1.03751
v 1.32128 14.59093 -1.12618
v 1.56414 14.42712 -1.08352
v 1.76761 14.28988 -0.91797
v 1.89138 14.20639 -0.66234
v 1.91094 14.19320 -0.36724
v 2.01416 14.45593 -0.06048
v 1.82033 14.58667 0.15863
v 1.56688 14.75762 0.25461
v 1.30400 14.93494 0.20843
v 1.08377 15.08349 0.02925
v 0.94980 15.17385 -0.24745
v 0.92863 15.18813 -0.56686
v 1.02445 15.12350 -0.86572
v 1.21828 14.99276 -1.08484
v 1.47173 14.82180 -1.18081
v 1.73461 14.64449 -1.13463
v 1.95484 14.49594 -0.95545
v 2.08881 14.40558 -0.67875
v 2.10998 14.39130 -0.35934
v 2.13057 14.70976 -0.09113
v 1.95149 14.83055 0.11131
v 1.71733 14.98849 0.19998
v 1.47447 15.15231 0.15731
v 1.27100 15.28955 -0.00823
v 1.14723 15.37304 -0.26386
v 1.12767 15.38623 -0.55896
v 1.21619 15.32652 -0.83507
v 1.39527 15.20573 -1.03751
v 1.62943 15.04779 -1.12618
v 1.87229 14.88397 -1.08352
v 2.07576 14.74673 -0.91797
v 2.19953 14.66325 -0.66234
v 2.21910 14.65005 -0.36724
v 2.15392 14.97577 -0.17841
v 2.01686 15.06822 -0.02347
v 1.83764 15.18910 0.04440
v 1.65176 15.31448 0.01174
v 1.49603 15.41952 -0.11496
v 1.40130 15.48342 -0.31061
v 1.38633 15.49351 -0.53647
v 1.45408 15.44781 -0.74780
v 1.59114 15.35537 -0.90273
v 1.77036 15.23448 -0.97060
v 1.95624 15.10910 -0.93795
v 2.11197 15.00406 -0.81125
v 2.20670 14.94017 -0.61559
v 2.22167 14.93007 -0.38973
v 2.08065 15.21345 -0.30903
v 2.00648 15.26348 -0.22517
v 1.90948 15.32890 -0.18845
v 1.80888 15.39676 -0.20612
v 1.72461 15.45361 -0.27469
v 1.67334 15.48819 -0.38057
v 1.66524 15.49365 -0.50281
v 1.70190 15.46892 -0.61718
v 1.77608 15.41889 -0.70103
v 1.87307 15.35346 -0.73776
v 1.97367 15.28561 -0.72009
v 2.05795 15.22876 -0.65152
v 2.10922 15.19418 -0.54563
v 2.11732 15.18872 -0.42339
v 1.92192 15.38662 -0.46310
v 4.04724 13.08460 0.20292
v 4.22942 13.31760 0.13885
v 4.40990 13.48126 -0.04066
v 4.55295 13.54316 -0.30007
v 4.63022 13.49104 -0.58798
v 4.62641 13.33523 -0.84739
v 4.54228 13.10658 -1.02690
v 4.39449 12.85038 -1.09097
v 4.21231 12.61738 -1.02690
v 4.03182 12.45372 -0.84739
v 3.88878 12.39182 -0.58798
v 3.81151 12.44394 -0.30007
v 3.81532 12.59975 -0.04066
v 3.89945 12.82840 0.13885
v 3.52444 13.43723 -0.00121
v 3.70662 13.67023 -0.06528
v 3.88711 13.83389 -0.24480
v 4.03015 13.89579 -0.50420
v 4.10742 13.84367 -0.79212
v 4.10361 13.68786 -1.05153
v 4.01948 13.45921 -1.23104
v 3.87169 13.20301 -1.29511
v 3.68951 12.97001 -1.23104
v 3.50903 12.80635 -1.05153
v 3.36598 12.74445 -0.79212
v 3.28871 12.79657 -0.50420
v 3.29252 12.95238 -0.24480
v 3.37665 13.18103 -0.06528
v 4.22086 12.96749 -0.44402
v 3.69807 13.32012 -0.64816
v 3.84061 12.40374 -0.44402
v 4.04841 12.32602 -0.29851
v 3.97836 12.37327 -0.21932
v 3.88675 12.43506 -0.18463
v 3.79174 12.49914 -0.20132
v 3.71215 12.55283 -0.26608
v 3.66373 12.58549 -0.36608
v 3.65607 12.59065 -0.48153
v 3.69070 12.56730 -0.58954
v 3.76076 12.52004 -0.66873
v 3.85236 12.45826 -0.70342
v 3.94737 12.39417 -0.68673
v 4.02697 12.34048 -0.62197
v 4.07539 12.30782 -0.52197
v 4.08304 12.30266 -0.40652
v 4.28246 12.34595 -0.17515
v 4.15302 12.43326 -0.02882
v 3.98376 12.54743 0.03528
v 3.80820 12.66584 0.00444
v 3.66113 12.76505 -0.11522
v 3.57166 12.82540 -0.30001
v 3.55752 12.83493 -0.51332
v 3.62151 12.79177 -0.71290
v 3.75095 12.70446 -0.85923
v 3.92021 12.59029 -0.92333
v 4.09577 12.47188 -0.89249
v 4.24285 12.37267 -0.77283
v 4.33231 12.31233 -0.58804
v 4.34645 12.30279 -0.37473
v 4.50714 12.46051 -0.09272
v 4.33801 12.57459 0.09847
v 4.11686 12.72375 0.18221
v 3.88749 12.87847 0.14192
v 3.69532 13.00809 -0.01442
v 3.57843 13.08693 -0.25586
v 3.55995 13.09939 -0.53456
v 3.64356 13.04300 -0.79533
v 3.81269 12.92892 -0.98652
v 4.03384 12.77975 -1.07026
v 4.26321 12.62504 -1.02997
v 4.45537 12.49542 -0.87363
v 4.57227 12.41658 -0.63219
v 4.59074 12.40412 -0.35349
v 4.68823 12.65225 -0.06377
v 4.50517 12.77572 0.14317
v 4.26580 12.93718 0.23381
v 4.01752 13.10464 0.19020
v 3.80953 13.24494 0.02097
v 3.68300 13.33028 -0.24035
v 3.66300 13.34377 -0.54202
v 3.75350 13.28273 -0.82428
v 3.93656 13.15926 -1.03122
v 4.17593 12.99780 -1.12186
v 4.42420 12.83034 -1.07825
v 4.63220 12.69004 -0.90902
v 4.75873 12.60470 -0.64770
v 4.77872 12.59121 -0.34603
v 4.79817 12.89198 -0.09272
v 4.62904 13.00606 0.09847
v 4.40789 13.15523 0.18221
v 4.17852 13.30994 0.14192
v 3.98635 13.43956 -0.01442
v 3.86946 13.51840 -0.25586
v 3.85098 13.53087 -0.53456
v 3.93459 13.47447 -0.79533
v 4.10372 13.36039 -0.98652
v 4.32487 13.21123 -1.07026
v 4.55424 13.05651 -1.02997
v 4.74641 12.92690 -0.87363
v 4.86330 12.84805 -0.63219
v 4.88178 12.83559 -0.35349
v 4.82022 13.14321 -0.17515
v 4.69078 13.23052 -0.02882
v 4.52151 13.34469 0.03528
v 4.34596 13.46310 0.00444
v 4.19888 13.56231 -0.11522
v 4.10941 13.62265 -0.30001
v 4.09527 13.63219 -0.51332
v 4.15926 13.58903 -0.71290
v 4.28871 13.50172 -0.85923
v 4.45797 13.38755 -0.92333
v 4.63353 13.26914 -0.89249
v 4.78060 13.16993 -0.77283
v 4.87007 13.10958 -0.58804
v 4.88421 13.10005 -0.37473
v 4.75102 13.36769 -0.29851
v 4.68097 13.41494 -0.21932
v 4.58936 13.47673 -0.18463
v 4.49436 13.54081 -0.20132
v 4.41476 13.59450 -0.26608
v 4.36634 13.62716 -0.36608
v 4.35869 13.63232 -0.48153
v 4.39332 13.60896 -0.58954
v 4.46337 13.56171 -0.66873
v 4.55498 13.49992 -0.70342
v 4.64998 13.43584 -0.68673
v 4.72958 13.38215 -0.62197
v 4.77800 13.34949 -0.52197
v 4.78565 13.34433 -0.40652
v 4.60112 13.53124 -0.44402
v 3.31782 12.75638 -0.64816
v 3.52561 12.67865 -0.50265
v 3.45556 12.72590 -0.42345
v 3.36395 12.78769 -0.38876
v 3.26895 12.85178 -0.40545
v 3.18935 12.90546 -0.47021
v 3.14093 12.93812 -0.57022
v 3.13328 12.94329 -0.68566
v 3.16791 12.91993 -0.79368
v 3.23796 12.87267 -0.87287
v 3.32957 12.81089 -0.90756
v 3.42458 12.74680 -0.89087
v 3.50417 12.69311 -0.82611
v 3.55259 12.66045 -0.72610
v 3.56024 12.65529 -0.61066
v 3.75967 12.69858 -0.37928
v 3.63022 12.78589 -0.23295
v 3.46096 12.90006 -0.16886
v 3.28541 13.01848 -0.19970
v 3.13833 13.11768 -0.31936
v 3.04886 13.17803 -0.50414
v 3.03472 13.18756 -0.71745
v 3.09871 13.14440 -0.91704
v 3.22816 13.05709 -1.06337
v 3.39742 12.94292 -1.12746
v 3.57297 12.82451 -1.09663
v 3.72005 12.72531 -0.97696
v 3.80952 12.66496 -0.79218
v 3.82366 12.65542 -0.57887
v 3.98434 12.81314 -0.29686
v 3.81521 12.92722 -0.10566
v 3.59406 13.07639 -0.02192
v 3.36469 13.23110 -0.06221
v 3.17252 13.36072 -0.21856
v 3.05563 13.43956 -0.45999
v 3.03715 13.45202 -0.73870
v 3.12076 13.39563 -0.99947
v 3.28989 13.28155 -1.19066
v 3.51104 13.13239 -1.27440
v 3.74041 12.97767 -1.23411
v 3.93258 12.84805 -1.07776
v 4.04947 12.76921 -0.83633
v 4.06795 12.75675 -0.55763
v 4.16543 13.00488 -0.26791
v 3.98237 13.12836 -0.06097
v 3.74300 13.28981 0.02968
v 3.49473 13.45728 -0.01394
v 3.28673 13.59757 -0.18316
v 3.16020 13.68292 -0.44449
v 3.14021 13.69640 -0.74616
v 3.23070 13.63536 -1.02841
v 3.41376 13.51189 -1.23536
v 3.65313 13.35043 -1.32600
v 3.90141 13.18297 -1.28239
v 4.10940 13.04267 -1.11316
v 4.23593 12.95733 -0.85183
v 4.25593 12.94384 -0.55017
v 4.27537 13.24461 -0.29686
v 4.10624 13.35869 -0.10566
v 3.88509 13.50786 -0.02192
v 3.65572 13.66257 -0.06221
v 3.46356 13.79219 -0.21856
v 3.34666 13.87104 -0.45999
v 3.32819 13.88350 -0.73870
v 3.41179 13.82710 -0.99947
v 3.58092 13.71303 -1.19066
v 3.80207 13.56386 -1.27440
v 4.03144 13.40914 -1.23411
v 4.22361 13.27953 -1.07776
v 4.34050 13.20068 -0.83633
v 4.35898 13.18822 -0.55763
v 4.29742 13.49584 -0.37928
v 4.16798 13.58315 -0.23295
v 3.99872 13.69732 -0.16886
v 3.82316 13.81573 -0.19970
v 3.67609 13.91494 -0.31936
v 3.58662 13.97528 -0.50414
v 3.57248 13.98482 -0.71745
v 3.63647 13.94166 -0.91704
v 3.76591 13.85435 -1.06337
v 3.93517 13.74018 -1.12746
v 4.11073 13.62177 -1.09663
v 4.25780 13.52256 -0.97696
v 4.34727 13.46222 -0.79218
v 4.36141 13.45268 -0.57887
v 4.22823 13.72032 -0.50265
v 4.15817 13.76757 -0.42345
v 4.06657 13.82936 -0.38876
v 3.97156 13.89344 -0.40545
v 3.89196 13.94713 -0.47021
v 3.84354 13.97979 -0.57022
v 3.83589 13.98495 -0.68566
v 3.87052 13.96159 -0.79368
v 3.94057 13.91434 -0.87287
v 4.03218 13.85255 -0.90756
v 4.12719 13.78847 -0.89087
v 4.20678 13.73478 -0.82611
v 4.25520 13.70212 -0.72610
v 4.26286 13.69696 -0.61066
v 4.07832 13.88387 -0.64816
v 3.49776 13.45523 -0.01253
v 3.68258 13.68645 -0.07548
v 3.87047 13.84511 -0.25185
v 4.02421 13.89980 -0.50672
v 4.11336 13.83967 -0.78960
v 4.12025 13.67664 -1.04447
v 4.04352 13.44299 -1.22084
v 3.89837 13.18501 -1.28379
v 3.71355 12.95379 -1.22084
v 3.52566 12.79513 -1.04447
v 3.37192 12.74045 -0.78960
v 3.28278 12.80057 -0.50672
v 3.27589 12.96361 -0.25185
v 3.35261 13.19725 -0.07548
v 2.98411 13.80169 -0.24804
v 3.16893 14.03291 -0.31099
v 3.35682 14.19158 -0.48736
v 3.51056 14.24626 -0.74223
v 3.59971 14.18613 -1.02511
v 3.60660 14.02310 -1.27998
v 3.52987 13.78946 -1.45635
v 3.38472 13.53148 -1.51930
v 3.19990 13.30026 -1.45635
v 3.01201 13.14159 -1.27998
v 2.85827 13.08691 -1.02511
v 2.76913 13.14704 -0.74223
v 2.76224 13.31007 -0.48736
v 2.83896 13.54371 -0.31099
v 3.69807 13.32012 -0.64816
v 3.18442 13.66658 -0.88367
v 3.31782 12.75638 -0.64816
v 3.52561 12.67865 -0.50265
v 3.45556 12.72590 -0.42345
v 3.36395 12.78769 -0.38876
v 3.26895 12.85178 -0.40545
v 3.18935 12.90546 -0.47021
v 3.14093 12.93812 -0.57022
v 3.13328 12.94329 -0.68566
v 3.16791 12.91993 -0.79368
v 3.23796 12.87267 -0.87287
v 3.32957 12.81089 -0.90756
v 3.42458 12.74680 -0.89087
v 3.50417 12.69311 -0.82611
v 3.55259 12.66045 -0.72610
v 3.56024 12.65529 -0.61066
v 3.75967 12.69858 -0.37928
v 3.63022 12.78589 -0.23295
v 3.46096 12.90006 -0.16886
v 3.28541 13.01848 -0.19970
v 3.13833 13.11768 -0.31936
v 3.04886 13.17803 -0.50414
v 3.03472 13.18756 -0.71745
v 3.09871 13.14440 -0.91704
v 3.22816 13.05709 -1.06337
v 3.39742 12.94292 -1.12746
v 3.57297 12.82451 -1.09663
v 3.72005 12.72531 -0.97696
v 3.80952 12.66496 -0.79218
v 3.82366 12.65542 -0.57887
v 3.98434 12.81314 -0.29686
v 3.81521 12.92722 -0.10566
v 3.59406 13.07639 -0.02192
v 3.36469 13.23110 -0.06221
v 3.17252 13.36072 -0.21856
v 3.05563 13.43956 -0.45999
v 3.03715 13.45202 -0.73870
v 3.12076 13.39563 -0.99947
v 3.28989 13.28155 -1.19066
v 3.51104 13.13239 -1.27440
v 3.74041 12.97767 -1.23411
v 3.93258 12.84805 -1.07776
v 4.04947 12.76921 -0.83633
v 4.06795 12.75675 -0.55763
v 4.16543 13.00488 -0.26791
v 3.98237 13.12836 -0.06097
v 3.74300 13.28981 0.02968
v 3.49473 13.45728 -0.01394
v 3.28673 13.59757 -0.18316
v 3.16020 13.68292 -0.44449
v 3.14021 13.69640 -0.74616
v 3.23070 13.63536 -1.02841
v 3.41376 13.51189 -1.23536
v 3.65313 13.35043 -1.32600
v 3.90141 13.18297 -1.28239
v 4.10940 13.04267 -1.11316
v 4.23593 12.95733 -0.85183
v 4.25593 12.94384 -0.55017
v 4.27537 13.24461 -0.29686
v 4.10624 13.35869 -0.10566
v 3.88509 13.50786 -0.02192
v 3.65572 13.66257 -0.06221
v 3.46356 13.79219 -0.21856
v 3.34666 13.87104 -0.45999
v 3.32819 13.88350 -0.73870
v 3.41179 13.82710 -0.99947
v 3.58092 13.71303 -1.19066
v 3.80207 13.56386 -1.27440
v 4.03144 13.40914 -1.23411
v 4.22361 13.27953 -1.07776
v 4.34050 13.20068 -0.83633
v 4.35898 13.18822 -0.55763
v 4.29742 13.49584 -0.37928
v 4.16798 13.58315 -0.23295
v 3.99872 13.69732 -0.16886
v 3.82316 13.81573 -0.19970
v 3.67609 13.91494 -0.31936
v 3.58662 13.97528 -0.50414
v 3.57248 13.98482 -0.71745
v 3.63647 13.94166 -0.91704
v 3.76591 13.85435 -1.06337
v 3.93517 13.74018 -1.12746
v 4.11073 13.62177 -1.09663
v 4.25780 13.52256 -0.97696
v 4.34727 13.46222 -0.79218
v 4.36141 13.45268 -0.57887
v 4.22823 13.72032 -0.50265
v 4.15817 13.76757 -0.42345
v 4.06657 13.82936 -0.38876
v 3.97156 13.89344 -0.40545
v 3.89196 13.94713 -0.47021
v 3.84354 13.97979 -0.57022
v 3.83589 13.98495 -0.68566
v 3.87052 13.96159 -0.79368
v 3.94057 13.91434 -0.87287
v 4.03218 13.85255 -0.90756
v 4.12719 13.78847 -0.89087
v 4.20678 13.73478 -0.82611
v 4.25520 13.70212 -0.72610
v 4.26286 13.69696 -0.61066
v 4.07832 13.88387 -0.64816
v 2.80416 13.10284 -0.88367
v 3.01196 13.02511 -0.73815
v 2.94191 13.07237 -0.65896
v 2.85030 13.13415 -0.62427
v 2.75529 13.19824 -0.64096
v 2.67570 13.25193 -0.70572
v 2.62728 13.28459 -0.80573
v 2.61963 13.28975 -0.92117
v 2.65426 13.26639 -1.02919
v 2.72431 13.21914 -1.10838
v 2.81591 13.15735 -1.14307
v 2.91092 13.09326 -1.12638
v 2.99052 13.03957 -1.06162
v 3.03894 13.00692 -0.96161
v 3.04659 13.00175 -0.84617
v 3.24602 13.04505 -0.61479
v 3.11657 13.13236 -0.46846
v 2.94731 13.24653 -0.40437
v 2.77175 13.36494 -0.43521
v 2.62468 13.46414 -0.55487
v 2.53521 13.52449 -0.73965
v 2.52107 13.53403 -0.95296
v 2.58506 13.49087 -1.15255
v 2.71450 13.40355 -1.29888
v 2.88377 13.28939 -1.36297
v 3.05932 13.17097 -1.33214
v 3.20640 13.07177 -1.21247
v 3.29587 13.01142 -1.02769
v 3.31000 13.00188 -0.81438
v 3.47069 13.15960 -0.53236
v 3.30156 13.27368 -0.34117
v 3.08041 13.42285 -0.25743
v 2.85104 13.57756 -0.29772
v 2.65887 13.70718 -0.45407
v 2.54198 13.78603 -0.69550
v 2.52350 13.79849 -0.97421
v 2.60711 13.74209 -1.23498
v 2.77624 13.62802 -1.42617
v 2.99739 13.47885 -1.50991
v 3.22676 13.32413 -1.46962
v 3.41893 13.19452 -1.31327
v 3.53582 13.11567 -1.07184
v 3.55430 13.10321 -0.79314
v 3.65178 13.35134 -0.50342
v 3.46872 13.47482 -0.29648
v 3.22935 13.63628 -0.20583
v 2.98108 13.80374 -0.24945
v 2.77308 13.94403 -0.41867
v 2.64655 14.02938 -0.68000
v 2.62655 14.04287 -0.98166
v 2.71705 13.98183 -1.26392
v 2.90011 13.85835 -1.47087
v 3.13948 13.69689 -1.56151
v 3.38776 13.52943 -1.51790
v 3.59575 13.38913 -1.34867
v 3.72228 13.30379 -1.08734
v 3.74228 13.29030 -0.78568
v 3.76172 13.59107 -0.53236
v 3.59259 13.70515 -0.34117
v 3.37144 13.85432 -0.25743
v 3.14207 14.00903 -0.29772
v 2.94991 14.13865 -0.45407
v 2.83301 14.21750 -0.69550
v 2.81453 14.22996 -0.97421
v 2.89814 14.17357 -1.23498
v 3.06727 14.05949 -1.42617
v 3.28842 13.91032 -1.50991
v 3.51779 13.75561 -1.46962
v 3.70996 13.62599 -1.31327
v 3.82685 13.54714 -1.07184
v 3.84533 13.53468 -0.79314
v 3.78377 13.84230 -0.61479
v 3.65433 13.92961 -0.46846
v 3.48507 14.04378 -0.40437
v 3.30951 14.16219 -0.43521
v 3.16243 14.26140 -0.55487
v 3.07297 14.32175 -0.73965
v 3.05883 14.33128 -0.95296
v 3.12282 14.28812 -1.15255
v 3.25226 14.20081 -1.29888
v 3.42152 14.08664 -1.36297
v 3.59708 13.96823 -1.33214
v 3.74415 13.86902 -1.21247
v 3.83362 13.80868 -1.02769
v 3.84776 13.79914 -0.81438
v 3.71458 14.06678 -0.73815
v 3.64452 14.11403 -0.65896
v 3.55292 14.17582 -0.62427
v 3.45791 14.23990 -0.64096
v 3.37831 14.29359 -0.70572
v 3.32989 14.32625 -0.80573
v 3.32224 14.33141 -0.92117
v 3.35687 14.30805 -1.02919
v 3.42692 14.26080 -1.10838
v 3.51853 14.19901 -1.14307
v 3.61354 14.13493 -1.12638
v 3.69313 14.08124 -1.06162
v 3.74155 14.04858 -0.96161
v 3.74921 14.04342 -0.84617
v 3.56467 14.23033 -0.88367
v 2.95793 13.81935 -0.26096
v 3.14535 14.04882 -0.32263
v 3.34050 14.20259 -0.49542
v 3.50474 14.25019 -0.74510
v 3.60553 14.18220 -1.02224
v 3.62292 14.01209 -1.27192
v 3.55346 13.77355 -1.44471
v 3.41090 13.51382 -1.50638
v 3.22349 13.28435 -1.44471
v 3.02833 13.13058 -1.27192
v 2.86410 13.08298 -1.02224
v 2.76330 13.15097 -0.74510
v 2.74591 13.32108 -0.49542
v 2.81538 13.55962 -0.32263
v 2.45472 14.15877 -0.52725
v 2.64213 14.38824 -0.58892
v 2.83729 14.54201 -0.76171
v 3.00152 14.58961 -1.01139
v 3.10232 14.52162 -1.28853
v 3.11971 14.35151 -1.53821
v 3.05024 14.11297 -1.71100
v 2.90769 13.85324 -1.77267
v 2.72027 13.62377 -1.71100
v 2.52512 13.47000 -1.53821
v 2.36088 13.42240 -1.28853
v 2.26009 13.49039 -1.01139
v 2.24270 13.66050 -0.76171
v 2.31216 13.89904 -0.58892
v 3.18442 13.66658 -0.88367
v 2.68120 14.00600 -1.14996
v 2.80416 13.10284 -0.88367
v 3.01196 13.02511 -0.73815
v 2.94191 13.07237 -0.65896
v 2.85030 13.13415 -0.62427
v 2.75529 13.19824 -0.64096
v 2.67570 13.25193 -0.70572
v 2.62728 13.28459 -0.80573
v 2.61963 13.28975 -0.92117
v 2.65426 13.26639 -1.02919
v 2.72431 13.21914 -1.10838
v 2.81591 13.15735 -1.14307
v 2.91092 13.09326 -1.12638
v 2.99052 13.03957 -1.06162
v 3.03894 13.00692 -0.96161
v 3.04659 13.00175 -0.84617
v 3.24602 13.04505 -0.61479
v 3.11657 13.13236 -0.46846
v 2.94731 13.24653 -0.40437
v 2.77175 13.36494 -0.43521
v 2.62468 13.46414 -0.55487
v 2.53521 13.52449 -0.73965
v 2.52107 13.53403 -0.95296
v 2.58506 13.49087 -1.15255
v 2.71450 13.40355 -1.29888
v 2.88377 13.28939 -1.36297
v 3.05932 13.17097 -1.33214
v 3.20640 13.07177 -1.21247
v 3.29587 13.01142 -1.02769
v 3.31000 13.00188 -0.81438
v 3.47069 13.15960 -0.53236
v 3.30156 13.27368 -0.34117
v 3.08041 13.42285 -0.25743
v 2.85104 13.57756 -0.29772
v 2.65887 13.70718 -0.45407
v 2.54198 13.78603 -0.69550
v 2.52350 13.79849 -0.97421
v 2.60711 13.74209 -1.23498
v 2.77624 13.62802 -1.42617
v 2.99739 13.47885 -1.50991
v 3.22676 13.32413 -1.46962
v 3.41893 13.19452 -1.31327
v 3.53582 13.11567 -1.07184
v 3.55430 13.10321 -0.79314
v 3.65178 13.35134 -0.50342
v 3.46872 13.47482 -0.29648
v 3.22935 13.63628 -0.20583
v 2.98108 13.80374 -0.24945
v 2.77308 13.94403 -0.41867
v 2.64655 14.02938 -0.68000
v 2.62655 14.04287 -0.98166
v 2.71705 13.98183 -1.26392
v 2.90011 13.85835 -1.47087
v 3.13948 13.69689 -1.56151
v 3.38776 13.52943 -1.51790
v 3.59575 13.38913 -1.34867
v 3.72228 13.30379 -1.08734
v 3.74228 13.29030 -0.78568
v 3.76172 13.59107 -0.53236
v 3.59259 13.70515 -0.34117
v 3.37144 13.85432 -0.25743
v 3.14207 14.00903 -0.29772
v 2.94991 14.13865 -0.45407
v 2.83301 14.21750 -0.69550
v 2.81453 14.22996 -0.97421
v 2.89814 14.17357 -1.23498
v 3.06727 14.05949 -1.42617
v 3.28842 13.91032 -1.50991
v 3.51779 13.75561 -1.46962
v 3.70996 13.62599 -1.31327
v 3.82685 13.54714 -1.07184
v 3.84533 13.53468 -0.79314
v 3.78377 13.84230 -0.61479
v 3.65433 13.92961 -0.46846
v 3.48507 14.04378 -0.40437
v 3.30951 14.16219 -0.43521
v 3.16243 14.26140 -0.55487
v 3.07297 14.32175 -0.73965
v 3.05883 14.33128 -0.95296
v 3.12282 14.28812 -1.15255
v 3.25226 14.20081 -1.29888
v 3.42152 14.08664 -1.36297
v 3.59708 13.96823 -1.33214
v 3.74415 13.86902 -1.21247
v 3.83362 13.80868 -1.02769
v 3.84776 13.79914 -0.81438
v 3.71458 14.06678 -0.73815
v 3.64452 14.11403 -0.65896
v 3.55292 14.17582 -0.62427
v 3.45791 14.23990 -0.64096
v 3.37831 14.29359 -0.70572
v 3.32989 14.32625 -0.80573
v 3.32224 14.33141 -0.92117
v 3.35687 14.30805 -1.02919
v 3.42692 14.26080 -1.10838
v 3.51853 14.19901 -1.14307
v 3.61354 14.13493 -1.12638
v 3.69313 14.08124 -1.06162
v 3.74155 14.04858 -0.96161
v 3.74921 14.04342 -0.84617
v 3.56467 14.23033 -0.88367
v 2.30095 13.44226 -1.14996
v 2.50875 13.36453 -1.00444
v 2.43870 13.41179 -0.92525
v 2.34709 13.47357 -0.89056
v 2.25208 13.53766 -0.90725
v 2.17249 13.59135 -0.97201
v 2.12407 13.62401 -1.07202
v 2.11641 13.62917 -1.18746
v 2.15104 13.60581 -1.29548
v 2.22110 13.55856 -1.37467
v 2.31270 13.49677 -1.40936
v 2.40771 13.43268 -1.39267
v 2.48731 13.37900 -1.32791
v 2.53573 13.34634 -1.22790
v 2.54338 13.34117 -1.11246
v 2.74280 13.38447 -0.88108
v 2.61336 13.47178 -0.73475
v 2.44410 13.58595 -0.67066
v 2.26854 13.70436 -0.70149
v 2.12147 13.80356 -0.82116
v 2.03200 13.86391 -1.00594
v 2.01786 13.87345 -1.21925
v 2.08185 13.83029 -1.41884
v 2.21129 13.74297 -1.56517
v 2.38055 13.62881 -1.62926
v 2.55611 13.51039 -1.59842
v 2.70319 13.41119 -1.47876
v 2.79265 13.35084 -1.29398
v 2.80679 13.34130 -1.08067
v 2.96748 13.49902 -0.79865
v 2.79835 13.61310 -0.60746
v 2.57720 13.76227 -0.52372
v 2.34783 13.91698 -0.56401
v 2.15566 14.04660 -0.72036
v 2.03877 14.12545 -0.96179
v 2.02029 14.13791 -1.24049
v 2.10390 14.08151 -1.50127
v 2.27303 13.96744 -1.69246
v 2.49418 13.81827 -1.77620
v 2.72355 13.66355 -1.73591
v 2.91571 13.53394 -1.57956
v 3.03261 13.45509 -1.33813
v 3.05108 13.44263 -1.05942
v 3.14857 13.69076 -0.76971
v 2.96551 13.81424 -0.56276
v 2.72614 13.97570 -0.47212
v 2.47786 14.14316 -0.51573
v 2.26987 14.28345 -0.68496
v 2.14334 14.36880 -0.94629
v 2.12334 14.38229 -1.24795
v 2.21384 14.32125 -1.53021
v 2.39690 14.19777 -1.73715
v 2.63627 14.03631 -1.82780
v 2.88454 13.86885 -1.78418
v 3.09254 13.72855 -1.61496
v 3.21907 13.64321 -1.35363
v 3.23907 13.62972 -1.05196
v 3.25851 13.93049 -0.79865
v 3.08938 14.04457 -0.60746
v 2.86823 14.19374 -0.52372
v 2.63886 14.34845 -0.56401
v 2.44669 14.47807 -0.72036
v 2.32980 14.55692 -0.96179
v 2.31132 14.56938 -1.24049
v 2.39493 14.51299 -1.50127
v 2.56406 14.39891 -1.69246
v 2.78521 14.24974 -1.77620
v 3.01458 14.09503 -1.73591
v 3.20675 13.96541 -1.57956
v 3.32364 13.88656 -1.33813
v 3.34212 13.87410 -1.05942
v 3.28056 14.18172 -0.88108
v 3.15112 14.26903 -0.73475
v 2.98185 14.38320 -0.67066
v 2.80630 14.50162 -0.70149
v 2.65922 14.60082 -0.82116
v 2.56975 14.66117 -1.00594
v 2.55562 14.67070 -1.21925
v 2.61960 14.62754 -1.41884
v 2.74905 14.54023 -1.56517
v 2.91831 14.42606 -1.62926
v 3.09387 14.30765 -1.59842
v 3.24094 14.20845 -1.47876
v 3.33041 14.14810 -1.29398
v 3.34455 14.13856 -1.08067
v 3.21136 14.40620 -1.00444
v 3.14131 14.45345 -0.92525
v 3.04970 14.51524 -0.89056
v 2.95470 14.57932 -0.90725
v 2.87510 14.63301 -0.97201
v 2.82668 14.66567 -1.07202
v 2.81903 14.67083 -1.18746
v 2.85366 14.64748 -1.29548
v 2.92371 14.60022 -1.37467
v 3.01532 14.53843 -1.40936
v 3.11033 14.47435 -1.39267
v 3.18992 14.42066 -1.32791
v 3.23834 14.38800 -1.22790
v 3.24599 14.38284 -1.11246
v 3.06146 14.56975 -1.14996
v 2.42911 14.17604 -0.54174
v 2.61906 14.40380 -0.60197
v 2.82132 14.55278 -0.77074
v 2.99583 14.59345 -1.01462
v 3.10802 14.51778 -1.28530
v 3.13567 14.34074 -1.52918
v 3.07332 14.09740 -1.69795
v 2.93330 13.83597 -1.75818
v 2.74335 13.60820 -1.69795
v 2.54109 13.45923 -1.52918
v 2.36658 13.41856 -1.28530
v 2.25439 13.49423 -1.01462
v 2.22673 13.67127 -0.77074
v 2.28909 13.91460 -0.60197
v 1.93761 14.50757 -0.83813
v 2.12756 14.73533 -0.89837
v 2.32981 14.88430 -1.06714
v 2.50432 14.92498 -1.31101
v 2.61651 14.84930 -1.58170
v 2.64417 14.67227 -1.82558
v 2.58181 14.42893 -1.99435
v 2.44179 14.16749 -2.05458
v 2.25184 13.93973 -1.99435
v 2.04958 13.79076 -1.82558
v 1.87508 13.75008 -1.58170
v 1.76289 13.82575 -1.31101
v 1.73523 14.00279 -1.06714
v 1.79759 14.24613 -0.89837
v 2.68120 14.00600 -1.14996
v 2.18970 14.33753 -1.44636
v 2.30095 13.44226 -1.14996
v 2.50875 13.36453 -1.00444
v 2.43870 13.41179 -0.92525
v 2.34709 13.47357 -0.89056
v 2.25208 13.53766 -0.90725
v 2.17249 13.59135 -0.97201
v 2.12407 13.62401 -1.07202
v 2.11641 13.62917 -1.18746
v 2.15104 13.60581 -1.29548
v 2.22110 13.55856 -1.37467
v 2.31270 13.49677 -1.40936
v 2.40771 13.43268 -1.39267
v 2.48731 13.37900 -1.32791
v 2.53573 13.34634 -1.22790
v 2.54338 13.34117 -1.11246
v 2.74280 13.38447 -0.88108
v 2.61336 13.47178 -0.73475
v 2.44410 13.58595 -0.67066
v 2.26854 13.70436 -0.70149
v 2.12147 13.80356 -0.82116
v 2.03200 13.86391 -1.00594
v 2.01786 13.87345 -1.21925
v 2.08185 13.83029 -1.41884
v 2.21129 13.74297 -1.56517
v 2.38055 13.62881 -1.62926
v 2.55611 13.51039 -1.59842
v 2.70319 13.41119 -1.47876
v 2.79265 13.35084 -1.29398
v 2.80679 13.34130 -1.08067
v 2.96748 13.49902 -0.79865
v 2.79835 13.61310 -0.60746
v 2.57720 13.76227 -0.52372
v 2.34783 13.91698 -0.56401
v 2.15566 14.04660 -0.72036
v 2.03877 14.12545 -0.96179
v 2.02029 14.13791 -1.24049
v 2.10390 14.08151 -1.50127
v 2.27303 13.96744 -1.69246
v 2.49418 13.81827 -1.77620
v 2.72355 13.66355 -1.73591
v 2.91571 13.53394 -1.57956
v 3.03261 13.45509 -1.33813
v 3.05108 13.44263 -1.05942
v 3.14857 13.69076 -0.76971
v 2.96551 13.81424 -0.56276
v 2.72614 13.97570 -0.47212
v 2.47786 14.14316 -0.51573
v 2.26987 14.28345 -0.68496
v 2.14334 14.36880 -0.94629
v 2.12334 14.38229 -1.24795
v 2.21384 14.32125 -1.53021
v 2.39690 14.19777 -1.73715
v 2.63627 14.03631 -1.82780
v 2.88454 13.86885 -1.78418
v 3.09254 13.72855 -1.61496
v 3.21907 13.64321 -1.35363
v 3.23907 13.62972 -1.05196
v 3.25851 13.93049 -0.79865
v 3.08938 14.04457 -0.60746
v 2.86823 14.19374 -0.52372
v 2.63886 14.34845 -0.56401
v 2.44669 14.47807 -0.72036
v 2.32980 14.55692 -0.96179
v 2.31132 14.56938 -1.24049
v 2.39493 14.51299 -1.50127
v 2.56406 14.39891 -1.69246
v 2.78521 14.24974 -1.77620
v 3.01458 14.09503 -1.73591
v 3.20675 13.96541 -1.57956
v 3.32364 13.88656 -1.33813
v 3.34212 13.87410 -1.05942
v 3.28056 14.18172 -0.88108
v 3.15112 14.26903 -0.73475
v 2.98185 14.38320 -0.67066
v 2.80630 14.50162 -0.70149
v 2.65922 14.60082 -0.82116
v 2.56975 14.66117 -1.00594
v 2.55562 14.67070 -1.21925
v 2.61960 14.62754 -1.41884
v 2.74905 14.54023 -1.56517
v 2.91831 14.42606 -1.62926
v 3.09387 14.30765 -1.59842
v 3.24094 14.20845 -1.47876
v 3.33041 14.14810 -1.29398
v 3.34455 14.13856 -1.08067
v 3.21136 14.40620 -1.00444
v 3.14131 14.45345 -0.92525
v 3.04970 14.51524 -0.89056
v 2.95470 14.57932 -0.90725
v 2.87510 14.63301 -0.97201
v 2.82668 14.66567 -1.07202
v 2.81903 14.67083 -1.18746
v 2.85366 14.64748 -1.29548
v 2.92371 14.60022 -1.37467
v 3.01532 14.53843 -1.40936
v 3.11033 14.47435 -1.39267
v 3.18992 14.42066 -1.32791
v 3.23834 14.38800 -1.22790
v 3.24599 14.38284 -1.11246
v 3.06146 14.56975 -1.14996
v 1.80945 13.77378 -1.44636
v 2.01725 13.69606 -1.30084
v 1.94719 13.74331 -1.22165
v 1.85559 13.80510 -1.18696
v 1.76058 13.86918 -1.20365
v 1.68098 13.92287 -1.26841
v 1.63256 13.95553 -1.36842
v 1.62491 13.96069 -1.48386
v 1.65954 13.93733 -1.59187
v 1.72959 13.89008 -1.67107
v 1.82120 13.82829 -1.70575
v 1.91621 13.76421 -1.68907
v 1.99580 13.71052 -1.62430
v 2.04422 13.67786 -1.52430
v 2.05188 13.67270 -1.40886
v 2.25130 13.71599 -1.17748
v 2.12185 13.80330 -1.03115
v 1.95259 13.91747 -0.96705
v 1.77704 14.03588 -0.99789
v 1.62996 14.13509 -1.11755
v 1.54049 14.19543 -1.30234
v 1.52635 14.20497 -1.51565
v 1.59034 14.16181 -1.71524
v 1.71979 14.07450 -1.86157
v 1.88905 13.96033 -1.92566
v 2.06460 13.84192 -1.89482
v 2.21168 13.74271 -1.77516
v 2.30115 13.68237 -1.59037
v 2.31529 13.67283 -1.37707
v 2.47597 13.83055 -1.09505
v 2.30685 13.94462 -0.90386
v 2.08569 14.09379 -0.82012
v 1.85632 14.24851 -0.86041
v 1.66416 14.37812 -1.01676
v 1.54726 14.45697 -1.25819
v 1.52879 14.46943 -1.53689
v 1.61239 14.41304 -1.79766
v 1.78152 14.29896 -1.98885
v 2.00267 14.14979 -2.07260
v 2.23204 13.99508 -2.03231
v 2.42421 13.86546 -1.87596
v 2.54111 13.78661 -1.63453
v 2.55958 13.77415 -1.35582
v 2.65707 14.02229 -1.06611
v 2.47400 14.14576 -0.85916
v 2.23463 14.30722 -0.76852
v 1.98636 14.47468 -0.81213
v 1.77836 14.61498 -0.98136
v 1.65183 14.70032 -1.24269
v 1.63184 14.71381 -1.54435
v 1.72233 14.65277 -1.82661
v 1.90540 14.52929 -2.03355
v 2.14477 14.36784 -2.12419
v 2.39304 14.20037 -2.08058
v 2.60104 14.06008 -1.91135
v 2.72756 13.97473 -1.65003
v 2.74756 13.96125 -1.34836
v 2.76700 14.26202 -1.09505
v 2.59788 14.37610 -0.90386
v 2.37673 14.52526 -0.82012
v 2.14735 14.67998 -0.86041
v 1.95519 14.80960 -1.01676
v 1.83829 14.88844 -1.25819
v 1.81982 14.90090 -1.53689
v 1.90342 14.84451 -1.79766
v 2.07255 14.73043 -1.98885
v 2.29370 14.58126 -2.07260
v 2.52308 14.42655 -2.03231
v 2.71524 14.29693 -1.87596
v 2.83214 14.21809 -1.63453
v 2.85061 14.20563 -1.35582
v 2.78905 14.51325 -1.17748
v 2.65961 14.60056 -1.03115
v 2.49035 14.71473 -0.96705
v 2.31479 14.83314 -0.99789
v 2.16772 14.93234 -1.11755
v 2.07825 14.99269 -1.30234
v 2.06411 15.00223 -1.51565
v 2.12810 14.95907 -1.71524
v 2.25754 14.87176 -1.86157
v 2.42681 14.75759 -1.92566
v 2.60236 14.63917 -1.89482
v 2.74944 14.53997 -1.77516
v 2.83890 14.47962 -1.59037
v 2.85304 14.47009 -1.37707
v 2.71986 14.73772 -1.30084
v 2.64980 14.78498 -1.22165
v 2.55820 14.84676 -1.18696
v 2.46319 14.91085 -1.20365
v 2.38359 14.96454 -1.26841
v 2.33517 14.99720 -1.36842
v 2.32752 15.00236 -1.48386
v 2.36215 14.97900 -1.59187
v 2.43221 14.93175 -1.67107
v 2.52381 14.86996 -1.70575
v 2.61882 14.80587 -1.68907
v 2.69842 14.75219 -1.62430
v 2.74684 14.71953 -1.52430
v 2.75449 14.71436 -1.40886
v 2.56995 14.90127 -1.44636
v 4.16722 13.00367 -1.04964
v 4.33933 13.22253 -1.10968
v 4.51103 13.37533 -1.27790
v 4.64830 13.43180 -1.52099
v 4.72396 13.38077 -1.79080
v 4.72302 13.23234 -2.03389
v 4.64567 13.01591 -2.20212
v 4.50722 12.77434 -2.26216
v 4.33511 12.55548 -2.20212
v 4.16341 12.40268 -2.03389
v 4.02614 12.34621 -1.79080
v 3.95048 12.39724 -1.52099
v 3.95142 12.54567 -1.27790
v 4.02877 12.76211 -1.10968
v 3.77626 13.26738 -1.20915
v 3.94837 13.48624 -1.26918
v 4.12007 13.63904 -1.43741
v 4.25734 13.69551 -1.68050
v 4.33300 13.64448 -1.95031
v 4.33206 13.49605 -2.19340
v 4.25471 13.27961 -2.36163
v 4.11626 13.03805 -2.42166
v 3.94415 12.81919 -2.36163
v 3.77245 12.66639 -2.19340
v 3.63518 12.60992 -1.95031
v 3.55952 12.66095 -1.68050
v 3.56046 12.80938 -1.43741
v 3.63781 13.02581 -1.26918
v 4.33722 12.88901 -1.65590
v 3.94626 13.15271 -1.81541
v 3.97934 12.35842 -1.65590
v 4.17491 12.28527 -1.51894
v 4.10898 12.32974 -1.44441
v 4.02276 12.38789 -1.41176
v 3.93334 12.44821 -1.42747
v 3.85843 12.49874 -1.48842
v 3.81286 12.52948 -1.58254
v 3.80565 12.53434 -1.69119
v 3.83825 12.51235 -1.79285
v 3.90418 12.46788 -1.86739
v 3.99040 12.40973 -1.90004
v 4.07982 12.34941 -1.88433
v 4.15473 12.29888 -1.82338
v 4.20030 12.26814 -1.72925
v 4.20751 12.26328 -1.62060
v 4.39520 12.30403 -1.40284
v 4.27337 12.38620 -1.26511
v 4.11406 12.49366 -1.20479
v 3.94883 12.60510 -1.23381
v 3.81041 12.69847 -1.34644
v 3.72620 12.75527 -1.52035
v 3.71290 12.76425 -1.72111
v 3.77312 12.72362 -1.90896
v 3.89495 12.64145 -2.04668
v 4.05426 12.53400 -2.10701
v 4.21948 12.42255 -2.07798
v 4.35791 12.32918 -1.96536
v 4.44212 12.27238 -1.79144
v 4.45542 12.26341 -1.59068
v 4.60666 12.41185 -1.32526
v 4.44748 12.51921 -1.14531
v 4.23933 12.65961 -1.06650
v 4.02345 12.80522 -1.10442
v 3.84259 12.92721 -1.25157
v 3.73257 13.00142 -1.47880
v 3.71519 13.01315 -1.74111
v 3.79387 12.96007 -1.98654
v 3.95305 12.85271 -2.16648
v 4.16120 12.71231 -2.24530
v 4.37708 12.56670 -2.20738
v 4.55794 12.44471 -2.06023
v 4.66796 12.37050 -1.83300
v 4.68534 12.35877 -1.57069
v 4.77710 12.59231 -1.29801
v 4.60480 12.70852 -1.10324
v 4.37951 12.86048 -1.01793
v 4.14584 13.01809 -1.05898
v 3.95008 13.15014 -1.21825
v 3.83100 13.23046 -1.46421
v 3.81218 13.24315 -1.74813
v 3.89735 13.18571 -2.01378
v 4.06964 13.06949 -2.20855
v 4.29493 12.91753 -2.29386
v 4.52860 12.75992 -2.25281
v 4.72436 12.62788 -2.09354
v 4.84345 12.54755 -1.84759
v 4.86227 12.53486 -1.56367
v 4.88057 12.81794 -1.32526
v 4.72139 12.92531 -1.14531
v 4.51325 13.06570 -1.06650
v 4.29737 13.21131 -1.10442
v 4.11651 13.33330 -1.25157
v 4.00649 13.40751 -1.47880
v 3.98910 13.41924 -1.74111
v 4.06779 13.36617 -1.98654
v 4.22697 13.25880 -2.16648
v 4.43511 13.11840 -2.24530
v 4.65099 12.97279 -2.20738
v 4.83185 12.85080 -2.06023
v 4.94187 12.77659 -1.83300
v 4.95926 12.76486 -1.57069
v 4.90132 13.05439 -1.40284
v 4.77949 13.13656 -1.26511
v 4.62019 13.24402 -1.20479
v 4.45496 13.35546 -1.23381
v 4.31653 13.44883 -1.34644
v 4.23233 13.50563 -1.52035
v 4.21902 13.51461 -1.72111
v 4.27925 13.47398 -1.90896
v 4.40108 13.39181 -2.04668
v 4.56038 13.28436 -2.10701
v 4.72561 13.17291 -2.07798
v 4.86403 13.07954 -1.96536
v 4.94824 13.02274 -1.79144
v 4.96155 13.01377 -1.59068
v 4.83620 13.26566 -1.51894
v 4.77026 13.31013 -1.44441
v 4.68405 13.36829 -1.41176
v 4.59463 13.42860 -1.42747
v 4.51971 13.47913 -1.48842
v 4.47414 13.50987 -1.58254
v 4.46694 13.51473 -1.69119
v 4.49953 13.49274 -1.79285
v 4.56546 13.44827 -1.86739
v 4.65168 13.39012 -1.90004
v 4.74110 13.32980 -1.88433
v 4.81602 13.27927 -1.82338
v 4.86159 13.24853 -1.72925
v 4.86879 13.24368 -1.62060
v 4.69510 13.41959 -1.65590
v 3.58838 12.62213 -1.81541
v 3.78395 12.54898 -1.67845
v 3.71802 12.59345 -1.60391
v 3.63180 12.65160 -1.57127
v 3.54238 12.71192 -1.58697
v 3.46747 12.76245 -1.64793
v 3.42189 12.79319 -1.74205
v 3.41469 12.79804 -1.85070
v 3.44729 12.77606 -1.95236
v 3.51322 12.73159 -2.02690
v 3.59943 12.67343 -2.05954
v 3.68886 12.61312 -2.04384
v 3.76377 12.56259 -1.98288
v 3.80934 12.53185 -1.88876
v 3.81654 12.52699 -1.78011
v 4.00424 12.56774 -1.56234
v 3.88240 12.64991 -1.42462
v 3.72310 12.75736 -1.36430
v 3.55787 12.86881 -1.39332
v 3.41945 12.96218 -1.50594
v 3.33524 13.01898 -1.67986
v 3.32193 13.02795 -1.88062
v 3.38216 12.98733 -2.06847
v 3.50399 12.90516 -2.20619
v 3.66329 12.79770 -2.26651
v 3.82852 12.68626 -2.23749
v 3.96695 12.59289 -2.12487
v 4.05115 12.53609 -1.95095
v 4.06446 12.52711 -1.75019
v 4.21569 12.67555 -1.48476
v 4.05651 12.78292 -1.30482
v 3.84837 12.92332 -1.22600
v 3.63249 13.06893 -1.26393
v 3.45163 13.19092 -1.41107
v 3.34161 13.26513 -1.63831
v 3.32422 13.27686 -1.90061
v 3.40291 13.22378 -2.14605
v 3.56209 13.11641 -2.32599
v 3.77023 12.97602 -2.40481
v 3.98611 12.83041 -2.36689
v 4.16697 12.70842 -2.21974
v 4.27699 12.63421 -1.99250
v 4.29438 12.62248 -1.73020
v 4.38613 12.85601 -1.45752
v 4.21384 12.97223 -1.26275
v 3.98855 13.12419 -1.17744
v 3.75488 13.28180 -1.21849
v 3.55912 13.41384 -1.37776
v 3.44003 13.49417 -1.62371
v 3.42121 13.50686 -1.90764
v 3.50638 13.44941 -2.17329
v 3.67868 13.33320 -2.36806
v 3.90397 13.18124 -2.45337
v 4.13764 13.02363 -2.41232
v 4.33340 12.89158 -2.25305
v 4.45248 12.81126 -2.00710
v 4.47130 12.79857 -1.72318
v 4.48961 13.08165 -1.48476
v 4.33043 13.18901 -1.30482
v 4.12228 13.32941 -1.22600
v 3.90640 13.47502 -1.26393
v 3.72554 13.59701 -1.41107
v 3.61552 13.67122 -1.63831
v 3.59814 13.68295 -1.90061
v 3.67682 13.62987 -2.14605
v 3.83600 13.52251 -2.32599
v 4.04415 13.38211 -2.40481
v 4.26003 13.23650 -2.36689
v 4.44089 13.11451 -2.21974
v 4.55091 13.04030 -1.99250
v 4.56829 13.02857 -1.73020
v 4.51036 13.31810 -1.56234
v 4.38853 13.40027 -1.42462
v 4.22922 13.50772 -1.36430
v 4.06400 13.61917 -1.39332
v 3.92557 13.71254 -1.50594
v 3.84137 13.76934 -1.67986
v 3.82806 13.77831 -1.88062
v 3.88828 13.73769 -2.06847
v 4.01011 13.65552 -2.20619
v 4.16942 13.54806 -2.26651
v 4.33465 13.43662 -2.23749
v 4.47307 13.34325 -2.12487
v 4.55728 13.28645 -1.95095
v 4.57058 13.27747 -1.75019
v 4.44523 13.52937 -1.67845
v 4.37930 13.57384 -1.60391
v 4.29308 13.63199 -1.57127
v 4.20366 13.69231 -1.58697
v 4.12875 13.74284 -1.64793
v 4.08318 13.77358 -1.74205
v 4.07597 13.77844 -1.85070
v 4.10857 13.75645 -1.95236
v 4.17450 13.71198 -2.02690
v 4.26072 13.65383 -2.05954
v 4.35014 13.59351 -2.04384
v 4.42505 13.54298 -1.98288
v 4.47062 13.51224 -1.88876
v 4.47783 13.50738 -1.78011
v 4.30414 13.68330 -1.81541
v 3.75557 13.28133 -1.21816
v 3.92974 13.49881 -1.27731
v 4.10717 13.64773 -1.44303
v 4.25274 13.69862 -1.68251
v 4.33760 13.64137 -1.94830
v 4.34495 13.48735 -2.18778
v 4.27334 13.26704 -2.35350
v 4.13694 13.02410 -2.41265
v 3.96278 12.80662 -2.35350
v 3.78534 12.65769 -2.18778
v 3.63978 12.60681 -1.94830
v 3.55492 12.66405 -1.68251
v 3.54756 12.81808 -1.44303
v 3.61918 13.03838 -1.27731
v 3.37043 13.54112 -1.39708
v 3.54459 13.75859 -1.45622
v 3.72203 13.90752 -1.62195
v 3.86759 13.95840 -1.86142
v 3.95245 13.90116 -2.12722
v 3.95981 13.74713 -2.36669
v 3.88819 13.52683 -2.53241
v 3.75180 13.28388 -2.59156
v 3.57763 13.06641 -2.53241
v 3.40020 12.91748 -2.36669
v 3.25463 12.86660 -2.12722
v 3.16977 12.92384 -1.86142
v 3.16242 13.07786 -1.62195
v 3.23403 13.29817 -1.45622
v 3.94626 13.15271 -1.81541
v 3.56111 13.41250 -1.99432
v 3.58838 12.62213 -1.81541
v 3.78395 12.54898 -1.67845
v 3.71802 12.59345 -1.60391
v 3.63180 12.65160 -1.57127
v 3.54238 12.71192 -1.58697
v 3.46747 12.76245 -1.64793
v 3.42189 12.79319 -1.74205
v 3.41469 12.79804 -1.85070
v 3.44729 12.77606 -1.95236
v 3.51322 12.73159 -2.02690
v 3.59943 12.67343 -2.05954
v 3.68886 12.61312 -2.04384
v 3.76377 12.56259 -1.98288
v 3.80934 12.53185 -1.88876
v 3.81654 12.52699 -1.78011
v 4.00424 12.56774 -1.56234
v 3.88240 12.64991 -1.42462
v 3.72310 12.75736 -1.36430
v 3.55787 12.86881 -1.39332
v 3.41945 12.96218 -1.50594
v 3.33524 13.01898 -1.67986
v 3.32193 13.02795 -1.88062
v 3.38216 12.98733 -2.06847
v 3.50399 12.90516 -2.20619
v 3.66329 12.79770 -2.26651
v 3.82852 12.68626 -2.23749
v 3.96695 12.59289 -2.12487
v 4.05115 12.53609 -1.95095
v 4.06446 12.52711 -1.75019
v 4.21569 12.67555 -1.48476
v 4.05651 12.78292 -1.30482
v 3.84837 12.92332 -1.22600
v 3.63249 13.06893 -1.26393
v 3.45163 13.19092 -1.41107
v 3.34161 13.26513 -1.63831
v 3.32422 13.27686 -1.90061
v 3.40291 13.22378 -2.14605
v 3.56209 13.11641 -2.32599
v 3.77023 12.97602 -2.40481
v 3.98611 12.83041 -2.36689
v 4.16697 12.70842 -2.21974
v 4.27699 12.63421 -1.99250
v 4.29438 12.62248 -1.73020
v 4.38613 12.85601 -1.45752
v 4.21384 12.97223 -1.26275
v 3.98855 13.12419 -1.17744
v 3.75488 13.28180 -1.21849
v 3.55912 13.41384 -1.37776
v 3.44003 13.49417 -1.62371
v 3.42121 13.50686 -1.90764
v 3.50638 13.44941 -2.17329
v 3.67868 13.33320 -2.36806
v 3.90397 13.18124 -2.45337
v 4.13764 13.02363 -2.41232
v 4.33340 12.89158 -2.25305
v 4.45248 12.81126 -2.00710
v 4.47130 12.79857 -1.72318
v 4.48961 13.08165 -1.48476
v 4.33043 13.18901 -1.30482
v 4.12228 13.32941 -1.22600
v 3.90640 13.47502 -1.26393
v 3.72554 13.59701 -1.41107
v 3.61552 13.67122 -1.63831
v 3.59814 13.68295 -1.90061
v 3.67682 13.62987 -2.14605
v 3.83600 13.52251 -2.32599
v 4.04415 13.38211 -2.40481
v 4.26003 13.23650 -2.36689
v 4.44089 13.11451 -2.21974
v 4.55091 13.04030 -1.99250
v 4.56829 13.02857 -1.73020
v 4.51036 13.31810 -1.56234
v 4.38853 13.40027 -1.42462
v 4.22922 13.50772 -1.36430
v 4.06400 13.61917 -1.39332
v 3.92557 13.71254 -1.50594
v 3.84137 13.76934 -1.67986
v 3.82806 13.77831 -1.88062
v 3.88828 13.73769 -2.06847
v 4.01011 13.65552 -2.20619
v 4.16942 13.54806 -2.26651
v 4.33465 13.43662 -2.23749
v 4.47307 13.34325 -2.12487
v 4.55728 13.28645 -1.95095
v 4.57058 13.27747 -1.75019
v 4.44523 13.52937 -1.67845
v 4.37930 13.57384 -1.60391
v 4.29308 13.63199 -1.57127
v 4.20366 13.69231 -1.58697
v 4.12875 13.74284 -1.64793
v 4.08318 13.77358 -1.74205
v 4.07597 13.77844 -1.85070
v 4.10857 13.75645 -1.95236
v 4.17450 13.71198 -2.02690
v 4.26072 13.65383 -2.05954
v 4.35014 13.59351 -2.04384
v 4.42505 13.54298 -1.98288
v 4.47062 13.51224 -1.88876
v 4.47783 13.50738 -1.78011
v 4.30414 13.68330 -1.81541
v 3.20323 12.88191 -1.99432
v 3.39880 12.80876 -1.85736
v 3.33287 12.85323 -1.78283
v 3.24665 12.91139 -1.75018
v 3.15723 12.97170 -1.76589
v 3.08232 13.02223 -1.82684
v 3.03675 13.05297 -1.92096
v 3.02954 13.05783 -2.02961
v 3.06214 13.03584 -2.13128
v 3.12807 12.99137 -2.20581
v 3.21429 12.93322 -2.23846
v 3.30371 12.87290 -2.22275
v 3.37862 12.82237 -2.16180
v 3.42420 12.79163 -2.06768
v 3.43140 12.78678 -1.95902
v 3.61909 12.82752 -1.74126
v 3.49726 12.90970 -1.60353
v 3.33795 13.01715 -1.54321
v 3.17273 13.12860 -1.57223
v 3.03430 13.22197 -1.68486
v 2.95009 13.27876 -1.85877
v 2.93679 13.28774 -2.05954
v 2.99701 13.24712 -2.24738
v 3.11884 13.16494 -2.38510
v 3.27815 13.05749 -2.44543
v 3.44338 12.94604 -2.41640
v 3.58180 12.85267 -2.30378
v 3.66601 12.79587 -2.12986
v 3.67931 12.78690 -1.92910
v 3.83055 12.93534 -1.66368
v 3.67137 13.04271 -1.48373
v 3.46323 13.18310 -1.40492
v 3.24735 13.32871 -1.44284
v 3.06648 13.45071 -1.58999
v 2.95646 13.52491 -1.81722
v 2.93908 13.53664 -2.07953
v 3.01777 13.48357 -2.32496
v 3.17694 13.37620 -2.50490
v 3.38509 13.23581 -2.58372
v 3.60097 13.09019 -2.54580
v 3.78183 12.96820 -2.39865
v 3.89185 12.89399 -2.17142
v 3.90924 12.88226 -1.90911
v 4.00099 13.11580 -1.63644
v 3.82869 13.23201 -1.44167
v 3.60340 13.38397 -1.35636
v 3.36973 13.54159 -1.39740
v 3.17397 13.67363 -1.55667
v 3.05489 13.75395 -1.80263
v 3.03607 13.76665 -2.08655
v 3.12124 13.70920 -2.35220
v 3.29353 13.59298 -2.54697
v 3.51882 13.44102 -2.63228
v 3.75249 13.28341 -2.59124
v 3.94825 13.15137 -2.43196
v 4.06734 13.07104 -2.18601
v 4.08616 13.05835 -1.90209
v 4.10446 13.34143 -1.66368
v 3.94528 13.44880 -1.48373
v 3.73714 13.58919 -1.40492
v 3.52126 13.73480 -1.44284
v 3.34040 13.85680 -1.58999
v 3.23038 13.93101 -1.81722
v 3.21299 13.94273 -2.07953
v 3.29168 13.88966 -2.32496
v 3.45086 13.78229 -2.50490
v 3.65900 13.64190 -2.58372
v 3.87488 13.49628 -2.54580
v 4.05574 13.37429 -2.39865
v 4.16576 13.30008 -2.17142
v 4.18315 13.28835 -1.90911
v 4.12521 13.57788 -1.74126
v 4.00338 13.66006 -1.60353
v 3.84408 13.76751 -1.54321
v 3.67885 13.87896 -1.57223
v 3.54042 13.97232 -1.68486
v 3.45622 14.02912 -1.85877
v 3.44291 14.03810 -2.05954
v 3.50314 13.99748 -2.24738
v 3.62497 13.91530 -2.38510
v 3.78427 13.80785 -2.44543
v 3.94950 13.69640 -2.41640
v 4.08792 13.60303 -2.30378
v 4.17213 13.54623 -2.12986
v 4.18544 13.53726 -1.92910
v 4.06009 13.78915 -1.85736
v 3.99415 13.83363 -1.78283
v 3.90794 13.89178 -1.75018
v 3.81852 13.95209 -1.76589
v 3.74360 14.00262 -1.82684
v 3.69803 14.03336 -1.92096
v 3.69083 14.03822 -2.02961
v 3.72342 14.01624 -2.13128
v 3.78936 13.97176 -2.20581
v 3.87557 13.91361 -2.23846
v 3.96499 13.85329 -2.22275
v 4.03991 13.80276 -2.16180
v 4.08548 13.77203 -2.06768
v 4.09268 13.76717 -1.95902
v 3.91900 13.94308 -1.99432
v 3.35007 13.55485 -1.40712
v 3.52625 13.77096 -1.46527
v 3.70934 13.91608 -1.62821
v 3.86306 13.96145 -1.86366
v 3.95698 13.89810 -2.12498
v 3.97250 13.73857 -2.36043
v 3.90653 13.51446 -2.52336
v 3.77215 13.27015 -2.58152
v 3.59597 13.05404 -2.52336
v 3.41289 12.90892 -2.36043
v 3.25916 12.86354 -2.12498
v 3.16524 12.92689 -1.86366
v 3.14973 13.08642 -1.62821
v 3.21569 13.31054 -1.46527
v 2.97140 13.81026 -1.60513
v 3.14758 14.02638 -1.66329
v 3.33067 14.17149 -1.82622
v 3.48439 14.21687 -2.06167
v 3.57831 14.15352 -2.32299
v 3.59383 13.99399 -2.55844
v 3.52786 13.76988 -2.72138
v 3.39348 13.52557 -2.77953
v 3.21730 13.30945 -2.72138
v 3.03422 13.16433 -2.55844
v 2.88049 13.11896 -2.32299
v 2.78657 13.18231 -2.06167
v 2.77106 13.34184 -1.82622
v 2.83702 13.56595 -1.66329
v 3.56111 13.41250 -1.99432
v 3.18244 13.66791 -2.19233
v 3.20323 12.88191 -1.99432
v 3.39880 12.80876 -1.85736
v 3.33287 12.85323 -1.78283
v 3.24665 12.91139 -1.75018
v 3.15723 12.97170 -1.76589
v 3.08232 13.02223 -1.82684
v 3.03675 13.05297 -1.92096
v 3.02954 13.05783 -2.02961
v 3.06214 13.03584 -2.13128
v 3.12807 12.99137 -2.20581
v 3.21429 12.93322 -2.23846
v 3.30371 12.87290 -2.22275
v 3.37862 12.82237 -2.16180
v 3.42420 12.79163 -2.06768
v 3.43140 12.78678 -1.95902
v 3.61909 12.82752 -1.74126
v 3.49726 12.90970 -1.60353
v 3.33795 13.01715 -1.54321
v 3.17273 13.12860 -1.57223
v 3.03430 13.22197 -1.68486
v 2.95009 13.27876 -1.85877
v 2.93679 13.28774 -2.05954
v 2.99701 13.24712 -2.24738
v 3.11884 13.16494 -2.38510
v 3.27815 13.05749 -2.44543
v 3.44338 12.94604 -2.41640
v 3.58180 12.85267 -2.30378
v 3.66601 12.79587 -2.12986
v 3.67931 12.78690 -1.92910
v 3.83055 12.93534 -1.66368
v 3.67137 13.04271 -1.48373
v 3.46323 13.18310 -1.40492
v 3.24735 13.32871 -1.44284
v 3.06648 13.45071 -1.58999
v 2.95646 13.52491 -1.81722
v 2.93908 13.53664 -2.07953
v 3.01777 13.48357 -2.32496
v 3.17694 13.37620 -2.50490
v 3.38509 13.23581 -2.58372
v 3.60097 13.09019 -2.54580
v 3.78183 12.96820 -2.39865
v 3.89185 12.89399 -2.17142
v 3.90924 12.88226 -1.90911
v 4.00099 13.11580 -1.63644
v 3.82869 13.23201 -1.44167
v 3.60340 13.38397 -1.35636
v 3.36973 13.54159 -1.39740
v 3.17397 13.67363 -1.55667
v 3.05489 13.75395 -1.80263
v 3.03607 13.76665 -2.08655
v 3.12124 13.70920 -2.35220
v 3.29353 13.59298 -2.54697
v 3.51882 13.44102 -2.63228
v 3.75249 13.28341 -2.59124
v 3.94825 13.15137 -2.43196
v 4.06734 13.07104 -2.18601
v 4.08616 13.05835 -1.90209
v 4.10446 13.34143 -1.66368
v 3.94528 13.44880 -1.48373
v 3.73714 13.58919 -1.40492
v 3.52126 13.73480 -1.44284
v 3.34040 13.85680 -1.58999
v 3.23038 13.93101 -1.81722
v 3.21299 13.94273 -2.07953
v 3.29168 13.88966 -2.32496
v 3.45086 13.78229 -2.50490
v 3.65900 13.64190 -2.58372
v 3.87488 13.49628 -2.54580
v 4.05574 13.37429 -2.39865
v 4.16576 13.30008 -2.17142
v 4.18315 13.28835 -1.90911
v 4.12521 13.57788 -1.74126
v 4.00338 13.66006 -1.60353
v 3.84408 13.76751 -1.54321
v 3.67885 13.87896 -1.57223
v 3.54042 13.97232 -1.68486
v 3.45622 14.02912 -1.85877
v 3.44291 14.03810 -2.05954
v 3.50314 13.99748 -2.24738
v 3.62497 13.91530 -2.38510
v 3.78427 13.80785 -2.44543
v 3.94950 13.69640 -2.41640
v 4.08792 13.60303 -2.30378
v 4.17213 13.54623 -2.12986
v 4.18544 13.53726 -1.92910
v 4.06009 13.78915 -1.85736
v 3.99415 13.83363 -1.78283
v 3.90794 13.89178 -1.75018
v 3.81852 13.95209 -1.76589
v 3.74360 14.00262 -1.82684
v 3.69803 14.03336 -1.92096
v 3.69083 14.03822 -2.02961
v 3.72342 14.01624 -2.13128
v 3.78936 13.97176 -2.20581
v 3.87557 13.91361 -2.23846
v 3.96499 13.85329 -2.22275
v 4.03991 13.80276 -2.16180
v 4.08548 13.77203 -2.06768
v 4.09268 13.76717 -1.95902
v 3.91900 13.94308 -1.99432
v 2.82456 13.13733 -2.19233
v 3.02013 13.06418 -2.05537
v 2.95420 13.10865 -1.98084
v 2.86798 13.16680 -1.94819
v 2.77856 13.22712 -1.96390
v 2.70365 13.27765 -2.02485
v 2.65808 13.30839 -2.11897
v 2.65088 13.31324 -2.22763
v 2.68347 13.29126 -2.32929
v 2.74940 13.24679 -2.40382
v 2.83562 13.18863 -2.43647
v 2.92504 13.12832 -2.42076
v 2.99995 13.07779 -2.35981
v 3.04553 13.04705 -2.26569
v 3.05273 13.04219 -2.15704
v 3.24042 13.08294 -1.93927
v 3.11859 13.16511 -1.80155
v 2.95928 13.27256 -1.74122
v 2.79406 13.38401 -1.77025
v 2.65563 13.47738 -1.88287
v 2.57143 13.53418 -2.05679
v 2.55812 13.54315 -2.25755
v 2.61834 13.50253 -2.44539
v 2.74017 13.42036 -2.58312
v 2.89948 13.31290 -2.64344
v 3.06471 13.20146 -2.61442
v 3.20313 13.10809 -2.50179
v 3.28734 13.05129 -2.32788
v 3.30064 13.04231 -2.12711
v 3.45188 13.19075 -1.86169
v 3.29270 13.29812 -1.68175
v 3.08456 13.43852 -1.60293
v 2.86868 13.58413 -1.64085
v 2.68782 13.70612 -1.78800
v 2.57780 13.78033 -2.01523
v 2.56041 13.79206 -2.27754
v 2.63910 13.73898 -2.52297
v 2.79828 13.63161 -2.70292
v 3.00642 13.49122 -2.78173
v 3.22230 13.34561 -2.74381
v 3.40316 13.22362 -2.59666
v 3.51318 13.14941 -2.36943
v 3.53057 13.13768 -2.10712
v 3.62232 13.37122 -1.83445
v 3.45002 13.48743 -1.63968
v 3.22473 13.63939 -1.55437
v 2.99106 13.79700 -1.59541
v 2.79530 13.92904 -1.75469
v 2.67622 14.00937 -2.00064
v 2.65740 14.02206 -2.28456
v 2.74257 13.96461 -2.55021
v 2.91486 13.84840 -2.74498
v 3.14015 13.69644 -2.83029
v 3.37382 13.53883 -2.78925
v 3.56958 13.40678 -2.62998
v 3.68867 13.32646 -2.38402
v 3.70749 13.31377 -2.10010
v 3.72579 13.59685 -1.86169
v 3.56661 13.70421 -1.68175
v 3.35847 13.84461 -1.60293
v 3.14259 13.99022 -1.64085
v 2.96173 14.11221 -1.78800
v 2.85171 14.18642 -2.01523
v 2.83432 14.19815 -2.27754
v 2.91301 14.14507 -2.52297
v 3.07219 14.03771 -2.70292
v 3.28033 13.89731 -2.78173
v 3.49621 13.75170 -2.74381
v 3.67707 13.62971 -2.59666
v 3.78709 13.55550 -2.36943
v 3.80448 13.54377 -2.10712
v 3.74654 13.83330 -1.93927
v 3.62471 13.91547 -1.80155
v 3.46541 14.02292 -1.74122
v 3.30018 14.13437 -1.77025
v 3.16175 14.22774 -1.88287
v 3.07755 14.28454 -2.05679
v 3.06424 14.29351 -2.25755
v 3.12447 14.25289 -2.44539
v 3.24630 14.17072 -2.58312
v 3.40560 14.06326 -2.64344
v 3.57083 13.95182 -2.61442
v 3.70926 13.85845 -2.50179
v 3.79346 13.80165 -2.32788
v 3.80677 13.79267 -2.12711
v 3.68142 14.04457 -2.05537
v 3.61548 14.08904 -1.98084
v 3.52927 14.14719 -1.94819
v 3.43985 14.20751 -1.96390
v 3.36493 14.25804 -2.02485
v 3.31936 14.28878 -2.11897
v 3.31216 14.29364 -2.22763
v 3.34475 14.27165 -2.32929
v 3.41069 14.22718 -2.40382
v 3.49690 14.16903 -2.43647
v 3.58632 14.10871 -2.42076
v 3.66124 14.05818 -2.35981
v 3.70681 14.02744 -2.26569
v 3.71401 14.02258 -2.15704
v 3.54033 14.19850 -2.19233
v 2.95141 13.82375 -1.61619
v 3.12957 14.03853 -1.67324
v 3.31820 14.17990 -1.83311
v 3.47994 14.21987 -2.06413
v 3.58276 14.15052 -2.32053
v 3.60629 13.98558 -2.55155
v 3.54587 13.75773 -2.71142
v 3.41347 13.51208 -2.76847
v 3.23531 13.29730 -2.71142
v 3.04668 13.15593 -2.55155
v 2.88494 13.11596 -2.32053
v 2.78212 13.18531 -2.06413
v 2.75859 13.35025 -1.83311
v 2.81901 13.57810 -1.67324
v 2.57987 14.07435 -1.83296
v 2.75803 14.28913 -1.89001
v 2.94666 14.43051 -2.04988
v 3.10840 14.47048 -2.28090
v 3.21122 14.40113 -2.53730
v 3.23475 14.23619 -2.76832
v 3.17433 14.00833 -2.92819
v 3.04193 13.76269 -2.98524
v 2.86377 13.54791 -2.92819
v 2.67514 13.40653 -2.76832
v 2.51340 13.36656 -2.53730
v 2.41058 13.43592 -2.28090
v 2.38705 13.60085 -2.04988
v 2.44747 13.82871 -1.89001
v 3.18244 13.66791 -2.19233
v 2.81090 13.91852 -2.40910
v 2.82456 13.13733 -2.19233
v 3.02013 13.06418 -2.05537
v 2.95420 13.10865 -1.98084
v 2.86798 13.16680 -1.94819
v 2.77856 13.22712 -1.96390
v 2.70365 13.27765 -2.02485
v 2.65808 13.30839 -2.11897
v 2.65088 13.31324 -2.22763
v 2.68347 13.29126 -2.32929
v 2.74940 13.24679 -2.40382
v 2.83562 13.18863 -2.43647
v 2.92504 13.12832 -2.42076
v 2.99995 13.07779 -2.35981
v 3.04553 13.04705 -2.26569
v 3.05273 13.04219 -2.15704
v 3.24042 13.08294 -1.93927
v 3.11859 13.16511 -1.80155
v 2.95928 13.27256 -1.74122
v 2.79406 13.38401 -1.77025
v 2.65563 13.47738 -1.88287
v 2.57143 13.53418 -2.05679
v 2.55812 13.54315 -2.25755
v 2.61834 13.50253 -2.44539
v 2.74017 13.42036 -2.58312
v 2.89948 13.31290 -2.64344
v 3.06471 13.20146 -2.61442
v 3.20313 13.10809 -2.50179
v 3.28734 13.05129 -2.32788
v 3.30064 13.04231 -2.12711
v 3.45188 13.19075 -1.86169
v 3.29270 13.29812 -1.68175
v 3.08456 13.43852 -1.60293
v 2.86868 13.58413 -1.64085
v 2.68782 13.70612 -1.78800
v 2.57780 13.78033 -2.01523
v 2.56041 13.79206 -2.27754
v 2.63910 13.73898 -2.52297
v 2.79828 13.63161 -2.70292
v 3.00642 13.49122 -2.78173
v 3.22230 13.34561 -2.74381
v 3.40316 13.22362 -2.59666
v 3.51318 13.14941 -2.36943
v 3.53057 13.13768 -2.10712
v 3.62232 13.37122 -1.83445
v 3.45002 13.48743 -1.63968
v 3.22473 13.63939 -1.55437
v 2.99106 13.79700 -1.59541
v 2.79530 13.92904 -1.75469
v 2.67622 14.00937 -2.00064
v 2.65740 14.02206 -2.28456
v 2.74257 13.96461 -2.55021
v 2.91486 13.84840 -2.74498
v 3.14015 13.69644 -2.83029
v 3.37382 13.53883 -2.78925
v 3.56958 13.40678 -2.62998
v 3.68867 13.32646 -2.38402
v 3.70749 13.31377 -2.10010
v 3.72579 13.59685 -1.86169
v 3.56661 13.70421 -1.68175
v 3.35847 13.84461 -1.60293
v 3.14259 13.99022 -1.64085
v 2.96173 14.11221 -1.78800
v 2.85171 14.18642 -2.01523
v 2.83432 14.19815 -2.27754
v 2.91301 14.14507 -2.52297
v 3.07219 14.03771 -2.70292
v 3.28033 13.89731 -2.78173
v 3.49621 13.75170 -2.74381
v 3.67707 13.62971 -2.59666
v 3.78709 13.55550 -2.36943
v 3.80448 13.54377 -2.10712
v 3.74654 13.83330 -1.93927
v 3.62471 13.91547 -1.80155
v 3.46541 14.02292 -1.74122
v 3.30018 14.13437 -1.77025
v 3.16175 14.22774 -1.88287
v 3.07755 14.28454 -2.05679
v 3.06424 14.29351 -2.25755
v 3.12447 14.25289 -2.44539
v 3.24630 14.17072 -2.58312
v 3.40560 14.06326 -2.64344
v 3.57083 13.95182 -2.61442
v 3.70926 13.85845 -2.50179
v 3.79346 13.80165 -2.32788
v 3.80677 13.79267 -2.12711
v 3.68142 14.04457 -2.05537
v 3.61548 14.08904 -1.98084
v 3.52927 14.14719 -1.94819
v 3.43985 14.20751 -1.96390
v 3.36493 14.25804 -2.02485
v 3.31936 14.28878 -2.11897
v 3.31216 14.29364 -2.22763
v 3.34475 14.27165 -2.32929
v 3.41069 14.22718 -2.40382
v 3.49690 14.16903 -2.43647
v 3.58632 14.10871 -2.42076
v 3.66124 14.05818 -2.35981
v 3.70681 14.02744 -2.26569
v 3.71401 14.02258 -2.15704
v 3.54033 14.19850 -2.19233
v 2.45302 13.38794 -2.40910
v 2.64859 13.31478 -2.27214
v 2.58266 13.35926 -2.19761
v 2.49644 13.41741 -2.16496
v 2.40702 13.47773 -2.18067
v 2.33211 13.52826 -2.24162
v 2.28654 13.55899 -2.33574
v 2.27933 13.56385 -2.44440
v 2.31193 13.54187 -2.54606
v 2.37786 13.49739 -2.62059
v 2.46408 13.43924 -2.65324
v 2.55350 13.37893 -2.63753
v 2.62841 13.32840 -2.57658
v 2.67398 13.29766 -2.48246
v 2.68119 13.29280 -2.37381
v 2.86888 13.33354 -2.15604
v 2.74705 13.41572 -2.01832
v 2.58774 13.52317 -1.95799
v 2.42251 13.63462 -1.98702
v 2.28409 13.72799 -2.09964
v 2.19988 13.78479 -2.27355
v 2.18658 13.79376 -2.47432
v 2.24680 13.75314 -2.66216
v 2.36863 13.67096 -2.79989
v 2.52794 13.56351 -2.86021
v 2.69317 13.45206 -2.83118
v 2.83159 13.35870 -2.71856
v 2.91580 13.30190 -2.54465
v 2.92910 13.29292 -2.34388
v 3.08034 13.44136 -2.07846
v 2.92116 13.54873 -1.89851
v 2.71302 13.68912 -1.81970
v 2.49713 13.83474 -1.85762
v 2.31627 13.95673 -2.00477
v 2.20625 14.03094 -2.23200
v 2.18887 14.04267 -2.49431
v 2.26756 13.98959 -2.73974
v 2.42673 13.88222 -2.91969
v 2.63488 13.74183 -2.99850
v 2.85076 13.59622 -2.96058
v 3.03162 13.47422 -2.81343
v 3.14164 13.40001 -2.58620
v 3.15902 13.38829 -2.32389
v 3.25078 13.62182 -2.05122
v 3.07848 13.73804 -1.85645
v 2.85319 13.89000 -1.77114
v 2.61952 14.04761 -1.81218
v 2.42376 14.17965 -1.97146
v 2.30468 14.25998 -2.21741
v 2.28586 14.27267 -2.50133
v 2.37103 14.21522 -2.76698
v 2.54332 14.09901 -2.96175
v 2.76861 13.94705 -3.04706
v 3.00228 13.78944 -3.00602
v 3.19804 13.65739 -2.84674
v 3.31713 13.57707 -2.60079
v 3.33595 13.56437 -2.31687
v 3.35425 13.84745 -2.07846
v 3.19507 13.95482 -1.89851
v 2.98693 14.09521 -1.81970
v 2.77105 14.24083 -1.85762
v 2.59019 14.36282 -2.00477
v 2.48017 14.43703 -2.23200
v 2.46278 14.44876 -2.49431
v 2.54147 14.39568 -2.73974
v 2.70065 14.28831 -2.91969
v 2.90879 14.14792 -2.99850
v 3.12467 14.00231 -2.96058
v 3.30553 13.88031 -2.81343
v 3.41555 13.80611 -2.58620
v 3.43294 13.79438 -2.32389
v 3.37500 14.08390 -2.15604
v 3.25317 14.16608 -2.01832
v 3.09387 14.27353 -1.95799
v 2.92864 14.38498 -1.98702
v 2.79021 14.47835 -2.09964
v 2.70601 14.53515 -2.27355
v 2.69270 14.54412 -2.47432
v 2.75293 14.50350 -2.66216
v 2.87476 14.42132 -2.79989
v 3.03406 14.31387 -2.86021
v 3.19929 14.20242 -2.83118
v 3.33771 14.10905 -2.71856
v 3.42192 14.05226 -2.54465
v 3.43523 14.04328 -2.34388
v 3.30988 14.29518 -2.27214
v 3.24394 14.33965 -2.19761
v 3.15773 14.39780 -2.16496
v 3.06831 14.45812 -2.18067
v 2.99339 14.50865 -2.24162
v 2.94782 14.53939 -2.33574
v 2.94062 14.54424 -2.44440
v 2.97321 14.52226 -2.54606
v 3.03914 14.47779 -2.62059
v 3.12536 14.41963 -2.65324
v 3.21478 14.35932 -2.63753
v 3.28970 14.30879 -2.57658
v 3.33527 14.27805 -2.48246
v 3.34247 14.27319 -2.37381
v 3.16879 14.44911 -2.40910
v 5.73322 11.94739 -1.26438
v 5.97423 12.19305 -1.30987
v 6.27102 12.32023 -1.43731
v 6.56481 12.30374 -1.62147
v 6.79742 12.14684 -1.82587
v 6.92276 11.88062 -2.01003
v 6.91603 11.55780 -2.13748
v 6.77854 11.24232 -2.18296
v 6.53753 10.99666 -2.13748
v 6.24074 10.86948 -2.01003
v 5.94695 10.88597 -1.82587
v 5.71434 11.04287 -1.62147
v 5.58900 11.30909 -1.43731
v 5.59573 11.63191 -1.30987
v 4.78097 12.58970 -2.84105
v 5.02197 12.83535 -2.88653
v 5.31876 12.96253 -3.01397
v 5.61256 12.94604 -3.19813
v 5.84516 12.78915 -3.40254
v 5.97051 12.52293 -3.58670
v 5.96377 12.20010 -3.71414
v 5.82628 11.88462 -3.75962
v 5.58528 11.63896 -3.71414
v 5.28849 11.51178 -3.58670
v 4.99469 11.52827 -3.40254
v 4.76209 11.68517 -3.19813
v 4.63674 11.95139 -3.01397
v 4.64348 12.27421 -2.88653
v 6.25588 11.59485 -1.72367
v 5.30363 12.23716 -3.30033
v 5.81971 10.94821 -1.72367
v 6.05807 10.85905 -1.55676
v 5.97771 10.91325 -1.46592
v 5.87263 10.98413 -1.42613
v 5.76365 11.05763 -1.44527
v 5.67235 11.11922 -1.51956
v 5.61681 11.15668 -1.63427
v 5.60803 11.16260 -1.76669
v 5.64776 11.13581 -1.89059
v 5.72811 11.08161 -1.98143
v 5.83319 11.01073 -2.02122
v 5.94217 10.93722 -2.00207
v 6.03347 10.87564 -1.92779
v 6.08901 10.83818 -1.81308
v 6.09779 10.83226 -1.68066
v 6.32654 10.88191 -1.41525
v 6.17806 10.98207 -1.24740
v 5.98390 11.11302 -1.17388
v 5.78253 11.24885 -1.20926
v 5.61383 11.36264 -1.34652
v 5.51120 11.43186 -1.55848
v 5.49498 11.44280 -1.80315
v 5.56838 11.39330 -2.03209
v 5.71686 11.29314 -2.19994
v 5.91102 11.16219 -2.27346
v 6.11239 11.02636 -2.23809
v 6.28109 10.91257 -2.10083
v 6.38372 10.84334 -1.88887
v 6.39994 10.83240 -1.64419
v 6.58425 11.01332 -1.32070
v 6.39025 11.14417 -1.10140
v 6.13658 11.31528 -1.00534
v 5.87348 11.49274 -1.05156
v 5.65305 11.64142 -1.23089
v 5.51897 11.73186 -1.50783
v 5.49777 11.74616 -1.82752
v 5.59368 11.68147 -2.12664
v 5.78768 11.55061 -2.34595
v 6.04135 11.37951 -2.44201
v 6.30445 11.20204 -2.39579
v 6.52488 11.05337 -2.21645
v 6.65896 10.96292 -1.93951
v 6.68015 10.94863 -1.61982
v 6.79198 11.23325 -1.28750
v 6.58199 11.37489 -1.05013
v 6.30742 11.56009 -0.94615
v 6.02264 11.75218 -0.99618
v 5.78405 11.91311 -1.19029
v 5.63892 12.01100 -1.49005
v 5.61598 12.02647 -1.83608
v 5.71978 11.95646 -2.15984
v 5.92977 11.81482 -2.39722
v 6.20434 11.62962 -2.50119
v 6.48912 11.43753 -2.45117
v 6.72771 11.27660 -2.25705
v 6.87284 11.17871 -1.95729
v 6.89578 11.16324 -1.61127
v 6.91808 11.50824 -1.32070
v 6.72408 11.63909 -1.10140
v 6.47041 11.81020 -1.00534
v 6.20731 11.98767 -1.05156
v 5.98688 12.13634 -1.23089
v 5.85280 12.22679 -1.50783
v 5.83161 12.24108 -1.82752
v 5.92751 12.17639 -2.12664
v 6.12151 12.04554 -2.34595
v 6.37518 11.87443 -2.44201
v 6.63828 11.69697 -2.39579
v 6.85871 11.54829 -2.21645
v 6.99279 11.45785 -1.93951
v 7.01399 11.44355 -1.61982
v 6.94338 11.79641 -1.41525
v 6.79490 11.89657 -1.24740
v 6.60074 12.02752 -1.17388
v 6.39937 12.16335 -1.20926
v 6.23067 12.27714 -1.34652
v 6.12804 12.34636 -1.55848
v 6.11182 12.35730 -1.80315
v 6.18522 12.30780 -2.03209
v 6.33370 12.20764 -2.19994
v 6.52786 12.07669 -2.27346
v 6.72923 11.94086 -2.23809
v 6.89793 11.82707 -2.10083
v 7.00056 11.75784 -1.88887
v 7.01678 11.74691 -1.64419
v 6.86400 12.05390 -1.55676
v 6.78365 12.10810 -1.46592
v 6.67857 12.17898 -1.42613
v 6.56959 12.25249 -1.44527
v 6.47829 12.31407 -1.51956
v 6.42275 12.35153 -1.63427
v 6.41397 12.35745 -1.76669
v 6.45369 12.33066 -1.89059
v 6.53405 12.27646 -1.98143
v 6.63913 12.20558 -2.02122
v 6.74811 12.13208 -2.00207
v 6.83941 12.07049 -1.92779
v 6.89495 12.03303 -1.81308
v 6.90373 12.02711 -1.68066
v 6.69205 12.24150 -1.72367
v 4.86746 11.59051 -3.30033
v 5.10581 11.50135 -3.13342
v 5.02545 11.55555 -3.04258
v 4.92038 11.62643 -3.00279
v 4.81140 11.69994 -3.02193
v 4.72010 11.76152 -3.09622
v 4.66456 11.79898 -3.21093
v 4.65578 11.80491 -3.34335
v 4.69550 11.77811 -3.46725
v 4.77586 11.72391 -3.55809
v 4.88093 11.65304 -3.59788
v 4.98991 11.57953 -3.57873
v 5.08122 11.51794 -3.50445
v 5.13676 11.48048 -3.38974
v 5.14554 11.47456 -3.25732
v 5.37428 11.52422 -2.99192
v 5.22580 11.62437 -2.82406
v 5.03165 11.75533 -2.75055
v 4.83028 11.89115 -2.78592
v 4.66157 12.00495 -2.92318
v 4.55895 12.07417 -3.13514
v 4.54273 12.08511 -3.37982
v 4.61613 12.03560 -3.60875
v 4.76461 11.93545 -3.77660
v 4.95876 11.80449 -3.85012
v 5.16013 11.66866 -3.81475
v 5.32884 11.55487 -3.67749
v 5.43146 11.48565 -3.46553
v 5.44768 11.47471 -3.22085
v 5.63200 11.65562 -2.89737
v 5.43800 11.78647 -2.67806
v 5.18433 11.95758 -2.58200
v 4.92122 12.13505 -2.62822
v 4.70080 12.28372 -2.80756
v 4.56671 12.37417 -3.08449
v 4.54552 12.38846 -3.40418
v 4.64142 12.32377 -3.70330
v 4.83542 12.19292 -3.92261
v 5.08909 12.02181 -4.01867
v 5.35220 11.84435 -3.97245
v 5.57262 11.69567 -3.79311
v 5.70671 11.60523 -3.51617
v 5.72790 11.59093 -3.19649
v 5.83972 11.87556 -2.86416
v 5.62974 12.01719 -2.62679
v 5.35516 12.20239 -2.52282
v 5.07038 12.39448 -2.57284
v 4.83180 12.55541 -2.76695
v 4.68666 12.65330 -3.06671
v 4.66373 12.66878 -3.41274
v 4.76753 12.59876 -3.73650
v 4.97751 12.45712 -3.97388
v 5.25209 12.27192 -4.07785
v 5.53687 12.07983 -4.02783
v 5.77545 11.91891 -3.83371
v 5.92059 11.82101 -3.53396
v 5.94352 11.80554 -3.18793
v 5.96583 12.15054 -2.89737
v 5.77183 12.28140 -2.67806
v 5.51816 12.45250 -2.58200
v 5.25505 12.62997 -2.62822
v 5.03463 12.77865 -2.80756
v 4.90054 12.86909 -3.08449
v 4.87935 12.88338 -3.40418
v 4.97525 12.81870 -3.70330
v 5.16925 12.68784 -3.92261
v 5.42292 12.51674 -4.01867
v 5.68603 12.33927 -3.97245
v 5.90645 12.19059 -3.79311
v 6.04054 12.10015 -3.51617
v 6.06173 12.08586 -3.19649
v 5.99112 12.43872 -2.99192
v 5.84264 12.53887 -2.82406
v 5.64849 12.66983 -2.75055
v 5.44712 12.80565 -2.78592
v 5.27841 12.91945 -2.92318
v 5.17579 12.98867 -3.13514
v 5.15957 12.99961 -3.37982
v 5.23297 12.95010 -3.60875
v 5.38145 12.84995 -3.77660
v 5.57560 12.71899 -3.85012
v 5.77697 12.58316 -3.81475
v 5.94568 12.46937 -3.67749
v 6.04830 12.40015 -3.46553
v 6.06452 12.38921 -3.22085
v 5.91175 12.69621 -3.13342
v 5.83139 12.75041 -3.04258
v 5.72632 12.82128 -3.00279
v 5.61734 12.89479 -3.02193
v 5.52603 12.95637 -3.09622
v 5.47049 12.99384 -3.21093
v 5.46172 12.99976 -3.34335
v 5.50144 12.97296 -3.46725
v 5.58180 12.91876 -3.55809
v 5.68687 12.84789 -3.59788
v 5.79585 12.77438 -3.57873
v 5.88716 12.71279 -3.50445
v 5.94270 12.67533 -3.38974
v 5.95147 12.66941 -3.25732
v 5.73980 12.88381 -3.30033
v 4.85530 12.53956 -2.79521
v 5.07924 12.77580 -2.84523
v 5.34762 12.90535 -2.98539
v 5.60729 12.90256 -3.18793
v 5.80682 12.76797 -3.41274
v 5.90668 12.52826 -3.61528
v 5.88710 12.23089 -3.75544
v 5.75196 11.93476 -3.80546
v 5.52801 11.69852 -3.75544
v 5.25963 11.56897 -3.61528
v 4.99996 11.57176 -3.41274
v 4.80043 11.70634 -3.18793
v 4.70057 11.94606 -2.98539
v 4.72015 12.24343 -2.84523
v 4.23730 12.95640 -3.59327
v 4.46124 13.19264 -3.64329
v 4.72962 13.32219 -3.78345
v 4.98929 13.31940 -3.98599
v 5.18882 13.18482 -4.21080
v 5.28868 12.94510 -4.41334
v 5.26910 12.64773 -4.55350
v 5.13396 12.35160 -4.60352
v 4.91002 12.11536 -4.55350
v 4.64163 11.98581 -4.41334
v 4.38196 11.98860 -4.21080
v 4.18244 12.12319 -3.98599
v 4.08258 12.36290 -3.78345
v 4.10216 12.66027 -3.64329
v 5.30363 12.23716 -3.30033
v 4.68563 12.65400 -4.09839
v 4.88982 11.62367 -3.30033
v 5.11596 11.53909 -3.14198
v 5.03972 11.59051 -3.05580
v 4.94003 11.65775 -3.01805
v 4.83664 11.72749 -3.03621
v 4.75002 11.78591 -3.10669
v 4.69733 11.82146 -3.21552
v 4.68900 11.82707 -3.34114
v 4.72669 11.80165 -3.45869
v 4.80292 11.75023 -3.54487
v 4.90261 11.68299 -3.58262
v 5.00600 11.61325 -3.56446
v 5.09262 11.55483 -3.49398
v 5.14532 11.51928 -3.38515
v 5.15364 11.51367 -3.25952
v 5.37066 11.56078 -3.00773
v 5.22979 11.65579 -2.84849
v 5.04560 11.78004 -2.77874
v 4.85455 11.90890 -2.81230
v 4.69450 12.01685 -2.94252
v 4.59714 12.08253 -3.14361
v 4.58175 12.09291 -3.37574
v 4.65139 12.04594 -3.59294
v 4.79225 11.95092 -3.75218
v 4.97645 11.82668 -3.82193
v 5.16749 11.69782 -3.78837
v 5.32755 11.58986 -3.65815
v 5.42491 11.52419 -3.45706
v 5.44030 11.51381 -3.22493
v 5.61516 11.68544 -2.91803
v 5.43111 11.80959 -2.70997
v 5.19044 11.97192 -2.61884
v 4.94083 12.14028 -2.66269
v 4.73171 12.28134 -2.83283
v 4.60450 12.36714 -3.09556
v 4.58440 12.38070 -3.39886
v 4.67538 12.31933 -3.68264
v 4.85943 12.19519 -3.89070
v 5.10010 12.03286 -3.98183
v 5.34971 11.86449 -3.93798
v 5.55883 11.72344 -3.76784
v 5.68604 11.63763 -3.50511
v 5.70614 11.62407 -3.20181
v 5.81223 11.89410 -2.88653
v 5.61302 12.02847 -2.66133
v 5.35252 12.20418 -2.56269
v 5.08234 12.38641 -2.61015
v 4.85599 12.53909 -2.79431
v 4.71830 12.63196 -3.07869
v 4.69654 12.64664 -3.40698
v 4.79502 12.58022 -3.71414
v 4.99424 12.44584 -3.93934
v 5.25473 12.27014 -4.03798
v 5.52491 12.08790 -3.99052
v 5.75126 11.93523 -3.80636
v 5.88895 11.84235 -3.52198
v 5.91071 11.82767 -3.19369
v 5.93187 12.15499 -2.91803
v 5.74782 12.27913 -2.70997
v 5.50716 12.44146 -2.61884
v 5.25754 12.60982 -2.66269
v 5.04842 12.75088 -2.83283
v 4.92121 12.83668 -3.09556
v 4.90111 12.85024 -3.39886
v 4.99209 12.78887 -3.68264
v 5.17614 12.66473 -3.89070
v 5.41681 12.50240 -3.98183
v 5.66642 12.33404 -3.93798
v 5.87554 12.19298 -3.76784
v 6.00275 12.10718 -3.50511
v 6.02285 12.09362 -3.20181
v 5.95587 12.42838 -3.00773
v 5.81500 12.52340 -2.84849
v 5.63080 12.64764 -2.77874
v 5.43976 12.77650 -2.81230
v 5.27970 12.88446 -2.94252
v 5.18234 12.95013 -3.14361
v 5.16696 12.96051 -3.37574
v 5.23659 12.91354 -3.59294
v 5.37746 12.81852 -3.75218
v 5.56165 12.69428 -3.82193
v 5.75270 12.56542 -3.78837
v 5.91275 12.45746 -3.65815
v 6.01011 12.39179 -3.45706
v 6.02550 12.38141 -3.22493
v 5.88056 12.67266 -3.14198
v 5.80433 12.72409 -3.05580
v 5.70464 12.79133 -3.01805
v 5.60125 12.86107 -3.03621
v 5.51463 12.91949 -3.10669
v 5.46194 12.95503 -3.21552
v 5.45361 12.96065 -3.34114
v 5.49129 12.93523 -3.45869
v 5.56753 12.88381 -3.54487
v 5.66722 12.81657 -3.58262
v 5.77061 12.74683 -3.56446
v 5.85723 12.68840 -3.49398
v 5.90992 12.65286 -3.38515
v 5.91825 12.64724 -3.25952
v 5.71743 12.85065 -3.30033
v 4.27183 12.04051 -4.09839
v 4.49796 11.95593 -3.94004
v 4.42172 12.00735 -3.85386
v 4.32204 12.07459 -3.81611
v 4.21864 12.14433 -3.83427
v 4.13202 12.20276 -3.90475
v 4.07933 12.23830 -4.01358
v 4.07100 12.24392 -4.13920
v 4.10869 12.21850 -4.25675
v 4.18493 12.16707 -4.34293
v 4.28461 12.09983 -4.38068
v 4.38801 12.03010 -4.36252
v 4.47463 11.97167 -4.29204
v 4.52732 11.93613 -4.18321
v 4.53565 11.93051 -4.05758
v 4.75266 11.97762 -3.80579
v 4.61180 12.07264 -3.64655
v 4.42760 12.19688 -3.57680
v 4.23656 12.32574 -3.61036
v 4.07650 12.43370 -3.74058
v 3.97914 12.49937 -3.94167
v 3.96375 12.50975 -4.17380
v 4.03339 12.46278 -4.39100
v 4.17426 12.36776 -4.55024
v 4.35845 12.24352 -4.61999
v 4.54950 12.11466 -4.58643
v 4.70955 12.00670 -4.45621
v 4.80691 11.94103 -4.25512
v 4.82230 11.93065 -4.02299
v 4.99716 12.10229 -3.71609
v 4.81311 12.22643 -3.50803
v 4.57245 12.38876 -3.41690
v 4.32284 12.55713 -3.46075
v 4.11372 12.69818 -3.63089
v 3.98651 12.78398 -3.89362
v 3.96640 12.79754 -4.19692
v 4.05738 12.73617 -4.48070
v 4.24144 12.61203 -4.68876
v 4.48210 12.44970 -4.77989
v 4.73171 12.28134 -4.73604
v 4.94083 12.14028 -4.56590
v 5.06804 12.05448 -4.30316
v 5.08815 12.04092 -3.99987
v 5.19423 12.31094 -3.68459
v 4.99502 12.44532 -3.45939
v 4.73453 12.62102 -3.36075
v 4.46435 12.80326 -3.40821
v 4.23800 12.95593 -3.59237
v 4.10031 13.04881 -3.87675
v 4.07855 13.06349 -4.20504
v 4.17703 12.99706 -4.51220
v 4.37624 12.86269 -4.73740
v 4.63673 12.68698 -4.83604
v 4.90691 12.50475 -4.78858
v 5.13326 12.35207 -4.60442
v 5.27095 12.25920 -4.32004
v 5.29271 12.24452 -3.99175
v 5.31387 12.57183 -3.71609
v 5.12982 12.69597 -3.50803
v 4.88916 12.85830 -3.41690
v 4.63955 13.02667 -3.46075
v 4.43043 13.16772 -3.63089
v 4.30322 13.25353 -3.89362
v 4.28311 13.26709 -4.19692
v 4.37410 13.20572 -4.48070
v 4.55815 13.08157 -4.68876
v 4.79881 12.91924 -4.77989
v 5.04842 12.75088 -4.73604
v 5.25754 12.60983 -4.56590
v 5.38475 12.52402 -4.30316
v 5.40486 12.51046 -3.99987
v 5.33787 12.84522 -3.80579
v 5.19700 12.94024 -3.64655
v 5.01281 13.06448 -3.57680
v 4.82176 13.19334 -3.61036
v 4.66171 13.30130 -3.74058
v 4.56435 13.36697 -3.94167
v 4.54896 13.37735 -4.17380
v 4.61859 13.33038 -4.39100
v 4.75946 13.23537 -4.55024
v 4.94366 13.11112 -4.61999
v 5.13470 12.98226 -4.58643
v 5.29476 12.87431 -4.45621
v 5.39212 12.80863 -4.25512
v 5.40751 12.79825 -4.02299
v 5.26257 13.08951 -3.94004
v 5.18633 13.14093 -3.85386
v 5.08665 13.20817 -3.81611
v 4.98325 13.27791 -3.83427
v 4.89663 13.33634 -3.90475
v 4.84394 13.37188 -4.01358
v 4.83561 13.37749 -4.13920
v 4.87330 13.35207 -4.25675
v 4.94954 13.30065 -4.34293
v 5.04922 13.23341 -4.38068
v 5.15261 13.16367 -4.36252
v 5.23923 13.10525 -4.29204
v 5.29193 13.06971 -4.18321
v 5.30025 13.06409 -4.05758
v 5.09943 13.26749 -4.09839
f 1 2 10
f 1 10 9
f 2 3 11
f 2 11 10
f 3 4 12
f 3 12 11
f 4 5 13
f 4 13 12
f 5 6 14
f 5 14 13
f 6 7 15
f 6 15 14
f 7 8 16
f 7 16 15
f 8 1 9
f 8 9 16
f 9 10 18
f 9 18 17
f 10 11 19
f 10 19 18
f 11 12 20
f 11 20 19
f 12 13 21
f 12 21 20
f 13 14 22
f 13 22 21
f 14 15 23
f 14 23 22
f 15 16 24
f 15 24 23
f 16 9 17
f 16 17 24
f 17 18 26
f 17 26 25
f 18 19 27
f 18 27 26
f 19 20 28
f 19 28 27
f 20 21 29
f 20 29 28
f 21 22 30
f 21 30 29
f 22 23 31
f 22 31 30
f 23 24 32
f 23 32 31
f 24 17 25
f 24 25 32
f 25 26 34
f 25 34 33
f 26 27 35
f 26 35 34
f 27 28 36
f 27 36 35
f 28 29 37
f 28 37 36
f 29 30 38
f 29 38 37
f 30 31 39
f 30 39 38
f 31 32 40
f 31 40 39
f 32 25 33
f 32 33 40
f 33 34 42
f 33 42 41
f 34 35 43
f 34 43 42
f 35 36 44
f 35 44 43
f 36 37 45
f 36 45 44
f 37 38 46
f 37 46 45
f 38 39 47
f 38 47 46
f 39 40 48
f 39 48 47
f 40 33 41
f 40 41 48
f 41 42 50
f 41 50 49
f 42 43 51
f 42 51 50
f 43 44 52
f 43 52 51
f 44 45 53
f 44 53 52
f 45 46 54
f 45 54 53
f 46 47 55
f 46 55 54
f 47 48 56
f 47 56 55
f 48 41 49
f 48 49 56
f 49 50 58
f 49 58 57
f 50 51 59
f 50 59 58
f 51 52 60
f 51 60 59
f 52 53 61
f 52 61 60
f 53 54 62
f 53 62 61
f 54 55 63
f 54 63 62
f 55 56 64
f 55 64 63
f 56 49 57
f 56 57 64
f 57 58 66
f 57 66 65
f 58 59 67
f 58 67 66
f 59 60 68
f 59 68 67
f 60 61 69
f 60 69 68
f 61 62 70
f 61 70 69
f 62 63 71
f 62 71 70
f 63 64 72
f 63 72 71
f 64 57 65
f 64 65 72
f 65 66 74
f 65 74 73
f 66 67 75
f 66 75 74
f 67 68 76
f 67 76 75
f 68 69 77
f 68 77 76
f 69 70 78
f 69 78 77
f 70 71 79
f 70 79 78
f 71 72 80
f 71 80 79
f 72 65 73
f 72 73 80
f 73 74 82
f 73 82 81
f 74 75 83
f 74 83 82
f 75 76 84
f 75 84 83
f 76 77 85
f 76 85 84
f 77 78 86
f 77 86 85
f 78 79 87
f 78 87 86
f 79 80 88
f 79 88 87
f 80 73 81
f 80 81 88
f 81 82 90
f 81 90 89
f 82 83 91
f 82 91 90
f 83 84 92
f 83 92 91
f 84 85 93
f 84 93 92
f 85 86 94
f 85 94 93
f 86 87 95
f 86 95 94
f 87 88 96
f 87 96 95
f 88 81 89
f 88 89 96
f 89 90 98
f 89 98 97
f 90 91 99
f 90 99 98
f 91 92 100
f 91 100 99
f 92 93 101
f 92 101 100
f 93 94 102
f 93 102 101
f 94 95 103
f 94 103 102
f 95 96 104
f 95 104 103
f 96 89 97
f 96 97 104
f 97 98 106
f 97 106 105
f 98 99 107
f 98 107 106
f 99 100 108
f 99 108 107
f 100 101 109
f 100 109 108
f 101 102 110
f 101 110 109
f 102 103 111
f 102 111 110
f 103 104 112
f 103 112 111
f 104 97 105
f 104 105 112
f 105 106 114
f 105 114 113
f 106 107 115
f 106 115 114
f 107 108 116
f 107 116 115
f 108 109 117
f 108 117 116
f 109 110 118
f 109 118 117
f 110 111 119
f 110 119 118
f 111 112 120
f 111 120 119
f 112 105 113
f 112 113 120
f 113 114 122
f 113 122 121
f 114 115 123
f 114 123 122
f 115 116 124
f 115 124 123
f 116 117 125
f 116 125 124
f 117 118 126
f 117 126 125
f 118 119 127
f 118 127 126
f 119 120 128
f 119 128 127
f 120 113 121
f 120 121 128
f 121 122 130
f 121 130 129
f 122 123 131
f 122 131 130
f 123 124 132
f 123 132 131
f 124 125 133
f 124 133 132
f 125 126 134
f 125 134 133
f 126 127 135
f 126 135 134
f 127 128 136
f 127 136 135
f 128 121 129
f 128 129 136
f 129 130 138
f 129 138 137
f 130 131 139
f 130 139 138
f 131 132 140
f 131 140 139
f 132 133 141
f 132 141 140
f 133 134 142
f 133 142 141
f 134 135 143
f 134 143 142
f 135 136 144
f 135 144 143
f 136 129 137
f 136 137 144
f 137 138 146
f 137 146 145
f 138 139 147
f 138 147 146
f 139 140 148
f 139 148 147
f 140 141 149
f 140 149 148
f 141 142 150
f 141 150 149
f 142 143 151
f 142 151 150
f 143 144 152
f 143 152 151
f 144 137 145
f 144 145 152
f 145 146 154
f 145 154 153
f 146 147 155
f 146 155 154
f 147 148 156
f 147 156 155
f 148 149 157
f 148 157 156
f 149 150 158
f 149 158 157
f 150 151 159
f 150 159 158
f 151 152 160
f 151 160 159
f 152 145 153
f 152 153 160
f 153 154 162
f 153 162 161
f 154 155 163
f 154 163 162
f 155 156 164
f 155 164 163
f 156 157 165
f 156 165 164
f 157 158 166
f 157 166 165
f 158 159 167
f 158 167 166
f 159 160 168
f 159 168 167
f 160 153 161
f 160 161 168
f 161 162 170
f 161 170 169
f 162 163 171
f 162 171 170
f 163 164 172
f 163 172 171
f 164 165 173
f 164 173 172
f 165 166 174
f 165 174 173
f 166 167 175
f 166 175 174
f 167 168 176
f 167 176 175
f 168 161 169
f 168 169 176
f 169 170 178
f 169 178 177
f 170 171 179
f 170 179 178
f 171 172 180
f 171 180 179
f 172 173 181
f 172 181 180
f 173 174 182
f 173 182 181
f 174 175 183
f 174 183 182
f 175 176 184
f 175 184 183
f 176 169 177
f 176 177 184
f 177 178 186
f 177 186 185
f 178 179 187
f 178 187 186
f 179 180 188
f 179 188 187
f 180 181 189
f 180 189 188
f 181 182 190
f 181 190 189
f 182 183 191
f 182 191 190
f 183 184 192
f 183 192 191
f 184 177 185
f 184 185 192
f 185 186 194
f 185 194 193
f 186 187 195
f 186 195 194
f 187 188 196
f 187 196 195
f 188 189 197
f 188 197 196
f 189 190 198
f 189 198 197
f 190 191 199
f 190 199 198
f 191 192 200
f 191 200 199
f 192 185 193
f 192 193 200
f 193 194 202
f 193 202 201
f 194 195 203
f 194 203 202
f 195 196 204
f 195 204 203
f 196 197 205
f 196 205 204
f 197 198 206
f 197 206 205
f 198 199 207
f 198 207 206
f 199 200 208
f 199 208 207
f 200 193 201
f 200 201 208
f 201 202 210
f 201 210 209
f 202 203 211
f 202 211 210
f 203 204 212
f 203 212 211
f 204 205 213
f 204 213 212
f 205 206 214
f 205 214 213
f 206 207 215
f 206 215 214
f 207 208 216
f 207 216 215
f 208 201 209
f 208 209 216
f 209 210 218
f 209 218 217
f 210 211 219
f 210 219 218
f 211 212 220
f 211 220 219
f 212 213 221
f 212 221 220
f 213 214 222
f 213 222 221
f 214 215 223
f 214 223 222
f 215 216 224
f 215 224 223
f 216 209 217
f 216 217 224
f 217 218 226
f 217 226 225
f 218 219 227
f 218 227 226
f 219 220 228
f 219 228 227
f 220 221 229
f 220 229 228
f 221 222 230
f 221 230 229
f 222 223 231
f 222 231 230
f 223 224 232
f 223 232 231
f 224 217 225
f 224 225 232
f 225 226 234
f 225 234 233
f 226 227 235
f 226 235 234
f 227 228 236
f 227 236 235
f 228 229 237
f 228 237 236
f 229 230 238
f 229 238 237
f 230 231 239
f 230 239 238
f 231 232 240
f 231 240 239
f 232 225 233
f 232 233 240
f 233 234 242
f 233 242 241
f 234 235 243
f 234 243 242
f 235 236 244
f 235 244 243
f 236 237 245
f 236 245 244
f 237 238 246
f 237 246 245
f 238 239 247
f 238 247 246
f 239 240 248
f 239 248 247
f 240 233 241
f 240 241 248
f 241 242 250
f 241 250 249
f 242 243 251
f 242 251 250
f 243 244 252
f 243 252 251
f 244 245 253
f 244 253 252
f 245 246 254
f 245 254 253
f 246 247 255
f 246 255 254
f 247 248 256
f 247 256 255
f 248 241 249
f 248 249 256
f 249 250 258
f 249 258 257
f 250 251 259
f 250 259 258
f 251 252 260
f 251 260 259
f 252 253 261
f 252 261 260
f 253 254 262
f 253 262 261
f 254 255 263
f 254 263 262
f 255 256 264
f 255 264 263
f 256 249 257
f 256 257 264
f 257 258 266
f 257 266 265
f 258 259 267
f 258 267 266
f 259 260 268
f 259 268 267
f 260 261 269
f 260 269 268
f 261 262 270
f 261 270 269
f 262 263 271
f 262 271 270
f 263 264 272
f 263 272 271
f 264 257 265
f 264 265 272
f 265 266 274
f 265 274 273
f 266 267 275
f 266 275 274
f 267 268 276
f 267 276 275
f 268 269 277
f 268 277 276
f 269 270 278
f 269 278 277
f 270 271 279
f 270 279 278
f 271 272 280
f 271 280 279
f 272 265 273
f 272 273 280
f 273 274 282
f 273 282 281
f 274 275 283
f 274 283 282
f 275 276 284
f 275 284 283
f 276 277 285
f 276 285 284
f 277 278 286
f 277 286 285
f 278 279 287
f 278 287 286
f 279 280 288
f 279 288 287
f 280 273 281
f 280 281 288
f 281 282 290
f 281 290 289
f 282 283 291
f 282 291 290
f 283 284 292
f 283 292 291
f 284 285 293
f 284 293 292
f 285 286 294
f 285 294 293
f 286 287 295
f 286 295 294
f 287 288 296
f 287 296 295
f 288 281 289
f 288 289 296
f 289 290 298
f 289 298 297
f 290 291 299
f 290 299 298
f 291 292 300
f 291 300 299
f 292 293 301
f 292 301 300
f 293 294 302
f 293 302 301
f 294 295 303
f 294 303 302
f 295 296 304
f 295 304 303
f 296 289 297
f 296 297 304
f 297 298 306
f 297 306 305
f 298 299 307
f 298 307 306
f 299 300 308
f 299 308 307
f 300 301 309
f 300 309 308
f 301 302 310
f 301 310 309
f 302 303 311
f 302 311 310
f 303 304 312
f 303 312 311
f 304 297 305
f 304 305 312
f 305 306 314
f 305 314 313
f 306 307 315
f 306 315 314
f 307 308 316
f 307 316 315
f 308 309 317
f 308 317 316
f 309 310 318
f 309 318 317
f 310 311 319
f 310 319 318
f 311 312 320
f 311 320 319
f 312 305 313
f 312 313 320
f 313 314 322
f 313 322 321
f 314 315 323
f 314 323 322
f 315 316 324
f 315 324 323
f 316 317 325
f 316 325 324
f 317 318 326
f 317 326 325
f 318 319 327
f 318 327 326
f 319 320 328
f 319 328 327
f 320 313 321
f 320 321 328
f 321 322 330
f 321 330 329
f 322 323 331
f 322 331 330
f 323 324 332
f 323 332 331
f 324 325 333
f 324 333 332
f 325 326 334
f 325 334 333
f 326 327 335
f 326 335 334
f 327 328 336
f 327 336 335
f 328 321 329
f 328 329 336
f 329 330 338
f 329 338 337
f 330 331 339
f 330 339 338
f 331 332 340
f 331 340 339
f 332 333 341
f 332 341 340
f 333 334 342
f 333 342 341
f 334 335 343
f 334 343 342
f 335 336 344
f 335 344 343
f 336 329 337
f 336 337 344
f 337 338 346
f 337 346 345
f 338 339 347
f 338 347 346
f 339 340 348
f 339 348 347
f 340 341 349
f 340 349 348
f 341 342 350
f 341 350 349
f 342 343 351
f 342 351 350
f 343 344 352
f 343 352 351
f 344 337 345
f 344 345 352
f 345 346 354
f 345 354 353
f 346 347 355
f 346 355 354
f 347 348 356
f 347 356 355
f 348 349 357
f 348 357 356
f 349 350 358
f 349 358 357
f 350 351 359
f 350 359 358
f 351 352 360
f 351 360 359
f 352 345 353
f 352 353 360
f 353 354 362
f 353 362 361
f 354 355 363
f 354 363 362
f 355 356 364
f 355 364 363
f 356 357 365
f 356 365 364
f 357 358 366
f 357 366 365
f 358 359 367
f 358 367 366
f 359 360 368
f 359 368 367
f 360 353 361
f 360 361 368
f 361 362 370
f 361 370 369
f 362 363 371
f 362 371 370
f 363 364 372
f 363 372 371
f 364 365 373
f 364 373 372
f 365 366 374
f 365 374 373
f 366 367 375
f 366 375 374
f 367 368 376
f 367 376 375
f 368 361 369
f 368 369 376
f 369 370 378
f 369 378 377
f 370 371 379
f 370 379 378
f 371 372 380
f 371 380 379
f 372 373 381
f 372 381 380
f 373 374 382
f 373 382 381
f 374 375 383
f 374 383 382
f 375 376 384
f 375 384 383
f 376 369 377
f 376 377 384
f 377 378 386
f 377 386 385
f 378 379 387
f 378 387 386
f 379 380 388
f 379 388 387
f 380 381 389
f 380 389 388
f 381 382 390
f 381 390 389
f 382 383 391
f 382 391 390
f 383 384 392
f 383 392 391
f 384 377 385
f 384 385 392
f 385 386 394
f 385 394 393
f 386 387 395
f 386 395 394
f 387 388 396
f 387 396 395
f 388 389 397
f 388 397 396
f 389 390 398
f 389 398 397
f 390 391 399
f 390 399 398
f 391 392 400
f 391 400 399
f 392 385 393
f 392 393 400
f 393 394 402
f 393 402 401
f 394 395 403
f 394 403 402
f 395 396 404
f 395 404 403
f 396 397 405
f 396 405 404
f 397 398 406
f 397 406 405
f 398 399 407
f 398 407 406
f 399 400 408
f 399 408 407
f 400 393 401
f 400 401 408
f 401 402 410
f 401 410 409
f 402 403 411
f 402 411 410
f 403 404 412
f 403 412 411
f 404 405 413
f 404 413 412
f 405 406 414
f 405 414 413
f 406 407 415
f 406 415 414
f 407 408 416
f 407 416 415
f 408 401 409
f 408 409 416
f 409 410 418
f 409 418 417
f 410 411 419
f 410 419 418
f 411 412 420
f 411 420 419
f 412 413 421
f 412 421 420
f 413 414 422
f 413 422 421
f 414 415 423
f 414 423 422
f 415 416 424
f 415 424 423
f 416 409 417
f 416 417 424
f 417 418 426
f 417 426 425
f 418 419 427
f 418 427 426
f 419 420 428
f 419 428 427
f 420 421 429
f 420 429 428
f 421 422 430
f 421 430 429
f 422 423 431
f 422 431 430
f 423 424 432
f 423 432 431
f 424 417 425
f 424 425 432
f 425 426 434
f 425 434 433
f 426 427 435
f 426 435 434
f 427 428 436
f 427 436 435
f 428 429 437
f 428 437 436
f 429 430 438
f 429 438 437
f 430 431 439
f 430 439 438
f 431 432 440
f 431 440 439
f 432 425 433
f 432 433 440
f 433 434 442
f 433 442 441
f 434 435 443
f 434 443 442
f 435 436 444
f 435 444 443
f 436 437 445
f 436 445 444
f 437 438 446
f 437 446 445
f 438 439 447
f 438 447 446
f 439 440 448
f 439 448 447
f 440 433 441
f 440 441 448
f 441 442 450
f 441 450 449
f 442 443 451
f 442 451 450
f 443 444 452
f 443 452 451
f 444 445 453
f 444 453 452
f 445 446 454
f 445 454 453
f 446 447 455
f 446 455 454
f 447 448 456
f 447 456 455
f 448 441 449
f 448 449 456
f 449 450 458
f 449 458 457
f 450 451 459
f 450 459 458
f 451 452 460
f 451 460 459
f 452 453 461
f 452 461 460
f 453 454 462
f 453 462 461
f 454 455 463
f 454 463 462
f 455 456 464
f 455 464 463
f 456 449 457
f 456 457 464
f 457 458 466
f 457 466 465
f 458 459 467
f 458 467 466
f 459 460 468
f 459 468 467
f 460 461 469
f 460 469 468
f 461 462 470
f 461 470 469
f 462 463 471
f 462 471 470
f 463 464 472
f 463 472 471
f 464 457 465
f 464 465 472
f 465 466 474
f 465 474 473
f 466 467 475
f 466 475 474
f 467 468 476
f 467 476 475
f 468 469 477
f 468 477 476
f 469 470 478
f 469 478 477
f 470 471 479
f 470 479 478
f 471 472 480
f 471 480 479
f 472 465 473
f 472 473 480
f 473 474 482
f 473 482 481
f 474 475 483
f 474 483 482
f 475 476 484
f 475 484 483
f 476 477 485
f 476 485 484
f 477 478 486
f 477 486 485
f 478 479 487
f 478 487 486
f 479 480 488
f 479 488 487
f 480 473 481
f 480 481 488
f 481 482 490
f 481 490 489
f 482 483 491
f 482 491 490
f 483 484 492
f 483 492 491
f 484 485 493
f 484 493 492
f 485 486 494
f 485 494 493
f 486 487 495
f 486 495 494
f 487 488 496
f 487 496 495
f 488 481 489
f 488 489 496
f 489 490 498
f 489 498 497
f 490 491 499
f 490 499 498
f 491 492 500
f 491 500 499
f 492 493 501
f 492 501 500
f 493 494 502
f 493 502 501
f 494 495 503
f 494 503 502
f 495 496 504
f 495 504 503
f 496 489 497
f 496 497 504
f 497 498 506
f 497 506 505
f 498 499 507
f 498 507 506
f 499 500 508
f 499 508 507
f 500 501 509
f 500 509 508
f 501 502 510
f 501 510 509
f 502 503 511
f 502 511 510
f 503 504 512
f 503 512 511
f 504 497 505
f 504 505 512
f 505 506 514
f 505 514 513
f 506 507 515
f 506 515 514
f 507 508 516
f 507 516 515
f 508 509 517
f 508 517 516
f 509 510 518
f 509 518 517
f 510 511 519
f 510 519 518
f 511 512 520
f 511 520 519
f 512 505 513
f 512 513 520
f 513 514 522
f 513 522 521
f 514 515 523
f 514 523 522
f 515 516 524
f 515 524 523
f 516 517 525
f 516 525 524
f 517 518 526
f 517 526 525
f 518 519 527
f 518 527 526
f 519 520 528
f 519 528 527
f 520 513 521
f 520 521 528
f 521 522 530
f 521 530 529
f 522 523 531
f 522 531 530
f 523 524 532
f 523 532 531
f 524 525 533
f 524 533 532
f 525 526 534
f 525 534 533
f 526 527 535
f 526 535 534
f 527 528 536
f 527 536 535
f 528 521 529
f 528 529 536
f 529 530 538
f 529 538 537
f 530 531 539
f 530 539 538
f 531 532 540
f 531 540 539
f 532 533 541
f 532 541 540
f 533 534 542
f 533 542 541
f 534 535 543
f 534 543 542
f 535 536 544
f 535 544 543
f 536 529 537
f 536 537 544
f 537 538 546
f 537 546 545
f 538 539 547
f 538 547 546
f 539 540 548
f 539 548 547
f 540 541 549
f 540 549 548
f 541 542 550
f 541 550 549
f 542 543 551
f 542 551 550
f 543 544 552
f 543 552 551
f 544 537 545
f 544 545 552
f 545 546 554
f 545 554 553
f 546 547 555
f 546 555 554
f 547 548 556
f 547 556 555
f 548 549 557
f 548 557 556
f 549 550 558
f 549 558 557
f 550 551 559
f 550 559 558
f 551 552 560
f 551 560 559
f 552 545 553
f 552 553 560
f 553 554 562
f 553 562 561
f 554 555 563
f 554 563 562
f 555 556 564
f 555 564 563
f 556 557 565
f 556 565 564
f 557 558 566
f 557 566 565
f 558 559 567
f 558 567 566
f 559 560 568
f 559 568 567
f 560 553 561
f 560 561 568
f 561 562 570
f 561 570 569
f 562 563 571
f 562 571 570
f 563 564 572
f 563 572 571
f 564 565 573
f 564 573 572
f 565 566 574
f 565 574 573
f 566 567 575
f 566 575 574
f 567 568 576
f 567 576 575
f 568 561 569
f 568 569 576
f 569 570 578
f 569 578 577
f 570 571 579
f 570 579 578
f 571 572 580
f 571 580 579
f 572 573 581
f 572 581 580
f 573 574 582
f 573 582 581
f 574 575 583
f 574 583 582
f 575 576 584
f 575 584 583
f 576 569 577
f 576 577 584
f 585 2 1
f 586 577 578
f 585 3 2
f 586 578 579
f 585 4 3
f 586 579 580
f 585 5 4
f 586 580 581
f 585 6 5
f 586 581 582
f 585 7 6
f 586 582 583
f 585 8 7
f 586 583 584
f 585 1 8
f 586 584 577
f 587 589 588
f 593 594 595
f 587 590 589
f 593 595 596
f 587 591 590
f 593 596 597
f 587 592 591
f 593 597 598
f 587 588 594
f 587 594 593
f 588 589 595
f 588 595 594
f 589 590 596
f 589 596 595
f 590 591 597
f 590 597 596
f 591 592 598
f 591 598 597
f 592 587 593
f 592 593 598
f 599 600 614
f 599 614 613
f 627 600 599
f 628 613 614
f 600 601 615
f 600 615 614
f 627 601 600
f 628 614 615
f 601 602 616
f 601 616 615
f 627 602 601
f 628 615 616
f 602 603 617
f 602 617 616
f 627 603 602
f 628 616 617
f 603 604 618
f 603 618 617
f 627 604 603
f 628 617 618
f 604 605 619
f 604 619 618
f 627 605 604
f 628 618 619
f 605 606 620
f 605 620 619
f 627 606 605
f 628 619 620
f 606 607 621
f 606 621 620
f 627 607 606
f 628 620 621
f 607 608 622
f 607 622 621
f 627 608 607
f 628 621 622
f 608 609 623
f 608 623 622
f 627 609 608
f 628 622 623
f 609 610 624
f 609 624 623
f 627 610 609
f 628 623 624
f 610 611 625
f 610 625 624
f 627 611 610
f 628 624 625
f 611 612 626
f 611 626 625
f 627 612 611
f 628 625 626
f 612 599 613
f 612 613 626
f 627 599 612
f 628 626 613
f 629 631 630
f 629 632 631
f 629 633 632
f 629 634 633
f 629 635 634
f 629 636 635
f 629 637 636
f 629 638 637
f 629 639 638
f 629 640 639
f 629 641 640
f 629 642 641
f 629 643 642
f 629 630 643
f 630 631 645
f 630 645 644
f 631 632 646
f 631 646 645
f 632 633 647
f 632 647 646
f 633 634 648
f 633 648 647
f 634 635 649
f 634 649 648
f 635 636 650
f 635 650 649
f 636 637 651
f 636 651 650
f 637 638 652
f 637 652 651
f 638 639 653
f 638 653 652
f 639 640 654
f 639 654 653
f 640 641 655
f 640 655 654
f 641 642 656
f 641 656 655
f 642 643 657
f 642 657 656
f 643 630 644
f 643 644 657
f 644 645 659
f 644 659 658
f 645 646 660
f 645 660 659
f 646 647 661
f 646 661 660
f 647 648 662
f 647 662 661
f 648 649 663
f 648 663 662
f 649 650 664
f 649 664 663
f 650 651 665
f 650 665 664
f 651 652 666
f 651 666 665
f 652 653 667
f 652 667 666
f 653 654 668
f 653 668 667
f 654 655 669
f 654 669 668
f 655 656 670
f 655 670 669
f 656 657 671
f 656 671 670
f 657 644 658
f 657 658 671
f 658 659 673
f 658 673 672
f 659 660 674
f 659 674 673
f 660 661 675
f 660 675 674
f 661 662 676
f 661 676 675
f 662 663 677
f 662 677 676
f 663 664 678
f 663 678 677
f 664 665 679
f 664 679 678
f 665 666 680
f 665 680 679
f 666 667 681
f 666 681 680
f 667 668 682
f 667 682 681
f 668 669 683
f 668 683 682
f 669 670 684
f 669 684 683
f 670 671 685
f 670 685 684
f 671 658 672
f 671 672 685
f 672 673 687
f 672 687 686
f 673 674 688
f 673 688 687
f 674 675 689
f 674 689 688
f 675 676 690
f 675 690 689
f 676 677 691
f 676 691 690
f 677 678 692
f 677 692 691
f 678 679 693
f 678 693 692
f 679 680 694
f 679 694 693
f 680 681 695
f 680 695 694
f 681 682 696
f 681 696 695
f 682 683 697
f 682 697 696
f 683 684 698
f 683 698 697
f 684 685 699
f 684 699 698
f 685 672 686
f 685 686 699
f 686 687 701
f 686 701 700
f 687 688 702
f 687 702 701
f 688 689 703
f 688 703 702
f 689 690 704
f 689 704 703
f 690 691 705
f 690 705 704
f 691 692 706
f 691 706 705
f 692 693 707
f 692 707 706
f 693 694 708
f 693 708 707
f 694 695 709
f 694 709 708
f 695 696 710
f 695 710 709
f 696 697 711
f 696 711 710
f 697 698 712
f 697 712 711
f 698 699 713
f 698 713 712
f 699 686 700
f 699 700 713
f 700 701 715
f 700 715 714
f 701 702 716
f 701 716 715
f 702 703 717
f 702 717 716
f 703 704 718
f 703 718 717
f 704 705 719
f 704 719 718
f 705 706 720
f 705 720 719
f 706 707 721
f 706 721 720
f 707 708 722
f 707 722 721
f 708 709 723
f 708 723 722
f 709 710 724
f 709 724 723
f 710 711 725
f 710 725 724
f 711 712 726
f 711 726 725
f 712 713 727
f 712 727 726
f 713 700 714
f 713 714 727
f 714 715 728
f 715 716 728
f 716 717 728
f 717 718 728
f 718 719 728
f 719 720 728
f 720 721 728
f 721 722 728
f 722 723 728
f 723 724 728
f 724 725 728
f 725 726 728
f 726 727 728
f 727 714 728
f 729 731 730
f 729 732 731
f 729 733 732
f 729 734 733
f 729 735 734
f 729 736 735
f 729 737 736
f 729 738 737
f 729 739 738
f 729 740 739
f 729 741 740
f 729 742 741
f 729 743 742
f 729 730 743
f 730 731 745
f 730 745 744
f 731 732 746
f 731 746 745
f 732 733 747
f 732 747 746
f 733 734 748
f 733 748 747
f 734 735 749
f 734 749 748
f 735 736 750
f 735 750 749
f 736 737 751
f 736 751 750
f 737 738 752
f 737 752 751
f 738 739 753
f 738 753 752
f 739 740 754
f 739 754 753
f 740 741 755
f 740 755 754
f 741 742 756
f 741 756 755
f 742 743 757
f 742 757 756
f 743 730 744
f 743 744 757
f 744 745 759
f 744 759 758
f 745 746 760
f 745 760 759
f 746 747 761
f 746 761 760
f 747 748 762
f 747 762 761
f 748 749 763
f 748 763 762
f 749 750 764
f 749 764 763
f 750 751 765
f 750 765 764
f 751 752 766
f 751 766 765
f 752 753 767
f 752 767 766
f 753 754 768
f 753 768 767
f 754 755 769
f 754 769 768
f 755 756 770
f 755 770 769
f 756 757 771
f 756 771 770
f 757 744 758
f 757 758 771
f 758 759 773
f 758 773 772
f 759 760 774
f 759 774 773
f 760 761 775
f 760 775 774
f 761 762 776
f 761 776 775
f 762 763 777
f 762 777 776
f 763 764 778
f 763 778 777
f 764 765 779
f 764 779 778
f 765 766 780
f 765 780 779
f 766 767 781
f 766 781 780
f 767 768 782
f 767 782 781
f 768 769 783
f 768 783 782
f 769 770 784
f 769 784 783
f 770 771 785
f 770 785 784
f 771 758 772
f 771 772 785
f 772 773 787
f 772 787 786
f 773 774 788
f 773 788 787
f 774 775 789
f 774 789 788
f 775 776 790
f 775 790 789
f 776 777 791
f 776 791 790
f 777 778 792
f 777 792 791
f 778 779 793
f 778 793 792
f 779 780 794
f 779 794 793
f 780 781 795
f 780 795 794
f 781 782 796
f 781 796 795
f 782 783 797
f 782 797 796
f 783 784 798
f 783 798 797
f 784 785 799
f 784 799 798
f 785 772 786
f 785 786 799
f 786 787 801
f 786 801 800
f 787 788 802
f 787 802 801
f 788 789 803
f 788 803 802
f 789 790 804
f 789 804 803
f 790 791 805
f 790 805 804
f 791 792 806
f 791 806 805
f 792 793 807
f 792 807 806
f 793 794 808
f 793 808 807
f 794 795 809
f 794 809 808
f 795 796 810
f 795 810 809
f 796 797 811
f 796 811 810
f 797 798 812
f 797 812 811
f 798 799 813
f 798 813 812
f 799 786 800
f 799 800 813
f 800 801 815
f 800 815 814
f 801 802 816
f 801 816 815
f 802 803 817
f 802 817 816
f 803 804 818
f 803 818 817
f 804 805 819
f 804 819 818
f 805 806 820
f 805 820 819
f 806 807 821
f 806 821 820
f 807 808 822
f 807 822 821
f 808 809 823
f 808 823 822
f 809 810 824
f 809 824 823
f 810 811 825
f 810 825 824
f 811 812 826
f 811 826 825
f 812 813 827
f 812 827 826
f 813 800 814
f 813 814 827
f 814 815 828
f 815 816 828
f 816 817 828
f 817 818 828
f 818 819 828
f 819 820 828
f 820 821 828
f 821 822 828
f 822 823 828
f 823 824 828
f 824 825 828
f 825 826 828
f 826 827 828
f 827 814 828
f 829 830 844
f 829 844 843
f 857 830 829
f 858 843 844
f 830 831 845
f 830 845 844
f 857 831 830
f 858 844 845
f 831 832 846
f 831 846 845
f 857 832 831
f 858 845 846
f 832 833 847
f 832 847 846
f 857 833 832
f 858 846 847
f 833 834 848
f 833 848 847
f 857 834 833
f 858 847 848
f 834 835 849
f 834 849 848
f 857 835 834
f 858 848 849
f 835 836 850
f 835 850 849
f 857 836 835
f 858 849 850
f 836 837 851
f 836 851 850
f 857 837 836
f 858 850 851
f 837 838 852
f 837 852 851
f 857 838 837
f 858 851 852
f 838 839 853
f 838 853 852
f 857 839 838
f 858 852 853
f 839 840 854
f 839 854 853
f 857 840 839
f 858 853 854
f 840 841 855
f 840 855 854
f 857 841 840
f 858 854 855
f 841 842 856
f 841 856 855
f 857 842 841
f 858 855 856
f 842 829 843
f 842 843 856
f 857 829 842
f 858 856 843
f 859 861 860
f 859 862 861
f 859 863 862
f 859 864 863
f 859 865 864
f 859 866 865
f 859 867 866
f 859 868 867
f 859 869 868
f 859 870 869
f 859 871 870
f 859 872 871
f 859 873 872
f 859 860 873
f 860 861 875
f 860 875 874
f 861 862 876
f 861 876 875
f 862 863 877
f 862 877 876
f 863 864 878
f 863 878 877
f 864 865 879
f 864 879 878
f 865 866 880
f 865 880 879
f 866 867 881
f 866 881 880
f 867 868 882
f 867 882 881
f 868 869 883
f 868 883 882
f 869 870 884
f 869 884 883
f 870 871 885
f 870 885 884
f 871 872 886
f 871 886 885
f 872 873 887
f 872 887 886
f 873 860 874
f 873 874 887
f 874 875 889
f 874 889 888
f 875 876 890
f 875 890 889
f 876 877 891
f 876 891 890
f 877 878 892
f 877 892 891
f 878 879 893
f 878 893 892
f 879 880 894
f 879 894 893
f 880 881 895
f 880 895 894
f 881 882 896
f 881 896 895
f 882 883 897
f 882 897 896
f 883 884 898
f 883 898 897
f 884 885 899
f 884 899 898
f 885 886 900
f 885 900 899
f 886 887 901
f 886 901 900
f 887 874 888
f 887 888 901
f 888 889 903
f 888 903 902
f 889 890 904
f 889 904 903
f 890 891 905
f 890 905 904
f 891 892 906
f 891 906 905
f 892 893 907
f 892 907 906
f 893 894 908
f 893 908 907
f 894 895 909
f 894 909 908
f 895 896 910
f 895 910 909
f 896 897 911
f 896 911 910
f 897 898 912
f 897 912 911
f 898 899 913
f 898 913 912
f 899 900 914
f 899 914 913
f 900 901 915
f 900 915 914
f 901 888 902
f 901 902 915
f 902 903 917
f 902 917 916
f 903 904 918
f 903 918 917
f 904 905 919
f 904 919 918
f 905 906 920
f 905 920 919
f 906 907 921
f 906 921 920
f 907 908 922
f 907 922 921
f 908 909 923
f 908 923 922
f 909 910 924
f 909 924 923
f 910 911 925
f 910 925 924
f 911 912 926
f 911 926 925
f 912 913 927
f 912 927 926
f 913 914 928
f 913 928 927
f 914 915 929
f 914 929 928
f 915 902 916
f 915 916 929
f 916 917 931
f 916 931 930
f 917 918 932
f 917 932 931
f 918 919 933
f 918 933 932
f 919 920 934
f 919 934 933
f 920 921 935
f 920 935 934
f 921 922 936
f 921 936 935
f 922 923 937
f 922 937 936
f 923 924 938
f 923 938 937
f 924 925 939
f 924 939 938
f 925 926 940
f 925 940 939
f 926 927 941
f 926 941 940
f 927 928 942
f 927 942 941
f 928 929 943
f 928 943 942
f 929 916 930
f 929 930 943
f 930 931 945
f 930 945 944
f 931 932 946
f 931 946 945
f 932 933 947
f 932 947 946
f 933 934 948
f 933 948 947
f 934 935 949
f 934 949 948
f 935 936 950
f 935 950 949
f 936 937 951
f 936 951 950
f 937 938 952
f 937 952 951
f 938 939 953
f 938 953 952
f 939 940 954
f 939 954 953
f 940 941 955
f 940 955 954
f 941 942 956
f 941 956 955
f 942 943 957
f 942 957 956
f 943 930 944
f 943 944 957
f 944 945 958
f 945 946 958
f 946 947 958
f 947 948 958
f 948 949 958
f 949 950 958
f 950 951 958
f 951 952 958
f 952 953 958
f 953 954 958
f 954 955 958
f 955 956 958
f 956 957 958
f 957 944 958
f 959 961 960
f 959 962 961
f 959 963 962
f 959 964 963
f 959 965 964
f 959 966 965
f 959 967 966
f 959 968 967
f 959 969 968
f 959 970 969
f 959 971 970
f 959 972 971
f 959 973 972
f 959 960 973
f 960 961 975
f 960 975 974
f 961 962 976
f 961 976 975
f 962 963 977
f 962 977 976
f 963 964 978
f 963 978 977
f 964 965 979
f 964 979 978
f 965 966 980
f 965 980 979
f 966 967 981
f 966 981 980
f 967 968 982
f 967 982 981
f 968 969 983
f 968 983 982
f 969 970 984
f 969 984 983
f 970 971 985
f 970 985 984
f 971 972 986
f 971 986 985
f 972 973 987
f 972 987 986
f 973 960 974
f 973 974 987
f 974 975 989
f 974 989 988
f 975 976 990
f 975 990 989
f 976 977 991
f 976 991 990
f 977 978 992
f 977 992 991
f 978 979 993
f 978 993 992
f 979 980 994
f 979 994 993
f 980 981 995
f 980 995 994
f 981 982 996
f 981 996 995
f 982 983 997
f 982 997 996
f 983 984 998
f 983 998 997
f 984 985 999
f 984 999 998
f 985 986 1000
f 985 1000 999
f 986 987 1001
f 986 1001 1000
f 987 974 988
f 987 988 1001
f 988 989 1003
f 988 1003 1002
f 989 990 1004
f 989 1004 1003
f 990 991 1005
f 990 1005 1004
f 991 992 1006
f 991 1006 1005
f 992 993 1007
f 992 1007 1006
f 993 994 1008
f 993 1008 1007
f 994 995 1009
f 994 1009 1008
f 995 996 1010
f 995 1010 1009
f 996 997 1011
f 996 1011 1010
f 997 998 1012
f 997 1012 1011
f 998 999 1013
f 998 1013 1012
f 999 1000 1014
f 999 1014 1013
f 1000 1001 1015
f 1000 1015 1014
f 1001 988 1002
f 1001 1002 1015
f 1002 1003 1017
f 1002 1017 1016
f 1003 1004 1018
f 1003 1018 1017
f 1004 1005 1019
f 1004 1019 1018
f 1005 1006 1020
f 1005 1020 1019
f 1006 1007 1021
f 1006 1021 1020
f 1007 1008 1022
f 1007 1022 1021
f 1008 1009 1023
f 1008 1023 1022
f 1009 1010 1024
f 1009 1024 1023
f 1010 1011 1025
f 1010 1025 1024
f 1011 1012 1026
f 1011 1026 1025
f 1012 1013 1027
f 1012 1027 1026
f 1013 1014 1028
f 1013 1028 1027
f 1014 1015 1029
f 1014 1029 1028
f 1015 1002 1016
f 1015 1016 1029
f 1016 1017 1031
f 1016 1031 1030
f 1017 1018 1032
f 1017 1032 1031
f 1018 1019 1033
f 1018 1033 1032
f 1019 1020 1034
f 1019 1034 1033
f 1020 1021 1035
f 1020 1035 1034
f 1021 1022 1036
f 1021 1036 1035
f 1022 1023 1037
f 1022 1037 1036
f 1023 1024 1038
f 1023 1038 1037
f 1024 1025 1039
f 1024 1039 1038
f 1025 1026 1040
f 1025 1040 1039
f 1026 1027 1041
f 1026 1041 1040
f 1027 1028 1042
f 1027 1042 1041
f 1028 1029 1043
f 1028 1043 1042
f 1029 1016 1030
f 1029 1030 1043
f 1030 1031 1045
f 1030 1045 1044
f 1031 1032 1046
f 1031 1046 1045
f 1032 1033 1047
f 1032 1047 1046
f 1033 1034 1048
f 1033 1048 1047
f 1034 1035 1049
f 1034 1049 1048
f 1035 1036 1050
f 1035 1050 1049
f 1036 1037 1051
f 1036 1051 1050
f 1037 1038 1052
f 1037 1052 1051
f 1038 1039 1053
f 1038 1053 1052
f 1039 1040 1054
f 1039 1054 1053
f 1040 1041 1055
f 1040 1055 1054
f 1041 1042 1056
f 1041 1056 1055
f 1042 1043 1057
f 1042 1057 1056
f 1043 1030 1044
f 1043 1044 1057
f 1044 1045 1058
f 1045 1046 1058
f 1046 1047 1058
f 1047 1048 1058
f 1048 1049 1058
f 1049 1050 1058
f 1050 1051 1058
f 1051 1052 1058
f 1052 1053 1058
f 1053 1054 1058
f 1054 1055 1058
f 1055 1056 1058
f 1056 1057 1058
f 1057 1044 1058
f 1059 1060 1074
f 1059 1074 1073
f 1087 1060 1059
f 1088 1073 1074
f 1060 1061 1075
f 1060 1075 1074
f 1087 1061 1060
f 1088 1074 1075
f 1061 1062 1076
f 1061 1076 1075
f 1087 1062 1061
f 1088 1075 1076
f 1062 1063 1077
f 1062 1077 1076
f 1087 1063 1062
f 1088 1076 1077
f 1063 1064 1078
f 1063 1078 1077
f 1087 1064 1063
f 1088 1077 1078
f 1064 1065 1079
f 1064 1079 1078
f 1087 1065 1064
f 1088 1078 1079
f 1065 1066 1080
f 1065 1080 1079
f 1087 1066 1065
f 1088 1079 1080
f 1066 1067 1081
f 1066 1081 1080
f 1087 1067 1066
f 1088 1080 1081
f 1067 1068 1082
f 1067 1082 1081
f 1087 1068 1067
f 1088 1081 1082
f 1068 1069 1083
f 1068 1083 1082
f 1087 1069 1068
f 1088 1082 1083
f 1069 1070 1084
f 1069 1084 1083
f 1087 1070 1069
f 1088 1083 1084
f 1070 1071 1085
f 1070 1085 1084
f 1087 1071 1070
f 1088 1084 1085
f 1071 1072 1086
f 1071 1086 1085
f 1087 1072 1071
f 1088 1085 1086
f 1072 1059 1073
f 1072 1073 1086
f 1087 1059 1072
f 1088 1086 1073
f 1089 1091 1090
f 1089 1092 1091
f 1089 1093 1092
f 1089 1094 1093
f 1089 1095 1094
f 1089 1096 1095
f 1089 1097 1096
f 1089 1098 1097
f 1089 1099 1098
f 1089 1100 1099
f 1089 1101 1100
f 1089 1102 1101
f 1089 1103 1102
f 1089 1090 1103
f 1090 1091 1105
f 1090 1105 1104
f 1091 1092 1106
f 1091 1106 1105
f 1092 1093 1107
f 1092 1107 1106
f 1093 1094 1108
f 1093 1108 1107
f 1094 1095 1109
f 1094 1109 1108
f 1095 1096 1110
f 1095 1110 1109
f 1096 1097 1111
f 1096 1111 1110
f 1097 1098 1112
f 1097 1112 1111
f 1098 1099 1113
f 1098 1113 1112
f 1099 1100 1114
f 1099 1114 1113
f 1100 1101 1115
f 1100 1115 1114
f 1101 1102 1116
f 1101 1116 1115
f 1102 1103 1117
f 1102 1117 1116
f 1103 1090 1104
f 1103 1104 1117
f 1104 1105 1119
f 1104 1119 1118
f 1105 1106 1120
f 1105 1120 1119
f 1106 1107 1121
f 1106 1121 1120
f 1107 1108 1122
f 1107 1122 1121
f 1108 1109 1123
f 1108 1123 1122
f 1109 1110 1124
f 1109 1124 1123
f 1110 1111 1125
f 1110 1125 1124
f 1111 1112 1126
f 1111 1126 1125
f 1112 1113 1127
f 1112 1127 1126
f 1113 1114 1128
f 1113 1128 1127
f 1114 1115 1129
f 1114 1129 1128
f 1115 1116 1130
f 1115 1130 1129
f 1116 1117 1131
f 1116 1131 1130
f 1117 1104 1118
f 1117 1118 1131
f 1118 1119 1133
f 1118 1133 1132
f 1119 1120 1134
f 1119 1134 1133
f 1120 1121 1135
f 1120 1135 1134
f 1121 1122 1136
f 1121 1136 1135
f 1122 1123 1137
f 1122 1137 1136
f 1123 1124 1138
f 1123 1138 1137
f 1124 1125 1139
f 1124 1139 1138
f 1125 1126 1140
f 1125 1140 1139
f 1126 1127 1141
f 1126 1141 1140
f 1127 1128 1142
f 1127 1142 1141
f 1128 1129 1143
f 1128 1143 1142
f 1129 1130 1144
f 1129 1144 1143
f 1130 1131 1145
f 1130 1145 1144
f 1131 1118 1132
f 1131 1132 1145
f 1132 1133 1147
f 1132 1147 1146
f 1133 1134 1148
f 1133 1148 1147
f 1134 1135 1149
f 1134 1149 1148
f 1135 1136 1150
f 1135 1150 1149
f 1136 1137 1151
f 1136 1151 1150
f 1137 1138 1152
f 1137 1152 1151
f 1138 1139 1153
f 1138 1153 1152
f 1139 1140 1154
f 1139 1154 1153
f 1140 1141 1155
f 1140 1155 1154
f 1141 1142 1156
f 1141 1156 1155
f 1142 1143 1157
f 1142 1157 1156
f 1143 1144 1158
f 1143 1158 1157
f 1144 1145 1159
f 1144 1159 1158
f 1145 1132 1146
f 1145 1146 1159
f 1146 1147 1161
f 1146 1161 1160
f 1147 1148 1162
f 1147 1162 1161
f 1148 1149 1163
f 1148 1163 1162
f 1149 1150 1164
f 1149 1164 1163
f 1150 1151 1165
f 1150 1165 1164
f 1151 1152 1166
f 1151 1166 1165
f 1152 1153 1167
f 1152 1167 1166
f 1153 1154 1168
f 1153 1168 1167
f 1154 1155 1169
f 1154 1169 1168
f 1155 1156 1170
f 1155 1170 1169
f 1156 1157 1171
f 1156 1171 1170
f 1157 1158 1172
f 1157 1172 1171
f 1158 1159 1173
f 1158 1173 1172
f 1159 1146 1160
f 1159 1160 1173
f 1160 1161 1175
f 1160 1175 1174
f 1161 1162 1176
f 1161 1176 1175
f 1162 1163 1177
f 1162 1177 1176
f 1163 1164 1178
f 1163 1178 1177
f 1164 1165 1179
f 1164 1179 1178
f 1165 1166 1180
f 1165 1180 1179
f 1166 1167 1181
f 1166 1181 1180
f 1167 1168 1182
f 1167 1182 1181
f 1168 1169 1183
f 1168 1183 1182
f 1169 1170 1184
f 1169 1184 1183
f 1170 1171 1185
f 1170 1185 1184
f 1171 1172 1186
f 1171 1186 1185
f 1172 1173 1187
f 1172 1187 1186
f 1173 1160 1174
f 1173 1174 1187
f 1174 1175 1188
f 1175 1176 1188
f 1176 1177 1188
f 1177 1178 1188
f 1178 1179 1188
f 1179 1180 1188
f 1180 1181 1188
f 1181 1182 1188
f 1182 1183 1188
f 1183 1184 1188
f 1184 1185 1188
f 1185 1186 1188
f 1186 1187 1188
f 1187 1174 1188
f 1189 1191 1190
f 1189 1192 1191
f 1189 1193 1192
f 1189 1194 1193
f 1189 1195 1194
f 1189 1196 1195
f 1189 1197 1196
f 1189 1198 1197
f 1189 1199 1198
f 1189 1200 1199
f 1189 1201 1200
f 1189 1202 1201
f 1189 1203 1202
f 1189 1190 1203
f 1190 1191 1205
f 1190 1205 1204
f 1191 1192 1206
f 1191 1206 1205
f 1192 1193 1207
f 1192 1207 1206
f 1193 1194 1208
f 1193 1208 1207
f 1194 1195 1209
f 1194 1209 1208
f 1195 1196 1210
f 1195 1210 1209
f 1196 1197 1211
f 1196 1211 1210
f 1197 1198 1212
f 1197 1212 1211
f 1198 1199 1213
f 1198 1213 1212
f 1199 1200 1214
f 1199 1214 1213
f 1200 1201 1215
f 1200 1215 1214
f 1201 1202 1216
f 1201 1216 1215
f 1202 1203 1217
f 1202 1217 1216
f 1203 1190 1204
f 1203 1204 1217
f 1204 1205 1219
f 1204 1219 1218
f 1205 1206 1220
f 1205 1220 1219
f 1206 1207 1221
f 1206 1221 1220
f 1207 1208 1222
f 1207 1222 1221
f 1208 1209 1223
f 1208 1223 1222
f 1209 1210 1224
f 1209 1224 1223
f 1210 1211 1225
f 1210 1225 1224
f 1211 1212 1226
f 1211 1226 1225
f 1212 1213 1227
f 1212 1227 1226
f 1213 1214 1228
f 1213 1228 1227
f 1214 1215 1229
f 1214 1229 1228
f 1215 1216 1230
f 1215 1230 1229
f 1216 1217 1231
f 1216 1231 1230
f 1217 1204 1218
f 1217 1218 1231
f 1218 1219 1233
f 1218 1233 1232
f 1219 1220 1234
f 1219 1234 1233
f 1220 1221 1235
f 1220 1235 1234
f 1221 1222 1236
f 1221 1236 1235
f 1222 1223 1237
f 1222 1237 1236
f 1223 1224 1238
f 1223 1238 1237
f 1224 1225 1239
f 1224 1239 1238
f 1225 1226 1240
f 1225 1240 1239
f 1226 1227 1241
f 1226 1241 1240
f 1227 1228 1242
f 1227 1242 1241
f 1228 1229 1243
f 1228 1243 1242
f 1229 1230 1244
f 1229 1244 1243
f 1230 1231 1245
f 1230 1245 1244
f 1231 1218 1232
f 1231 1232 1245
f 1232 1233 1247
f 1232 1247 1246
f 1233 1234 1248
f 1233 1248 1247
f 1234 1235 1249
f 1234 1249 1248
f 1235 1236 1250
f 1235 1250 1249
f 1236 1237 1251
f 1236 1251 1250
f 1237 1238 1252
f 1237 1252 1251
f 1238 1239 1253
f 1238 1253 1252
f 1239 1240 1254
f 1239 1254 1253
f 1240 1241 1255
f 1240 1255 1254
f 1241 1242 1256
f 1241 1256 1255
f 1242 1243 1257
f 1242 1257 1256
f 1243 1244 1258
f 1243 1258 1257
f 1244 1245 1259
f 1244 1259 1258
f 1245 1232 1246
f 1245 1246 1259
f 1246 1247 1261
f 1246 1261 1260
f 1247 1248 1262
f 1247 1262 1261
f 1248 1249 1263
f 1248 1263 1262
f 1249 1250 1264
f 1249 1264 1263
f 1250 1251 1265
f 1250 1265 1264
f 1251 1252 1266
f 1251 1266 1265
f 1252 1253 1267
f 1252 1267 1266
f 1253 1254 1268
f 1253 1268 1267
f 1254 1255 1269
f 1254 1269 1268
f 1255 1256 1270
f 1255 1270 1269
f 1256 1257 1271
f 1256 1271 1270
f 1257 1258 1272
f 1257 1272 1271
f 1258 1259 1273
f 1258 1273 1272
f 1259 1246 1260
f 1259 1260 1273
f 1260 1261 1275
f 1260 1275 1274
f 1261 1262 1276
f 1261 1276 1275
f 1262 1263 1277
f 1262 1277 1276
f 1263 1264 1278
f 1263 1278 1277
f 1264 1265 1279
f 1264 1279 1278
f 1265 1266 1280
f 1265 1280 1279
f 1266 1267 1281
f 1266 1281 1280
f 1267 1268 1282
f 1267 1282 1281
f 1268 1269 1283
f 1268 1283 1282
f 1269 1270 1284
f 1269 1284 1283
f 1270 1271 1285
f 1270 1285 1284
f 1271 1272 1286
f 1271 1286 1285
f 1272 1273 1287
f 1272 1287 1286
f 1273 1260 1274
f 1273 1274 1287
f 1274 1275 1288
f 1275 1276 1288
f 1276 1277 1288
f 1277 1278 1288
f 1278 1279 1288
f 1279 1280 1288
f 1280 1281 1288
f 1281 1282 1288
f 1282 1283 1288
f 1283 1284 1288
f 1284 1285 1288
f 1285 1286 1288
f 1286 1287 1288
f 1287 1274 1288
f 1289 1290 1304
f 1289 1304 1303
f 1317 1290 1289
f 1318 1303 1304
f 1290 1291 1305
f 1290 1305 1304
f 1317 1291 1290
f 1318 1304 1305
f 1291 1292 1306
f 1291 1306 1305
f 1317 1292 1291
f 1318 1305 1306
f 1292 1293 1307
f 1292 1307 1306
f 1317 1293 1292
f 1318 1306 1307
f 1293 1294 1308
f 1293 1308 1307
f 1317 1294 1293
f 1318 1307 1308
f 1294 1295 1309
f 1294 1309 1308
f 1317 1295 1294
f 1318 1308 1309
f 1295 1296 1310
f 1295 1310 1309
f 1317 1296 1295
f 1318 1309 1310
f 1296 1297 1311
f 1296 1311 1310
f 1317 1297 1296
f 1318 1310 1311
f 1297 1298 1312
f 1297 1312 1311
f 1317 1298 1297
f 1318 1311 1312
f 1298 1299 1313
f 1298 1313 1312
f 1317 1299 1298
f 1318 1312 1313
f 1299 1300 1314
f 1299 1314 1313
f 1317 1300 1299
f 1318 1313 1314
f 1300 1301 1315
f 1300 1315 1314
f 1317 1301 1300
f 1318 1314 1315
f 1301 1302 1316
f 1301 1316 1315
f 1317 1302 1301
f 1318 1315 1316
f 1302 1289 1303
f 1302 1303 1316
f 1317 1289 1302
f 1318 1316 1303
f 1319 1321 1320
f 1319 1322 1321
f 1319 1323 1322
f 1319 1324 1323
f 1319 1325 1324
f 1319 1326 1325
f 1319 1327 1326
f 1319 1328 1327
f 1319 1329 1328
f 1319 1330 1329
f 1319 1331 1330
f 1319 1332 1331
f 1319 1333 1332
f 1319 1320 1333
f 1320 1321 1335
f 1320 1335 1334
f 1321 1322 1336
f 1321 1336 1335
f 1322 1323 1337
f 1322 1337 1336
f 1323 1324 1338
f 1323 1338 1337
f 1324 1325 1339
f 1324 1339 1338
f 1325 1326 1340
f 1325 1340 1339
f 1326 1327 1341
f 1326 1341 1340
f 1327 1328 1342
f 1327 1342 1341
f 1328 1329 1343
f 1328 1343 1342
f 1329 1330 1344
f 1329 1344 1343
f 1330 1331 1345
f 1330 1345 1344
f 1331 1332 1346
f 1331 1346 1345
f 1332 1333 1347
f 1332 1347 1346
f 1333 1320 1334
f 1333 1334 1347
f 1334 1335 1349
f 1334 1349 1348
f 1335 1336 1350
f 1335 1350 1349
f 1336 1337 1351
f 1336 1351 1350
f 1337 1338 1352
f 1337 1352 1351
f 1338 1339 1353
f 1338 1353 1352
f 1339 1340 1354
f 1339 1354 1353
f 1340 1341 1355
f 1340 1355 1354
f 1341 1342 1356
f 1341 1356 1355
f 1342 1343 1357
f 1342 1357 1356
f 1343 1344 1358
f 1343 1358 1357
f 1344 1345 1359
f 1344 1359 1358
f 1345 1346 1360
f 1345 1360 1359
f 1346 1347 1361
f 1346 1361 1360
f 1347 1334 1348
f 1347 1348 1361
f 1348 1349 1363
f 1348 1363 1362
f 1349 1350 1364
f 1349 1364 1363
f 1350 1351 1365
f 1350 1365 1364
f 1351 1352 1366
f 1351 1366 1365
f 1352 1353 1367
f 1352 1367 1366
f 1353 1354 1368
f 1353 1368 1367
f 1354 1355 1369
f 1354 1369 1368
f 1355 1356 1370
f 1355 1370 1369
f 1356 1357 1371
f 1356 1371 1370
f 1357 1358 1372
f 1357 1372 1371
f 1358 1359 1373
f 1358 1373 1372
f 1359 1360 1374
f 1359 1374 1373
f 1360 1361 1375
f 1360 1375 1374
f 1361 1348 1362
f 1361 1362 1375
f 1362 1363 1377
f 1362 1377 1376
f 1363 1364 1378
f 1363 1378 1377
f 1364 1365 1379
f 1364 1379 1378
f 1365 1366 1380
f 1365 1380 1379
f 1366 1367 1381
f 1366 1381 1380
f 1367 1368 1382
f 1367 1382 1381
f 1368 1369 1383
f 1368 1383 1382
f 1369 1370 1384
f 1369 1384 1383
f 1370 1371 1385
f 1370 1385 1384
f 1371 1372 1386
f 1371 1386 1385
f 1372 1373 1387
f 1372 1387 1386
f 1373 1374 1388
f 1373 1388 1387
f 1374 1375 1389
f 1374 1389 1388
f 1375 1362 1376
f 1375 1376 1389
f 1376 1377 1391
f 1376 1391 1390
f 1377 1378 1392
f 1377 1392 1391
f 1378 1379 1393
f 1378 1393 1392
f 1379 1380 1394
f 1379 1394 1393
f 1380 1381 1395
f 1380 1395 1394
f 1381 1382 1396
f 1381 1396 1395
f 1382 1383 1397
f 1382 1397 1396
f 1383 1384 1398
f 1383 1398 1397
f 1384 1385 1399
f 1384 1399 1398
f 1385 1386 1400
f 1385 1400 1399
f 1386 1387 1401
f 1386 1401 1400
f 1387 1388 1402
f 1387 1402 1401
f 1388 1389 1403
f 1388 1403 1402
f 1389 1376 1390
f 1389 1390 1403
f 1390 1391 1405
f 1390 1405 1404
f 1391 1392 1406
f 1391 1406 1405
f 1392 1393 1407
f 1392 1407 1406
f 1393 1394 1408
f 1393 1408 1407
f 1394 1395 1409
f 1394 1409 1408
f 1395 1396 1410
f 1395 1410 1409
f 1396 1397 1411
f 1396 1411 1410
f 1397 1398 1412
f 1397 1412 1411
f 1398 1399 1413
f 1398 1413 1412
f 1399 1400 1414
f 1399 1414 1413
f 1400 1401 1415
f 1400 1415 1414
f 1401 1402 1416
f 1401 1416 1415
f 1402 1403 1417
f 1402 1417 1416
f 1403 1390 1404
f 1403 1404 1417
f 1404 1405 1418
f 1405 1406 1418
f 1406 1407 1418
f 1407 1408 1418
f 1408 1409 1418
f 1409 1410 1418
f 1410 1411 1418
f 1411 1412 1418
f 1412 1413 1418
f 1413 1414 1418
f 1414 1415 1418
f 1415 1416 1418
f 1416 1417 1418
f 1417 1404 1418
f 1419 1421 1420
f 1419 1422 1421
f 1419 1423 1422
f 1419 1424 1423
f 1419 1425 1424
f 1419 1426 1425
f 1419 1427 1426
f 1419 1428 1427
f 1419 1429 1428
f 1419 1430 1429
f 1419 1431 1430
f 1419 1432 1431
f 1419 1433 1432
f 1419 1420 1433
f 1420 1421 1435
f 1420 1435 1434
f 1421 1422 1436
f 1421 1436 1435
f 1422 1423 1437
f 1422 1437 1436
f 1423 1424 1438
f 1423 1438 1437
f 1424 1425 1439
f 1424 1439 1438
f 1425 1426 1440
f 1425 1440 1439
f 1426 1427 1441
f 1426 1441 1440
f 1427 1428 1442
f 1427 1442 1441
f 1428 1429 1443
f 1428 1443 1442
f 1429 1430 1444
f 1429 1444 1443
f 1430 1431 1445
f 1430 1445 1444
f 1431 1432 1446
f 1431 1446 1445
f 1432 1433 1447
f 1432 1447 1446
f 1433 1420 1434
f 1433 1434 1447
f 1434 1435 1449
f 1434 1449 1448
f 1435 1436 1450
f 1435 1450 1449
f 1436 1437 1451
f 1436 1451 1450
f 1437 1438 1452
f 1437 1452 1451
f 1438 1439 1453
f 1438 1453 1452
f 1439 1440 1454
f 1439 1454 1453
f 1440 1441 1455
f 1440 1455 1454
f 1441 1442 1456
f 1441 1456 1455
f 1442 1443 1457
f 1442 1457 1456
f 1443 1444 1458
f 1443 1458 1457
f 1444 1445 1459
f 1444 1459 1458
f 1445 1446 1460
f 1445 1460 1459
f 1446 1447 1461
f 1446 1461 1460
f 1447 1434 1448
f 1447 1448 1461
f 1448 1449 1463
f 1448 1463 1462
f 1449 1450 1464
f 1449 1464 1463
f 1450 1451 1465
f 1450 1465 1464
f 1451 1452 1466
f 1451 1466 1465
f 1452 1453 1467
f 1452 1467 1466
f 1453 1454 1468
f 1453 1468 1467
f 1454 1455 1469
f 1454 1469 1468
f 1455 1456 1470
f 1455 1470 1469
f 1456 1457 1471
f 1456 1471 1470
f 1457 1458 1472
f 1457 1472 1471
f 1458 1459 1473
f 1458 1473 1472
f 1459 1460 1474
f 1459 1474 1473
f 1460 1461 1475
f 1460 1475 1474
f 1461 1448 1462
f 1461 1462 1475
f 1462 1463 1477
f 1462 1477 1476
f 1463 1464 1478
f 1463 1478 1477
f 1464 1465 1479
f 1464 1479 1478
f 1465 1466 1480
f 1465 1480 1479
f 1466 1467 1481
f 1466 1481 1480
f 1467 1468 1482
f 1467 1482 1481
f 1468 1469 1483
f 1468 1483 1482
f 1469 1470 1484
f 1469 1484 1483
f 1470 1471 1485
f 1470 1485 1484
f 1471 1472 1486
f 1471 1486 1485
f 1472 1473 1487
f 1472 1487 1486
f 1473 1474 1488
f 1473 1488 1487
f 1474 1475 1489
f 1474 1489 1488
f 1475 1462 1476
f 1475 1476 1489
f 1476 1477 1491
f 1476 1491 1490
f 1477 1478 1492
f 1477 1492 1491
f 1478 1479 1493
f 1478 1493 1492
f 1479 1480 1494
f 1479 1494 1493
f 1480 1481 1495
f 1480 1495 1494
f 1481 1482 1496
f 1481 1496 1495
f 1482 1483 1497
f 1482 1497 1496
f 1483 1484 1498
f 1483 1498 1497
f 1484 1485 1499
f 1484 1499 1498
f 1485 1486 1500
f 1485 1500 1499
f 1486 1487 1501
f 1486 1501 1500
f 1487 1488 1502
f 1487 1502 1501
f 1488 1489 1503
f 1488 1503 1502
f 1489 1476 1490
f 1489 1490 1503
f 1490 1491 1505
f 1490 1505 1504
f 1491 1492 1506
f 1491 1506 1505
f 1492 1493 1507
f 1492 1507 1506
f 1493 1494 1508
f 1493 1508 1507
f 1494 1495 1509
f 1494 1509 1508
f 1495 1496 1510
f 1495 1510 1509
f 1496 1497 1511
f 1496 1511 1510
f 1497 1498 1512
f 1497 1512 1511
f 1498 1499 1513
f 1498 1513 1512
f 1499 1500 1514
f 1499 1514 1513
f 1500 1501 1515
f 1500 1515 1514
f 1501 1502 1516
f 1501 1516 1515
f 1502 1503 1517
f 1502 1517 1516
f 1503 1490 1504
f 1503 1504 1517
f 1504 1505 1518
f 1505 1506 1518
f 1506 1507 1518
f 1507 1508 1518
f 1508 1509 1518
f 1509 1510 1518
f 1510 1511 1518
f 1511 1512 1518
f 1512 1513 1518
f 1513 1514 1518
f 1514 1515 1518
f 1515 1516 1518
f 1516 1517 1518
f 1517 1504 1518
f 1519 1520 1534
f 1519 1534 1533
f 1547 1520 1519
f 1548 1533 1534
f 1520 1521 1535
f 1520 1535 1534
f 1547 1521 1520
f 1548 1534 1535
f 1521 1522 1536
f 1521 1536 1535
f 1547 1522 1521
f 1548 1535 1536
f 1522 1523 1537
f 1522 1537 1536
f 1547 1523 1522
f 1548 1536 1537
f 1523 1524 1538
f 1523 1538 1537
f 1547 1524 1523
f 1548 1537 1538
f 1524 1525 1539
f 1524 1539 1538
f 1547 1525 1524
f 1548 1538 1539
f 1525 1526 1540
f 1525 1540 1539
f 1547 1526 1525
f 1548 1539 1540
f 1526 1527 1541
f 1526 1541 1540
f 1547 1527 1526
f 1548 1540 1541
f 1527 1528 1542
f 1527 1542 1541
f 1547 1528 1527
f 1548 1541 1542
f 1528 1529 1543
f 1528 1543 1542
f 1547 1529 1528
f 1548 1542 1543
f 1529 1530 1544
f 1529 1544 1543
f 1547 1530 1529
f 1548 1543 1544
f 1530 1531 1545
f 1530 1545 1544
f 1547 1531 1530
f 1548 1544 1545
f 1531 1532 1546
f 1531 1546 1545
f 1547 1532 1531
f 1548 1545 1546
f 1532 1519 1533
f 1532 1533 1546
f 1547 1519 1532
f 1548 1546 1533
f 1549 1551 1550
f 1549 1552 1551
f 1549 1553 1552
f 1549 1554 1553
f 1549 1555 1554
f 1549 1556 1555
f 1549 1557 1556
f 1549 1558 1557
f 1549 1559 1558
f 1549 1560 1559
f 1549 1561 1560
f 1549 1562 1561
f 1549 1563 1562
f 1549 1550 1563
f 1550 1551 1565
f 1550 1565 1564
f 1551 1552 1566
f 1551 1566 1565
f 1552 1553 1567
f 1552 1567 1566
f 1553 1554 1568
f 1553 1568 1567
f 1554 1555 1569
f 1554 1569 1568
f 1555 1556 1570
f 1555 1570 1569
f 1556 1557 1571
f 1556 1571 1570
f 1557 1558 1572
f 1557 1572 1571
f 1558 1559 1573
f 1558 1573 1572
f 1559 1560 1574
f 1559 1574 1573
f 1560 1561 1575
f 1560 1575 1574
f 1561 1562 1576
f 1561 1576 1575
f 1562 1563 1577
f 1562 1577 1576
f 1563 1550 1564
f 1563 1564 1577
f 1564 1565 1579
f 1564 1579 1578
f 1565 1566 1580
f 1565 1580 1579
f 1566 1567 1581
f 1566 1581 1580
f 1567 1568 1582
f 1567 1582 1581
f 1568 1569 1583
f 1568 1583 1582
f 1569 1570 1584
f 1569 1584 1583
f 1570 1571 1585
f 1570 1585 1584
f 1571 1572 1586
f 1571 1586 1585
f 1572 1573 1587
f 1572 1587 1586
f 1573 1574 1588
f 1573 1588 1587
f 1574 1575 1589
f 1574 1589 1588
f 1575 1576 1590
f 1575 1590 1589
f 1576 1577 1591
f 1576 1591 1590
f 1577 1564 1578
f 1577 1578 1591
f 1578 1579 1593
f 1578 1593 1592
f 1579 1580 1594
f 1579 1594 1593
f 1580 1581 1595
f 1580 1595 1594
f 1581 1582 1596
f 1581 1596 1595
f 1582 1583 1597
f 1582 1597 1596
f 1583 1584 1598
f 1583 1598 1597
f 1584 1585 1599
f 1584 1599 1598
f 1585 1586 1600
f 1585 1600 1599
f 1586 1587 1601
f 1586 1601 1600
f 1587 1588 1602
f 1587 1602 1601
f 1588 1589 1603
f 1588 1603 1602
f 1589 1590 1604
f 1589 1604 1603
f 1590 1591 1605
f 1590 1605 1604
f 1591 1578 1592
f 1591 1592 1605
f 1592 1593 1607
f 1592 1607 1606
f 1593 1594 1608
f 1593 1608 1607
f 1594 1595 1609
f 1594 1609 1608
f 1595 1596 1610
f 1595 1610 1609
f 1596 1597 1611
f 1596 1611 1610
f 1597 1598 1612
f 1597 1612 1611
f 1598 1599 1613
f 1598 1613 1612
f 1599 1600 1614
f 1599 1614 1613
f 1600 1601 1615
f 1600 1615 1614
f 1601 1602 1616
f 1601 1616 1615
f 1602 1603 1617
f 1602 1617 1616
f 1603 1604 1618
f 1603 1618 1617
f 1604 1605 1619
f 1604 1619 1618
f 1605 1592 1606
f 1605 1606 1619
f 1606 1607 1621
f 1606 1621 1620
f 1607 1608 1622
f 1607 1622 1621
f 1608 1609 1623
f 1608 1623 1622
f 1609 1610 1624
f 1609 1624 1623
f 1610 1611 1625
f 1610 1625 1624
f 1611 1612 1626
f 1611 1626 1625
f 1612 1613 1627
f 1612 1627 1626
f 1613 1614 1628
f 1613 1628 1627
f 1614 1615 1629
f 1614 1629 1628
f 1615 1616 1630
f 1615 1630 1629
f 1616 1617 1631
f 1616 1631 1630
f 1617 1618 1632
f 1617 1632 1631
f 1618 1619 1633
f 1618 1633 1632
f 1619 1606 1620
f 1619 1620 1633
f 1620 1621 1635
f 1620 1635 1634
f 1621 1622 1636
f 1621 1636 1635
f 1622 1623 1637
f 1622 1637 1636
f 1623 1624 1638
f 1623 1638 1637
f 1624 1625 1639
f 1624 1639 1638
f 1625 1626 1640
f 1625 1640 1639
f 1626 1627 1641
f 1626 1641 1640
f 1627 1628 1642
f 1627 1642 1641
f 1628 1629 1643
f 1628 1643 1642
f 1629 1630 1644
f 1629 1644 1643
f 1630 1631 1645
f 1630 1645 1644
f 1631 1632 1646
f 1631 1646 1645
f 1632 1633 1647
f 1632 1647 1646
f 1633 1620 1634
f 1633 1634 1647
f 1634 1635 1648
f 1635 1636 1648
f 1636 1637 1648
f 1637 1638 1648
f 1638 1639 1648
f 1639 1640 1648
f 1640 1641 1648
f 1641 1642 1648
f 1642 1643 1648
f 1643 1644 1648
f 1644 1645 1648
f 1645 1646 1648
f 1646 1647 1648
f 1647 1634 1648
f 1649 1651 1650
f 1649 1652 1651
f 1649 1653 1652
f 1649 1654 1653
f 1649 1655 1654
f 1649 1656 1655
f 1649 1657 1656
f 1649 1658 1657
f 1649 1659 1658
f 1649 1660 1659
f 1649 1661 1660
f 1649 1662 1661
f 1649 1663 1662
f 1649 1650 1663
f 1650 1651 1665
f 1650 1665 1664
f 1651 1652 1666
f 1651 1666 1665
f 1652 1653 1667
f 1652 1667 1666
f 1653 1654 1668
f 1653 1668 1667
f 1654 1655 1669
f 1654 1669 1668
f 1655 1656 1670
f 1655 1670 1669
f 1656 1657 1671
f 1656 1671 1670
f 1657 1658 1672
f 1657 1672 1671
f 1658 1659 1673
f 1658 1673 1672
f 1659 1660 1674
f 1659 1674 1673
f 1660 1661 1675
f 1660 1675 1674
f 1661 1662 1676
f 1661 1676 1675
f 1662 1663 1677
f 1662 1677 1676
f 1663 1650 1664
f 1663 1664 1677
f 1664 1665 1679
f 1664 1679 1678
f 1665 1666 1680
f 1665 1680 1679
f 1666 1667 1681
f 1666 1681 1680
f 1667 1668 1682
f 1667 1682 1681
f 1668 1669 1683
f 1668 1683 1682
f 1669 1670 1684
f 1669 1684 1683
f 1670 1671 1685
f 1670 1685 1684
f 1671 1672 1686
f 1671 1686 1685
f 1672 1673 1687
f 1672 1687 1686
f 1673 1674 1688
f 1673 1688 1687
f 1674 1675 1689
f 1674 1689 1688
f 1675 1676 1690
f 1675 1690 1689
f 1676 1677 1691
f 1676 1691 1690
f 1677 1664 1678
f 1677 1678 1691
f 1678 1679 1693
f 1678 1693 1692
f 1679 1680 1694
f 1679 1694 1693
f 1680 1681 1695
f 1680 1695 1694
f 1681 1682 1696
f 1681 1696 1695
f 1682 1683 1697
f 1682 1697 1696
f 1683 1684 1698
f 1683 1698 1697
f 1684 1685 1699
f 1684 1699 1698
f 1685 1686 1700
f 1685 1700 1699
f 1686 1687 1701
f 1686 1701 1700
f 1687 1688 1702
f 1687 1702 1701
f 1688 1689 1703
f 1688 1703 1702
f 1689 1690 1704
f 1689 1704 1703
f 1690 1691 1705
f 1690 1705 1704
f 1691 1678 1692
f 1691 1692 1705
f 1692 1693 1707
f 1692 1707 1706
f 1693 1694 1708
f 1693 1708 1707
f 1694 1695 1709
f 1694 1709 1708
f 1695 1696 1710
f 1695 1710 1709
f 1696 1697 1711
f 1696 1711 1710
f 1697 1698 1712
f 1697 1712 1711
f 1698 1699 1713
f 1698 1713 1712
f 1699 1700 1714
f 1699 1714 1713
f 1700 1701 1715
f 1700 1715 1714
f 1701 1702 1716
f 1701 1716 1715
f 1702 1703 1717
f 1702 1717 1716
f 1703 1704 1718
f 1703 1718 1717
f 1704 1705 1719
f 1704 1719 1718
f 1705 1692 1706
f 1705 1706 1719
f 1706 1707 1721
f 1706 1721 1720
f 1707 1708 1722
f 1707 1722 1721
f 1708 1709 1723
f 1708 1723 1722
f 1709 1710 1724
f 1709 1724 1723
f 1710 1711 1725
f 1710 1725 1724
f 1711 1712 1726
f 1711 1726 1725
f 1712 1713 1727
f 1712 1727 1726
f 1713 1714 1728
f 1713 1728 1727
f 1714 1715 1729
f 1714 1729 1728
f 1715 1716 1730
f 1715 1730 1729
f 1716 1717 1731
f 1716 1731 1730
f 1717 1718 1732
f 1717 1732 1731
f 1718 1719 1733
f 1718 1733 1732
f 1719 1706 1720
f 1719 1720 1733
f 1720 1721 1735
f 1720 1735 1734
f 1721 1722 1736
f 1721 1736 1735
f 1722 1723 1737
f 1722 1737 1736
f 1723 1724 1738
f 1723 1738 1737
f 1724 1725 1739
f 1724 1739 1738
f 1725 1726 1740
f 1725 1740 1739
f 1726 1727 1741
f 1726 1741 1740
f 1727 1728 1742
f 1727 1742 1741
f 1728 1729 1743
f 1728 1743 1742
f 1729 1730 1744
f 1729 1744 1743
f 1730 1731 1745
f 1730 1745 1744
f 1731 1732 1746
f 1731 1746 1745
f 1732 1733 1747
f 1732 1747 1746
f 1733 1720 1734
f 1733 1734 1747
f 1734 1735 1748
f 1735 1736 1748
f 1736 1737 1748
f 1737 1738 1748
f 1738 1739 1748
f 1739 1740 1748
f 1740 1741 1748
f 1741 1742 1748
f 1742 1743 1748
f 1743 1744 1748
f 1744 1745 1748
f 1745 1746 1748
f 1746 1747 1748
f 1747 1734 1748
f 1749 1750 1764
f 1749 1764 1763
f 1777 1750 1749
f 1778 1763 1764
f 1750 1751 1765
f 1750 1765 1764
f 1777 1751 1750
f 1778 1764 1765
f 1751 1752 1766
f 1751 1766 1765
f 1777 1752 1751
f 1778 1765 1766
f 1752 1753 1767
f 1752 1767 1766
f 1777 1753 1752
f 1778 1766 1767
f 1753 1754 1768
f 1753 1768 1767
f 1777 1754 1753
f 1778 1767 1768
f 1754 1755 1769
f 1754 1769 1768
f 1777 1755 1754
f 1778 1768 1769
f 1755 1756 1770
f 1755 1770 1769
f 1777 1756 1755
f 1778 1769 1770
f 1756 1757 1771
f 1756 1771 1770
f 1777 1757 1756
f 1778 1770 1771
f 1757 1758 1772
f 1757 1772 1771
f 1777 1758 1757
f 1778 1771 1772
f 1758 1759 1773
f 1758 1773 1772
f 1777 1759 1758
f 1778 1772 1773
f 1759 1760 1774
f 1759 1774 1773
f 1777 1760 1759
f 1778 1773 1774
f 1760 1761 1775
f 1760 1775 1774
f 1777 1761 1760
f 1778 1774 1775
f 1761 1762 1776
f 1761 1776 1775
f 1777 1762 1761
f 1778 1775 1776
f 1762 1749 1763
f 1762 1763 1776
f 1777 1749 1762
f 1778 1776 1763
f 1779 1781 1780
f 1779 1782 1781
f 1779 1783 1782
f 1779 1784 1783
f 1779 1785 1784
f 1779 1786 1785
f 1779 1787 1786
f 1779 1788 1787
f 1779 1789 1788
f 1779 1790 1789
f 1779 1791 1790
f 1779 1792 1791
f 1779 1793 1792
f 1779 1780 1793
f 1780 1781 1795
f 1780 1795 1794
f 1781 1782 1796
f 1781 1796 1795
f 1782 1783 1797
f 1782 1797 1796
f 1783 1784 1798
f 1783 1798 1797
f 1784 1785 1799
f 1784 1799 1798
f 1785 1786 1800
f 1785 1800 1799
f 1786 1787 1801
f 1786 1801 1800
f 1787 1788 1802
f 1787 1802 1801
f 1788 1789 1803
f 1788 1803 1802
f 1789 1790 1804
f 1789 1804 1803
f 1790 1791 1805
f 1790 1805 1804
f 1791 1792 1806
f 1791 1806 1805
f 1792 1793 1807
f 1792 1807 1806
f 1793 1780 1794
f 1793 1794 1807
f 1794 1795 1809
f 1794 1809 1808
f 1795 1796 1810
f 1795 1810 1809
f 1796 1797 1811
f 1796 1811 1810
f 1797 1798 1812
f 1797 1812 1811
f 1798 1799 1813
f 1798 1813 1812
f 1799 1800 1814
f 1799 1814 1813
f 1800 1801 1815
f 1800 1815 1814
f 1801 1802 1816
f 1801 1816 1815
f 1802 1803 1817
f 1802 1817 1816
f 1803 1804 1818
f 1803 1818 1817
f 1804 1805 1819
f 1804 1819 1818
f 1805 1806 1820
f 1805 1820 1819
f 1806 1807 1821
f 1806 1821 1820
f 1807 1794 1808
f 1807 1808 1821
f 1808 1809 1823
f 1808 1823 1822
f 1809 1810 1824
f 1809 1824 1823
f 1810 1811 1825
f 1810 1825 1824
f 1811 1812 1826
f 1811 1826 1825
f 1812 1813 1827
f 1812 1827 1826
f 1813 1814 1828
f 1813 1828 1827
f 1814 1815 1829
f 1814 1829 1828
f 1815 1816 1830
f 1815 1830 1829
f 1816 1817 1831
f 1816 1831 1830
f 1817 1818 1832
f 1817 1832 1831
f 1818 1819 1833
f 1818 1833 1832
f 1819 1820 1834
f 1819 1834 1833
f 1820 1821 1835
f 1820 1835 1834
f 1821 1808 1822
f 1821 1822 1835
f 1822 1823 1837
f 1822 1837 1836
f 1823 1824 1838
f 1823 1838 1837
f 1824 1825 1839
f 1824 1839 1838
f 1825 1826 1840
f 1825 1840 1839
f 1826 1827 1841
f 1826 1841 1840
f 1827 1828 1842
f 1827 1842 1841
f 1828 1829 1843
f 1828 1843 1842
f 1829 1830 1844
f 1829 1844 1843
f 1830 1831 1845
f 1830 1845 1844
f 1831 1832 1846
f 1831 1846 1845
f 1832 1833 1847
f 1832 1847 1846
f 1833 1834 1848
f 1833 1848 1847
f 1834 1835 1849
f 1834 1849 1848
f 1835 1822 1836
f 1835 1836 1849
f 1836 1837 1851
f 1836 1851 1850
f 1837 1838 1852
f 1837 1852 1851
f 1838 1839 1853
f 1838 1853 1852
f 1839 1840 1854
f 1839 1854 1853
f 1840 1841 1855
f 1840 1855 1854
f 1841 1842 1856
f 1841 1856 1855
f 1842 1843 1857
f 1842 1857 1856
f 1843 1844 1858
f 1843 1858 1857
f 1844 1845 1859
f 1844 1859 1858
f 1845 1846 1860
f 1845 1860 1859
f 1846 1847 1861
f 1846 1861 1860
f 1847 1848 1862
f 1847 1862 1861
f 1848 1849 1863
f 1848 1863 1862
f 1849 1836 1850
f 1849 1850 1863
f 1850 1851 1865
f 1850 1865 1864
f 1851 1852 1866
f 1851 1866 1865
f 1852 1853 1867
f 1852 1867 1866
f 1853 1854 1868
f 1853 1868 1867
f 1854 1855 1869
f 1854 1869 1868
f 1855 1856 1870
f 1855 1870 1869
f 1856 1857 1871
f 1856 1871 1870
f 1857 1858 1872
f 1857 1872 1871
f 1858 1859 1873
f 1858 1873 1872
f 1859 1860 1874
f 1859 1874 1873
f 1860 1861 1875
f 1860 1875 1874
f 1861 1862 1876
f 1861 1876 1875
f 1862 1863 1877
f 1862 1877 1876
f 1863 1850 1864
f 1863 1864 1877
f 1864 1865 1878
f 1865 1866 1878
f 1866 1867 1878
f 1867 1868 1878
f 1868 1869 1878
f 1869 1870 1878
f 1870 1871 1878
f 1871 1872 1878
f 1872 1873 1878
f 1873 1874 1878
f 1874 1875 1878
f 1875 1876 1878
f 1876 1877 1878
f 1877 1864 1878
f 1879 1881 1880
f 1879 1882 1881
f 1879 1883 1882
f 1879 1884 1883
f 1879 1885 1884
f 1879 1886 1885
f 1879 1887 1886
f 1879 1888 1887
f 1879 1889 1888
f 1879 1890 1889
f 1879 1891 1890
f 1879 1892 1891
f 1879 1893 1892
f 1879 1880 1893
f 1880 1881 1895
f 1880 1895 1894
f 1881 1882 1896
f 1881 1896 1895
f 1882 1883 1897
f 1882 1897 1896
f 1883 1884 1898
f 1883 1898 1897
f 1884 1885 1899
f 1884 1899 1898
f 1885 1886 1900
f 1885 1900 1899
f 1886 1887 1901
f 1886 1901 1900
f 1887 1888 1902
f 1887 1902 1901
f 1888 1889 1903
f 1888 1903 1902
f 1889 1890 1904
f 1889 1904 1903
f 1890 1891 1905
f 1890 1905 1904
f 1891 1892 1906
f 1891 1906 1905
f 1892 1893 1907
f 1892 1907 1906
f 1893 1880 1894
f 1893 1894 1907
f 1894 1895 1909
f 1894 1909 1908
f 1895 1896 1910
f 1895 1910 1909
f 1896 1897 1911
f 1896 1911 1910
f 1897 1898 1912
f 1897 1912 1911
f 1898 1899 1913
f 1898 1913 1912
f 1899 1900 1914
f 1899 1914 1913
f 1900 1901 1915
f 1900 1915 1914
f 1901 1902 1916
f 1901 1916 1915
f 1902 1903 1917
f 1902 1917 1916
f 1903 1904 1918
f 1903 1918 1917
f 1904 1905 1919
f 1904 1919 1918
f 1905 1906 1920
f 1905 1920 1919
f 1906 1907 1921
f 1906 1921 1920
f 1907 1894 1908
f 1907 1908 1921
f 1908 1909 1923
f 1908 1923 1922
f 1909 1910 1924
f 1909 1924 1923
f 1910 1911 1925
f 1910 1925 1924
f 1911 1912 1926
f 1911 1926 1925
f 1912 1913 1927
f 1912 1927 1926
f 1913 1914 1928
f 1913 1928 1927
f 1914 1915 1929
f 1914 1929 1928
f 1915 1916 1930
f 1915 1930 1929
f 1916 1917 1931
f 1916 1931 1930
f 1917 1918 1932
f 1917 1932 1931
f 1918 1919 1933
f 1918 1933 1932
f 1919 1920 1934
f 1919 1934 1933
f 1920 1921 1935
f 1920 1935 1934
f 1921 1908 1922
f 1921 1922 1935
f 1922 1923 1937
f 1922 1937 1936
f 1923 1924 1938
f 1923 1938 1937
f 1924 1925 1939
f 1924 1939 1938
f 1925 1926 1940
f 1925 1940 1939
f 1926 1927 1941
f 1926 1941 1940
f 1927 1928 1942
f 1927 1942 1941
f 1928 1929 1943
f 1928 1943 1942
f 1929 1930 1944
f 1929 1944 1943
f 1930 1931 1945
f 1930 1945 1944
f 1931 1932 1946
f 1931 1946 1945
f 1932 1933 1947
f 1932 1947 1946
f 1933 1934 1948
f 1933 1948 1947
f 1934 1935 1949
f 1934 1949 1948
f 1935 1922 1936
f 1935 1936 1949
f 1936 1937 1951
f 1936 1951 1950
f 1937 1938 1952
f 1937 1952 1951
f 1938 1939 1953
f 1938 1953 1952
f 1939 1940 1954
f 1939 1954 1953
f 1940 1941 1955
f 1940 1955 1954
f 1941 1942 1956
f 1941 1956 1955
f 1942 1943 1957
f 1942 1957 1956
f 1943 1944 1958
f 1943 1958 1957
f 1944 1945 1959
f 1944 1959 1958
f 1945 1946 1960
f 1945 1960 1959
f 1946 1947 1961
f 1946 1961 1960
f 1947 1948 1962
f 1947 1962 1961
f 1948 1949 1963
f 1948 1963 1962
f 1949 1936 1950
f 1949 1950 1963
f 1950 1951 1965
f 1950 1965 1964
f 1951 1952 1966
f 1951 1966 1965
f 1952 1953 1967
f 1952 1967 1966
f 1953 1954 1968
f 1953 1968 1967
f 1954 1955 1969
f 1954 1969 1968
f 1955 1956 1970
f 1955 1970 1969
f 1956 1957 1971
f 1956 1971 1970
f 1957 1958 1972
f 1957 1972 1971
f 1958 1959 1973
f 1958 1973 1972
f 1959 1960 1974
f 1959 1974 1973
f 1960 1961 1975
f 1960 1975 1974
f 1961 1962 1976
f 1961 1976 1975
f 1962 1963 1977
f 1962 1977 1976
f 1963 1950 1964
f 1963 1964 1977
f 1964 1965 1978
f 1965 1966 1978
f 1966 1967 1978
f 1967 1968 1978
f 1968 1969 1978
f 1969 1970 1978
f 1970 1971 1978
f 1971 1972 1978
f 1972 1973 1978
f 1973 1974 1978
f 1974 1975 1978
f 1975 1976 1978
f 1976 1977 1978
f 1977 1964 1978
f 1979 1980 1994
f 1979 1994 1993
f 2007 1980 1979
f 2008 1993 1994
f 1980 1981 1995
f 1980 1995 1994
f 2007 1981 1980
f 2008 1994 1995
f 1981 1982 1996
f 1981 1996 1995
f 2007 1982 1981
f 2008 1995 1996
f 1982 1983 1997
f 1982 1997 1996
f 2007 1983 1982
f 2008 1996 1997
f 1983 1984 1998
f 1983 1998 1997
f 2007 1984 1983
f 2008 1997 1998
f 1984 1985 1999
f 1984 1999 1998
f 2007 1985 1984
f 2008 1998 1999
f 1985 1986 2000
f 1985 2000 1999
f 2007 1986 1985
f 2008 1999 2000
f 1986 1987 2001
f 1986 2001 2000
f 2007 1987 1986
f 2008 2000 2001
f 1987 1988 2002
f 1987 2002 2001
f 2007 1988 1987
f 2008 2001 2002
f 1988 1989 2003
f 1988 2003 2002
f 2007 1989 1988
f 2008 2002 2003
f 1989 1990 2004
f 1989 2004 2003
f 2007 1990 1989
f 2008 2003 2004
f 1990 1991 2005
f 1990 2005 2004
f 2007 1991 1990
f 2008 2004 2005
f 1991 1992 2006
f 1991 2006 2005
f 2007 1992 1991
f 2008 2005 2006
f 1992 1979 1993
f 1992 1993 2006
f 2007 1979 1992
f 2008 2006 1993
f 2009 2011 2010
f 2009 2012 2011
f 2009 2013 2012
f 2009 2014 2013
f 2009 2015 2014
f 2009 2016 2015
f 2009 2017 2016
f 2009 2018 2017
f 2009 2019 2018
f 2009 2020 2019
f 2009 2021 2020
f 2009 2022 2021
f 2009 2023 2022
f 2009 2010 2023
f 2010 2011 2025
f 2010 2025 2024
f 2011 2012 2026
f 2011 2026 2025
f 2012 2013 2027
f 2012 2027 2026
f 2013 2014 2028
f 2013 2028 2027
f 2014 2015 2029
f 2014 2029 2028
f 2015 2016 2030
f 2015 2030 2029
f 2016 2017 2031
f 2016 2031 2030
f 2017 2018 2032
f 2017 2032 2031
f 2018 2019 2033
f 2018 2033 2032
f 2019 2020 2034
f 2019 2034 2033
f 2020 2021 2035
f 2020 2035 2034
f 2021 2022 2036
f 2021 2036 2035
f 2022 2023 2037
f 2022 2037 2036
f 2023 2010 2024
f 2023 2024 2037
f 2024 2025 2039
f 2024 2039 2038
f 2025 2026 2040
f 2025 2040 2039
f 2026 2027 2041
f 2026 2041 2040
f 2027 2028 2042
f 2027 2042 2041
f 2028 2029 2043
f 2028 2043 2042
f 2029 2030 2044
f 2029 2044 2043
f 2030 2031 2045
f 2030 2045 2044
f 2031 2032 2046
f 2031 2046 2045
f 2032 2033 2047
f 2032 2047 2046
f 2033 2034 2048
f 2033 2048 2047
f 2034 2035 2049
f 2034 2049 2048
f 2035 2036 2050
f 2035 2050 2049
f 2036 2037 2051
f 2036 2051 2050
f 2037 2024 2038
f 2037 2038 2051
f 2038 2039 2053
f 2038 2053 2052
f 2039 2040 2054
f 2039 2054 2053
f 2040 2041 2055
f 2040 2055 2054
f 2041 2042 2056
f 2041 2056 2055
f 2042 2043 2057
f 2042 2057 2056
f 2043 2044 2058
f 2043 2058 2057
f 2044 2045 2059
f 2044 2059 2058
f 2045 2046 2060
f 2045 2060 2059
f 2046 2047 2061
f 2046 2061 2060
f 2047 2048 2062
f 2047 2062 2061
f 2048 2049 2063
f 2048 2063 2062
f 2049 2050 2064
f 2049 2064 2063
f 2050 2051 2065
f 2050 2065 2064
f 2051 2038 2052
f 2051 2052 2065
f 2052 2053 2067
f 2052 2067 2066
f 2053 2054 2068
f 2053 2068 2067
f 2054 2055 2069
f 2054 2069 2068
f 2055 2056 2070
f 2055 2070 2069
f 2056 2057 2071
f 2056 2071 2070
f 2057 2058 2072
f 2057 2072 2071
f 2058 2059 2073
f 2058 2073 2072
f 2059 2060 2074
f 2059 2074 2073
f 2060 2061 2075
f 2060 2075 2074
f 2061 2062 2076
f 2061 2076 2075
f 2062 2063 2077
f 2062 2077 2076
f 2063 2064 2078
f 2063 2078 2077
f 2064 2065 2079
f 2064 2079 2078
f 2065 2052 2066
f 2065 2066 2079
f 2066 2067 2081
f 2066 2081 2080
f 2067 2068 2082
f 2067 2082 2081
f 2068 2069 2083
f 2068 2083 2082
f 2069 2070 2084
f 2069 2084 2083
f 2070 2071 2085
f 2070 2085 2084
f 2071 2072 2086
f 2071 2086 2085
f 2072 2073 2087
f 2072 2087 2086
f 2073 2074 2088
f 2073 2088 2087
f 2074 2075 2089
f 2074 2089 2088
f 2075 2076 2090
f 2075 2090 2089
f 2076 2077 2091
f 2076 2091 2090
f 2077 2078 2092
f 2077 2092 2091
f 2078 2079 2093
f 2078 2093 2092
f 2079 2066 2080
f 2079 2080 2093
f 2080 2081 2095
f 2080 2095 2094
f 2081 2082 2096
f 2081 2096 2095
f 2082 2083 2097
f 2082 2097 2096
f 2083 2084 2098
f 2083 2098 2097
f 2084 2085 2099
f 2084 2099 2098
f 2085 2086 2100
f 2085 2100 2099
f 2086 2087 2101
f 2086 2101 2100
f 2087 2088 2102
f 2087 2102 2101
f 2088 2089 2103
f 2088 2103 2102
f 2089 2090 2104
f 2089 2104 2103
f 2090 2091 2105
f 2090 2105 2104
f 2091 2092 2106
f 2091 2106 2105
f 2092 2093 2107
f 2092 2107 2106
f 2093 2080 2094
f 2093 2094 2107
f 2094 2095 2108
f 2095 2096 2108
f 2096 2097 2108
f 2097 2098 2108
f 2098 2099 2108
f 2099 2100 2108
f 2100 2101 2108
f 2101 2102 2108
f 2102 2103 2108
f 2103 2104 2108
f 2104 2105 2108
f 2105 2106 2108
f 2106 2107 2108
f 2107 2094 2108
f 2109 2111 2110
f 2109 2112 2111
f 2109 2113 2112
f 2109 2114 2113
f 2109 2115 2114
f 2109 2116 2115
f 2109 2117 2116
f 2109 2118 2117
f 2109 2119 2118
f 2109 2120 2119
f 2109 2121 2120
f 2109 2122 2121
f 2109 2123 2122
f 2109 2110 2123
f 2110 2111 2125
f 2110 2125 2124
f 2111 2112 2126
f 2111 2126 2125
f 2112 2113 2127
f 2112 2127 2126
f 2113 2114 2128
f 2113 2128 2127
f 2114 2115 2129
f 2114 2129 2128
f 2115 2116 2130
f 2115 2130 2129
f 2116 2117 2131
f 2116 2131 2130
f 2117 2118 2132
f 2117 2132 2131
f 2118 2119 2133
f 2118 2133 2132
f 2119 2120 2134
f 2119 2134 2133
f 2120 2121 2135
f 2120 2135 2134
f 2121 2122 2136
f 2121 2136 2135
f 2122 2123 2137
f 2122 2137 2136
f 2123 2110 2124
f 2123 2124 2137
f 2124 2125 2139
f 2124 2139 2138
f 2125 2126 2140
f 2125 2140 2139
f 2126 2127 2141
f 2126 2141 2140
f 2127 2128 2142
f 2127 2142 2141
f 2128 2129 2143
f 2128 2143 2142
f 2129 2130 2144
f 2129 2144 2143
f 2130 2131 2145
f 2130 2145 2144
f 2131 2132 2146
f 2131 2146 2145
f 2132 2133 2147
f 2132 2147 2146
f 2133 2134 2148
f 2133 2148 2147
f 2134 2135 2149
f 2134 2149 2148
f 2135 2136 2150
f 2135 2150 2149
f 2136 2137 2151
f 2136 2151 2150
f 2137 2124 2138
f 2137 2138 2151
f 2138 2139 2153
f 2138 2153 2152
f 2139 2140 2154
f 2139 2154 2153
f 2140 2141 2155
f 2140 2155 2154
f 2141 2142 2156
f 2141 2156 2155
f 2142 2143 2157
f 2142 2157 2156
f 2143 2144 2158
f 2143 2158 2157
f 2144 2145 2159
f 2144 2159 2158
f 2145 2146 2160
f 2145 2160 2159
f 2146 2147 2161
f 2146 2161 2160
f 2147 2148 2162
f 2147 2162 2161
f 2148 2149 2163
f 2148 2163 2162
f 2149 2150 2164
f 2149 2164 2163
f 2150 2151 2165
f 2150 2165 2164
f 2151 2138 2152
f 2151 2152 2165
f 2152 2153 2167
f 2152 2167 2166
f 2153 2154 2168
f 2153 2168 2167
f 2154 2155 2169
f 2154 2169 2168
f 2155 2156 2170
f 2155 2170 2169
f 2156 2157 2171
f 2156 2171 2170
f 2157 2158 2172
f 2157 2172 2171
f 2158 2159 2173
f 2158 2173 2172
f 2159 2160 2174
f 2159 2174 2173
f 2160 2161 2175
f 2160 2175 2174
f 2161 2162 2176
f 2161 2176 2175
f 2162 2163 2177
f 2162 2177 2176
f 2163 2164 2178
f 2163 2178 2177
f 2164 2165 2179
f 2164 2179 2178
f 2165 2152 2166
f 2165 2166 2179
f 2166 2167 2181
f 2166 2181 2180
f 2167 2168 2182
f 2167 2182 2181
f 2168 2169 2183
f 2168 2183 2182
f 2169 2170 2184
f 2169 2184 2183
f 2170 2171 2185
f 2170 2185 2184
f 2171 2172 2186
f 2171 2186 2185
f 2172 2173 2187
f 2172 2187 2186
f 2173 2174 2188
f 2173 2188 2187
f 2174 2175 2189
f 2174 2189 2188
f 2175 2176 2190
f 2175 2190 2189
f 2176 2177 2191
f 2176 2191 2190
f 2177 2178 2192
f 2177 2192 2191
f 2178 2179 2193
f 2178 2193 2192
f 2179 2166 2180
f 2179 2180 2193
f 2180 2181 2195
f 2180 2195 2194
f 2181 2182 2196
f 2181 2196 2195
f 2182 2183 2197
f 2182 2197 2196
f 2183 2184 2198
f 2183 2198 2197
f 2184 2185 2199
f 2184 2199 2198
f 2185 2186 2200
f 2185 2200 2199
f 2186 2187 2201
f 2186 2201 2200
f 2187 2188 2202
f 2187 2202 2201
f 2188 2189 2203
f 2188 2203 2202
f 2189 2190 2204
f 2189 2204 2203
f 2190 2191 2205
f 2190 2205 2204
f 2191 2192 2206
f 2191 2206 2205
f 2192 2193 2207
f 2192 2207 2206
f 2193 2180 2194
f 2193 2194 2207
f 2194 2195 2208
f 2195 2196 2208
f 2196 2197 2208
f 2197 2198 2208
f 2198 2199 2208
f 2199 2200 2208
f 2200 2201 2208
f 2201 2202 2208
f 2202 2203 2208
f 2203 2204 2208
f 2204 2205 2208
f 2205 2206 2208
f 2206 2207 2208
f 2207 2194 2208
f 2209 2210 2224
f 2209 2224 2223
f 2237 2210 2209
f 2238 2223 2224
f 2210 2211 2225
f 2210 2225 2224
f 2237 2211 2210
f 2238 2224 2225
f 2211 2212 2226
f 2211 2226 2225
f 2237 2212 2211
f 2238 2225 2226
f 2212 2213 2227
f 2212 2227 2226
f 2237 2213 2212
f 2238 2226 2227
f 2213 2214 2228
f 2213 2228 2227
f 2237 2214 2213
f 2238 2227 2228
f 2214 2215 2229
f 2214 2229 2228
f 2237 2215 2214
f 2238 2228 2229
f 2215 2216 2230
f 2215 2230 2229
f 2237 2216 2215
f 2238 2229 2230
f 2216 2217 2231
f 2216 2231 2230
f 2237 2217 2216
f 2238 2230 2231
f 2217 2218 2232
f 2217 2232 2231
f 2237 2218 2217
f 2238 2231 2232
f 2218 2219 2233
f 2218 2233 2232
f 2237 2219 2218
f 2238 2232 2233
f 2219 2220 2234
f 2219 2234 2233
f 2237 2220 2219
f 2238 2233 2234
f 2220 2221 2235
f 2220 2235 2234
f 2237 2221 2220
f 2238 2234 2235
f 2221 2222 2236
f 2221 2236 2235
f 2237 2222 2221
f 2238 2235 2236
f 2222 2209 2223
f 2222 2223 2236
f 2237 2209 2222
f 2238 2236 2223
f 2239 2241 2240
f 2239 2242 2241
f 2239 2243 2242
f 2239 2244 2243
f 2239 2245 2244
f 2239 2246 2245
f 2239 2247 2246
f 2239 2248 2247
f 2239 2249 2248
f 2239 2250 2249
f 2239 2251 2250
f 2239 2252 2251
f 2239 2253 2252
f 2239 2240 2253
f 2240 2241 2255
f 2240 2255 2254
f 2241 2242 2256
f 2241 2256 2255
f 2242 2243 2257
f 2242 2257 2256
f 2243 2244 2258
f 2243 2258 2257
f 2244 2245 2259
f 2244 2259 2258
f 2245 2246 2260
f 2245 2260 2259
f 2246 2247 2261
f 2246 2261 2260
f 2247 2248 2262
f 2247 2262 2261
f 2248 2249 2263
f 2248 2263 2262
f 2249 2250 2264
f 2249 2264 2263
f 2250 2251 2265
f 2250 2265 2264
f 2251 2252 2266
f 2251 2266 2265
f 2252 2253 2267
f 2252 2267 2266
f 2253 2240 2254
f 2253 2254 2267
f 2254 2255 2269
f 2254 2269 2268
f 2255 2256 2270
f 2255 2270 2269
f 2256 2257 2271
f 2256 2271 2270
f 2257 2258 2272
f 2257 2272 2271
f 2258 2259 2273
f 2258 2273 2272
f 2259 2260 2274
f 2259 2274 2273
f 2260 2261 2275
f 2260 2275 2274
f 2261 2262 2276
f 2261 2276 2275
f 2262 2263 2277
f 2262 2277 2276
f 2263 2264 2278
f 2263 2278 2277
f 2264 2265 2279
f 2264 2279 2278
f 2265 2266 2280
f 2265 2280 2279
f 2266 2267 2281
f 2266 2281 2280
f 2267 2254 2268
f 2267 2268 2281
f 2268 2269 2283
f 2268 2283 2282
f 2269 2270 2284
f 2269 2284 2283
f 2270 2271 2285
f 2270 2285 2284
f 2271 2272 2286
f 2271 2286 2285
f 2272 2273 2287
f 2272 2287 2286
f 2273 2274 2288
f 2273 2288 2287
f 2274 2275 2289
f 2274 2289 2288
f 2275 2276 2290
f 2275 2290 2289
f 2276 2277 2291
f 2276 2291 2290
f 2277 2278 2292
f 2277 2292 2291
f 2278 2279 2293
f 2278 2293 2292
f 2279 2280 2294
f 2279 2294 2293
f 2280 2281 2295
f 2280 2295 2294
f 2281 2268 2282
f 2281 2282 2295
f 2282 2283 2297
f 2282 2297 2296
f 2283 2284 2298
f 2283 2298 2297
f 2284 2285 2299
f 2284 2299 2298
f 2285 2286 2300
f 2285 2300 2299
f 2286 2287 2301
f 2286 2301 2300
f 2287 2288 2302
f 2287 2302 2301
f 2288 2289 2303
f 2288 2303 2302
f 2289 2290 2304
f 2289 2304 2303
f 2290 2291 2305
f 2290 2305 2304
f 2291 2292 2306
f 2291 2306 2305
f 2292 2293 2307
f 2292 2307 2306
f 2293 2294 2308
f 2293 2308 2307
f 2294 2295 2309
f 2294 2309 2308
f 2295 2282 2296
f 2295 2296 2309
f 2296 2297 2311
f 2296 2311 2310
f 2297 2298 2312
f 2297 2312 2311
f 2298 2299 2313
f 2298 2313 2312
f 2299 2300 2314
f 2299 2314 2313
f 2300 2301 2315
f 2300 2315 2314
f 2301 2302 2316
f 2301 2316 2315
f 2302 2303 2317
f 2302 2317 2316
f 2303 2304 2318
f 2303 2318 2317
f 2304 2305 2319
f 2304 2319 2318
f 2305 2306 2320
f 2305 2320 2319
f 2306 2307 2321
f 2306 2321 2320
f 2307 2308 2322
f 2307 2322 2321
f 2308 2309 2323
f 2308 2323 2322
f 2309 2296 2310
f 2309 2310 2323
f 2310 2311 2325
f 2310 2325 2324
f 2311 2312 2326
f 2311 2326 2325
f 2312 2313 2327
f 2312 2327 2326
f 2313 2314 2328
f 2313 2328 2327
f 2314 2315 2329
f 2314 2329 2328
f 2315 2316 2330
f 2315 2330 2329
f 2316 2317 2331
f 2316 2331 2330
f 2317 2318 2332
f 2317 2332 2331
f 2318 2319 2333
f 2318 2333 2332
f 2319 2320 2334
f 2319 2334 2333
f 2320 2321 2335
f 2320 2335 2334
f 2321 2322 2336
f 2321 2336 2335
f 2322 2323 2337
f 2322 2337 2336
f 2323 2310 2324
f 2323 2324 2337
f 2324 2325 2338
f 2325 2326 2338
f 2326 2327 2338
f 2327 2328 2338
f 2328 2329 2338
f 2329 2330 2338
f 2330 2331 2338
f 2331 2332 2338
f 2332 2333 2338
f 2333 2334 2338
f 2334 2335 2338
f 2335 2336 2338
f 2336 2337 2338
f 2337 2324 2338
f 2339 2341 2340
f 2339 2342 2341
f 2339 2343 2342
f 2339 2344 2343
f 2339 2345 2344
f 2339 2346 2345
f 2339 2347 2346
f 2339 2348 2347
f 2339 2349 2348
f 2339 2350 2349
f 2339 2351 2350
f 2339 2352 2351
f 2339 2353 2352
f 2339 2340 2353
f 2340 2341 2355
f 2340 2355 2354
f 2341 2342 2356
f 2341 2356 2355
f 2342 2343 2357
f 2342 2357 2356
f 2343 2344 2358
f 2343 2358 2357
f 2344 2345 2359
f 2344 2359 2358
f 2345 2346 2360
f 2345 2360 2359
f 2346 2347 2361
f 2346 2361 2360
f 2347 2348 2362
f 2347 2362 2361
f 2348 2349 2363
f 2348 2363 2362
f 2349 2350 2364
f 2349 2364 2363
f 2350 2351 2365
f 2350 2365 2364
f 2351 2352 2366
f 2351 2366 2365
f 2352 2353 2367
f 2352 2367 2366
f 2353 2340 2354
f 2353 2354 2367
f 2354 2355 2369
f 2354 2369 2368
f 2355 2356 2370
f 2355 2370 2369
f 2356 2357 2371
f 2356 2371 2370
f 2357 2358 2372
f 2357 2372 2371
f 2358 2359 2373
f 2358 2373 2372
f 2359 2360 2374
f 2359 2374 2373
f 2360 2361 2375
f 2360 2375 2374
f 2361 2362 2376
f 2361 2376 2375
f 2362 2363 2377
f 2362 2377 2376
f 2363 2364 2378
f 2363 2378 2377
f 2364 2365 2379
f 2364 2379 2378
f 2365 2366 2380
f 2365 2380 2379
f 2366 2367 2381
f 2366 2381 2380
f 2367 2354 2368
f 2367 2368 2381
f 2368 2369 2383
f 2368 2383 2382
f 2369 2370 2384
f 2369 2384 2383
f 2370 2371 2385
f 2370 2385 2384
f 2371 2372 2386
f 2371 2386 2385
f 2372 2373 2387
f 2372 2387 2386
f 2373 2374 2388
f 2373 2388 2387
f 2374 2375 2389
f 2374 2389 2388
f 2375 2376 2390
f 2375 2390 2389
f 2376 2377 2391
f 2376 2391 2390
f 2377 2378 2392
f 2377 2392 2391
f 2378 2379 2393
f 2378 2393 2392
f 2379 2380 2394
f 2379 2394 2393
f 2380 2381 2395
f 2380 2395 2394
f 2381 2368 2382
f 2381 2382 2395
f 2382 2383 2397
f 2382 2397 2396
f 2383 2384 2398
f 2383 2398 2397
f 2384 2385 2399
f 2384 2399 2398
f 2385 2386 2400
f 2385 2400 2399
f 2386 2387 2401
f 2386 2401 2400
f 2387 2388 2402
f 2387 2402 2401
f 2388 2389 2403
f 2388 2403 2402
f 2389 2390 2404
f 2389 2404 2403
f 2390 2391 2405
f 2390 2405 2404
f 2391 2392 2406
f 2391 2406 2405
f 2392 2393 2407
f 2392 2407 2406
f 2393 2394 2408
f 2393 2408 2407
f 2394 2395 2409
f 2394 2409 2408
f 2395 2382 2396
f 2395 2396 2409
f 2396 2397 2411
f 2396 2411 2410
f 2397 2398 2412
f 2397 2412 2411
f 2398 2399 2413
f 2398 2413 2412
f 2399 2400 2414
f 2399 2414 2413
f 2400 2401 2415
f 2400 2415 2414
f 2401 2402 2416
f 2401 2416 2415
f 2402 2403 2417
f 2402 2417 2416
f 2403 2404 2418
f 2403 2418 2417
f 2404 2405 2419
f 2404 2419 2418
f 2405 2406 2420
f 2405 2420 2419
f 2406 2407 2421
f 2406 2421 2420
f 2407 2408 2422
f 2407 2422 2421
f 2408 2409 2423
f 2408 2423 2422
f 2409 2396 2410
f 2409 2410 2423
f 2410 2411 2425
f 2410 2425 2424
f 2411 2412 2426
f 2411 2426 2425
f 2412 2413 2427
f 2412 2427 2426
f 2413 2414 2428
f 2413 2428 2427
f 2414 2415 2429
f 2414 2429 2428
f 2415 2416 2430
f 2415 2430 2429
f 2416 2417 2431
f 2416 2431 2430
f 2417 2418 2432
f 2417 2432 2431
f 2418 2419 2433
f 2418 2433 2432
f 2419 2420 2434
f 2419 2434 2433
f 2420 2421 2435
f 2420 2435 2434
f 2421 2422 2436
f 2421 2436 2435
f 2422 2423 2437
f 2422 2437 2436
f 2423 2410 2424
f 2423 2424 2437
f 2424 2425 2438
f 2425 2426 2438
f 2426 2427 2438
f 2427 2428 2438
f 2428 2429 2438
f 2429 2430 2438
f 2430 2431 2438
f 2431 2432 2438
f 2432 2433 2438
f 2433 2434 2438
f 2434 2435 2438
f 2435 2436 2438
f 2436 2437 2438
f 2437 2424 2438
f 2439 2440 2454
f 2439 2454 2453
f 2467 2440 2439
f 2468 2453 2454
f 2440 2441 2455
f 2440 2455 2454
f 2467 2441 2440
f 2468 2454 2455
f 2441 2442 2456
f 2441 2456 2455
f 2467 2442 2441
f 2468 2455 2456
f 2442 2443 2457
f 2442 2457 2456
f 2467 2443 2442
f 2468 2456 2457
f 2443 2444 2458
f 2443 2458 2457
f 2467 2444 2443
f 2468 2457 2458
f 2444 2445 2459
f 2444 2459 2458
f 2467 2445 2444
f 2468 2458 2459
f 2445 2446 2460
f 2445 2460 2459
f 2467 2446 2445
f 2468 2459 2460
f 2446 2447 2461
f 2446 2461 2460
f 2467 2447 2446
f 2468 2460 2461
f 2447 2448 2462
f 2447 2462 2461
f 2467 2448 2447
f 2468 2461 2462
f 2448 2449 2463
f 2448 2463 2462
f 2467 2449 2448
f 2468 2462 2463
f 2449 2450 2464
f 2449 2464 2463
f 2467 2450 2449
f 2468 2463 2464
f 2450 2451 2465
f 2450 2465 2464
f 2467 2451 2450
f 2468 2464 2465
f 2451 2452 2466
f 2451 2466 2465
f 2467 2452 2451
f 2468 2465 2466
f 2452 2439 2453
f 2452 2453 2466
f 2467 2439 2452
f 2468 2466 2453
f 2469 2471 2470
f 2469 2472 2471
f 2469 2473 2472
f 2469 2474 2473
f 2469 2475 2474
f 2469 2476 2475
f 2469 2477 2476
f 2469 2478 2477
f 2469 2479 2478
f 2469 2480 2479
f 2469 2481 2480
f 2469 2482 2481
f 2469 2483 2482
f 2469 2470 2483
f 2470 2471 2485
f 2470 2485 2484
f 2471 2472 2486
f 2471 2486 2485
f 2472 2473 2487
f 2472 2487 2486
f 2473 2474 2488
f 2473 2488 2487
f 2474 2475 2489
f 2474 2489 2488
f 2475 2476 2490
f 2475 2490 2489
f 2476 2477 2491
f 2476 2491 2490
f 2477 2478 2492
f 2477 2492 2491
f 2478 2479 2493
f 2478 2493 2492
f 2479 2480 2494
f 2479 2494 2493
f 2480 2481 2495
f 2480 2495 2494
f 2481 2482 2496
f 2481 2496 2495
f 2482 2483 2497
f 2482 2497 2496
f 2483 2470 2484
f 2483 2484 2497
f 2484 2485 2499
f 2484 2499 2498
f 2485 2486 2500
f 2485 2500 2499
f 2486 2487 2501
f 2486 2501 2500
f 2487 2488 2502
f 2487 2502 2501
f 2488 2489 2503
f 2488 2503 2502
f 2489 2490 2504
f 2489 2504 2503
f 2490 2491 2505
f 2490 2505 2504
f 2491 2492 2506
f 2491 2506 2505
f 2492 2493 2507
f 2492 2507 2506
f 2493 2494 2508
f 2493 2508 2507
f 2494 2495 2509
f 2494 2509 2508
f 2495 2496 2510
f 2495 2510 2509
f 2496 2497 2511
f 2496 2511 2510
f 2497 2484 2498
f 2497 2498 2511
f 2498 2499 2513
f 2498 2513 2512
f 2499 2500 2514
f 2499 2514 2513
f 2500 2501 2515
f 2500 2515 2514
f 2501 2502 2516
f 2501 2516 2515
f 2502 2503 2517
f 2502 2517 2516
f 2503 2504 2518
f 2503 2518 2517
f 2504 2505 2519
f 2504 2519 2518
f 2505 2506 2520
f 2505 2520 2519
f 2506 2507 2521
f 2506 2521 2520
f 2507 2508 2522
f 2507 2522 2521
f 2508 2509 2523
f 2508 2523 2522
f 2509 2510 2524
f 2509 2524 2523
f 2510 2511 2525
f 2510 2525 2524
f 2511 2498 2512
f 2511 2512 2525
f 2512 2513 2527
f 2512 2527 2526
f 2513 2514 2528
f 2513 2528 2527
f 2514 2515 2529
f 2514 2529 2528
f 2515 2516 2530
f 2515 2530 2529
f 2516 2517 2531
f 2516 2531 2530
f 2517 2518 2532
f 2517 2532 2531
f 2518 2519 2533
f 2518 2533 2532
f 2519 2520 2534
f 2519 2534 2533
f 2520 2521 2535
f 2520 2535 2534
f 2521 2522 2536
f 2521 2536 2535
f 2522 2523 2537
f 2522 2537 2536
f 2523 2524 2538
f 2523 2538 2537
f 2524 2525 2539
f 2524 2539 2538
f 2525 2512 2526
f 2525 2526 2539
f 2526 2527 2541
f 2526 2541 2540
f 2527 2528 2542
f 2527 2542 2541
f 2528 2529 2543
f 2528 2543 2542
f 2529 2530 2544
f 2529 2544 2543
f 2530 2531 2545
f 2530 2545 2544
f 2531 2532 2546
f 2531 2546 2545
f 2532 2533 2547
f 2532 2547 2546
f 2533 2534 2548
f 2533 2548 2547
f 2534 2535 2549
f 2534 2549 2548
f 2535 2536 2550
f 2535 2550 2549
f 2536 2537 2551
f 2536 2551 2550
f 2537 2538 2552
f 2537 2552 2551
f 2538 2539 2553
f 2538 2553 2552
f 2539 2526 2540
f 2539 2540 2553
f 2540 2541 2555
f 2540 2555 2554
f 2541 2542 2556
f 2541 2556 2555
f 2542 2543 2557
f 2542 2557 2556
f 2543 2544 2558
f 2543 2558 2557
f 2544 2545 2559
f 2544 2559 2558
f 2545 2546 2560
f 2545 2560 2559
f 2546 2547 2561
f 2546 2561 2560
f 2547 2548 2562
f 2547 2562 2561
f 2548 2549 2563
f 2548 2563 2562
f 2549 2550 2564
f 2549 2564 2563
f 2550 2551 2565
f 2550 2565 2564
f 2551 2552 2566
f 2551 2566 2565
f 2552 2553 2567
f 2552 2567 2566
f 2553 2540 2554
f 2553 2554 2567
f 2554 2555 2568
f 2555 2556 2568
f 2556 2557 2568
f 2557 2558 2568
f 2558 2559 2568
f 2559 2560 2568
f 2560 2561 2568
f 2561 2562 2568
f 2562 2563 2568
f 2563 2564 2568
f 2564 2565 2568
f 2565 2566 2568
f 2566 2567 2568
f 2567 2554 2568
f 2569 2571 2570
f 2569 2572 2571
f 2569 2573 2572
f 2569 2574 2573
f 2569 2575 2574
f 2569 2576 2575
f 2569 2577 2576
f 2569 2578 2577
f 2569 2579 2578
f 2569 2580 2579
f 2569 2581 2580
f 2569 2582 2581
f 2569 2583 2582
f 2569 2570 2583
f 2570 2571 2585
f 2570 2585 2584
f 2571 2572 2586
f 2571 2586 2585
f 2572 2573 2587
f 2572 2587 2586
f 2573 2574 2588
f 2573 2588 2587
f 2574 2575 2589
f 2574 2589 2588
f 2575 2576 2590
f 2575 2590 2589
f 2576 2577 2591
f 2576 2591 2590
f 2577 2578 2592
f 2577 2592 2591
f 2578 2579 2593
f 2578 2593 2592
f 2579 2580 2594
f 2579 2594 2593
f 2580 2581 2595
f 2580 2595 2594
f 2581 2582 2596
f 2581 2596 2595
f 2582 2583 2597
f 2582 2597 2596
f 2583 2570 2584
f 2583 2584 2597
f 2584 2585 2599
f 2584 2599 2598
f 2585 2586 2600
f 2585 2600 2599
f 2586 2587 2601
f 2586 2601 2600
f 2587 2588 2602
f 2587 2602 2601
f 2588 2589 2603
f 2588 2603 2602
f 2589 2590 2604
f 2589 2604 2603
f 2590 2591 2605
f 2590 2605 2604
f 2591 2592 2606
f 2591 2606 2605
f 2592 2593 2607
f 2592 2607 2606
f 2593 2594 2608
f 2593 2608 2607
f 2594 2595 2609
f 2594 2609 2608
f 2595 2596 2610
f 2595 2610 2609
f 2596 2597 2611
f 2596 2611 2610
f 2597 2584 2598
f 2597 2598 2611
f 2598 2599 2613
f 2598 2613 2612
f 2599 2600 2614
f 2599 2614 2613
f 2600 2601 2615
f 2600 2615 2614
f 2601 2602 2616
f 2601 2616 2615
f 2602 2603 2617
f 2602 2617 2616
f 2603 2604 2618
f 2603 2618 2617
f 2604 2605 2619
f 2604 2619 2618
f 2605 2606 2620
f 2605 2620 2619
f 2606 2607 2621
f 2606 2621 2620
f 2607 2608 2622
f 2607 2622 2621
f 2608 2609 2623
f 2608 2623 2622
f 2609 2610 2624
f 2609 2624 2623
f 2610 2611 2625
f 2610 2625 2624
f 2611 2598 2612
f 2611 2612 2625
f 2612 2613 2627
f 2612 2627 2626
f 2613 2614 2628
f 2613 2628 2627
f 2614 2615 2629
f 2614 2629 2628
f 2615 2616 2630
f 2615 2630 2629
f 2616 2617 2631
f 2616 2631 2630
f 2617 2618 2632
f 2617 2632 2631
f 2618 2619 2633
f 2618 2633 2632
f 2619 2620 2634
f 2619 2634 2633
f 2620 2621 2635
f 2620 2635 2634
f 2621 2622 2636
f 2621 2636 2635
f 2622 2623 2637
f 2622 2637 2636
f 2623 2624 2638
f 2623 2638 2637
f 2624 2625 2639
f 2624 2639 2638
f 2625 2612 2626
f 2625 2626 2639
f 2626 2627 2641
f 2626 2641 2640
f 2627 2628 2642
f 2627 2642 2641
f 2628 2629 2643
f 2628 2643 2642
f 2629 2630 2644
f 2629 2644 2643
f 2630 2631 2645
f 2630 2645 2644
f 2631 2632 2646
f 2631 2646 2645
f 2632 2633 2647
f 2632 2647 2646
f 2633 2634 2648
f 2633 2648 2647
f 2634 2635 2649
f 2634 2649 2648
f 2635 2636 2650
f 2635 2650 2649
f 2636 2637 2651
f 2636 2651 2650
f 2637 2638 2652
f 2637 2652 2651
f 2638 2639 2653
f 2638 2653 2652
f 2639 2626 2640
f 2639 2640 2653
f 2640 2641 2655
f 2640 2655 2654
f 2641 2642 2656
f 2641 2656 2655
f 2642 2643 2657
f 2642 2657 2656
f 2643 2644 2658
f 2643 2658 2657
f 2644 2645 2659
f 2644 2659 2658
f 2645 2646 2660
f 2645 2660 2659
f 2646 2647 2661
f 2646 2661 2660
f 2647 2648 2662
f 2647 2662 2661
f 2648 2649 2663
f 2648 2663 2662
f 2649 2650 2664
f 2649 2664 2663
f 2650 2651 2665
f 2650 2665 2664
f 2651 2652 2666
f 2651 2666 2665
f 2652 2653 2667
f 2652 2667 2666
f 2653 2640 2654
f 2653 2654 2667
f 2654 2655 2668
f 2655 2656 2668
f 2656 2657 2668
f 2657 2658 2668
f 2658 2659 2668
f 2659 2660 2668
f 2660 2661 2668
f 2661 2662 2668
f 2662 2663 2668
f 2663 2664 2668
f 2664 2665 2668
f 2665 2666 2668
f 2666 2667 2668
f 2667 2654 2668
f 2669 2670 2684
f 2669 2684 2683
f 2697 2670 2669
f 2698 2683 2684
f 2670 2671 2685
f 2670 2685 2684
f 2697 2671 2670
f 2698 2684 2685
f 2671 2672 2686
f 2671 2686 2685
f 2697 2672 2671
f 2698 2685 2686
f 2672 2673 2687
f 2672 2687 2686
f 2697 2673 2672
f 2698 2686 2687
f 2673 2674 2688
f 2673 2688 2687
f 2697 2674 2673
f 2698 2687 2688
f 2674 2675 2689
f 2674 2689 2688
f 2697 2675 2674
f 2698 2688 2689
f 2675 2676 2690
f 2675 2690 2689
f 2697 2676 2675
f 2698 2689 2690
f 2676 2677 2691
f 2676 2691 2690
f 2697 2677 2676
f 2698 2690 2691
f 2677 2678 2692
f 2677 2692 2691
f 2697 2678 2677
f 2698 2691 2692
f 2678 2679 2693
f 2678 2693 2692
f 2697 2679 2678
f 2698 2692 2693
f 2679 2680 2694
f 2679 2694 2693
f 2697 2680 2679
f 2698 2693 2694
f 2680 2681 2695
f 2680 2695 2694
f 2697 2681 2680
f 2698 2694 2695
f 2681 2682 2696
f 2681 2696 2695
f 2697 2682 2681
f 2698 2695 2696
f 2682 2669 2683
f 2682 2683 2696
f 2697 2669 2682
f 2698 2696 2683
f 2699 2701 2700
f 2699 2702 2701
f 2699 2703 2702
f 2699 2704 2703
f 2699 2705 2704
f 2699 2706 2705
f 2699 2707 2706
f 2699 2708 2707
f 2699 2709 2708
f 2699 2710 2709
f 2699 2711 2710
f 2699 2712 2711
f 2699 2713 2712
f 2699 2700 2713
f 2700 2701 2715
f 2700 2715 2714
f 2701 2702 2716
f 2701 2716 2715
f 2702 2703 2717
f 2702 2717 2716
f 2703 2704 2718
f 2703 2718 2717
f 2704 2705 2719
f 2704 2719 2718
f 2705 2706 2720
f 2705 2720 2719
f 2706 2707 2721
f 2706 2721 2720
f 2707 2708 2722
f 2707 2722 2721
f 2708 2709 2723
f 2708 2723 2722
f 2709 2710 2724
f 2709 2724 2723
f 2710 2711 2725
f 2710 2725 2724
f 2711 2712 2726
f 2711 2726 2725
f 2712 2713 2727
f 2712 2727 2726
f 2713 2700 2714
f 2713 2714 2727
f 2714 2715 2729
f 2714 2729 2728
f 2715 2716 2730
f 2715 2730 2729
f 2716 2717 2731
f 2716 2731 2730
f 2717 2718 2732
f 2717 2732 2731
f 2718 2719 2733
f 2718 2733 2732
f 2719 2720 2734
f 2719 2734 2733
f 2720 2721 2735
f 2720 2735 2734
f 2721 2722 2736
f 2721 2736 2735
f 2722 2723 2737
f 2722 2737 2736
f 2723 2724 2738
f 2723 2738 2737
f 2724 2725 2739
f 2724 2739 2738
f 2725 2726 2740
f 2725 2740 2739
f 2726 2727 2741
f 2726 2741 2740
f 2727 2714 2728
f 2727 2728 2741
f 2728 2729 2743
f 2728 2743 2742
f 2729 2730 2744
f 2729 2744 2743
f 2730 2731 2745
f 2730 2745 2744
f 2731 2732 2746
f 2731 2746 2745
f 2732 2733 2747
f 2732 2747 2746
f 2733 2734 2748
f 2733 2748 2747
f 2734 2735 2749
f 2734 2749 2748
f 2735 2736 2750
f 2735 2750 2749
f 2736 2737 2751
f 2736 2751 2750
f 2737 2738 2752
f 2737 2752 2751
f 2738 2739 2753
f 2738 2753 2752
f 2739 2740 2754
f 2739 2754 2753
f 2740 2741 2755
f 2740 2755 2754
f 2741 2728 2742
f 2741 2742 2755
f 2742 2743 2757
f 2742 2757 2756
f 2743 2744 2758
f 2743 2758 2757
f 2744 2745 2759
f 2744 2759 2758
f 2745 2746 2760
f 2745 2760 2759
f 2746 2747 2761
f 2746 2761 2760
f 2747 2748 2762
f 2747 2762 2761
f 2748 2749 2763
f 2748 2763 2762
f 2749 2750 2764
f 2749 2764 2763
f 2750 2751 2765
f 2750 2765 2764
f 2751 2752 2766
f 2751 2766 2765
f 2752 2753 2767
f 2752 2767 2766
f 2753 2754 2768
f 2753 2768 2767
f 2754 2755 2769
f 2754 2769 2768
f 2755 2742 2756
f 2755 2756 2769
f 2756 2757 2771
f 2756 2771 2770
f 2757 2758 2772
f 2757 2772 2771
f 2758 2759 2773
f 2758 2773 2772
f 2759 2760 2774
f 2759 2774 2773
f 2760 2761 2775
f 2760 2775 2774
f 2761 2762 2776
f 2761 2776 2775
f 2762 2763 2777
f 2762 2777 2776
f 2763 2764 2778
f 2763 2778 2777
f 2764 2765 2779
f 2764 2779 2778
f 2765 2766 2780
f 2765 2780 2779
f 2766 2767 2781
f 2766 2781 2780
f 2767 2768 2782
f 2767 2782 2781
f 2768 2769 2783
f 2768 2783 2782
f 2769 2756 2770
f 2769 2770 2783
f 2770 2771 2785
f 2770 2785 2784
f 2771 2772 2786
f 2771 2786 2785
f 2772 2773 2787
f 2772 2787 2786
f 2773 2774 2788
f 2773 2788 2787
f 2774 2775 2789
f 2774 2789 2788
f 2775 2776 2790
f 2775 2790 2789
f 2776 2777 2791
f 2776 2791 2790
f 2777 2778 2792
f 2777 2792 2791
f 2778 2779 2793
f 2778 2793 2792
f 2779 2780 2794
f 2779 2794 2793
f 2780 2781 2795
f 2780 2795 2794
f 2781 2782 2796
f 2781 2796 2795
f 2782 2783 2797
f 2782 2797 2796
f 2783 2770 2784
f 2783 2784 2797
f 2784 2785 2798
f 2785 2786 2798
f 2786 2787 2798
f 2787 2788 2798
f 2788 2789 2798
f 2789 2790 2798
f 2790 2791 2798
f 2791 2792 2798
f 2792 2793 2798
f 2793 2794 2798
f 2794 2795 2798
f 2795 2796 2798
f 2796 2797 2798
f 2797 2784 2798
f 2799 2801 2800
f 2799 2802 2801
f 2799 2803 2802
f 2799 2804 2803
f 2799 2805 2804
f 2799 2806 2805
f 2799 2807 2806
f 2799 2808 2807
f 2799 2809 2808
f 2799 2810 2809
f 2799 2811 2810
f 2799 2812 2811
f 2799 2813 2812
f 2799 2800 2813
f 2800 2801 2815
f 2800 2815 2814
f 2801 2802 2816
f 2801 2816 2815
f 2802 2803 2817
f 2802 2817 2816
f 2803 2804 2818
f 2803 2818 2817
f 2804 2805 2819
f 2804 2819 2818
f 2805 2806 2820
f 2805 2820 2819
f 2806 2807 2821
f 2806 2821 2820
f 2807 2808 2822
f 2807 2822 2821
f 2808 2809 2823
f 2808 2823 2822
f 2809 2810 2824
f 2809 2824 2823
f 2810 2811 2825
f 2810 2825 2824
f 2811 2812 2826
f 2811 2826 2825
f 2812 2813 2827
f 2812 2827 2826
f 2813 2800 2814
f 2813 2814 2827
f 2814 2815 2829
f 2814 2829 2828
f 2815 2816 2830
f 2815 2830 2829
f 2816 2817 2831
f 2816 2831 2830
f 2817 2818 2832
f 2817 2832 2831
f 2818 2819 2833
f 2818 2833 2832
f 2819 2820 2834
f 2819 2834 2833
f 2820 2821 2835
f 2820 2835 2834
f 2821 2822 2836
f 2821 2836 2835
f 2822 2823 2837
f 2822 2837 2836
f 2823 2824 2838
f 2823 2838 2837
f 2824 2825 2839
f 2824 2839 2838
f 2825 2826 2840
f 2825 2840 2839
f 2826 2827 2841
f 2826 2841 2840
f 2827 2814 2828
f 2827 2828 2841
f 2828 2829 2843
f 2828 2843 2842
f 2829 2830 2844
f 2829 2844 2843
f 2830 2831 2845
f 2830 2845 2844
f 2831 2832 2846
f 2831 2846 2845
f 2832 2833 2847
f 2832 2847 2846
f 2833 2834 2848
f 2833 2848 2847
f 2834 2835 2849
f 2834 2849 2848
f 2835 2836 2850
f 2835 2850 2849
f 2836 2837 2851
f 2836 2851 2850
f 2837 2838 2852
f 2837 2852 2851
f 2838 2839 2853
f 2838 2853 2852
f 2839 2840 2854
f 2839 2854 2853
f 2840 2841 2855
f 2840 2855 2854
f 2841 2828 2842
f 2841 2842 2855
f 2842 2843 2857
f 2842 2857 2856
f 2843 2844 2858
f 2843 2858 2857
f 2844 2845 2859
f 2844 2859 2858
f 2845 2846 2860
f 2845 2860 2859
f 2846 2847 2861
f 2846 2861 2860
f 2847 2848 2862
f 2847 2862 2861
f 2848 2849 2863
f 2848 2863 2862
f 2849 2850 2864
f 2849 2864 2863
f 2850 2851 2865
f 2850 2865 2864
f 2851 2852 2866
f 2851 2866 2865
f 2852 2853 2867
f 2852 2867 2866
f 2853 2854 2868
f 2853 2868 2867
f 2854 2855 2869
f 2854 2869 2868
f 2855 2842 2856
f 2855 2856 2869
f 2856 2857 2871
f 2856 2871 2870
f 2857 2858 2872
f 2857 2872 2871
f 2858 2859 2873
f 2858 2873 2872
f 2859 2860 2874
f 2859 2874 2873
f 2860 2861 2875
f 2860 2875 2874
f 2861 2862 2876
f 2861 2876 2875
f 2862 2863 2877
f 2862 2877 2876
f 2863 2864 2878
f 2863 2878 2877
f 2864 2865 2879
f 2864 2879 2878
f 2865 2866 2880
f 2865 2880 2879
f 2866 2867 2881
f 2866 2881 2880
f 2867 2868 2882
f 2867 2882 2881
f 2868 2869 2883
f 2868 2883 2882
f 2869 2856 2870
f 2869 2870 2883
f 2870 2871 2885
f 2870 2885 2884
f 2871 2872 2886
f 2871 2886 2885
f 2872 2873 2887
f 2872 2887 2886
f 2873 2874 2888
f 2873 2888 2887
f 2874 2875 2889
f 2874 2889 2888
f 2875 2876 2890
f 2875 2890 2889
f 2876 2877 2891
f 2876 2891 2890
f 2877 2878 2892
f 2877 2892 2891
f 2878 2879 2893
f 2878 2893 2892
f 2879 2880 2894
f 2879 2894 2893
f 2880 2881 2895
f 2880 2895 2894
f 2881 2882 2896
f 2881 2896 2895
f 2882 2883 2897
f 2882 2897 2896
f 2883 2870 2884
f 2883 2884 2897
f 2884 2885 2898
f 2885 2886 2898
f 2886 2887 2898
f 2887 2888 2898
f 2888 2889 2898
f 2889 2890 2898
f 2890 2891 2898
f 2891 2892 2898
f 2892 2893 2898
f 2893 2894 2898
f 2894 2895 2898
f 2895 2896 2898
f 2896 2897 2898
f 2897 2884 2898
f 2899 2900 2914
f 2899 2914 2913
f 2927 2900 2899
f 2928 2913 2914
f 2900 2901 2915
f 2900 2915 2914
f 2927 2901 2900
f 2928 2914 2915
f 2901 2902 2916
f 2901 2916 2915
f 2927 2902 2901
f 2928 2915 2916
f 2902 2903 2917
f 2902 2917 2916
f 2927 2903 2902
f 2928 2916 2917
f 2903 2904 2918
f 2903 2918 2917
f 2927 2904 2903
f 2928 2917 2918
f 2904 2905 2919
f 2904 2919 2918
f 2927 2905 2904
f 2928 2918 2919
f 2905 2906 2920
f 2905 2920 2919
f 2927 2906 2905
f 2928 2919 2920
f 2906 2907 2921
f 2906 2921 2920
f 2927 2907 2906
f 2928 2920 2921
f 2907 2908 2922
f 2907 2922 2921
f 2927 2908 2907
f 2928 2921 2922
f 2908 2909 2923
f 2908 2923 2922
f 2927 2909 2908
f 2928 2922 2923
f 2909 2910 2924
f 2909 2924 2923
f 2927 2910 2909
f 2928 2923 2924
f 2910 2911 2925
f 2910 2925 2924
f 2927 2911 2910
f 2928 2924 2925
f 2911 2912 2926
f 2911 2926 2925
f 2927 2912 2911
f 2928 2925 2926
f 2912 2899 2913
f 2912 2913 2926
f 2927 2899 2912
f 2928 2926 2913
f 2929 2931 2930
f 2929 2932 2931
f 2929 2933 2932
f 2929 2934 2933
f 2929 2935 2934
f 2929 2936 2935
f 2929 2937 2936
f 2929 2938 2937
f 2929 2939 2938
f 2929 2940 2939
f 2929 2941 2940
f 2929 2942 2941
f 2929 2943 2942
f 2929 2930 2943
f 2930 2931 2945
f 2930 2945 2944
f 2931 2932 2946
f 2931 2946 2945
f 2932 2933 2947
f 2932 2947 2946
f 2933 2934 2948
f 2933 2948 2947
f 2934 2935 2949
f 2934 2949 2948
f 2935 2936 2950
f 2935 2950 2949
f 2936 2937 2951
f 2936 2951 2950
f 2937 2938 2952
f 2937 2952 2951
f 2938 2939 2953
f 2938 2953 2952
f 2939 2940 2954
f 2939 2954 2953
f 2940 2941 2955
f 2940 2955 2954
f 2941 2942 2956
f 2941 2956 2955
f 2942 2943 2957
f 2942 2957 2956
f 2943 2930 2944
f 2943 2944 2957
f 2944 2945 2959
f 2944 2959 2958
f 2945 2946 2960
f 2945 2960 2959
f 2946 2947 2961
f 2946 2961 2960
f 2947 2948 2962
f 2947 2962 2961
f 2948 2949 2963
f 2948 2963 2962
f 2949 2950 2964
f 2949 2964 2963
f 2950 2951 2965
f 2950 2965 2964
f 2951 2952 2966
f 2951 2966 2965
f 2952 2953 2967
f 2952 2967 2966
f 2953 2954 2968
f 2953 2968 2967
f 2954 2955 2969
f 2954 2969 2968
f 2955 2956 2970
f 2955 2970 2969
f 2956 2957 2971
f 2956 2971 2970
f 2957 2944 2958
f 2957 2958 2971
f 2958 2959 2973
f 2958 2973 2972
f 2959 2960 2974
f 2959 2974 2973
f 2960 2961 2975
f 2960 2975 2974
f 2961 2962 2976
f 2961 2976 2975
f 2962 2963 2977
f 2962 2977 2976
f 2963 2964 2978
f 2963 2978 2977
f 2964 2965 2979
f 2964 2979 2978
f 2965 2966 2980
f 2965 2980 2979
f 2966 2967 2981
f 2966 2981 2980
f 2967 2968 2982
f 2967 2982 2981
f 2968 2969 2983
f 2968 2983 2982
f 2969 2970 2984
f 2969 2984 2983
f 2970 2971 2985
f 2970 2985 2984
f 2971 2958 2972
f 2971 2972 2985
f 2972 2973 2987
f 2972 2987 2986
f 2973 2974 2988
f 2973 2988 2987
f 2974 2975 2989
f 2974 2989 2988
f 2975 2976 2990
f 2975 2990 2989
f 2976 2977 2991
f 2976 2991 2990
f 2977 2978 2992
f 2977 2992 2991
f 2978 2979 2993
f 2978 2993 2992
f 2979 2980 2994
f 2979 2994 2993
f 2980 2981 2995
f 2980 2995 2994
f 2981 2982 2996
f 2981 2996 2995
f 2982 2983 2997
f 2982 2997 2996
f 2983 2984 2998
f 2983 2998 2997
f 2984 2985 2999
f 2984 2999 2998
f 2985 2972 2986
f 2985 2986 2999
f 2986 2987 3001
f 2986 3001 3000
f 2987 2988 3002
f 2987 3002 3001
f 2988 2989 3003
f 2988 3003 3002
f 2989 2990 3004
f 2989 3004 3003
f 2990 2991 3005
f 2990 3005 3004
f 2991 2992 3006
f 2991 3006 3005
f 2992 2993 3007
f 2992 3007 3006
f 2993 2994 3008
f 2993 3008 3007
f 2994 2995 3009
f 2994 3009 3008
f 2995 2996 3010
f 2995 3010 3009
f 2996 2997 3011
f 2996 3011 3010
f 2997 2998 3012
f 2997 3012 3011
f 2998 2999 3013
f 2998 3013 3012
f 2999 2986 3000
f 2999 3000 3013
f 3000 3001 3015
f 3000 3015 3014
f 3001 3002 3016
f 3001 3016 3015
f 3002 3003 3017
f 3002 3017 3016
f 3003 3004 3018
f 3003 3018 3017
f 3004 3005 3019
f 3004 3019 3018
f 3005 3006 3020
f 3005 3020 3019
f 3006 3007 3021
f 3006 3021 3020
f 3007 3008 3022
f 3007 3022 3021
f 3008 3009 3023
f 3008 3023 3022
f 3009 3010 3024
f 3009 3024 3023
f 3010 3011 3025
f 3010 3025 3024
f 3011 3012 3026
f 3011 3026 3025
f 3012 3013 3027
f 3012 3027 3026
f 3013 3000 3014
f 3013 3014 3027
f 3014 3015 3028
f 3015 3016 3028
f 3016 3017 3028
f 3017 3018 3028
f 3018 3019 3028
f 3019 3020 3028
f 3020 3021 3028
f 3021 3022 3028
f 3022 3023 3028
f 3023 3024 3028
f 3024 3025 3028
f 3025 3026 3028
f 3026 3027 3028
f 3027 3014 3028
f 3029 3031 3030
f 3029 3032 3031
f 3029 3033 3032
f 3029 3034 3033
f 3029 3035 3034
f 3029 3036 3035
f 3029 3037 3036
f 3029 3038 3037
f 3029 3039 3038
f 3029 3040 3039
f 3029 3041 3040
f 3029 3042 3041
f 3029 3043 3042
f 3029 3030 3043
f 3030 3031 3045
f 3030 3045 3044
f 3031 3032 3046
f 3031 3046 3045
f 3032 3033 3047
f 3032 3047 3046
f 3033 3034 3048
f 3033 3048 3047
f 3034 3035 3049
f 3034 3049 3048
f 3035 3036 3050
f 3035 3050 3049
f 3036 3037 3051
f 3036 3051 3050
f 3037 3038 3052
f 3037 3052 3051
f 3038 3039 3053
f 3038 3053 3052
f 3039 3040 3054
f 3039 3054 3053
f 3040 3041 3055
f 3040 3055 3054
f 3041 3042 3056
f 3041 3056 3055
f 3042 3043 3057
f 3042 3057 3056
f 3043 3030 3044
f 3043 3044 3057
f 3044 3045 3059
f 3044 3059 3058
f 3045 3046 3060
f 3045 3060 3059
f 3046 3047 3061
f 3046 3061 3060
f 3047 3048 3062
f 3047 3062 3061
f 3048 3049 3063
f 3048 3063 3062
f 3049 3050 3064
f 3049 3064 3063
f 3050 3051 3065
f 3050 3065 3064
f 3051 3052 3066
f 3051 3066 3065
f 3052 3053 3067
f 3052 3067 3066
f 3053 3054 3068
f 3053 3068 3067
f 3054 3055 3069
f 3054 3069 3068
f 3055 3056 3070
f 3055 3070 3069
f 3056 3057 3071
f 3056 3071 3070
f 3057 3044 3058
f 3057 3058 3071
f 3058 3059 3073
f 3058 3073 3072
f 3059 3060 3074
f 3059 3074 3073
f 3060 3061 3075
f 3060 3075 3074
f 3061 3062 3076
f 3061 3076 3075
f 3062 3063 3077
f 3062 3077 3076
f 3063 3064 3078
f 3063 3078 3077
f 3064 3065 3079
f 3064 3079 3078
f 3065 3066 3080
f 3065 3080 3079
f 3066 3067 3081
f 3066 3081 3080
f 3067 3068 3082
f 3067 3082 3081
f 3068 3069 3083
f 3068 3083 3082
f 3069 3070 3084
f 3069 3084 3083
f 3070 3071 3085
f 3070 3085 3084
f 3071 3058 3072
f 3071 3072 3085
f 3072 3073 3087
f 3072 3087 3086
f 3073 3074 3088
f 3073 3088 3087
f 3074 3075 3089
f 3074 3089 3088
f 3075 3076 3090
f 3075 3090 3089
f 3076 3077 3091
f 3076 3091 3090
f 3077 3078 3092
f 3077 3092 3091
f 3078 3079 3093
f 3078 3093 3092
f 3079 3080 3094
f 3079 3094 3093
f 3080 3081 3095
f 3080 3095 3094
f 3081 3082 3096
f 3081 3096 3095
f 3082 3083 3097
f 3082 3097 3096
f 3083 3084 3098
f 3083 3098 3097
f 3084 3085 3099
f 3084 3099 3098
f 3085 3072 3086
f 3085 3086 3099
f 3086 3087 3101
f 3086 3101 3100
f 3087 3088 3102
f 3087 3102 3101
f 3088 3089 3103
f 3088 3103 3102
f 3089 3090 3104
f 3089 3104 3103
f 3090 3091 3105
f 3090 3105 3104
f 3091 3092 3106
f 3091 3106 3105
f 3092 3093 3107
f 3092 3107 3106
f 3093 3094 3108
f 3093 3108 3107
f 3094 3095 3109
f 3094 3109 3108
f 3095 3096 3110
f 3095 3110 3109
f 3096 3097 3111
f 3096 3111 3110
f 3097 3098 3112
f 3097 3112 3111
f 3098 3099 3113
f 3098 3113 3112
f 3099 3086 3100
f 3099 3100 3113
f 3100 3101 3115
f 3100 3115 3114
f 3101 3102 3116
f 3101 3116 3115
f 3102 3103 3117
f 3102 3117 3116
f 3103 3104 3118
f 3103 3118 3117
f 3104 3105 3119
f 3104 3119 3118
f 3105 3106 3120
f 3105 3120 3119
f 3106 3107 3121
f 3106 3121 3120
f 3107 3108 3122
f 3107 3122 3121
f 3108 3109 3123
f 3108 3123 3122
f 3109 3110 3124
f 3109 3124 3123
f 3110 3111 3125
f 3110 3125 3124
f 3111 3112 3126
f 3111 3126 3125
f 3112 3113 3127
f 3112 3127 3126
f 3113 3100 3114
f 3113 3114 3127
f 3114 3115 3128
f 3115 3116 3128
f 3116 3117 3128
f 3117 3118 3128
f 3118 3119 3128
f 3119 3120 3128
f 3120 3121 3128
f 3121 3122 3128
f 3122 3123 3128
f 3123 3124 3128
f 3124 3125 3128
f 3125 3126 3128
f 3126 3127 3128
f 3127 3114 3128
f 3129 3130 3144
f 3129 3144 3143
f 3157 3130 3129
f 3158 3143 3144
f 3130 3131 3145
f 3130 3145 3144
f 3157 3131 3130
f 3158 3144 3145
f 3131 3132 3146
f 3131 3146 3145
f 3157 3132 3131
f 3158 3145 3146
f 3132 3133 3147
f 3132 3147 3146
f 3157 3133 3132
f 3158 3146 3147
f 3133 3134 3148
f 3133 3148 3147
f 3157 3134 3133
f 3158 3147 3148
f 3134 3135 3149
f 3134 3149 3148
f 3157 3135 3134
f 3158 3148 3149
f 3135 3136 3150
f 3135 3150 3149
f 3157 3136 3135
f 3158 3149 3150
f 3136 3137 3151
f 3136 3151 3150
f 3157 3137 3136
f 3158 3150 3151
f 3137 3138 3152
f 3137 3152 3151
f 3157 3138 3137
f 3158 3151 3152
f 3138 3139 3153
f 3138 3153 3152
f 3157 3139 3138
f 3158 3152 3153
f 3139 3140 3154
f 3139 3154 3153
f 3157 3140 3139
f 3158 3153 3154
f 3140 3141 3155
f 3140 3155 3154
f 3157 3141 3140
f 3158 3154 3155
f 3141 3142 3156
f 3141 3156 3155
f 3157 3142 3141
f 3158 3155 3156
f 3142 3129 3143
f 3142 3143 3156
f 3157 3129 3142
f 3158 3156 3143
f 3159 3161 3160
f 3159 3162 3161
f 3159 3163 3162
f 3159 3164 3163
f 3159 3165 3164
f 3159 3166 3165
f 3159 3167 3166
f 3159 3168 3167
f 3159 3169 3168
f 3159 3170 3169
f 3159 3171 3170
f 3159 3172 3171
f 3159 3173 3172
f 3159 3160 3173
f 3160 3161 3175
f 3160 3175 3174
f 3161 3162 3176
f 3161 3176 3175
f 3162 3163 3177
f 3162 3177 3176
f 3163 3164 3178
f 3163 3178 3177
f 3164 3165 3179
f 3164 3179 3178
f 3165 3166 3180
f 3165 3180 3179
f 3166 3167 3181
f 3166 3181 3180
f 3167 3168 3182
f 3167 3182 3181
f 3168 3169 3183
f 3168 3183 3182
f 3169 3170 3184
f 3169 3184 3183
f 3170 3171 3185
f 3170 3185 3184
f 3171 3172 3186
f 3171 3186 3185
f 3172 3173 3187
f 3172 3187 3186
f 3173 3160 3174
f 3173 3174 3187
f 3174 3175 3189
f 3174 3189 3188
f 3175 3176 3190
f 3175 3190 3189
f 3176 3177 3191
f 3176 3191 3190
f 3177 3178 3192
f 3177 3192 3191
f 3178 3179 3193
f 3178 3193 3192
f 3179 3180 3194
f 3179 3194 3193
f 3180 3181 3195
f 3180 3195 3194
f 3181 3182 3196
f 3181 3196 3195
f 3182 3183 3197
f 3182 3197 3196
f 3183 3184 3198
f 3183 3198 3197
f 3184 3185 3199
f 3184 3199 3198
f 3185 3186 3200
f 3185 3200 3199
f 3186 3187 3201
f 3186 3201 3200
f 3187 3174 3188
f 3187 3188 3201
f 3188 3189 3203
f 3188 3203 3202
f 3189 3190 3204
f 3189 3204 3203
f 3190 3191 3205
f 3190 3205 3204
f 3191 3192 3206
f 3191 3206 3205
f 3192 3193 3207
f 3192 3207 3206
f 3193 3194 3208
f 3193 3208 3207
f 3194 3195 3209
f 3194 3209 3208
f 3195 3196 3210
f 3195 3210 3209
f 3196 3197 3211
f 3196 3211 3210
f 3197 3198 3212
f 3197 3212 3211
f 3198 3199 3213
f 3198 3213 3212
f 3199 3200 3214
f 3199 3214 3213
f 3200 3201 3215
f 3200 3215 3214
f 3201 3188 3202
f 3201 3202 3215
f 3202 3203 3217
f 3202 3217 3216
f 3203 3204 3218
f 3203 3218 3217
f 3204 3205 3219
f 3204 3219 3218
f 3205 3206 3220
f 3205 3220 3219
f 3206 3207 3221
f 3206 3221 3220
f 3207 3208 3222
f 3207 3222 3221
f 3208 3209 3223
f 3208 3223 3222
f 3209 3210 3224
f 3209 3224 3223
f 3210 3211 3225
f 3210 3225 3224
f 3211 3212 3226
f 3211 3226 3225
f 3212 3213 3227
f 3212 3227 3226
f 3213 3214 3228
f 3213 3228 3227
f 3214 3215 3229
f 3214 3229 3228
f 3215 3202 3216
f 3215 3216 3229
f 3216 3217 3231
f 3216 3231 3230
f 3217 3218 3232
f 3217 3232 3231
f 3218 3219 3233
f 3218 3233 3232
f 3219 3220 3234
f 3219 3234 3233
f 3220 3221 3235
f 3220 3235 3234
f 3221 3222 3236
f 3221 3236 3235
f 3222 3223 3237
f 3222 3237 3236
f 3223 3224 3238
f 3223 3238 3237
f 3224 3225 3239
f 3224 3239 3238
f 3225 3226 3240
f 3225 3240 3239
f 3226 3227 3241
f 3226 3241 3240
f 3227 3228 3242
f 3227 3242 3241
f 3228 3229 3243
f 3228 3243 3242
f 3229 3216 3230
f 3229 3230 3243
f 3230 3231 3245
f 3230 3245 3244
f 3231 3232 3246
f 3231 3246 3245
f 3232 3233 3247
f 3232 3247 3246
f 3233 3234 3248
f 3233 3248 3247
f 3234 3235 3249
f 3234 3249 3248
f 3235 3236 3250
f 3235 3250 3249
f 3236 3237 3251
f 3236 3251 3250
f 3237 3238 3252
f 3237 3252 3251
f 3238 3239 3253
f 3238 3253 3252
f 3239 3240 3254
f 3239 3254 3253
f 3240 3241 3255
f 3240 3255 3254
f 3241 3242 3256
f 3241 3256 3255
f 3242 3243 3257
f 3242 3257 3256
f 3243 3230 3244
f 3243 3244 3257
f 3244 3245 3258
f 3245 3246 3258
f 3246 3247 3258
f 3247 3248 3258
f 3248 3249 3258
f 3249 3250 3258
f 3250 3251 3258
f 3251 3252 3258
f 3252 3253 3258
f 3253 3254 3258
f 3254 3255 3258
f 3255 3256 3258
f 3256 3257 3258
f 3257 3244 3258
f 3259 3261 3260
f 3259 3262 3261
f 3259 3263 3262
f 3259 3264 3263
f 3259 3265 3264
f 3259 3266 3265
f 3259 3267 3266
f 3259 3268 3267
f 3259 3269 3268
f 3259 3270 3269
f 3259 3271 3270
f 3259 3272 3271
f 3259 3273 3272
f 3259 3260 3273
f 3260 3261 3275
f 3260 3275 3274
f 3261 3262 3276
f 3261 3276 3275
f 3262 3263 3277
f 3262 3277 3276
f 3263 3264 3278
f 3263 3278 3277
f 3264 3265 3279
f 3264 3279 3278
f 3265 3266 3280
f 3265 3280 3279
f 3266 3267 3281
f 3266 3281 3280
f 3267 3268 3282
f 3267 3282 3281
f 3268 3269 3283
f 3268 3283 3282
f 3269 3270 3284
f 3269 3284 3283
f 3270 3271 3285
f 3270 3285 3284
f 3271 3272 3286
f 3271 3286 3285
f 3272 3273 3287
f 3272 3287 3286
f 3273 3260 3274
f 3273 3274 3287
f 3274 3275 3289
f 3274 3289 3288
f 3275 3276 3290
f 3275 3290 3289
f 3276 3277 3291
f 3276 3291 3290
f 3277 3278 3292
f 3277 3292 3291
f 3278 3279 3293
f 3278 3293 3292
f 3279 3280 3294
f 3279 3294 3293
f 3280 3281 3295
f 3280 3295 3294
f 3281 3282 3296
f 3281 3296 3295
f 3282 3283 3297
f 3282 3297 3296
f 3283 3284 3298
f 3283 3298 3297
f 3284 3285 3299
f 3284 3299 3298
f 3285 3286 3300
f 3285 3300 3299
f 3286 3287 3301
f 3286 3301 3300
f 3287 3274 3288
f 3287 3288 3301
f 3288 3289 3303
f 3288 3303 3302
f 3289 3290 3304
f 3289 3304 3303
f 3290 3291 3305
f 3290 3305 3304
f 3291 3292 3306
f 3291 3306 3305
f 3292 3293 3307
f 3292 3307 3306
f 3293 3294 3308
f 3293 3308 3307
f 3294 3295 3309
f 3294 3309 3308
f 3295 3296 3310
f 3295 3310 3309
f 3296 3297 3311
f 3296 3311 3310
f 3297 3298 3312
f 3297 3312 3311
f 3298 3299 3313
f 3298 3313 3312
f 3299 3300 3314
f 3299 3314 3313
f 3300 3301 3315
f 3300 3315 3314
f 3301 3288 3302
f 3301 3302 3315
f 3302 3303 3317
f 3302 3317 3316
f 3303 3304 3318
f 3303 3318 3317
f 3304 3305 3319
f 3304 3319 3318
f 3305 3306 3320
f 3305 3320 3319
f 3306 3307 3321
f 3306 3321 3320
f 3307 3308 3322
f 3307 3322 3321
f 3308 3309 3323
f 3308 3323 3322
f 3309 3310 3324
f 3309 3324 3323
f 3310 3311 3325
f 3310 3325 3324
f 3311 3312 3326
f 3311 3326 3325
f 3312 3313 3327
f 3312 3327 3326
f 3313 3314 3328
f 3313 3328 3327
f 3314 3315 3329
f 3314 3329 3328
f 3315 3302 3316
f 3315 3316 3329
f 3316 3317 3331
f 3316 3331 3330
f 3317 3318 3332
f 3317 3332 3331
f 3318 3319 3333
f 3318 3333 3332
f 3319 3320 3334
f 3319 3334 3333
f 3320 3321 3335
f 3320 3335 3334
f 3321 3322 3336
f 3321 3336 3335
f 3322 3323 3337
f 3322 3337 3336
f 3323 3324 3338
f 3323 3338 3337
f 3324 3325 3339
f 3324 3339 3338
f 3325 3326 3340
f 3325 3340 3339
f 3326 3327 3341
f 3326 3341 3340
f 3327 3328 3342
f 3327 3342 3341
f 3328 3329 3343
f 3328 3343 3342
f 3329 3316 3330
f 3329 3330 3343
f 3330 3331 3345
f 3330 3345 3344
f 3331 3332 3346
f 3331 3346 3345
f 3332 3333 3347
f 3332 3347 3346
f 3333 3334 3348
f 3333 3348 3347
f 3334 3335 3349
f 3334 3349 3348
f 3335 3336 3350
f 3335 3350 3349
f 3336 3337 3351
f 3336 3351 3350
f 3337 3338 3352
f 3337 3352 3351
f 3338 3339 3353
f 3338 3353 3352
f 3339 3340 3354
f 3339 3354 3353
f 3340 3341 3355
f 3340 3355 3354
f 3341 3342 3356
f 3341 3356 3355
f 3342 3343 3357
f 3342 3357 3356
f 3343 3330 3344
f 3343 3344 3357
f 3344 3345 3358
f 3345 3346 3358
f 3346 3347 3358
f 3347 3348 3358
f 3348 3349 3358
f 3349 3350 3358
f 3350 3351 3358
f 3351 3352 3358
f 3352 3353 3358
f 3353 3354 3358
f 3354 3355 3358
f 3355 3356 3358
f 3356 3357 3358
f 3357 3344 3358
f 3359 3360 3374
f 3359 3374 3373
f 3387 3360 3359
f 3388 3373 3374
f 3360 3361 3375
f 3360 3375 3374
f 3387 3361 3360
f 3388 3374 3375
f 3361 3362 3376
f 3361 3376 3375
f 3387 3362 3361
f 3388 3375 3376
f 3362 3363 3377
f 3362 3377 3376
f 3387 3363 3362
f 3388 3376 3377
f 3363 3364 3378
f 3363 3378 3377
f 3387 3364 3363
f 3388 3377 3378
f 3364 3365 3379
f 3364 3379 3378
f 3387 3365 3364
f 3388 3378 3379
f 3365 3366 3380
f 3365 3380 3379
f 3387 3366 3365
f 3388 3379 3380
f 3366 3367 3381
f 3366 3381 3380
f 3387 3367 3366
f 3388 3380 3381
f 3367 3368 3382
f 3367 3382 3381
f 3387 3368 3367
f 3388 3381 3382
f 3368 3369 3383
f 3368 3383 3382
f 3387 3369 3368
f 3388 3382 3383
f 3369 3370 3384
f 3369 3384 3383
f 3387 3370 3369
f 3388 3383 3384
f 3370 3371 3385
f 3370 3385 3384
f 3387 3371 3370
f 3388 3384 3385
f 3371 3372 3386
f 3371 3386 3385
f 3387 3372 3371
f 3388 3385 3386
f 3372 3359 3373
f 3372 3373 3386
f 3387 3359 3372
f 3388 3386 3373
f 3389 3391 3390
f 3389 3392 3391
f 3389 3393 3392
f 3389 3394 3393
f 3389 3395 3394
f 3389 3396 3395
f 3389 3397 3396
f 3389 3398 3397
f 3389 3399 3398
f 3389 3400 3399
f 3389 3401 3400
f 3389 3402 3401
f 3389 3403 3402
f 3389 3390 3403
f 3390 3391 3405
f 3390 3405 3404
f 3391 3392 3406
f 3391 3406 3405
f 3392 3393 3407
f 3392 3407 3406
f 3393 3394 3408
f 3393 3408 3407
f 3394 3395 3409
f 3394 3409 3408
f 3395 3396 3410
f 3395 3410 3409
f 3396 3397 3411
f 3396 3411 3410
f 3397 3398 3412
f 3397 3412 3411
f 3398 3399 3413
f 3398 3413 3412
f 3399 3400 3414
f 3399 3414 3413
f 3400 3401 3415
f 3400 3415 3414
f 3401 3402 3416
f 3401 3416 3415
f 3402 3403 3417
f 3402 3417 3416
f 3403 3390 3404
f 3403 3404 3417
f 3404 3405 3419
f 3404 3419 3418
f 3405 3406 3420
f 3405 3420 3419
f 3406 3407 3421
f 3406 3421 3420
f 3407 3408 3422
f 3407 3422 3421
f 3408 3409 3423
f 3408 3423 3422
f 3409 3410 3424
f 3409 3424 3423
f 3410 3411 3425
f 3410 3425 3424
f 3411 3412 3426
f 3411 3426 3425
f 3412 3413 3427
f 3412 3427 3426
f 3413 3414 3428
f 3413 3428 3427
f 3414 3415 3429
f 3414 3429 3428
f 3415 3416 3430
f 3415 3430 3429
f 3416 3417 3431
f 3416 3431 3430
f 3417 3404 3418
f 3417 3418 3431
f 3418 3419 3433
f 3418 3433 3432
f 3419 3420 3434
f 3419 3434 3433
f 3420 3421 3435
f 3420 3435 3434
f 3421 3422 3436
f 3421 3436 3435
f 3422 3423 3437
f 3422 3437 3436
f 3423 3424 3438
f 3423 3438 3437
f 3424 3425 3439
f 3424 3439 3438
f 3425 3426 3440
f 3425 3440 3439
f 3426 3427 3441
f 3426 3441 3440
f 3427 3428 3442
f 3427 3442 3441
f 3428 3429 3443
f 3428 3443 3442
f 3429 3430 3444
f 3429 3444 3443
f 3430 3431 3445
f 3430 3445 3444
f 3431 3418 3432
f 3431 3432 3445
f 3432 3433 3447
f 3432 3447 3446
f 3433 3434 3448
f 3433 3448 3447
f 3434 3435 3449
f 3434 3449 3448
f 3435 3436 3450
f 3435 3450 3449
f 3436 3437 3451
f 3436 3451 3450
f 3437 3438 3452
f 3437 3452 3451
f 3438 3439 3453
f 3438 3453 3452
f 3439 3440 3454
f 3439 3454 3453
f 3440 3441 3455
f 3440 3455 3454
f 3441 3442 3456
f 3441 3456 3455
f 3442 3443 3457
f 3442 3457 3456
f 3443 3444 3458
f 3443 3458 3457
f 3444 3445 3459
f 3444 3459 3458
f 3445 3432 3446
f 3445 3446 3459
f 3446 3447 3461
f 3446 3461 3460
f 3447 3448 3462
f 3447 3462 3461
f 3448 3449 3463
f 3448 3463 3462
f 3449 3450 3464
f 3449 3464 3463
f 3450 3451 3465
f 3450 3465 3464
f 3451 3452 3466
f 3451 3466 3465
f 3452 3453 3467
f 3452 3467 3466
f 3453 3454 3468
f 3453 3468 3467
f 3454 3455 3469
f 3454 3469 3468
f 3455 3456 3470
f 3455 3470 3469
f 3456 3457 3471
f 3456 3471 3470
f 3457 3458 3472
f 3457 3472 3471
f 3458 3459 3473
f 3458 3473 3472
f 3459 3446 3460
f 3459 3460 3473
f 3460 3461 3475
f 3460 3475 3474
f 3461 3462 3476
f 3461 3476 3475
f 3462 3463 3477
f 3462 3477 3476
f 3463 3464 3478
f 3463 3478 3477
f 3464 3465 3479
f 3464 3479 3478
f 3465 3466 3480
f 3465 3480 3479
f 3466 3467 3481
f 3466 3481 3480
f 3467 3468 3482
f 3467 3482 3481
f 3468 3469 3483
f 3468 3483 3482
f 3469 3470 3484
f 3469 3484 3483
f 3470 3471 3485
f 3470 3485 3484
f 3471 3472 3486
f 3471 3486 3485
f 3472 3473 3487
f 3472 3487 3486
f 3473 3460 3474
f 3473 3474 3487
f 3474 3475 3488
f 3475 3476 3488
f 3476 3477 3488
f 3477 3478 3488
f 3478 3479 3488
f 3479 3480 3488
f 3480 3481 3488
f 3481 3482 3488
f 3482 3483 3488
f 3483 3484 3488
f 3484 3485 3488
f 3485 3486 3488
f 3486 3487 3488
f 3487 3474 3488
f 3489 3491 3490
f 3489 3492 3491
f 3489 3493 3492
f 3489 3494 3493
f 3489 3495 3494
f 3489 3496 3495
f 3489 3497 3496
f 3489 3498 3497
f 3489 3499 3498
f 3489 3500 3499
f 3489 3501 3500
f 3489 3502 3501
f 3489 3503 3502
f 3489 3490 3503
f 3490 3491 3505
f 3490 3505 3504
f 3491 3492 3506
f 3491 3506 3505
f 3492 3493 3507
f 3492 3507 3506
f 3493 3494 3508
f 3493 3508 3507
f 3494 3495 3509
f 3494 3509 3508
f 3495 3496 3510
f 3495 3510 3509
f 3496 3497 3511
f 3496 3511 3510
f 3497 3498 3512
f 3497 3512 3511
f 3498 3499 3513
f 3498 3513 3512
f 3499 3500 3514
f 3499 3514 3513
f 3500 3501 3515
f 3500 3515 3514
f 3501 3502 3516
f 3501 3516 3515
f 3502 3503 3517
f 3502 3517 3516
f 3503 3490 3504
f 3503 3504 3517
f 3504 3505 3519
f 3504 3519 3518
f 3505 3506 3520
f 3505 3520 3519
f 3506 3507 3521
f 3506 3521 3520
f 3507 3508 3522
f 3507 3522 3521
f 3508 3509 3523
f 3508 3523 3522
f 3509 3510 3524
f 3509 3524 3523
f 3510 3511 3525
f 3510 3525 3524
f 3511 3512 3526
f 3511 3526 3525
f 3512 3513 3527
f 3512 3527 3526
f 3513 3514 3528
f 3513 3528 3527
f 3514 3515 3529
f 3514 3529 3528
f 3515 3516 3530
f 3515 3530 3529
f 3516 3517 3531
f 3516 3531 3530
f 3517 3504 3518
f 3517 3518 3531
f 3518 3519 3533
f 3518 3533 3532
f 3519 3520 3534
f 3519 3534 3533
f 3520 3521 3535
f 3520 3535 3534
f 3521 3522 3536
f 3521 3536 3535
f 3522 3523 3537
f 3522 3537 3536
f 3523 3524 3538
f 3523 3538 3537
f 3524 3525 3539
f 3524 3539 3538
f 3525 3526 3540
f 3525 3540 3539
f 3526 3527 3541
f 3526 3541 3540
f 3527 3528 3542
f 3527 3542 3541
f 3528 3529 3543
f 3528 3543 3542
f 3529 3530 3544
f 3529 3544 3543
f 3530 3531 3545
f 3530 3545 3544
f 3531 3518 3532
f 3531 3532 3545
f 3532 3533 3547
f 3532 3547 3546
f 3533 3534 3548
f 3533 3548 3547
f 3534 3535 3549
f 3534 3549 3548
f 3535 3536 3550
f 3535 3550 3549
f 3536 3537 3551
f 3536 3551 3550
f 3537 3538 3552
f 3537 3552 3551
f 3538 3539 3553
f 3538 3553 3552
f 3539 3540 3554
f 3539 3554 3553
f 3540 3541 3555
f 3540 3555 3554
f 3541 3542 3556
f 3541 3556 3555
f 3542 3543 3557
f 3542 3557 3556
f 3543 3544 3558
f 3543 3558 3557
f 3544 3545 3559
f 3544 3559 3558
f 3545 3532 3546
f 3545 3546 3559
f 3546 3547 3561
f 3546 3561 3560
f 3547 3548 3562
f 3547 3562 3561
f 3548 3549 3563
f 3548 3563 3562
f 3549 3550 3564
f 3549 3564 3563
f 3550 3551 3565
f 3550 3565 3564
f 3551 3552 3566
f 3551 3566 3565
f 3552 3553 3567
f 3552 3567 3566
f 3553 3554 3568
f 3553 3568 3567
f 3554 3555 3569
f 3554 3569 3568
f 3555 3556 3570
f 3555 3570 3569
f 3556 3557 3571
f 3556 3571 3570
f 3557 3558 3572
f 3557 3572 3571
f 3558 3559 3573
f 3558 3573 3572
f 3559 3546 3560
f 3559 3560 3573
f 3560 3561 3575
f 3560 3575 3574
f 3561 3562 3576
f 3561 3576 3575
f 3562 3563 3577
f 3562 3577 3576
f 3563 3564 3578
f 3563 3578 3577
f 3564 3565 3579
f 3564 3579 3578
f 3565 3566 3580
f 3565 3580 3579
f 3566 3567 3581
f 3566 3581 3580
f 3567 3568 3582
f 3567 3582 3581
f 3568 3569 3583
f 3568 3583 3582
f 3569 3570 3584
f 3569 3584 3583
f 3570 3571 3585
f 3570 3585 3584
f 3571 3572 3586
f 3571 3586 3585
f 3572 3573 3587
f 3572 3587 3586
f 3573 3560 3574
f 3573 3574 3587
f 3574 3575 3588
f 3575 3576 3588
f 3576 3577 3588
f 3577 3578 3588
f 3578 3579 3588
f 3579 3580 3588
f 3580 3581 3588
f 3581 3582 3588
f 3582 3583 3588
f 3583 3584 3588
f 3584 3585 3588
f 3585 3586 3588
f 3586 3587 3588
f 3587 3574 3588
f 3589 3590 3604
f 3589 3604 3603
f 3617 3590 3589
f 3618 3603 3604
f 3590 3591 3605
f 3590 3605 3604
f 3617 3591 3590
f 3618 3604 3605
f 3591 3592 3606
f 3591 3606 3605
f 3617 3592 3591
f 3618 3605 3606
f 3592 3593 3607
f 3592 3607 3606
f 3617 3593 3592
f 3618 3606 3607
f 3593 3594 3608
f 3593 3608 3607
f 3617 3594 3593
f 3618 3607 3608
f 3594 3595 3609
f 3594 3609 3608
f 3617 3595 3594
f 3618 3608 3609
f 3595 3596 3610
f 3595 3610 3609
f 3617 3596 3595
f 3618 3609 3610
f 3596 3597 3611
f 3596 3611 3610
f 3617 3597 3596
f 3618 3610 3611
f 3597 3598 3612
f 3597 3612 3611
f 3617 3598 3597
f 3618 3611 3612
f 3598 3599 3613
f 3598 3613 3612
f 3617 3599 3598
f 3618 3612 3613
f 3599 3600 3614
f 3599 3614 3613
f 3617 3600 3599
f 3618 3613 3614
f 3600 3601 3615
f 3600 3615 3614
f 3617 3601 3600
f 3618 3614 3615
f 3601 3602 3616
f 3601 3616 3615
f 3617 3602 3601
f 3618 3615 3616
f 3602 3589 3603
f 3602 3603 3616
f 3617 3589 3602
f 3618 3616 3603
f 3619 3621 3620
f 3619 3622 3621
f 3619 3623 3622
f 3619 3624 3623
f 3619 3625 3624
f 3619 3626 3625
f 3619 3627 3626
f 3619 3628 3627
f 3619 3629 3628
f 3619 3630 3629
f 3619 3631 3630
f 3619 3632 3631
f 3619 3633 3632
f 3619 3620 3633
f 3620 3621 3635
f 3620 3635 3634
f 3621 3622 3636
f 3621 3636 3635
f 3622 3623 3637
f 3622 3637 3636
f 3623 3624 3638
f 3623 3638 3637
f 3624 3625 3639
f 3624 3639 3638
f 3625 3626 3640
f 3625 3640 3639
f 3626 3627 3641
f 3626 3641 3640
f 3627 3628 3642
f 3627 3642 3641
f 3628 3629 3643
f 3628 3643 3642
f 3629 3630 3644
f 3629 3644 3643
f 3630 3631 3645
f 3630 3645 3644
f 3631 3632 3646
f 3631 3646 3645
f 3632 3633 3647
f 3632 3647 3646
f 3633 3620 3634
f 3633 3634 3647
f 3634 3635 3649
f 3634 3649 3648
f 3635 3636 3650
f 3635 3650 3649
f 3636 3637 3651
f 3636 3651 3650
f 3637 3638 3652
f 3637 3652 3651
f 3638 3639 3653
f 3638 3653 3652
f 3639 3640 3654
f 3639 3654 3653
f 3640 3641 3655
f 3640 3655 3654
f 3641 3642 3656
f 3641 3656 3655
f 3642 3643 3657
f 3642 3657 3656
f 3643 3644 3658
f 3643 3658 3657
f 3644 3645 3659
f 3644 3659 3658
f 3645 3646 3660
f 3645 3660 3659
f 3646 3647 3661
f 3646 3661 3660
f 3647 3634 3648
f 3647 3648 3661
f 3648 3649 3663
f 3648 3663 3662
f 3649 3650 3664
f 3649 3664 3663
f 3650 3651 3665
f 3650 3665 3664
f 3651 3652 3666
f 3651 3666 3665
f 3652 3653 3667
f 3652 3667 3666
f 3653 3654 3668
f 3653 3668 3667
f 3654 3655 3669
f 3654 3669 3668
f 3655 3656 3670
f 3655 3670 3669
f 3656 3657 3671
f 3656 3671 3670
f 3657 3658 3672
f 3657 3672 3671
f 3658 3659 3673
f 3658 3673 3672
f 3659 3660 3674
f 3659 3674 3673
f 3660 3661 3675
f 3660 3675 3674
f 3661 3648 3662
f 3661 3662 3675
f 3662 3663 3677
f 3662 3677 3676
f 3663 3664 3678
f 3663 3678 3677
f 3664 3665 3679
f 3664 3679 3678
f 3665 3666 3680
f 3665 3680 3679
f 3666 3667 3681
f 3666 3681 3680
f 3667 3668 3682
f 3667 3682 3681
f 3668 3669 3683
f 3668 3683 3682
f 3669 3670 3684
f 3669 3684 3683
f 3670 3671 3685
f 3670 3685 3684
f 3671 3672 3686
f 3671 3686 3685
f 3672 3673 3687
f 3672 3687 3686
f 3673 3674 3688
f 3673 3688 3687
f 3674 3675 3689
f 3674 3689 3688
f 3675 3662 3676
f 3675 3676 3689
f 3676 3677 3691
f 3676 3691 3690
f 3677 3678 3692
f 3677 3692 3691
f 3678 3679 3693
f 3678 3693 3692
f 3679 3680 3694
f 3679 3694 3693
f 3680 3681 3695
f 3680 3695 3694
f 3681 3682 3696
f 3681 3696 3695
f 3682 3683 3697
f 3682 3697 3696
f 3683 3684 3698
f 3683 3698 3697
f 3684 3685 3699
f 3684 3699 3698
f 3685 3686 3700
f 3685 3700 3699
f 3686 3687 3701
f 3686 3701 3700
f 3687 3688 3702
f 3687 3702 3701
f 3688 3689 3703
f 3688 3703 3702
f 3689 3676 3690
f 3689 3690 3703
f 3690 3691 3705
f 3690 3705 3704
f 3691 3692 3706
f 3691 3706 3705
f 3692 3693 3707
f 3692 3707 3706
f 3693 3694 3708
f 3693 3708 3707
f 3694 3695 3709
f 3694 3709 3708
f 3695 3696 3710
f 3695 3710 3709
f 3696 3697 3711
f 3696 3711 3710
f 3697 3698 3712
f 3697 3712 3711
f 3698 3699 3713
f 3698 3713 3712
f 3699 3700 3714
f 3699 3714 3713
f 3700 3701 3715
f 3700 3715 3714
f 3701 3702 3716
f 3701 3716 3715
f 3702 3703 3717
f 3702 3717 3716
f 3703 3690 3704
f 3703 3704 3717
f 3704 3705 3718
f 3705 3706 3718
f 3706 3707 3718
f 3707 3708 3718
f 3708 3709 3718
f 3709 3710 3718
f 3710 3711 3718
f 3711 3712 3718
f 3712 3713 3718
f 3713 3714 3718
f 3714 3715 3718
f 3715 3716 3718
f 3716 3717 3718
f 3717 3704 3718
f 3719 3721 3720
f 3719 3722 3721
f 3719 3723 3722
f 3719 3724 3723
f 3719 3725 3724
f 3719 3726 3725
f 3719 3727 3726
f 3719 3728 3727
f 3719 3729 3728
f 3719 3730 3729
f 3719 3731 3730
f 3719 3732 3731
f 3719 3733 3732
f 3719 3720 3733
f 3720 3721 3735
f 3720 3735 3734
f 3721 3722 3736
f 3721 3736 3735
f 3722 3723 3737
f 3722 3737 3736
f 3723 3724 3738
f 3723 3738 3737
f 3724 3725 3739
f 3724 3739 3738
f 3725 3726 3740
f 3725 3740 3739
f 3726 3727 3741
f 3726 3741 3740
f 3727 3728 3742
f 3727 3742 3741
f 3728 3729 3743
f 3728 3743 3742
f 3729 3730 3744
f 3729 3744 3743
f 3730 3731 3745
f 3730 3745 3744
f 3731 3732 3746
f 3731 3746 3745
f 3732 3733 3747
f 3732 3747 3746
f 3733 3720 3734
f 3733 3734 3747
f 3734 3735 3749
f 3734 3749 3748
f 3735 3736 3750
f 3735 3750 3749
f 3736 3737 3751
f 3736 3751 3750
f 3737 3738 3752
f 3737 3752 3751
f 3738 3739 3753
f 3738 3753 3752
f 3739 3740 3754
f 3739 3754 3753
f 3740 3741 3755
f 3740 3755 3754
f 3741 3742 3756
f 3741 3756 3755
f 3742 3743 3757
f 3742 3757 3756
f 3743 3744 3758
f 3743 3758 3757
f 3744 3745 3759
f 3744 3759 3758
f 3745 3746 3760
f 3745 3760 3759
f 3746 3747 3761
f 3746 3761 3760
f 3747 3734 3748
f 3747 3748 3761
f 3748 3749 3763
f 3748 3763 3762
f 3749 3750 3764
f 3749 3764 3763
f 3750 3751 3765
f 3750 3765 3764
f 3751 3752 3766
f 3751 3766 3765
f 3752 3753 3767
f 3752 3767 3766
f 3753 3754 3768
f 3753 3768 3767
f 3754 3755 3769
f 3754 3769 3768
f 3755 3756 3770
f 3755 3770 3769
f 3756 3757 3771
f 3756 3771 3770
f 3757 3758 3772
f 3757 3772 3771
f 3758 3759 3773
f 3758 3773 3772
f 3759 3760 3774
f 3759 3774 3773
f 3760 3761 3775
f 3760 3775 3774
f 3761 3748 3762
f 3761 3762 3775
f 3762 3763 3777
f 3762 3777 3776
f 3763 3764 3778
f 3763 3778 3777
f 3764 3765 3779
f 3764 3779 3778
f 3765 3766 3780
f 3765 3780 3779
f 3766 3767 3781
f 3766 3781 3780
f 3767 3768 3782
f 3767 3782 3781
f 3768 3769 3783
f 3768 3783 3782
f 3769 3770 3784
f 3769 3784 3783
f 3770 3771 3785
f 3770 3785 3784
f 3771 3772 3786
f 3771 3786 3785
f 3772 3773 3787
f 3772 3787 3786
f 3773 3774 3788
f 3773 3788 3787
f 3774 3775 3789
f 3774 3789 3788
f 3775 3762 3776
f 3775 3776 3789
f 3776 3777 3791
f 3776 3791 3790
f 3777 3778 3792
f 3777 3792 3791
f 3778 3779 3793
f 3778 3793 3792
f 3779 3780 3794
f 3779 3794 3793
f 3780 3781 3795
f 3780 3795 3794
f 3781 3782 3796
f 3781 3796 3795
f 3782 3783 3797
f 3782 3797 3796
f 3783 3784 3798
f 3783 3798 3797
f 3784 3785 3799
f 3784 3799 3798
f 3785 3786 3800
f 3785 3800 3799
f 3786 3787 3801
f 3786 3801 3800
f 3787 3788 3802
f 3787 3802 3801
f 3788 3789 3803
f 3788 3803 3802
f 3789 3776 3790
f 3789 3790 3803
f 3790 3791 3805
f 3790 3805 3804
f 3791 3792 3806
f 3791 3806 3805
f 3792 3793 3807
f 3792 3807 3806
f 3793 3794 3808
f 3793 3808 3807
f 3794 3795 3809
f 3794 3809 3808
f 3795 3796 3810
f 3795 3810 3809
f 3796 3797 3811
f 3796 3811 3810
f 3797 3798 3812
f 3797 3812 3811
f 3798 3799 3813
f 3798 3813 3812
f 3799 3800 3814
f 3799 3814 3813
f 3800 3801 3815
f 3800 3815 3814
f 3801 3802 3816
f 3801 3816 3815
f 3802 3803 3817
f 3802 3817 3816
f 3803 3790 3804
f 3803 3804 3817
f 3804 3805 3818
f 3805 3806 3818
f 3806 3807 3818
f 3807 3808 3818
f 3808 3809 3818
f 3809 3810 3818
f 3810 3811 3818
f 3811 3812 3818
f 3812 3813 3818
f 3813 3814 3818
f 3814 3815 3818
f 3815 3816 3818
f 3816 3817 3818
f 3817 3804 3818
f 3819 3821 3820
f 3825 3826 3827
f 3819 3822 3821
f 3825 3827 3828
f 3819 3823 3822
f 3825 3828 3829
f 3819 3824 3823
f 3825 3829 3830
f 3819 3820 3826
f 3819 3826 3825
f 3820 3821 3827
f 3820 3827 3826
f 3821 3822 3828
f 3821 3828 3827
f 3822 3823 3829
f 3822 3829 3828
f 3823 3824 3830
f 3823 3830 3829
f 3824 3819 3825
f 3824 3825 3830
f 3831 3832 3846
f 3831 3846 3845
f 3859 3832 3831
f 3860 3845 3846
f 3832 3833 3847
f 3832 3847 3846
f 3859 3833 3832
f 3860 3846 3847
f 3833 3834 3848
f 3833 3848 3847
f 3859 3834 3833
f 3860 3847 3848
f 3834 3835 3849
f 3834 3849 3848
f 3859 3835 3834
f 3860 3848 3849
f 3835 3836 3850
f 3835 3850 3849
f 3859 3836 3835
f 3860 3849 3850
f 3836 3837 3851
f 3836 3851 3850
f 3859 3837 3836
f 3860 3850 3851
f 3837 3838 3852
f 3837 3852 3851
f 3859 3838 3837
f 3860 3851 3852
f 3838 3839 3853
f 3838 3853 3852
f 3859 3839 3838
f 3860 3852 3853
f 3839 3840 3854
f 3839 3854 3853
f 3859 3840 3839
f 3860 3853 3854
f 3840 3841 3855
f 3840 3855 3854
f 3859 3841 3840
f 3860 3854 3855
f 3841 3842 3856
f 3841 3856 3855
f 3859 3842 3841
f 3860 3855 3856
f 3842 3843 3857
f 3842 3857 3856
f 3859 3843 3842
f 3860 3856 3857
f 3843 3844 3858
f 3843 3858 3857
f 3859 3844 3843
f 3860 3857 3858
f 3844 3831 3845
f 3844 3845 3858
f 3859 3831 3844
f 3860 3858 3845
f 3861 3863 3862
f 3861 3864 3863
f 3861 3865 3864
f 3861 3866 3865
f 3861 3867 3866
f 3861 3868 3867
f 3861 3869 3868
f 3861 3870 3869
f 3861 3871 3870
f 3861 3872 3871
f 3861 3873 3872
f 3861 3874 3873
f 3861 3875 3874
f 3861 3862 3875
f 3862 3863 3877
f 3862 3877 3876
f 3863 3864 3878
f 3863 3878 3877
f 3864 3865 3879
f 3864 3879 3878
f 3865 3866 3880
f 3865 3880 3879
f 3866 3867 3881
f 3866 3881 3880
f 3867 3868 3882
f 3867 3882 3881
f 3868 3869 3883
f 3868 3883 3882
f 3869 3870 3884
f 3869 3884 3883
f 3870 3871 3885
f 3870 3885 3884
f 3871 3872 3886
f 3871 3886 3885
f 3872 3873 3887
f 3872 3887 3886
f 3873 3874 3888
f 3873 3888 3887
f 3874 3875 3889
f 3874 3889 3888
f 3875 3862 3876
f 3875 3876 3889
f 3876 3877 3891
f 3876 3891 3890
f 3877 3878 3892
f 3877 3892 3891
f 3878 3879 3893
f 3878 3893 3892
f 3879 3880 3894
f 3879 3894 3893
f 3880 3881 3895
f 3880 3895 3894
f 3881 3882 3896
f 3881 3896 3895
f 3882 3883 3897
f 3882 3897 3896
f 3883 3884 3898
f 3883 3898 3897
f 3884 3885 3899
f 3884 3899 3898
f 3885 3886 3900
f 3885 3900 3899
f 3886 3887 3901
f 3886 3901 3900
f 3887 3888 3902
f 3887 3902 3901
f 3888 3889 3903
f 3888 3903 3902
f 3889 3876 3890
f 3889 3890 3903
f 3890 3891 3905
f 3890 3905 3904
f 3891 3892 3906
f 3891 3906 3905
f 3892 3893 3907
f 3892 3907 3906
f 3893 3894 3908
f 3893 3908 3907
f 3894 3895 3909
f 3894 3909 3908
f 3895 3896 3910
f 3895 3910 3909
f 3896 3897 3911
f 3896 3911 3910
f 3897 3898 3912
f 3897 3912 3911
f 3898 3899 3913
f 3898 3913 3912
f 3899 3900 3914
f 3899 3914 3913
f 3900 3901 3915
f 3900 3915 3914
f 3901 3902 3916
f 3901 3916 3915
f 3902 3903 3917
f 3902 3917 3916
f 3903 3890 3904
f 3903 3904 3917
f 3904 3905 3919
f 3904 3919 3918
f 3905 3906 3920
f 3905 3920 3919
f 3906 3907 3921
f 3906 3921 3920
f 3907 3908 3922
f 3907 3922 3921
f 3908 3909 3923
f 3908 3923 3922
f 3909 3910 3924
f 3909 3924 3923
f 3910 3911 3925
f 3910 3925 3924
f 3911 3912 3926
f 3911 3926 3925
f 3912 3913 3927
f 3912 3927 3926
f 3913 3914 3928
f 3913 3928 3927
f 3914 3915 3929
f 3914 3929 3928
f 3915 3916 3930
f 3915 3930 3929
f 3916 3917 3931
f 3916 3931 3930
f 3917 3904 3918
f 3917 3918 3931
f 3918 3919 3933
f 3918 3933 3932
f 3919 3920 3934
f 3919 3934 3933
f 3920 3921 3935
f 3920 3935 3934
f 3921 3922 3936
f 3921 3936 3935
f 3922 3923 3937
f 3922 3937 3936
f 3923 3924 3938
f 3923 3938 3937
f 3924 3925 3939
f 3924 3939 3938
f 3925 3926 3940
f 3925 3940 3939
f 3926 3927 3941
f 3926 3941 3940
f 3927 3928 3942
f 3927 3942 3941
f 3928 3929 3943
f 3928 3943 3942
f 3929 3930 3944
f 3929 3944 3943
f 3930 3931 3945
f 3930 3945 3944
f 3931 3918 3932
f 3931 3932 3945
f 3932 3933 3947
f 3932 3947 3946
f 3933 3934 3948
f 3933 3948 3947
f 3934 3935 3949
f 3934 3949 3948
f 3935 3936 3950
f 3935 3950 3949
f 3936 3937 3951
f 3936 3951 3950
f 3937 3938 3952
f 3937 3952 3951
f 3938 3939 3953
f 3938 3953 3952
f 3939 3940 3954
f 3939 3954 3953
f 3940 3941 3955
f 3940 3955 3954
f 3941 3942 3956
f 3941 3956 3955
f 3942 3943 3957
f 3942 3957 3956
f 3943 3944 3958
f 3943 3958 3957
f 3944 3945 3959
f 3944 3959 3958
f 3945 3932 3946
f 3945 3946 3959
f 3946 3947 3960
f 3947 3948 3960
f 3948 3949 3960
f 3949 3950 3960
f 3950 3951 3960
f 3951 3952 3960
f 3952 3953 3960
f 3953 3954 3960
f 3954 3955 3960
f 3955 3956 3960
f 3956 3957 3960
f 3957 3958 3960
f 3958 3959 3960
f 3959 3946 3960
f 3961 3963 3962
f 3961 3964 3963
f 3961 3965 3964
f 3961 3966 3965
f 3961 3967 3966
f 3961 3968 3967
f 3961 3969 3968
f 3961 3970 3969
f 3961 3971 3970
f 3961 3972 3971
f 3961 3973 3972
f 3961 3974 3973
f 3961 3975 3974
f 3961 3962 3975
f 3962 3963 3977
f 3962 3977 3976
f 3963 3964 3978
f 3963 3978 3977
f 3964 3965 3979
f 3964 3979 3978
f 3965 3966 3980
f 3965 3980 3979
f 3966 3967 3981
f 3966 3981 3980
f 3967 3968 3982
f 3967 3982 3981
f 3968 3969 3983
f 3968 3983 3982
f 3969 3970 3984
f 3969 3984 3983
f 3970 3971 3985
f 3970 3985 3984
f 3971 3972 3986
f 3971 3986 3985
f 3972 3973 3987
f 3972 3987 3986
f 3973 3974 3988
f 3973 3988 3987
f 3974 3975 3989
f 3974 3989 3988
f 3975 3962 3976
f 3975 3976 3989
f 3976 3977 3991
f 3976 3991 3990
f 3977 3978 3992
f 3977 3992 3991
f 3978 3979 3993
f 3978 3993 3992
f 3979 3980 3994
f 3979 3994 3993
f 3980 3981 3995
f 3980 3995 3994
f 3981 3982 3996
f 3981 3996 3995
f 3982 3983 3997
f 3982 3997 3996
f 3983 3984 3998
f 3983 3998 3997
f 3984 3985 3999
f 3984 3999 3998
f 3985 3986 4000
f 3985 4000 3999
f 3986 3987 4001
f 3986 4001 4000
f 3987 3988 4002
f 3987 4002 4001
f 3988 3989 4003
f 3988 4003 4002
f 3989 3976 3990
f 3989 3990 4003
f 3990 3991 4005
f 3990 4005 4004
f 3991 3992 4006
f 3991 4006 4005
f 3992 3993 4007
f 3992 4007 4006
f 3993 3994 4008
f 3993 4008 4007
f 3994 3995 4009
f 3994 4009 4008
f 3995 3996 4010
f 3995 4010 4009
f 3996 3997 4011
f 3996 4011 4010
f 3997 3998 4012
f 3997 4012 4011
f 3998 3999 4013
f 3998 4013 4012
f 3999 4000 4014
f 3999 4014 4013
f 4000 4001 4015
f 4000 4015 4014
f 4001 4002 4016
f 4001 4016 4015
f 4002 4003 4017
f 4002 4017 4016
f 4003 3990 4004
f 4003 4004 4017
f 4004 4005 4019
f 4004 4019 4018
f 4005 4006 4020
f 4005 4020 4019
f 4006 4007 4021
f 4006 4021 4020
f 4007 4008 4022
f 4007 4022 4021
f 4008 4009 4023
f 4008 4023 4022
f 4009 4010 4024
f 4009 4024 4023
f 4010 4011 4025
f 4010 4025 4024
f 4011 4012 4026
f 4011 4026 4025
f 4012 4013 4027
f 4012 4027 4026
f 4013 4014 4028
f 4013 4028 4027
f 4014 4015 4029
f 4014 4029 4028
f 4015 4016 4030
f 4015 4030 4029
f 4016 4017 4031
f 4016 4031 4030
f 4017 4004 4018
f 4017 4018 4031
f 4018 4019 4033
f 4018 4033 4032
f 4019 4020 4034
f 4019 4034 4033
f 4020 4021 4035
f 4020 4035 4034
f 4021 4022 4036
f 4021 4036 4035
f 4022 4023 4037
f 4022 4037 4036
f 4023 4024 4038
f 4023 4038 4037
f 4024 4025 4039
f 4024 4039 4038
f 4025 4026 4040
f 4025 4040 4039
f 4026 4027 4041
f 4026 4041 4040
f 4027 4028 4042
f 4027 4042 4041
f 4028 4029 4043
f 4028 4043 4042
f 4029 4030 4044
f 4029 4044 4043
f 4030 4031 4045
f 4030 4045 4044
f 4031 4018 4032
f 4031 4032 4045
f 4032 4033 4047
f 4032 4047 4046
f 4033 4034 4048
f 4033 4048 4047
f 4034 4035 4049
f 4034 4049 4048
f 4035 4036 4050
f 4035 4050 4049
f 4036 4037 4051
f 4036 4051 4050
f 4037 4038 4052
f 4037 4052 4051
f 4038 4039 4053
f 4038 4053 4052
f 4039 4040 4054
f 4039 4054 4053
f 4040 4041 4055
f 4040 4055 4054
f 4041 4042 4056
f 4041 4056 4055
f 4042 4043 4057
f 4042 4057 4056
f 4043 4044 4058
f 4043 4058 4057
f 4044 4045 4059
f 4044 4059 4058
f 4045 4032 4046
f 4045 4046 4059
f 4046 4047 4060
f 4047 4048 4060
f 4048 4049 4060
f 4049 4050 4060
f 4050 4051 4060
f 4051 4052 4060
f 4052 4053 4060
f 4053 4054 4060
f 4054 4055 4060
f 4055 4056 4060
f 4056 4057 4060
f 4057 4058 4060
f 4058 4059 4060
f 4059 4046 4060
f 4061 4062 4076
f 4061 4076 4075
f 4089 4062 4061
f 4090 4075 4076
f 4062 4063 4077
f 4062 4077 4076
f 4089 4063 4062
f 4090 4076 4077
f 4063 4064 4078
f 4063 4078 4077
f 4089 4064 4063
f 4090 4077 4078
f 4064 4065 4079
f 4064 4079 4078
f 4089 4065 4064
f 4090 4078 4079
f 4065 4066 4080
f 4065 4080 4079
f 4089 4066 4065
f 4090 4079 4080
f 4066 4067 4081
f 4066 4081 4080
f 4089 4067 4066
f 4090 4080 4081
f 4067 4068 4082
f 4067 4082 4081
f 4089 4068 4067
f 4090 4081 4082
f 4068 4069 4083
f 4068 4083 4082
f 4089 4069 4068
f 4090 4082 4083
f 4069 4070 4084
f 4069 4084 4083
f 4089 4070 4069
f 4090 4083 4084
f 4070 4071 4085
f 4070 4085 4084
f 4089 4071 4070
f 4090 4084 4085
f 4071 4072 4086
f 4071 4086 4085
f 4089 4072 4071
f 4090 4085 4086
f 4072 4073 4087
f 4072 4087 4086
f 4089 4073 4072
f 4090 4086 4087
f 4073 4074 4088
f 4073 4088 4087
f 4089 4074 4073
f 4090 4087 4088
f 4074 4061 4075
f 4074 4075 4088
f 4089 4061 4074
f 4090 4088 4075
f 4091 4093 4092
f 4091 4094 4093
f 4091 4095 4094
f 4091 4096 4095
f 4091 4097 4096
f 4091 4098 4097
f 4091 4099 4098
f 4091 4100 4099
f 4091 4101 4100
f 4091 4102 4101
f 4091 4103 4102
f 4091 4104 4103
f 4091 4105 4104
f 4091 4092 4105
f 4092 4093 4107
f 4092 4107 4106
f 4093 4094 4108
f 4093 4108 4107
f 4094 4095 4109
f 4094 4109 4108
f 4095 4096 4110
f 4095 4110 4109
f 4096 4097 4111
f 4096 4111 4110
f 4097 4098 4112
f 4097 4112 4111
f 4098 4099 4113
f 4098 4113 4112
f 4099 4100 4114
f 4099 4114 4113
f 4100 4101 4115
f 4100 4115 4114
f 4101 4102 4116
f 4101 4116 4115
f 4102 4103 4117
f 4102 4117 4116
f 4103 4104 4118
f 4103 4118 4117
f 4104 4105 4119
f 4104 4119 4118
f 4105 4092 4106
f 4105 4106 4119
f 4106 4107 4121
f 4106 4121 4120
f 4107 4108 4122
f 4107 4122 4121
f 4108 4109 4123
f 4108 4123 4122
f 4109 4110 4124
f 4109 4124 4123
f 4110 4111 4125
f 4110 4125 4124
f 4111 4112 4126
f 4111 4126 4125
f 4112 4113 4127
f 4112 4127 4126
f 4113 4114 4128
f 4113 4128 4127
f 4114 4115 4129
f 4114 4129 4128
f 4115 4116 4130
f 4115 4130 4129
f 4116 4117 4131
f 4116 4131 4130
f 4117 4118 4132
f 4117 4132 4131
f 4118 4119 4133
f 4118 4133 4132
f 4119 4106 4120
f 4119 4120 4133
f 4120 4121 4135
f 4120 4135 4134
f 4121 4122 4136
f 4121 4136 4135
f 4122 4123 4137
f 4122 4137 4136
f 4123 4124 4138
f 4123 4138 4137
f 4124 4125 4139
f 4124 4139 4138
f 4125 4126 4140
f 4125 4140 4139
f 4126 4127 4141
f 4126 4141 4140
f 4127 4128 4142
f 4127 4142 4141
f 4128 4129 4143
f 4128 4143 4142
f 4129 4130 4144
f 4129 4144 4143
f 4130 4131 4145
f 4130 4145 4144
f 4131 4132 4146
f 4131 4146 4145
f 4132 4133 4147
f 4132 4147 4146
f 4133 4120 4134
f 4133 4134 4147
f 4134 4135 4149
f 4134 4149 4148
f 4135 4136 4150
f 4135 4150 4149
f 4136 4137 4151
f 4136 4151 4150
f 4137 4138 4152
f 4137 4152 4151
f 4138 4139 4153
f 4138 4153 4152
f 4139 4140 4154
f 4139 4154 4153
f 4140 4141 4155
f 4140 4155 4154
f 4141 4142 4156
f 4141 4156 4155
f 4142 4143 4157
f 4142 4157 4156
f 4143 4144 4158
f 4143 4158 4157
f 4144 4145 4159
f 4144 4159 4158
f 4145 4146 4160
f 4145 4160 4159
f 4146 4147 4161
f 4146 4161 4160
f 4147 4134 4148
f 4147 4148 4161
f 4148 4149 4163
f 4148 4163 4162
f 4149 4150 4164
f 4149 4164 4163
f 4150 4151 4165
f 4150 4165 4164
f 4151 4152 4166
f 4151 4166 4165
f 4152 4153 4167
f 4152 4167 4166
f 4153 4154 4168
f 4153 4168 4167
f 4154 4155 4169
f 4154 4169 4168
f 4155 4156 4170
f 4155 4170 4169
f 4156 4157 4171
f 4156 4171 4170
f 4157 4158 4172
f 4157 4172 4171
f 4158 4159 4173
f 4158 4173 4172
f 4159 4160 4174
f 4159 4174 4173
f 4160 4161 4175
f 4160 4175 4174
f 4161 4148 4162
f 4161 4162 4175
f 4162 4163 4177
f 4162 4177 4176
f 4163 4164 4178
f 4163 4178 4177
f 4164 4165 4179
f 4164 4179 4178
f 4165 4166 4180
f 4165 4180 4179
f 4166 4167 4181
f 4166 4181 4180
f 4167 4168 4182
f 4167 4182 4181
f 4168 4169 4183
f 4168 4183 4182
f 4169 4170 4184
f 4169 4184 4183
f 4170 4171 4185
f 4170 4185 4184
f 4171 4172 4186
f 4171 4186 4185
f 4172 4173 4187
f 4172 4187 4186
f 4173 4174 4188
f 4173 4188 4187
f 4174 4175 4189
f 4174 4189 4188
f 4175 4162 4176
f 4175 4176 4189
f 4176 4177 4190
f 4177 4178 4190
f 4178 4179 4190
f 4179 4180 4190
f 4180 4181 4190
f 4181 4182 4190
f 4182 4183 4190
f 4183 4184 4190
f 4184 4185 4190
f 4185 4186 4190
f 4186 4187 4190
f 4187 4188 4190
f 4188 4189 4190
f 4189 4176 4190
f 4191 4193 4192
f 4191 4194 4193
f 4191 4195 4194
f 4191 4196 4195
f 4191 4197 4196
f 4191 4198 4197
f 4191 4199 4198
f 4191 4200 4199
f 4191 4201 4200
f 4191 4202 4201
f 4191 4203 4202
f 4191 4204 4203
f 4191 4205 4204
f 4191 4192 4205
f 4192 4193 4207
f 4192 4207 4206
f 4193 4194 4208
f 4193 4208 4207
f 4194 4195 4209
f 4194 4209 4208
f 4195 4196 4210
f 4195 4210 4209
f 4196 4197 4211
f 4196 4211 4210
f 4197 4198 4212
f 4197 4212 4211
f 4198 4199 4213
f 4198 4213 4212
f 4199 4200 4214
f 4199 4214 4213
f 4200 4201 4215
f 4200 4215 4214
f 4201 4202 4216
f 4201 4216 4215
f 4202 4203 4217
f 4202 4217 4216
f 4203 4204 4218
f 4203 4218 4217
f 4204 4205 4219
f 4204 4219 4218
f 4205 4192 4206
f 4205 4206 4219
f 4206 4207 4221
f 4206 4221 4220
f 4207 4208 4222
f 4207 4222 4221
f 4208 4209 4223
f 4208 4223 4222
f 4209 4210 4224
f 4209 4224 4223
f 4210 4211 4225
f 4210 4225 4224
f 4211 4212 4226
f 4211 4226 4225
f 4212 4213 4227
f 4212 4227 4226
f 4213 4214 4228
f 4213 4228 4227
f 4214 4215 4229
f 4214 4229 4228
f 4215 4216 4230
f 4215 4230 4229
f 4216 4217 4231
f 4216 4231 4230
f 4217 4218 4232
f 4217 4232 4231
f 4218 4219 4233
f 4218 4233 4232
f 4219 4206 4220
f 4219 4220 4233
f 4220 4221 4235
f 4220 4235 4234
f 4221 4222 4236
f 4221 4236 4235
f 4222 4223 4237
f 4222 4237 4236
f 4223 4224 4238
f 4223 4238 4237
f 4224 4225 4239
f 4224 4239 4238
f 4225 4226 4240
f 4225 4240 4239
f 4226 4227 4241
f 4226 4241 4240
f 4227 4228 4242
f 4227 4242 4241
f 4228 4229 4243
f 4228 4243 4242
f 4229 4230 4244
f 4229 4244 4243
f 4230 4231 4245
f 4230 4245 4244
f 4231 4232 4246
f 4231 4246 4245
f 4232 4233 4247
f 4232 4247 4246
f 4233 4220 4234
f 4233 4234 4247
f 4234 4235 4249
f 4234 4249 4248
f 4235 4236 4250
f 4235 4250 4249
f 4236 4237 4251
f 4236 4251 4250
f 4237 4238 4252
f 4237 4252 4251
f 4238 4239 4253
f 4238 4253 4252
f 4239 4240 4254
f 4239 4254 4253
f 4240 4241 4255
f 4240 4255 4254
f 4241 4242 4256
f 4241 4256 4255
f 4242 4243 4257
f 4242 4257 4256
f 4243 4244 4258
f 4243 4258 4257
f 4244 4245 4259
f 4244 4259 4258
f 4245 4246 4260
f 4245 4260 4259
f 4246 4247 4261
f 4246 4261 4260
f 4247 4234 4248
f 4247 4248 4261
f 4248 4249 4263
f 4248 4263 4262
f 4249 4250 4264
f 4249 4264 4263
f 4250 4251 4265
f 4250 4265 4264
f 4251 4252 4266
f 4251 4266 4265
f 4252 4253 4267
f 4252 4267 4266
f 4253 4254 4268
f 4253 4268 4267
f 4254 4255 4269
f 4254 4269 4268
f 4255 4256 4270
f 4255 4270 4269
f 4256 4257 4271
f 4256 4271 4270
f 4257 4258 4272
f 4257 4272 4271
f 4258 4259 4273
f 4258 4273 4272
f 4259 4260 4274
f 4259 4274 4273
f 4260 4261 4275
f 4260 4275 4274
f 4261 4248 4262
f 4261 4262 4275
f 4262 4263 4277
f 4262 4277 4276
f 4263 4264 4278
f 4263 4278 4277
f 4264 4265 4279
f 4264 4279 4278
f 4265 4266 4280
f 4265 4280 4279
f 4266 4267 4281
f 4266 4281 4280
f 4267 4268 4282
f 4267 4282 4281
f 4268 4269 4283
f 4268 4283 4282
f 4269 4270 4284
f 4269 4284 4283
f 4270 4271 4285
f 4270 4285 4284
f 4271 4272 4286
f 4271 4286 4285
f 4272 4273 4287
f 4272 4287 4286
f 4273 4274 4288
f 4273 4288 4287
f 4274 4275 4289
f 4274 4289 4288
f 4275 4262 4276
f 4275 4276 4289
f 4276 4277 4290
f 4277 4278 4290
f 4278 4279 4290
f 4279 4280 4290
f 4280 4281 4290
f 4281 4282 4290
f 4282 4283 4290
f 4283 4284 4290
f 4284 4285 4290
f 4285 4286 4290
f 4286 4287 4290
f 4287 4288 4290
f 4288 4289 4290
f 4289 4276 4290
f 4291 4292 4306
f 4291 4306 4305
f 4319 4292 4291
f 4320 4305 4306
f 4292 4293 4307
f 4292 4307 4306
f 4319 4293 4292
f 4320 4306 4307
f 4293 4294 4308
f 4293 4308 4307
f 4319 4294 4293
f 4320 4307 4308
f 4294 4295 4309
f 4294 4309 4308
f 4319 4295 4294
f 4320 4308 4309
f 4295 4296 4310
f 4295 4310 4309
f 4319 4296 4295
f 4320 4309 4310
f 4296 4297 4311
f 4296 4311 4310
f 4319 4297 4296
f 4320 4310 4311
f 4297 4298 4312
f 4297 4312 4311
f 4319 4298 4297
f 4320 4311 4312
f 4298 4299 4313
f 4298 4313 4312
f 4319 4299 4298
f 4320 4312 4313
f 4299 4300 4314
f 4299 4314 4313
f 4319 4300 4299
f 4320 4313 4314
f 4300 4301 4315
f 4300 4315 4314
f 4319 4301 4300
f 4320 4314 4315
f 4301 4302 4316
f 4301 4316 4315
f 4319 4302 4301
f 4320 4315 4316
f 4302 4303 4317
f 4302 4317 4316
f 4319 4303 4302
f 4320 4316 4317
f 4303 4304 4318
f 4303 4318 4317
f 4319 4304 4303
f 4320 4317 4318
f 4304 4291 4305
f 4304 4305 4318
f 4319 4291 4304
f 4320 4318 4305
f 4321 4323 4322
f 4321 4324 4323
f 4321 4325 4324
f 4321 4326 4325
f 4321 4327 4326
f 4321 4328 4327
f 4321 4329 4328
f 4321 4330 4329
f 4321 4331 4330
f 4321 4332 4331
f 4321 4333 4332
f 4321 4334 4333
f 4321 4335 4334
f 4321 4322 4335
f 4322 4323 4337
f 4322 4337 4336
f 4323 4324 4338
f 4323 4338 4337
f 4324 4325 4339
f 4324 4339 4338
f 4325 4326 4340
f 4325 4340 4339
f 4326 4327 4341
f 4326 4341 4340
f 4327 4328 4342
f 4327 4342 4341
f 4328 4329 4343
f 4328 4343 4342
f 4329 4330 4344
f 4329 4344 4343
f 4330 4331 4345
f 4330 4345 4344
f 4331 4332 4346
f 4331 4346 4345
f 4332 4333 4347
f 4332 4347 4346
f 4333 4334 4348
f 4333 4348 4347
f 4334 4335 4349
f 4334 4349 4348
f 4335 4322 4336
f 4335 4336 4349
f 4336 4337 4351
f 4336 4351 4350
f 4337 4338 4352
f 4337 4352 4351
f 4338 4339 4353
f 4338 4353 4352
f 4339 4340 4354
f 4339 4354 4353
f 4340 4341 4355
f 4340 4355 4354
f 4341 4342 4356
f 4341 4356 4355
f 4342 4343 4357
f 4342 4357 4356
f 4343 4344 4358
f 4343 4358 4357
f 4344 4345 4359
f 4344 4359 4358
f 4345 4346 4360
f 4345 4360 4359
f 4346 4347 4361
f 4346 4361 4360
f 4347 4348 4362
f 4347 4362 4361
f 4348 4349 4363
f 4348 4363 4362
f 4349 4336 4350
f 4349 4350 4363
f 4350 4351 4365
f 4350 4365 4364
f 4351 4352 4366
f 4351 4366 4365
f 4352 4353 4367
f 4352 4367 4366
f 4353 4354 4368
f 4353 4368 4367
f 4354 4355 4369
f 4354 4369 4368
f 4355 4356 4370
f 4355 4370 4369
f 4356 4357 4371
f 4356 4371 4370
f 4357 4358 4372
f 4357 4372 4371
f 4358 4359 4373
f 4358 4373 4372
f 4359 4360 4374
f 4359 4374 4373
f 4360 4361 4375
f 4360 4375 4374
f 4361 4362 4376
f 4361 4376 4375
f 4362 4363 4377
f 4362 4377 4376
f 4363 4350 4364
f 4363 4364 4377
f 4364 4365 4379
f 4364 4379 4378
f 4365 4366 4380
f 4365 4380 4379
f 4366 4367 4381
f 4366 4381 4380
f 4367 4368 4382
f 4367 4382 4381
f 4368 4369 4383
f 4368 4383 4382
f 4369 4370 4384
f 4369 4384 4383
f 4370 4371 4385
f 4370 4385 4384
f 4371 4372 4386
f 4371 4386 4385
f 4372 4373 4387
f 4372 4387 4386
f 4373 4374 4388
f 4373 4388 4387
f 4374 4375 4389
f 4374 4389 4388
f 4375 4376 4390
f 4375 4390 4389
f 4376 4377 4391
f 4376 4391 4390
f 4377 4364 4378
f 4377 4378 4391
f 4378 4379 4393
f 4378 4393 4392
f 4379 4380 4394
f 4379 4394 4393
f 4380 4381 4395
f 4380 4395 4394
f 4381 4382 4396
f 4381 4396 4395
f 4382 4383 4397
f 4382 4397 4396
f 4383 4384 4398
f 4383 4398 4397
f 4384 4385 4399
f 4384 4399 4398
f 4385 4386 4400
f 4385 4400 4399
f 4386 4387 4401
f 4386 4401 4400
f 4387 4388 4402
f 4387 4402 4401
f 4388 4389 4403
f 4388 4403 4402
f 4389 4390 4404
f 4389 4404 4403
f 4390 4391 4405
f 4390 4405 4404
f 4391 4378 4392
f 4391 4392 4405
f 4392 4393 4407
f 4392 4407 4406
f 4393 4394 4408
f 4393 4408 4407
f 4394 4395 4409
f 4394 4409 4408
f 4395 4396 4410
f 4395 4410 4409
f 4396 4397 4411
f 4396 4411 4410
f 4397 4398 4412
f 4397 4412 4411
f 4398 4399 4413
f 4398 4413 4412
f 4399 4400 4414
f 4399 4414 4413
f 4400 4401 4415
f 4400 4415 4414
f 4401 4402 4416
f 4401 4416 4415
f 4402 4403 4417
f 4402 4417 4416
f 4403 4404 4418
f 4403 4418 4417
f 4404 4405 4419
f 4404 4419 4418
f 4405 4392 4406
f 4405 4406 4419
f 4406 4407 4420
f 4407 4408 4420
f 4408 4409 4420
f 4409 4410 4420
f 4410 4411 4420
f 4411 4412 4420
f 4412 4413 4420
f 4413 4414 4420
f 4414 4415 4420
f 4415 4416 4420
f 4416 4417 4420
f 4417 4418 4420
f 4418 4419 4420
f 4419 4406 4420
f 4421 4423 4422
f 4421 4424 4423
f 4421 4425 4424
f 4421 4426 4425
f 4421 4427 4426
f 4421 4428 4427
f 4421 4429 4428
f 4421 4430 4429
f 4421 4431 4430
f 4421 4432 4431
f 4421 4433 4432
f 4421 4434 4433
f 4421 4435 4434
f 4421 4422 4435
f 4422 4423 4437
f 4422 4437 4436
f 4423 4424 4438
f 4423 4438 4437
f 4424 4425 4439
f 4424 4439 4438
f 4425 4426 4440
f 4425 4440 4439
f 4426 4427 4441
f 4426 4441 4440
f 4427 4428 4442
f 4427 4442 4441
f 4428 4429 4443
f 4428 4443 4442
f 4429 4430 4444
f 4429 4444 4443
f 4430 4431 4445
f 4430 4445 4444
f 4431 4432 4446
f 4431 4446 4445
f 4432 4433 4447
f 4432 4447 4446
f 4433 4434 4448
f 4433 4448 4447
f 4434 4435 4449
f 4434 4449 4448
f 4435 4422 4436
f 4435 4436 4449
f 4436 4437 4451
f 4436 4451 4450
f 4437 4438 4452
f 4437 4452 4451
f 4438 4439 4453
f 4438 4453 4452
f 4439 4440 4454
f 4439 4454 4453
f 4440 4441 4455
f 4440 4455 4454
f 4441 4442 4456
f 4441 4456 4455
f 4442 4443 4457
f 4442 4457 4456
f 4443 4444 4458
f 4443 4458 4457
f 4444 4445 4459
f 4444 4459 4458
f 4445 4446 4460
f 4445 4460 4459
f 4446 4447 4461
f 4446 4461 4460
f 4447 4448 4462
f 4447 4462 4461
f 4448 4449 4463
f 4448 4463 4462
f 4449 4436 4450
f 4449 4450 4463
f 4450 4451 4465
f 4450 4465 4464
f 4451 4452 4466
f 4451 4466 4465
f 4452 4453 4467
f 4452 4467 4466
f 4453 4454 4468
f 4453 4468 4467
f 4454 4455 4469
f 4454 4469 4468
f 4455 4456 4470
f 4455 4470 4469
f 4456 4457 4471
f 4456 4471 4470
f 4457 4458 4472
f 4457 4472 4471
f 4458 4459 4473
f 4458 4473 4472
f 4459 4460 4474
f 4459 4474 4473
f 4460 4461 4475
f 4460 4475 4474
f 4461 4462 4476
f 4461 4476 4475
f 4462 4463 4477
f 4462 4477 4476
f 4463 4450 4464
f 4463 4464 4477
f 4464 4465 4479
f 4464 4479 4478
f 4465 4466 4480
f 4465 4480 4479
f 4466 4467 4481
f 4466 4481 4480
f 4467 4468 4482
f 4467 4482 4481
f 4468 4469 4483
f 4468 4483 4482
f 4469 4470 4484
f 4469 4484 4483
f 4470 4471 4485
f 4470 4485 4484
f 4471 4472 4486
f 4471 4486 4485
f 4472 4473 4487
f 4472 4487 4486
f 4473 4474 4488
f 4473 4488 4487
f 4474 4475 4489
f 4474 4489 4488
f 4475 4476 4490
f 4475 4490 4489
f 4476 4477 4491
f 4476 4491 4490
f 4477 4464 4478
f 4477 4478 4491
f 4478 4479 4493
f 4478 4493 4492
f 4479 4480 4494
f 4479 4494 4493
f 4480 4481 4495
f 4480 4495 4494
f 4481 4482 4496
f 4481 4496 4495
f 4482 4483 4497
f 4482 4497 4496
f 4483 4484 4498
f 4483 4498 4497
f 4484 4485 4499
f 4484 4499 4498
f 4485 4486 4500
f 4485 4500 4499
f 4486 4487 4501
f 4486 4501 4500
f 4487 4488 4502
f 4487 4502 4501
f 4488 4489 4503
f 4488 4503 4502
f 4489 4490 4504
f 4489 4504 4503
f 4490 4491 4505
f 4490 4505 4504
f 4491 4478 4492
f 4491 4492 4505
f 4492 4493 4507
f 4492 4507 4506
f 4493 4494 4508
f 4493 4508 4507
f 4494 4495 4509
f 4494 4509 4508
f 4495 4496 4510
f 4495 4510 4509
f 4496 4497 4511
f 4496 4511 4510
f 4497 4498 4512
f 4497 4512 4511
f 4498 4499 4513
f 4498 4513 4512
f 4499 4500 4514
f 4499 4514 4513
f 4500 4501 4515
f 4500 4515 4514
f 4501 4502 4516
f 4501 4516 4515
f 4502 4503 4517
f 4502 4517 4516
f 4503 4504 4518
f 4503 4518 4517
f 4504 4505 4519
f 4504 4519 4518
f 4505 4492 4506
f 4505 4506 4519
f 4506 4507 4520
f 4507 4508 4520
f 4508 4509 4520
f 4509 4510 4520
f 4510 4511 4520
f 4511 4512 4520
f 4512 4513 4520
f 4513 4514 4520
f 4514 4515 4520
f 4515 4516 4520
f 4516 4517 4520
f 4517 4518 4520
f 4518 4519 4520
f 4519 4506 4520
f 4521 4522 4536
f 4521 4536 4535
f 4549 4522 4521
f 4550 4535 4536
f 4522 4523 4537
f 4522 4537 4536
f 4549 4523 4522
f 4550 4536 4537
f 4523 4524 4538
f 4523 4538 4537
f 4549 4524 4523
f 4550 4537 4538
f 4524 4525 4539
f 4524 4539 4538
f 4549 4525 4524
f 4550 4538 4539
f 4525 4526 4540
f 4525 4540 4539
f 4549 4526 4525
f 4550 4539 4540
f 4526 4527 4541
f 4526 4541 4540
f 4549 4527 4526
f 4550 4540 4541
f 4527 4528 4542
f 4527 4542 4541
f 4549 4528 4527
f 4550 4541 4542
f 4528 4529 4543
f 4528 4543 4542
f 4549 4529 4528
f 4550 4542 4543
f 4529 4530 4544
f 4529 4544 4543
f 4549 4530 4529
f 4550 4543 4544
f 4530 4531 4545
f 4530 4545 4544
f 4549 4531 4530
f 4550 4544 4545
f 4531 4532 4546
f 4531 4546 4545
f 4549 4532 4531
f 4550 4545 4546
f 4532 4533 4547
f 4532 4547 4546
f 4549 4533 4532
f 4550 4546 4547
f 4533 4534 4548
f 4533 4548 4547
f 4549 4534 4533
f 4550 4547 4548
f 4534 4521 4535
f 4534 4535 4548
f 4549 4521 4534
f 4550 4548 4535
f 4551 4553 4552
f 4551 4554 4553
f 4551 4555 4554
f 4551 4556 4555
f 4551 4557 4556
f 4551 4558 4557
f 4551 4559 4558
f 4551 4560 4559
f 4551 4561 4560
f 4551 4562 4561
f 4551 4563 4562
f 4551 4564 4563
f 4551 4565 4564
f 4551 4552 4565
f 4552 4553 4567
f 4552 4567 4566
f 4553 4554 4568
f 4553 4568 4567
f 4554 4555 4569
f 4554 4569 4568
f 4555 4556 4570
f 4555 4570 4569
f 4556 4557 4571
f 4556 4571 4570
f 4557 4558 4572
f 4557 4572 4571
f 4558 4559 4573
f 4558 4573 4572
f 4559 4560 4574
f 4559 4574 4573
f 4560 4561 4575
f 4560 4575 4574
f 4561 4562 4576
f 4561 4576 4575
f 4562 4563 4577
f 4562 4577 4576
f 4563 4564 4578
f 4563 4578 4577
f 4564 4565 4579
f 4564 4579 4578
f 4565 4552 4566
f 4565 4566 4579
f 4566 4567 4581
f 4566 4581 4580
f 4567 4568 4582
f 4567 4582 4581
f 4568 4569 4583
f 4568 4583 4582
f 4569 4570 4584
f 4569 4584 4583
f 4570 4571 4585
f 4570 4585 4584
f 4571 4572 4586
f 4571 4586 4585
f 4572 4573 4587
f 4572 4587 4586
f 4573 4574 4588
f 4573 4588 4587
f 4574 4575 4589
f 4574 4589 4588
f 4575 4576 4590
f 4575 4590 4589
f 4576 4577 4591
f 4576 4591 4590
f 4577 4578 4592
f 4577 4592 4591
f 4578 4579 4593
f 4578 4593 4592
f 4579 4566 4580
f 4579 4580 4593
f 4580 4581 4595
f 4580 4595 4594
f 4581 4582 4596
f 4581 4596 4595
f 4582 4583 4597
f 4582 4597 4596
f 4583 4584 4598
f 4583 4598 4597
f 4584 4585 4599
f 4584 4599 4598
f 4585 4586 4600
f 4585 4600 4599
f 4586 4587 4601
f 4586 4601 4600
f 4587 4588 4602
f 4587 4602 4601
f 4588 4589 4603
f 4588 4603 4602
f 4589 4590 4604
f 4589 4604 4603
f 4590 4591 4605
f 4590 4605 4604
f 4591 4592 4606
f 4591 4606 4605
f 4592 4593 4607
f 4592 4607 4606
f 4593 4580 4594
f 4593 4594 4607
f 4594 4595 4609
f 4594 4609 4608
f 4595 4596 4610
f 4595 4610 4609
f 4596 4597 4611
f 4596 4611 4610
f 4597 4598 4612
f 4597 4612 4611
f 4598 4599 4613
f 4598 4613 4612
f 4599 4600 4614
f 4599 4614 4613
f 4600 4601 4615
f 4600 4615 4614
f 4601 4602 4616
f 4601 4616 4615
f 4602 4603 4617
f 4602 4617 4616
f 4603 4604 4618
f 4603 4618 4617
f 4604 4605 4619
f 4604 4619 4618
f 4605 4606 4620
f 4605 4620 4619
f 4606 4607 4621
f 4606 4621 4620
f 4607 4594 4608
f 4607 4608 4621
f 4608 4609 4623
f 4608 4623 4622
f 4609 4610 4624
f 4609 4624 4623
f 4610 4611 4625
f 4610 4625 4624
f 4611 4612 4626
f 4611 4626 4625
f 4612 4613 4627
f 4612 4627 4626
f 4613 4614 4628
f 4613 4628 4627
f 4614 4615 4629
f 4614 4629 4628
f 4615 4616 4630
f 4615 4630 4629
f 4616 4617 4631
f 4616 4631 4630
f 4617 4618 4632
f 4617 4632 4631
f 4618 4619 4633
f 4618 4633 4632
f 4619 4620 4634
f 4619 4634 4633
f 4620 4621 4635
f 4620 4635 4634
f 4621 4608 4622
f 4621 4622 4635
f 4622 4623 4637
f 4622 4637 4636
f 4623 4624 4638
f 4623 4638 4637
f 4624 4625 4639
f 4624 4639 4638
f 4625 4626 4640
f 4625 4640 4639
f 4626 4627 4641
f 4626 4641 4640
f 4627 4628 4642
f 4627 4642 4641
f 4628 4629 4643
f 4628 4643 4642
f 4629 4630 4644
f 4629 4644 4643
f 4630 4631 4645
f 4630 4645 4644
f 4631 4632 4646
f 4631 4646 4645
f 4632 4633 4647
f 4632 4647 4646
f 4633 4634 4648
f 4633 4648 4647
f 4634 4635 4649
f 4634 4649 4648
f 4635 4622 4636
f 4635 4636 4649
f 4636 4637 4650
f 4637 4638 4650
f 4638 4639 4650
f 4639 4640 4650
f 4640 4641 4650
f 4641 4642 4650
f 4642 4643 4650
f 4643 4644 4650
f 4644 4645 4650
f 4645 4646 4650
f 4646 4647 4650
f 4647 4648 4650
f 4648 4649 4650
f 4649 4636 4650
f 4651 4653 4652
f 4651 4654 4653
f 4651 4655 4654
f 4651 4656 4655
f 4651 4657 4656
f 4651 4658 4657
f 4651 4659 4658
f 4651 4660 4659
f 4651 4661 4660
f 4651 4662 4661
f 4651 4663 4662
f 4651 4664 4663
f 4651 4665 4664
f 4651 4652 4665
f 4652 4653 4667
f 4652 4667 4666
f 4653 4654 4668
f 4653 4668 4667
f 4654 4655 4669
f 4654 4669 4668
f 4655 4656 4670
f 4655 4670 4669
f 4656 4657 4671
f 4656 4671 4670
f 4657 4658 4672
f 4657 4672 4671
f 4658 4659 4673
f 4658 4673 4672
f 4659 4660 4674
f 4659 4674 4673
f 4660 4661 4675
f 4660 4675 4674
f 4661 4662 4676
f 4661 4676 4675
f 4662 4663 4677
f 4662 4677 4676
f 4663 4664 4678
f 4663 4678 4677
f 4664 4665 4679
f 4664 4679 4678
f 4665 4652 4666
f 4665 4666 4679
f 4666 4667 4681
f 4666 4681 4680
f 4667 4668 4682
f 4667 4682 4681
f 4668 4669 4683
f 4668 4683 4682
f 4669 4670 4684
f 4669 4684 4683
f 4670 4671 4685
f 4670 4685 4684
f 4671 4672 4686
f 4671 4686 4685
f 4672 4673 4687
f 4672 4687 4686
f 4673 4674 4688
f 4673 4688 4687
f 4674 4675 4689
f 4674 4689 4688
f 4675 4676 4690
f 4675 4690 4689
f 4676 4677 4691
f 4676 4691 4690
f 4677 4678 4692
f 4677 4692 4691
f 4678 4679 4693
f 4678 4693 4692
f 4679 4666 4680
f 4679 4680 4693
f 4680 4681 4695
f 4680 4695 4694
f 4681 4682 4696
f 4681 4696 4695
f 4682 4683 4697
f 4682 4697 4696
f 4683 4684 4698
f 4683 4698 4697
f 4684 4685 4699
f 4684 4699 4698
f 4685 4686 4700
f 4685 4700 4699
f 4686 4687 4701
f 4686 4701 4700
f 4687 4688 4702
f 4687 4702 4701
f 4688 4689 4703
f 4688 4703 4702
f 4689 4690 4704
f 4689 4704 4703
f 4690 4691 4705
f 4690 4705 4704
f 4691 4692 4706
f 4691 4706 4705
f 4692 4693 4707
f 4692 4707 4706
f 4693 4680 4694
f 4693 4694 4707
f 4694 4695 4709
f 4694 4709 4708
f 4695 4696 4710
f 4695 4710 4709
f 4696 4697 4711
f 4696 4711 4710
f 4697 4698 4712
f 4697 4712 4711
f 4698 4699 4713
f 4698 4713 4712
f 4699 4700 4714
f 4699 4714 4713
f 4700 4701 4715
f 4700 4715 4714
f 4701 4702 4716
f 4701 4716 4715
f 4702 4703 4717
f 4702 4717 4716
f 4703 4704 4718
f 4703 4718 4717
f 4704 4705 4719
f 4704 4719 4718
f 4705 4706 4720
f 4705 4720 4719
f 4706 4707 4721
f 4706 4721 4720
f 4707 4694 4708
f 4707 4708 4721
f 4708 4709 4723
f 4708 4723 4722
f 4709 4710 4724
f 4709 4724 4723
f 4710 4711 4725
f 4710 4725 4724
f 4711 4712 4726
f 4711 4726 4725
f 4712 4713 4727
f 4712 4727 4726
f 4713 4714 4728
f 4713 4728 4727
f 4714 4715 4729
f 4714 4729 4728
f 4715 4716 4730
f 4715 4730 4729
f 4716 4717 4731
f 4716 4731 4730
f 4717 4718 4732
f 4717 4732 4731
f 4718 4719 4733
f 4718 4733 4732
f 4719 4720 4734
f 4719 4734 4733
f 4720 4721 4735
f 4720 4735 4734
f 4721 4708 4722
f 4721 4722 4735
f 4722 4723 4737
f 4722 4737 4736
f 4723 4724 4738
f 4723 4738 4737
f 4724 4725 4739
f 4724 4739 4738
f 4725 4726 4740
f 4725 4740 4739
f 4726 4727 4741
f 4726 4741 4740
f 4727 4728 4742
f 4727 4742 4741
f 4728 4729 4743
f 4728 4743 4742
f 4729 4730 4744
f 4729 4744 4743
f 4730 4731 4745
f 4730 4745 4744
f 4731 4732 4746
f 4731 4746 4745
f 4732 4733 4747
f 4732 4747 4746
f 4733 4734 4748
f 4733 4748 4747
f 4734 4735 4749
f 4734 4749 4748
f 4735 4722 4736
f 4735 4736 4749
f 4736 4737 4750
f 4737 4738 4750
f 4738 4739 4750
f 4739 4740 4750
f 4740 4741 4750
f 4741 4742 4750
f 4742 4743 4750
f 4743 4744 4750
f 4744 4745 4750
f 4745 4746 4750
f 4746 4747 4750
f 4747 4748 4750
f 4748 4749 4750
f 4749 4736 4750
f 4751 4752 4766
f 4751 4766 4765
f 4779 4752 4751
f 4780 4765 4766
f 4752 4753 4767
f 4752 4767 4766
f 4779 4753 4752
f 4780 4766 4767
f 4753 4754 4768
f 4753 4768 4767
f 4779 4754 4753
f 4780 4767 4768
f 4754 4755 4769
f 4754 4769 4768
f 4779 4755 4754
f 4780 4768 4769
f 4755 4756 4770
f 4755 4770 4769
f 4779 4756 4755
f 4780 4769 4770
f 4756 4757 4771
f 4756 4771 4770
f 4779 4757 4756
f 4780 4770 4771
f 4757 4758 4772
f 4757 4772 4771
f 4779 4758 4757
f 4780 4771 4772
f 4758 4759 4773
f 4758 4773 4772
f 4779 4759 4758
f 4780 4772 4773
f 4759 4760 4774
f 4759 4774 4773
f 4779 4760 4759
f 4780 4773 4774
f 4760 4761 4775
f 4760 4775 4774
f 4779 4761 4760
f 4780 4774 4775
f 4761 4762 4776
f 4761 4776 4775
f 4779 4762 4761
f 4780 4775 4776
f 4762 4763 4777
f 4762 4777 4776
f 4779 4763 4762
f 4780 4776 4777
f 4763 4764 4778
f 4763 4778 4777
f 4779 4764 4763
f 4780 4777 4778
f 4764 4751 4765
f 4764 4765 4778
f 4779 4751 4764
f 4780 4778 4765
f 4781 4783 4782
f 4781 4784 4783
f 4781 4785 4784
f 4781 4786 4785
f 4781 4787 4786
f 4781 4788 4787
f 4781 4789 4788
f 4781 4790 4789
f 4781 4791 4790
f 4781 4792 4791
f 4781 4793 4792
f 4781 4794 4793
f 4781 4795 4794
f 4781 4782 4795
f 4782 4783 4797
f 4782 4797 4796
f 4783 4784 4798
f 4783 4798 4797
f 4784 4785 4799
f 4784 4799 4798
f 4785 4786 4800
f 4785 4800 4799
f 4786 4787 4801
f 4786 4801 4800
f 4787 4788 4802
f 4787 4802 4801
f 4788 4789 4803
f 4788 4803 4802
f 4789 4790 4804
f 4789 4804 4803
f 4790 4791 4805
f 4790 4805 4804
f 4791 4792 4806
f 4791 4806 4805
f 4792 4793 4807
f 4792 4807 4806
f 4793 4794 4808
f 4793 4808 4807
f 4794 4795 4809
f 4794 4809 4808
f 4795 4782 4796
f 4795 4796 4809
f 4796 4797 4811
f 4796 4811 4810
f 4797 4798 4812
f 4797 4812 4811
f 4798 4799 4813
f 4798 4813 4812
f 4799 4800 4814
f 4799 4814 4813
f 4800 4801 4815
f 4800 4815 4814
f 4801 4802 4816
f 4801 4816 4815
f 4802 4803 4817
f 4802 4817 4816
f 4803 4804 4818
f 4803 4818 4817
f 4804 4805 4819
f 4804 4819 4818
f 4805 4806 4820
f 4805 4820 4819
f 4806 4807 4821
f 4806 4821 4820
f 4807 4808 4822
f 4807 4822 4821
f 4808 4809 4823
f 4808 4823 4822
f 4809 4796 4810
f 4809 4810 4823
f 4810 4811 4825
f 4810 4825 4824
f 4811 4812 4826
f 4811 4826 4825
f 4812 4813 4827
f 4812 4827 4826
f 4813 4814 4828
f 4813 4828 4827
f 4814 4815 4829
f 4814 4829 4828
f 4815 4816 4830
f 4815 4830 4829
f 4816 4817 4831
f 4816 4831 4830
f 4817 4818 4832
f 4817 4832 4831
f 4818 4819 4833
f 4818 4833 4832
f 4819 4820 4834
f 4819 4834 4833
f 4820 4821 4835
f 4820 4835 4834
f 4821 4822 4836
f 4821 4836 4835
f 4822 4823 4837
f 4822 4837 4836
f 4823 4810 4824
f 4823 4824 4837
f 4824 4825 4839
f 4824 4839 4838
f 4825 4826 4840
f 4825 4840 4839
f 4826 4827 4841
f 4826 4841 4840
f 4827 4828 4842
f 4827 4842 4841
f 4828 4829 4843
f 4828 4843 4842
f 4829 4830 4844
f 4829 4844 4843
f 4830 4831 4845
f 4830 4845 4844
f 4831 4832 4846
f 4831 4846 4845
f 4832 4833 4847
f 4832 4847 4846
f 4833 4834 4848
f 4833 4848 4847
f 4834 4835 4849
f 4834 4849 4848
f 4835 4836 4850
f 4835 4850 4849
f 4836 4837 4851
f 4836 4851 4850
f 4837 4824 4838
f 4837 4838 4851
f 4838 4839 4853
f 4838 4853 4852
f 4839 4840 4854
f 4839 4854 4853
f 4840 4841 4855
f 4840 4855 4854
f 4841 4842 4856
f 4841 4856 4855
f 4842 4843 4857
f 4842 4857 4856
f 4843 4844 4858
f 4843 4858 4857
f 4844 4845 4859
f 4844 4859 4858
f 4845 4846 4860
f 4845 4860 4859
f 4846 4847 4861
f 4846 4861 4860
f 4847 4848 4862
f 4847 4862 4861
f 4848 4849 4863
f 4848 4863 4862
f 4849 4850 4864
f 4849 4864 4863
f 4850 4851 4865
f 4850 4865 4864
f 4851 4838 4852
f 4851 4852 4865
f 4852 4853 4867
f 4852 4867 4866
f 4853 4854 4868
f 4853 4868 4867
f 4854 4855 4869
f 4854 4869 4868
f 4855 4856 4870
f 4855 4870 4869
f 4856 4857 4871
f 4856 4871 4870
f 4857 4858 4872
f 4857 4872 4871
f 4858 4859 4873
f 4858 4873 4872
f 4859 4860 4874
f 4859 4874 4873
f 4860 4861 4875
f 4860 4875 4874
f 4861 4862 4876
f 4861 4876 4875
f 4862 4863 4877
f 4862 4877 4876
f 4863 4864 4878
f 4863 4878 4877
f 4864 4865 4879
f 4864 4879 4878
f 4865 4852 4866
f 4865 4866 4879
f 4866 4867 4880
f 4867 4868 4880
f 4868 4869 4880
f 4869 4870 4880
f 4870 4871 4880
f 4871 4872 4880
f 4872 4873 4880
f 4873 4874 4880
f 4874 4875 4880
f 4875 4876 4880
f 4876 4877 4880
f 4877 4878 4880
f 4878 4879 4880
f 4879 4866 4880
f 4881 4883 4882
f 4881 4884 4883
f 4881 4885 4884
f 4881 4886 4885
f 4881 4887 4886
f 4881 4888 4887
f 4881 4889 4888
f 4881 4890 4889
f 4881 4891 4890
f 4881 4892 4891
f 4881 4893 4892
f 4881 4894 4893
f 4881 4895 4894
f 4881 4882 4895
f 4882 4883 4897
f 4882 4897 4896
f 4883 4884 4898
f 4883 4898 4897
f 4884 4885 4899
f 4884 4899 4898
f 4885 4886 4900
f 4885 4900 4899
f 4886 4887 4901
f 4886 4901 4900
f 4887 4888 4902
f 4887 4902 4901
f 4888 4889 4903
f 4888 4903 4902
f 4889 4890 4904
f 4889 4904 4903
f 4890 4891 4905
f 4890 4905 4904
f 4891 4892 4906
f 4891 4906 4905
f 4892 4893 4907
f 4892 4907 4906
f 4893 4894 4908
f 4893 4908 4907
f 4894 4895 4909
f 4894 4909 4908
f 4895 4882 4896
f 4895 4896 4909
f 4896 4897 4911
f 4896 4911 4910
f 4897 4898 4912
f 4897 4912 4911
f 4898 4899 4913
f 4898 4913 4912
f 4899 4900 4914
f 4899 4914 4913
f 4900 4901 4915
f 4900 4915 4914
f 4901 4902 4916
f 4901 4916 4915
f 4902 4903 4917
f 4902 4917 4916
f 4903 4904 4918
f 4903 4918 4917
f 4904 4905 4919
f 4904 4919 4918
f 4905 4906 4920
f 4905 4920 4919
f 4906 4907 4921
f 4906 4921 4920
f 4907 4908 4922
f 4907 4922 4921
f 4908 4909 4923
f 4908 4923 4922
f 4909 4896 4910
f 4909 4910 4923
f 4910 4911 4925
f 4910 4925 4924
f 4911 4912 4926
f 4911 4926 4925
f 4912 4913 4927
f 4912 4927 4926
f 4913 4914 4928
f 4913 4928 4927
f 4914 4915 4929
f 4914 4929 4928
f 4915 4916 4930
f 4915 4930 4929
f 4916 4917 4931
f 4916 4931 4930
f 4917 4918 4932
f 4917 4932 4931
f 4918 4919 4933
f 4918 4933 4932
f 4919 4920 4934
f 4919 4934 4933
f 4920 4921 4935
f 4920 4935 4934
f 4921 4922 4936
f 4921 4936 4935
f 4922 4923 4937
f 4922 4937 4936
f 4923 4910 4924
f 4923 4924 4937
f 4924 4925 4939
f 4924 4939 4938
f 4925 4926 4940
f 4925 4940 4939
f 4926 4927 4941
f 4926 4941 4940
f 4927 4928 4942
f 4927 4942 4941
f 4928 4929 4943
f 4928 4943 4942
f 4929 4930 4944
f 4929 4944 4943
f 4930 4931 4945
f 4930 4945 4944
f 4931 4932 4946
f 4931 4946 4945
f 4932 4933 4947
f 4932 4947 4946
f 4933 4934 4948
f 4933 4948 4947
f 4934 4935 4949
f 4934 4949 4948
f 4935 4936 4950
f 4935 4950 4949
f 4936 4937 4951
f 4936 4951 4950
f 4937 4924 4938
f 4937 4938 4951
f 4938 4939 4953
f 4938 4953 4952
f 4939 4940 4954
f 4939 4954 4953
f 4940 4941 4955
f 4940 4955 4954
f 4941 4942 4956
f 4941 4956 4955
f 4942 4943 4957
f 4942 4957 4956
f 4943 4944 4958
f 4943 4958 4957
f 4944 4945 4959
f 4944 4959 4958
f 4945 4946 4960
f 4945 4960 4959
f 4946 4947 4961
f 4946 4961 4960
f 4947 4948 4962
f 4947 4962 4961
f 4948 4949 4963
f 4948 4963 4962
f 4949 4950 4964
f 4949 4964 4963
f 4950 4951 4965
f 4950 4965 4964
f 4951 4938 4952
f 4951 4952 4965
f 4952 4953 4967
f 4952 4967 4966
f 4953 4954 4968
f 4953 4968 4967
f 4954 4955 4969
f 4954 4969 4968
f 4955 4956 4970
f 4955 4970 4969
f 4956 4957 4971
f 4956 4971 4970
f 4957 4958 4972
f 4957 4972 4971
f 4958 4959 4973
f 4958 4973 4972
f 4959 4960 4974
f 4959 4974 4973
f 4960 4961 4975
f 4960 4975 4974
f 4961 4962 4976
f 4961 4976 4975
f 4962 4963 4977
f 4962 4977 4976
f 4963 4964 4978
f 4963 4978 4977
f 4964 4965 4979
f 4964 4979 4978
f 4965 4952 4966
f 4965 4966 4979
f 4966 4967 4980
f 4967 4968 4980
f 4968 4969 4980
f 4969 4970 4980
f 4970 4971 4980
f 4971 4972 4980
f 4972 4973 4980
f 4973 4974 4980
f 4974 4975 4980
f 4975 4976 4980
f 4976 4977 4980
f 4977 4978 4980
f 4978 4979 4980
f 4979 4966 4980
f 4981 4982 4996
f 4981 4996 4995
f 5009 4982 4981
f 5010 4995 4996
f 4982 4983 4997
f 4982 4997 4996
f 5009 4983 4982
f 5010 4996 4997
f 4983 4984 4998
f 4983 4998 4997
f 5009 4984 4983
f 5010 4997 4998
f 4984 4985 4999
f 4984 4999 4998
f 5009 4985 4984
f 5010 4998 4999
f 4985 4986 5000
f 4985 5000 4999
f 5009 4986 4985
f 5010 4999 5000
f 4986 4987 5001
f 4986 5001 5000
f 5009 4987 4986
f 5010 5000 5001
f 4987 4988 5002
f 4987 5002 5001
f 5009 4988 4987
f 5010 5001 5002
f 4988 4989 5003
f 4988 5003 5002
f 5009 4989 4988
f 5010 5002 5003
f 4989 4990 5004
f 4989 5004 5003
f 5009 4990 4989
f 5010 5003 5004
f 4990 4991 5005
f 4990 5005 5004
f 5009 4991 4990
f 5010 5004 5005
f 4991 4992 5006
f 4991 5006 5005
f 5009 4992 4991
f 5010 5005 5006
f 4992 4993 5007
f 4992 5007 5006
f 5009 4993 4992
f 5010 5006 5007
f 4993 4994 5008
f 4993 5008 5007
f 5009 4994 4993
f 5010 5007 5008
f 4994 4981 4995
f 4994 4995 5008
f 5009 4981 4994
f 5010 5008 4995
f 5011 5013 5012
f 5011 5014 5013
f 5011 5015 5014
f 5011 5016 5015
f 5011 5017 5016
f 5011 5018 5017
f 5011 5019 5018
f 5011 5020 5019
f 5011 5021 5020
f 5011 5022 5021
f 5011 5023 5022
f 5011 5024 5023
f 5011 5025 5024
f 5011 5012 5025
f 5012 5013 5027
f 5012 5027 5026
f 5013 5014 5028
f 5013 5028 5027
f 5014 5015 5029
f 5014 5029 5028
f 5015 5016 5030
f 5015 5030 5029
f 5016 5017 5031
f 5016 5031 5030
f 5017 5018 5032
f 5017 5032 5031
f 5018 5019 5033
f 5018 5033 5032
f 5019 5020 5034
f 5019 5034 5033
f 5020 5021 5035
f 5020 5035 5034
f 5021 5022 5036
f 5021 5036 5035
f 5022 5023 5037
f 5022 5037 5036
f 5023 5024 5038
f 5023 5038 5037
f 5024 5025 5039
f 5024 5039 5038
f 5025 5012 5026
f 5025 5026 5039
f 5026 5027 5041
f 5026 5041 5040
f 5027 5028 5042
f 5027 5042 5041
f 5028 5029 5043
f 5028 5043 5042
f 5029 5030 5044
f 5029 5044 5043
f 5030 5031 5045
f 5030 5045 5044
f 5031 5032 5046
f 5031 5046 5045
f 5032 5033 5047
f 5032 5047 5046
f 5033 5034 5048
f 5033 5048 5047
f 5034 5035 5049
f 5034 5049 5048
f 5035 5036 5050
f 5035 5050 5049
f 5036 5037 5051
f 5036 5051 5050
f 5037 5038 5052
f 5037 5052 5051
f 5038 5039 5053
f 5038 5053 5052
f 5039 5026 5040
f 5039 5040 5053
f 5040 5041 5055
f 5040 5055 5054
f 5041 5042 5056
f 5041 5056 5055
f 5042 5043 5057
f 5042 5057 5056
f 5043 5044 5058
f 5043 5058 5057
f 5044 5045 5059
f 5044 5059 5058
f 5045 5046 5060
f 5045 5060 5059
f 5046 5047 5061
f 5046 5061 5060
f 5047 5048 5062
f 5047 5062 5061
f 5048 5049 5063
f 5048 5063 5062
f 5049 5050 5064
f 5049 5064 5063
f 5050 5051 5065
f 5050 5065 5064
f 5051 5052 5066
f 5051 5066 5065
f 5052 5053 5067
f 5052 5067 5066
f 5053 5040 5054
f 5053 5054 5067
f 5054 5055 5069
f 5054 5069 5068
f 5055 5056 5070
f 5055 5070 5069
f 5056 5057 5071
f 5056 5071 5070
f 5057 5058 5072
f 5057 5072 5071
f 5058 5059 5073
f 5058 5073 5072
f 5059 5060 5074
f 5059 5074 5073
f 5060 5061 5075
f 5060 5075 5074
f 5061 5062 5076
f 5061 5076 5075
f 5062 5063 5077
f 5062 5077 5076
f 5063 5064 5078
f 5063 5078 5077
f 5064 5065 5079
f 5064 5079 5078
f 5065 5066 5080
f 5065 5080 5079
f 5066 5067 5081
f 5066 5081 5080
f 5067 5054 5068
f 5067 5068 5081
f 5068 5069 5083
f 5068 5083 5082
f 5069 5070 5084
f 5069 5084 5083
f 5070 5071 5085
f 5070 5085 5084
f 5071 5072 5086
f 5071 5086 5085
f 5072 5073 5087
f 5072 5087 5086
f 5073 5074 5088
f 5073 5088 5087
f 5074 5075 5089
f 5074 5089 5088
f 5075 5076 5090
f 5075 5090 5089
f 5076 5077 5091
f 5076 5091 5090
f 5077 5078 5092
f 5077 5092 5091
f 5078 5079 5093
f 5078 5093 5092
f 5079 5080 5094
f 5079 5094 5093
f 5080 5081 5095
f 5080 5095 5094
f 5081 5068 5082
f 5081 5082 5095
f 5082 5083 5097
f 5082 5097 5096
f 5083 5084 5098
f 5083 5098 5097
f 5084 5085 5099
f 5084 5099 5098
f 5085 5086 5100
f 5085 5100 5099
f 5086 5087 5101
f 5086 5101 5100
f 5087 5088 5102
f 5087 5102 5101
f 5088 5089 5103
f 5088 5103 5102
f 5089 5090 5104
f 5089 5104 5103
f 5090 5091 5105
f 5090 5105 5104
f 5091 5092 5106
f 5091 5106 5105
f 5092 5093 5107
f 5092 5107 5106
f 5093 5094 5108
f 5093 5108 5107
f 5094 5095 5109
f 5094 5109 5108
f 5095 5082 5096
f 5095 5096 5109
f 5096 5097 5110
f 5097 5098 5110
f 5098 5099 5110
f 5099 5100 5110
f 5100 5101 5110
f 5101 5102 5110
f 5102 5103 5110
f 5103 5104 5110
f 5104 5105 5110
f 5105 5106 5110
f 5106 5107 5110
f 5107 5108 5110
f 5108 5109 5110
f 5109 5096 5110
f 5111 5113 5112
f 5111 5114 5113
f 5111 5115 5114
f 5111 5116 5115
f 5111 5117 5116
f 5111 5118 5117
f 5111 5119 5118
f 5111 5120 5119
f 5111 5121 5120
f 5111 5122 5121
f 5111 5123 5122
f 5111 5124 5123
f 5111 5125 5124
f 5111 5112 5125
f 5112 5113 5127
f 5112 5127 5126
f 5113 5114 5128
f 5113 5128 5127
f 5114 5115 5129
f 5114 5129 5128
f 5115 5116 5130
f 5115 5130 5129
f 5116 5117 5131
f 5116 5131 5130
f 5117 5118 5132
f 5117 5132 5131
f 5118 5119 5133
f 5118 5133 5132
f 5119 5120 5134
f 5119 5134 5133
f 5120 5121 5135
f 5120 5135 5134
f 5121 5122 5136
f 5121 5136 5135
f 5122 5123 5137
f 5122 5137 5136
f 5123 5124 5138
f 5123 5138 5137
f 5124 5125 5139
f 5124 5139 5138
f 5125 5112 5126
f 5125 5126 5139
f 5126 5127 5141
f 5126 5141 5140
f 5127 5128 5142
f 5127 5142 5141
f 5128 5129 5143
f 5128 5143 5142
f 5129 5130 5144
f 5129 5144 5143
f 5130 5131 5145
f 5130 5145 5144
f 5131 5132 5146
f 5131 5146 5145
f 5132 5133 5147
f 5132 5147 5146
f 5133 5134 5148
f 5133 5148 5147
f 5134 5135 5149
f 5134 5149 5148
f 5135 5136 5150
f 5135 5150 5149
f 5136 5137 5151
f 5136 5151 5150
f 5137 5138 5152
f 5137 5152 5151
f 5138 5139 5153
f 5138 5153 5152
f 5139 5126 5140
f 5139 5140 5153
f 5140 5141 5155
f 5140 5155 5154
f 5141 5142 5156
f 5141 5156 5155
f 5142 5143 5157
f 5142 5157 5156
f 5143 5144 5158
f 5143 5158 5157
f 5144 5145 5159
f 5144 5159 5158
f 5145 5146 5160
f 5145 5160 5159
f 5146 5147 5161
f 5146 5161 5160
f 5147 5148 5162
f 5147 5162 5161
f 5148 5149 5163
f 5148 5163 5162
f 5149 5150 5164
f 5149 5164 5163
f 5150 5151 5165
f 5150 5165 5164
f 5151 5152 5166
f 5151 5166 5165
f 5152 5153 5167
f 5152 5167 5166
f 5153 5140 5154
f 5153 5154 5167
f 5154 5155 5169
f 5154 5169 5168
f 5155 5156 5170
f 5155 5170 5169
f 5156 5157 5171
f 5156 5171 5170
f 5157 5158 5172
f 5157 5172 5171
f 5158 5159 5173
f 5158 5173 5172
f 5159 5160 5174
f 5159 5174 5173
f 5160 5161 5175
f 5160 5175 5174
f 5161 5162 5176
f 5161 5176 5175
f 5162 5163 5177
f 5162 5177 5176
f 5163 5164 5178
f 5163 5178 5177
f 5164 5165 5179
f 5164 5179 5178
f 5165 5166 5180
f 5165 5180 5179
f 5166 5167 5181
f 5166 5181 5180
f 5167 5154 5168
f 5167 5168 5181
f 5168 5169 5183
f 5168 5183 5182
f 5169 5170 5184
f 5169 5184 5183
f 5170 5171 5185
f 5170 5185 5184
f 5171 5172 5186
f 5171 5186 5185
f 5172 5173 5187
f 5172 5187 5186
f 5173 5174 5188
f 5173 5188 5187
f 5174 5175 5189
f 5174 5189 5188
f 5175 5176 5190
f 5175 5190 5189
f 5176 5177 5191
f 5176 5191 5190
f 5177 5178 5192
f 5177 5192 5191
f 5178 5179 5193
f 5178 5193 5192
f 5179 5180 5194
f 5179 5194 5193
f 5180 5181 5195
f 5180 5195 5194
f 5181 5168 5182
f 5181 5182 5195
f 5182 5183 5197
f 5182 5197 5196
f 5183 5184 5198
f 5183 5198 5197
f 5184 5185 5199
f 5184 5199 5198
f 5185 5186 5200
f 5185 5200 5199
f 5186 5187 5201
f 5186 5201 5200
f 5187 5188 5202
f 5187 5202 5201
f 5188 5189 5203
f 5188 5203 5202
f 5189 5190 5204
f 5189 5204 5203
f 5190 5191 5205
f 5190 5205 5204
f 5191 5192 5206
f 5191 5206 5205
f 5192 5193 5207
f 5192 5207 5206
f 5193 5194 5208
f 5193 5208 5207
f 5194 5195 5209
f 5194 5209 5208
f 5195 5182 5196
f 5195 5196 5209
f 5196 5197 5210
f 5197 5198 5210
f 5198 5199 5210
f 5199 5200 5210
f 5200 5201 5210
f 5201 5202 5210
f 5202 5203 5210
f 5203 5204 5210
f 5204 5205 5210
f 5205 5206 5210
f 5206 5207 5210
f 5207 5208 5210
f 5208 5209 5210
f 5209 5196 5210
f 5211 5212 5226
f 5211 5226 5225
f 5239 5212 5211
f 5240 5225 5226
f 5212 5213 5227
f 5212 5227 5226
f 5239 5213 5212
f 5240 5226 5227
f 5213 5214 5228
f 5213 5228 5227
f 5239 5214 5213
f 5240 5227 5228
f 5214 5215 5229
f 5214 5229 5228
f 5239 5215 5214
f 5240 5228 5229
f 5215 5216 5230
f 5215 5230 5229
f 5239 5216 5215
f 5240 5229 5230
f 5216 5217 5231
f 5216 5231 5230
f 5239 5217 5216
f 5240 5230 5231
f 5217 5218 5232
f 5217 5232 5231
f 5239 5218 5217
f 5240 5231 5232
f 5218 5219 5233
f 5218 5233 5232
f 5239 5219 5218
f 5240 5232 5233
f 5219 5220 5234
f 5219 5234 5233
f 5239 5220 5219
f 5240 5233 5234
f 5220 5221 5235
f 5220 5235 5234
f 5239 5221 5220
f 5240 5234 5235
f 5221 5222 5236
f 5221 5236 5235
f 5239 5222 5221
f 5240 5235 5236
f 5222 5223 5237
f 5222 5237 5236
f 5239 5223 5222
f 5240 5236 5237
f 5223 5224 5238
f 5223 5238 5237
f 5239 5224 5223
f 5240 5237 5238
f 5224 5211 5225
f 5224 5225 5238
f 5239 5211 5224
f 5240 5238 5225
f 5241 5243 5242
f 5241 5244 5243
f 5241 5245 5244
f 5241 5246 5245
f 5241 5247 5246
f 5241 5248 5247
f 5241 5249 5248
f 5241 5250 5249
f 5241 5251 5250
f 5241 5252 5251
f 5241 5253 5252
f 5241 5254 5253
f 5241 5255 5254
f 5241 5242 5255
f 5242 5243 5257
f 5242 5257 5256
f 5243 5244 5258
f 5243 5258 5257
f 5244 5245 5259
f 5244 5259 5258
f 5245 5246 5260
f 5245 5260 5259
f 5246 5247 5261
f 5246 5261 5260
f 5247 5248 5262
f 5247 5262 5261
f 5248 5249 5263
f 5248 5263 5262
f 5249 5250 5264
f 5249 5264 5263
f 5250 5251 5265
f 5250 5265 5264
f 5251 5252 5266
f 5251 5266 5265
f 5252 5253 5267
f 5252 5267 5266
f 5253 5254 5268
f 5253 5268 5267
f 5254 5255 5269
f 5254 5269 5268
f 5255 5242 5256
f 5255 5256 5269
f 5256 5257 5271
f 5256 5271 5270
f 5257 5258 5272
f 5257 5272 5271
f 5258 5259 5273
f 5258 5273 5272
f 5259 5260 5274
f 5259 5274 5273
f 5260 5261 5275
f 5260 5275 5274
f 5261 5262 5276
f 5261 5276 5275
f 5262 5263 5277
f 5262 5277 5276
f 5263 5264 5278
f 5263 5278 5277
f 5264 5265 5279
f 5264 5279 5278
f 5265 5266 5280
f 5265 5280 5279
f 5266 5267 5281
f 5266 5281 5280
f 5267 5268 5282
f 5267 5282 5281
f 5268 5269 5283
f 5268 5283 5282
f 5269 5256 5270
f 5269 5270 5283
f 5270 5271 5285
f 5270 5285 5284
f 5271 5272 5286
f 5271 5286 5285
f 5272 5273 5287
f 5272 5287 5286
f 5273 5274 5288
f 5273 5288 5287
f 5274 5275 5289
f 5274 5289 5288
f 5275 5276 5290
f 5275 5290 5289
f 5276 5277 5291
f 5276 5291 5290
f 5277 5278 5292
f 5277 5292 5291
f 5278 5279 5293
f 5278 5293 5292
f 5279 5280 5294
f 5279 5294 5293
f 5280 5281 5295
f 5280 5295 5294
f 5281 5282 5296
f 5281 5296 5295
f 5282 5283 5297
f 5282 5297 5296
f 5283 5270 5284
f 5283 5284 5297
f 5284 5285 5299
f 5284 5299 5298
f 5285 5286 5300
f 5285 5300 5299
f 5286 5287 5301
f 5286 5301 5300
f 5287 5288 5302
f 5287 5302 5301
f 5288 5289 5303
f 5288 5303 5302
f 5289 5290 5304
f 5289 5304 5303
f 5290 5291 5305
f 5290 5305 5304
f 5291 5292 5306
f 5291 5306 5305
f 5292 5293 5307
f 5292 5307 5306
f 5293 5294 5308
f 5293 5308 5307
f 5294 5295 5309
f 5294 5309 5308
f 5295 5296 5310
f 5295 5310 5309
f 5296 5297 5311
f 5296 5311 5310
f 5297 5284 5298
f 5297 5298 5311
f 5298 5299 5313
f 5298 5313 5312
f 5299 5300 5314
f 5299 5314 5313
f 5300 5301 5315
f 5300 5315 5314
f 5301 5302 5316
f 5301 5316 5315
f 5302 5303 5317
f 5302 5317 5316
f 5303 5304 5318
f 5303 5318 5317
f 5304 5305 5319
f 5304 5319 5318
f 5305 5306 5320
f 5305 5320 5319
f 5306 5307 5321
f 5306 5321 5320
f 5307 5308 5322
f 5307 5322 5321
f 5308 5309 5323
f 5308 5323 5322
f 5309 5310 5324
f 5309 5324 5323
f 5310 5311 5325
f 5310 5325 5324
f 5311 5298 5312
f 5311 5312 5325
f 5312 5313 5327
f 5312 5327 5326
f 5313 5314 5328
f 5313 5328 5327
f 5314 5315 5329
f 5314 5329 5328
f 5315 5316 5330
f 5315 5330 5329
f 5316 5317 5331
f 5316 5331 5330
f 5317 5318 5332
f 5317 5332 5331
f 5318 5319 5333
f 5318 5333 5332
f 5319 5320 5334
f 5319 5334 5333
f 5320 5321 5335
f 5320 5335 5334
f 5321 5322 5336
f 5321 5336 5335
f 5322 5323 5337
f 5322 5337 5336
f 5323 5324 5338
f 5323 5338 5337
f 5324 5325 5339
f 5324 5339 5338
f 5325 5312 5326
f 5325 5326 5339
f 5326 5327 5340
f 5327 5328 5340
f 5328 5329 5340
f 5329 5330 5340
f 5330 5331 5340
f 5331 5332 5340
f 5332 5333 5340
f 5333 5334 5340
f 5334 5335 5340
f 5335 5336 5340
f 5336 5337 5340
f 5337 5338 5340
f 5338 5339 5340
f 5339 5326 5340
f 5341 5343 5342
f 5341 5344 5343
f 5341 5345 5344
f 5341 5346 5345
f 5341 5347 5346
f 5341 5348 5347
f 5341 5349 5348
f 5341 5350 5349
f 5341 5351 5350
f 5341 5352 5351
f 5341 5353 5352
f 5341 5354 5353
f 5341 5355 5354
f 5341 5342 5355
f 5342 5343 5357
f 5342 5357 5356
f 5343 5344 5358
f 5343 5358 5357
f 5344 5345 5359
f 5344 5359 5358
f 5345 5346 5360
f 5345 5360 5359
f 5346 5347 5361
f 5346 5361 5360
f 5347 5348 5362
f 5347 5362 5361
f 5348 5349 5363
f 5348 5363 5362
f 5349 5350 5364
f 5349 5364 5363
f 5350 5351 5365
f 5350 5365 5364
f 5351 5352 5366
f 5351 5366 5365
f 5352 5353 5367
f 5352 5367 5366
f 5353 5354 5368
f 5353 5368 5367
f 5354 5355 5369
f 5354 5369 5368
f 5355 5342 5356
f 5355 5356 5369
f 5356 5357 5371
f 5356 5371 5370
f 5357 5358 5372
f 5357 5372 5371
f 5358 5359 5373
f 5358 5373 5372
f 5359 5360 5374
f 5359 5374 5373
f 5360 5361 5375
f 5360 5375 5374
f 5361 5362 5376
f 5361 5376 5375
f 5362 5363 5377
f 5362 5377 5376
f 5363 5364 5378
f 5363 5378 5377
f 5364 5365 5379
f 5364 5379 5378
f 5365 5366 5380
f 5365 5380 5379
f 5366 5367 5381
f 5366 5381 5380
f 5367 5368 5382
f 5367 5382 5381
f 5368 5369 5383
f 5368 5383 5382
f 5369 5356 5370
f 5369 5370 5383
f 5370 5371 5385
f 5370 5385 5384
f 5371 5372 5386
f 5371 5386 5385
f 5372 5373 5387
f 5372 5387 5386
f 5373 5374 5388
f 5373 5388 5387
f 5374 5375 5389
f 5374 5389 5388
f 5375 5376 5390
f 5375 5390 5389
f 5376 5377 5391
f 5376 5391 5390
f 5377 5378 5392
f 5377 5392 5391
f 5378 5379 5393
f 5378 5393 5392
f 5379 5380 5394
f 5379 5394 5393
f 5380 5381 5395
f 5380 5395 5394
f 5381 5382 5396
f 5381 5396 5395
f 5382 5383 5397
f 5382 5397 5396
f 5383 5370 5384
f 5383 5384 5397
f 5384 5385 5399
f 5384 5399 5398
f 5385 5386 5400
f 5385 5400 5399
f 5386 5387 5401
f 5386 5401 5400
f 5387 5388 5402
f 5387 5402 5401
f 5388 5389 5403
f 5388 5403 5402
f 5389 5390 5404
f 5389 5404 5403
f 5390 5391 5405
f 5390 5405 5404
f 5391 5392 5406
f 5391 5406 5405
f 5392 5393 5407
f 5392 5407 5406
f 5393 5394 5408
f 5393 5408 5407
f 5394 5395 5409
f 5394 5409 5408
f 5395 5396 5410
f 5395 5410 5409
f 5396 5397 5411
f 5396 5411 5410
f 5397 5384 5398
f 5397 5398 5411
f 5398 5399 5413
f 5398 5413 5412
f 5399 5400 5414
f 5399 5414 5413
f 5400 5401 5415
f 5400 5415 5414
f 5401 5402 5416
f 5401 5416 5415
f 5402 5403 5417
f 5402 5417 5416
f 5403 5404 5418
f 5403 5418 5417
f 5404 5405 5419
f 5404 5419 5418
f 5405 5406 5420
f 5405 5420 5419
f 5406 5407 5421
f 5406 5421 5420
f 5407 5408 5422
f 5407 5422 5421
f 5408 5409 5423
f 5408 5423 5422
f 5409 5410 5424
f 5409 5424 5423
f 5410 5411 5425
f 5410 5425 5424
f 5411 5398 5412
f 5411 5412 5425
f 5412 5413 5427
f 5412 5427 5426
f 5413 5414 5428
f 5413 5428 5427
f 5414 5415 5429
f 5414 5429 5428
f 5415 5416 5430
f 5415 5430 5429
f 5416 5417 5431
f 5416 5431 5430
f 5417 5418 5432
f 5417 5432 5431
f 5418 5419 5433
f 5418 5433 5432
f 5419 5420 5434
f 5419 5434 5433
f 5420 5421 5435
f 5420 5435 5434
f 5421 5422 5436
f 5421 5436 5435
f 5422 5423 5437
f 5422 5437 5436
f 5423 5424 5438
f 5423 5438 5437
f 5424 5425 5439
f 5424 5439 5438
f 5425 5412 5426
f 5425 5426 5439
f 5426 5427 5440
f 5427 5428 5440
f 5428 5429 5440
f 5429 5430 5440
f 5430 5431 5440
f 5431 5432 5440
f 5432 5433 5440
f 5433 5434 5440
f 5434 5435 5440
f 5435 5436 5440
f 5436 5437 5440
f 5437 5438 5440
f 5438 5439 5440
f 5439 5426 5440
f 5441 5442 5456
f 5441 5456 5455
f 5469 5442 5441
f 5470 5455 5456
f 5442 5443 5457
f 5442 5457 5456
f 5469 5443 5442
f 5470 5456 5457
f 5443 5444 5458
f 5443 5458 5457
f 5469 5444 5443
f 5470 5457 5458
f 5444 5445 5459
f 5444 5459 5458
f 5469 5445 5444
f 5470 5458 5459
f 5445 5446 5460
f 5445 5460 5459
f 5469 5446 5445
f 5470 5459 5460
f 5446 5447 5461
f 5446 5461 5460
f 5469 5447 5446
f 5470 5460 5461
f 5447 5448 5462
f 5447 5462 5461
f 5469 5448 5447
f 5470 5461 5462
f 5448 5449 5463
f 5448 5463 5462
f 5469 5449 5448
f 5470 5462 5463
f 5449 5450 5464
f 5449 5464 5463
f 5469 5450 5449
f 5470 5463 5464
f 5450 5451 5465
f 5450 5465 5464
f 5469 5451 5450
f 5470 5464 5465
f 5451 5452 5466
f 5451 5466 5465
f 5469 5452 5451
f 5470 5465 5466
f 5452 5453 5467
f 5452 5467 5466
f 5469 5453 5452
f 5470 5466 5467
f 5453 5454 5468
f 5453 5468 5467
f 5469 5454 5453
f 5470 5467 5468
f 5454 5441 5455
f 5454 5455 5468
f 5469 5441 5454
f 5470 5468 5455
f 5471 5473 5472
f 5471 5474 5473
f 5471 5475 5474
f 5471 5476 5475
f 5471 5477 5476
f 5471 5478 5477
f 5471 5479 5478
f 5471 5480 5479
f 5471 5481 5480
f 5471 5482 5481
f 5471 5483 5482
f 5471 5484 5483
f 5471 5485 5484
f 5471 5472 5485
f 5472 5473 5487
f 5472 5487 5486
f 5473 5474 5488
f 5473 5488 5487
f 5474 5475 5489
f 5474 5489 5488
f 5475 5476 5490
f 5475 5490 5489
f 5476 5477 5491
f 5476 5491 5490
f 5477 5478 5492
f 5477 5492 5491
f 5478 5479 5493
f 5478 5493 5492
f 5479 5480 5494
f 5479 5494 5493
f 5480 5481 5495
f 5480 5495 5494
f 5481 5482 5496
f 5481 5496 5495
f 5482 5483 5497
f 5482 5497 5496
f 5483 5484 5498
f 5483 5498 5497
f 5484 5485 5499
f 5484 5499 5498
f 5485 5472 5486
f 5485 5486 5499
f 5486 5487 5501
f 5486 5501 5500
f 5487 5488 5502
f 5487 5502 5501
f 5488 5489 5503
f 5488 5503 5502
f 5489 5490 5504
f 5489 5504 5503
f 5490 5491 5505
f 5490 5505 5504
f 5491 5492 5506
f 5491 5506 5505
f 5492 5493 5507
f 5492 5507 5506
f 5493 5494 5508
f 5493 5508 5507
f 5494 5495 5509
f 5494 5509 5508
f 5495 5496 5510
f 5495 5510 5509
f 5496 5497 5511
f 5496 5511 5510
f 5497 5498 5512
f 5497 5512 5511
f 5498 5499 5513
f 5498 5513 5512
f 5499 5486 5500
f 5499 5500 5513
f 5500 5501 5515
f 5500 5515 5514
f 5501 5502 5516
f 5501 5516 5515
f 5502 5503 5517
f 5502 5517 5516
f 5503 5504 5518
f 5503 5518 5517
f 5504 5505 5519
f 5504 5519 5518
f 5505 5506 5520
f 5505 5520 5519
f 5506 5507 5521
f 5506 5521 5520
f 5507 5508 5522
f 5507 5522 5521
f 5508 5509 5523
f 5508 5523 5522
f 5509 5510 5524
f 5509 5524 5523
f 5510 5511 5525
f 5510 5525 5524
f 5511 5512 5526
f 5511 5526 5525
f 5512 5513 5527
f 5512 5527 5526
f 5513 5500 5514
f 5513 5514 5527
f 5514 5515 5529
f 5514 5529 5528
f 5515 5516 5530
f 5515 5530 5529
f 5516 5517 5531
f 5516 5531 5530
f 5517 5518 5532
f 5517 5532 5531
f 5518 5519 5533
f 5518 5533 5532
f 5519 5520 5534
f 5519 5534 5533
f 5520 5521 5535
f 5520 5535 5534
f 5521 5522 5536
f 5521 5536 5535
f 5522 5523 5537
f 5522 5537 5536
f 5523 5524 5538
f 5523 5538 5537
f 5524 5525 5539
f 5524 5539 5538
f 5525 5526 5540
f 5525 5540 5539
f 5526 5527 5541
f 5526 5541 5540
f 5527 5514 5528
f 5527 5528 5541
f 5528 5529 5543
f 5528 5543 5542
f 5529 5530 5544
f 5529 5544 5543
f 5530 5531 5545
f 5530 5545 5544
f 5531 5532 5546
f 5531 5546 5545
f 5532 5533 5547
f 5532 5547 5546
f 5533 5534 5548
f 5533 5548 5547
f 5534 5535 5549
f 5534 5549 5548
f 5535 5536 5550
f 5535 5550 5549
f 5536 5537 5551
f 5536 5551 5550
f 5537 5538 5552
f 5537 5552 5551
f 5538 5539 5553
f 5538 5553 5552
f 5539 5540 5554
f 5539 5554 5553
f 5540 5541 5555
f 5540 5555 5554
f 5541 5528 5542
f 5541 5542 5555
f 5542 5543 5557
f 5542 5557 5556
f 5543 5544 5558
f 5543 5558 5557
f 5544 5545 5559
f 5544 5559 5558
f 5545 5546 5560
f 5545 5560 5559
f 5546 5547 5561
f 5546 5561 5560
f 5547 5548 5562
f 5547 5562 5561
f 5548 5549 5563
f 5548 5563 5562
f 5549 5550 5564
f 5549 5564 5563
f 5550 5551 5565
f 5550 5565 5564
f 5551 5552 5566
f 5551 5566 5565
f 5552 5553 5567
f 5552 5567 5566
f 5553 5554 5568
f 5553 5568 5567
f 5554 5555 5569
f 5554 5569 5568
f 5555 5542 5556
f 5555 5556 5569
f 5556 5557 5570
f 5557 5558 5570
f 5558 5559 5570
f 5559 5560 5570
f 5560 5561 5570
f 5561 5562 5570
f 5562 5563 5570
f 5563 5564 5570
f 5564 5565 5570
f 5565 5566 5570
f 5566 5567 5570
f 5567 5568 5570
f 5568 5569 5570
f 5569 5556 5570
f 5571 5573 5572
f 5571 5574 5573
f 5571 5575 5574
f 5571 5576 5575
f 5571 5577 5576
f 5571 5578 5577
f 5571 5579 5578
f 5571 5580 5579
f 5571 5581 5580
f 5571 5582 5581
f 5571 5583 5582
f 5571 5584 5583
f 5571 5585 5584
f 5571 5572 5585
f 5572 5573 5587
f 5572 5587 5586
f 5573 5574 5588
f 5573 5588 5587
f 5574 5575 5589
f 5574 5589 5588
f 5575 5576 5590
f 5575 5590 5589
f 5576 5577 5591
f 5576 5591 5590
f 5577 5578 5592
f 5577 5592 5591
f 5578 5579 5593
f 5578 5593 5592
f 5579 5580 5594
f 5579 5594 5593
f 5580 5581 5595
f 5580 5595 5594
f 5581 5582 5596
f 5581 5596 5595
f 5582 5583 5597
f 5582 5597 5596
f 5583 5584 5598
f 5583 5598 5597
f 5584 5585 5599
f 5584 5599 5598
f 5585 5572 5586
f 5585 5586 5599
f 5586 5587 5601
f 5586 5601 5600
f 5587 5588 5602
f 5587 5602 5601
f 5588 5589 5603
f 5588 5603 5602
f 5589 5590 5604
f 5589 5604 5603
f 5590 5591 5605
f 5590 5605 5604
f 5591 5592 5606
f 5591 5606 5605
f 5592 5593 5607
f 5592 5607 5606
f 5593 5594 5608
f 5593 5608 5607
f 5594 5595 5609
f 5594 5609 5608
f 5595 5596 5610
f 5595 5610 5609
f 5596 5597 5611
f 5596 5611 5610
f 5597 5598 5612
f 5597 5612 5611
f 5598 5599 5613
f 5598 5613 5612
f 5599 5586 5600
f 5599 5600 5613
f 5600 5601 5615
f 5600 5615 5614
f 5601 5602 5616
f 5601 5616 5615
f 5602 5603 5617
f 5602 5617 5616
f 5603 5604 5618
f 5603 5618 5617
f 5604 5605 5619
f 5604 5619 5618
f 5605 5606 5620
f 5605 5620 5619
f 5606 5607 5621
f 5606 5621 5620
f 5607 5608 5622
f 5607 5622 5621
f 5608 5609 5623
f 5608 5623 5622
f 5609 5610 5624
f 5609 5624 5623
f 5610 5611 5625
f 5610 5625 5624
f 5611 5612 5626
f 5611 5626 5625
f 5612 5613 5627
f 5612 5627 5626
f 5613 5600 5614
f 5613 5614 5627
f 5614 5615 5629
f 5614 5629 5628
f 5615 5616 5630
f 5615 5630 5629
f 5616 5617 5631
f 5616 5631 5630
f 5617 5618 5632
f 5617 5632 5631
f 5618 5619 5633
f 5618 5633 5632
f 5619 5620 5634
f 5619 5634 5633
f 5620 5621 5635
f 5620 5635 5634
f 5621 5622 5636
f 5621 5636 5635
f 5622 5623 5637
f 5622 5637 5636
f 5623 5624 5638
f 5623 5638 5637
f 5624 5625 5639
f 5624 5639 5638
f 5625 5626 5640
f 5625 5640 5639
f 5626 5627 5641
f 5626 5641 5640
f 5627 5614 5628
f 5627 5628 5641
f 5628 5629 5643
f 5628 5643 5642
f 5629 5630 5644
f 5629 5644 5643
f 5630 5631 5645
f 5630 5645 5644
f 5631 5632 5646
f 5631 5646 5645
f 5632 5633 5647
f 5632 5647 5646
f 5633 5634 5648
f 5633 5648 5647
f 5634 5635 5649
f 5634 5649 5648
f 5635 5636 5650
f 5635 5650 5649
f 5636 5637 5651
f 5636 5651 5650
f 5637 5638 5652
f 5637 5652 5651
f 5638 5639 5653
f 5638 5653 5652
f 5639 5640 5654
f 5639 5654 5653
f 5640 5641 5655
f 5640 5655 5654
f 5641 5628 5642
f 5641 5642 5655
f 5642 5643 5657
f 5642 5657 5656
f 5643 5644 5658
f 5643 5658 5657
f 5644 5645 5659
f 5644 5659 5658
f 5645 5646 5660
f 5645 5660 5659
f 5646 5647 5661
f 5646 5661 5660
f 5647 5648 5662
f 5647 5662 5661
f 5648 5649 5663
f 5648 5663 5662
f 5649 5650 5664
f 5649 5664 5663
f 5650 5651 5665
f 5650 5665 5664
f 5651 5652 5666
f 5651 5666 5665
f 5652 5653 5667
f 5652 5667 5666
f 5653 5654 5668
f 5653 5668 5667
f 5654 5655 5669
f 5654 5669 5668
f 5655 5642 5656
f 5655 5656 5669
f 5656 5657 5670
f 5657 5658 5670
f 5658 5659 5670
f 5659 5660 5670
f 5660 5661 5670
f 5661 5662 5670
f 5662 5663 5670
f 5663 5664 5670
f 5664 5665 5670
f 5665 5666 5670
f 5666 5667 5670
f 5667 5668 5670
f 5668 5669 5670
f 5669 5656 5670
f 5671 5672 5686
f 5671 5686 5685
f 5699 5672 5671
f 5700 5685 5686
f 5672 5673 5687
f 5672 5687 5686
f 5699 5673 5672
f 5700 5686 5687
f 5673 5674 5688
f 5673 5688 5687
f 5699 5674 5673
f 5700 5687 5688
f 5674 5675 5689
f 5674 5689 5688
f 5699 5675 5674
f 5700 5688 5689
f 5675 5676 5690
f 5675 5690 5689
f 5699 5676 5675
f 5700 5689 5690
f 5676 5677 5691
f 5676 5691 5690
f 5699 5677 5676
f 5700 5690 5691
f 5677 5678 5692
f 5677 5692 5691
f 5699 5678 5677
f 5700 5691 5692
f 5678 5679 5693
f 5678 5693 5692
f 5699 5679 5678
f 5700 5692 5693
f 5679 5680 5694
f 5679 5694 5693
f 5699 5680 5679
f 5700 5693 5694
f 5680 5681 5695
f 5680 5695 5694
f 5699 5681 5680
f 5700 5694 5695
f 5681 5682 5696
f 5681 5696 5695
f 5699 5682 5681
f 5700 5695 5696
f 5682 5683 5697
f 5682 5697 5696
f 5699 5683 5682
f 5700 5696 5697
f 5683 5684 5698
f 5683 5698 5697
f 5699 5684 5683
f 5700 5697 5698
f 5684 5671 5685
f 5684 5685 5698
f 5699 5671 5684
f 5700 5698 5685
f 5701 5703 5702
f 5701 5704 5703
f 5701 5705 5704
f 5701 5706 5705
f 5701 5707 5706
f 5701 5708 5707
f 5701 5709 5708
f 5701 5710 5709
f 5701 5711 5710
f 5701 5712 5711
f 5701 5713 5712
f 5701 5714 5713
f 5701 5715 5714
f 5701 5702 5715
f 5702 5703 5717
f 5702 5717 5716
f 5703 5704 5718
f 5703 5718 5717
f 5704 5705 5719
f 5704 5719 5718
f 5705 5706 5720
f 5705 5720 5719
f 5706 5707 5721
f 5706 5721 5720
f 5707 5708 5722
f 5707 5722 5721
f 5708 5709 5723
f 5708 5723 5722
f 5709 5710 5724
f 5709 5724 5723
f 5710 5711 5725
f 5710 5725 5724
f 5711 5712 5726
f 5711 5726 5725
f 5712 5713 5727
f 5712 5727 5726
f 5713 5714 5728
f 5713 5728 5727
f 5714 5715 5729
f 5714 5729 5728
f 5715 5702 5716
f 5715 5716 5729
f 5716 5717 5731
f 5716 5731 5730
f 5717 5718 5732
f 5717 5732 5731
f 5718 5719 5733
f 5718 5733 5732
f 5719 5720 5734
f 5719 5734 5733
f 5720 5721 5735
f 5720 5735 5734
f 5721 5722 5736
f 5721 5736 5735
f 5722 5723 5737
f 5722 5737 5736
f 5723 5724 5738
f 5723 5738 5737
f 5724 5725 5739
f 5724 5739 5738
f 5725 5726 5740
f 5725 5740 5739
f 5726 5727 5741
f 5726 5741 5740
f 5727 5728 5742
f 5727 5742 5741
f 5728 5729 5743
f 5728 5743 5742
f 5729 5716 5730
f 5729 5730 5743
f 5730 5731 5745
f 5730 5745 5744
f 5731 5732 5746
f 5731 5746 5745
f 5732 5733 5747
f 5732 5747 5746
f 5733 5734 5748
f 5733 5748 5747
f 5734 5735 5749
f 5734 5749 5748
f 5735 5736 5750
f 5735 5750 5749
f 5736 5737 5751
f 5736 5751 5750
f 5737 5738 5752
f 5737 5752 5751
f 5738 5739 5753
f 5738 5753 5752
f 5739 5740 5754
f 5739 5754 5753
f 5740 5741 5755
f 5740 5755 5754
f 5741 5742 5756
f 5741 5756 5755
f 5742 5743 5757
f 5742 5757 5756
f 5743 5730 5744
f 5743 5744 5757
f 5744 5745 5759
f 5744 5759 5758
f 5745 5746 5760
f 5745 5760 5759
f 5746 5747 5761
f 5746 5761 5760
f 5747 5748 5762
f 5747 5762 5761
f 5748 5749 5763
f 5748 5763 5762
f 5749 5750 5764
f 5749 5764 5763
f 5750 5751 5765
f 5750 5765 5764
f 5751 5752 5766
f 5751 5766 5765
f 5752 5753 5767
f 5752 5767 5766
f 5753 5754 5768
f 5753 5768 5767
f 5754 5755 5769
f 5754 5769 5768
f 5755 5756 5770
f 5755 5770 5769
f 5756 5757 5771
f 5756 5771 5770
f 5757 5744 5758
f 5757 5758 5771
f 5758 5759 5773
f 5758 5773 5772
f 5759 5760 5774
f 5759 5774 5773
f 5760 5761 5775
f 5760 5775 5774
f 5761 5762 5776
f 5761 5776 5775
f 5762 5763 5777
f 5762 5777 5776
f 5763 5764 5778
f 5763 5778 5777
f 5764 5765 5779
f 5764 5779 5778
f 5765 5766 5780
f 5765 5780 5779
f 5766 5767 5781
f 5766 5781 5780
f 5767 5768 5782
f 5767 5782 5781
f 5768 5769 5783
f 5768 5783 5782
f 5769 5770 5784
f 5769 5784 5783
f 5770 5771 5785
f 5770 5785 5784
f 5771 5758 5772
f 5771 5772 5785
f 5772 5773 5787
f 5772 5787 5786
f 5773 5774 5788
f 5773 5788 5787
f 5774 5775 5789
f 5774 5789 5788
f 5775 5776 5790
f 5775 5790 5789
f 5776 5777 5791
f 5776 5791 5790
f 5777 5778 5792
f 5777 5792 5791
f 5778 5779 5793
f 5778 5793 5792
f 5779 5780 5794
f 5779 5794 5793
f 5780 5781 5795
f 5780 5795 5794
f 5781 5782 5796
f 5781 5796 5795
f 5782 5783 5797
f 5782 5797 5796
f 5783 5784 5798
f 5783 5798 5797
f 5784 5785 5799
f 5784 5799 5798
f 5785 5772 5786
f 5785 5786 5799
f 5786 5787 5800
f 5787 5788 5800
f 5788 5789 5800
f 5789 5790 5800
f 5790 5791 5800
f 5791 5792 5800
f 5792 5793 5800
f 5793 5794 5800
f 5794 5795 5800
f 5795 5796 5800
f 5796 5797 5800
f 5797 5798 5800
f 5798 5799 5800
f 5799 5786 5800
f 5801 5803 5802
f 5801 5804 5803
f 5801 5805 5804
f 5801 5806 5805
f 5801 5807 5806
f 5801 5808 5807
f 5801 5809 5808
f 5801 5810 5809
f 5801 5811 5810
f 5801 5812 5811
f 5801 5813 5812
f 5801 5814 5813
f 5801 5815 5814
f 5801 5802 5815
f 5802 5803 5817
f 5802 5817 5816
f 5803 5804 5818
f 5803 5818 5817
f 5804 5805 5819
f 5804 5819 5818
f 5805 5806 5820
f 5805 5820 5819
f 5806 5807 5821
f 5806 5821 5820
f 5807 5808 5822
f 5807 5822 5821
f 5808 5809 5823
f 5808 5823 5822
f 5809 5810 5824
f 5809 5824 5823
f 5810 5811 5825
f 5810 5825 5824
f 5811 5812 5826
f 5811 5826 5825
f 5812 5813 5827
f 5812 5827 5826
f 5813 5814 5828
f 5813 5828 5827
f 5814 5815 5829
f 5814 5829 5828
f 5815 5802 5816
f 5815 5816 5829
f 5816 5817 5831
f 5816 5831 5830
f 5817 5818 5832
f 5817 5832 5831
f 5818 5819 5833
f 5818 5833 5832
f 5819 5820 5834
f 5819 5834 5833
f 5820 5821 5835
f 5820 5835 5834
f 5821 5822 5836
f 5821 5836 5835
f 5822 5823 5837
f 5822 5837 5836
f 5823 5824 5838
f 5823 5838 5837
f 5824 5825 5839
f 5824 5839 5838
f 5825 5826 5840
f 5825 5840 5839
f 5826 5827 5841
f 5826 5841 5840
f 5827 5828 5842
f 5827 5842 5841
f 5828 5829 5843
f 5828 5843 5842
f 5829 5816 5830
f 5829 5830 5843
f 5830 5831 5845
f 5830 5845 5844
f 5831 5832 5846
f 5831 5846 5845
f 5832 5833 5847
f 5832 5847 5846
f 5833 5834 5848
f 5833 5848 5847
f 5834 5835 5849
f 5834 5849 5848
f 5835 5836 5850
f 5835 5850 5849
f 5836 5837 5851
f 5836 5851 5850
f 5837 5838 5852
f 5837 5852 5851
f 5838 5839 5853
f 5838 5853 5852
f 5839 5840 5854
f 5839 5854 5853
f 5840 5841 5855
f 5840 5855 5854
f 5841 5842 5856
f 5841 5856 5855
f 5842 5843 5857
f 5842 5857 5856
f 5843 5830 5844
f 5843 5844 5857
f 5844 5845 5859
f 5844 5859 5858
f 5845 5846 5860
f 5845 5860 5859
f 5846 5847 5861
f 5846 5861 5860
f 5847 5848 5862
f 5847 5862 5861
f 5848 5849 5863
f 5848 5863 5862
f 5849 5850 5864
f 5849 5864 5863
f 5850 5851 5865
f 5850 5865 5864
f 5851 5852 5866
f 5851 5866 5865
f 5852 5853 5867
f 5852 5867 5866
f 5853 5854 5868
f 5853 5868 5867
f 5854 5855 5869
f 5854 5869 5868
f 5855 5856 5870
f 5855 5870 5869
f 5856 5857 5871
f 5856 5871 5870
f 5857 5844 5858
f 5857 5858 5871
f 5858 5859 5873
f 5858 5873 5872
f 5859 5860 5874
f 5859 5874 5873
f 5860 5861 5875
f 5860 5875 5874
f 5861 5862 5876
f 5861 5876 5875
f 5862 5863 5877
f 5862 5877 5876
f 5863 5864 5878
f 5863 5878 5877
f 5864 5865 5879
f 5864 5879 5878
f 5865 5866 5880
f 5865 5880 5879
f 5866 5867 5881
f 5866 5881 5880
f 5867 5868 5882
f 5867 5882 5881
f 5868 5869 5883
f 5868 5883 5882
f 5869 5870 5884
f 5869 5884 5883
f 5870 5871 5885
f 5870 5885 5884
f 5871 5858 5872
f 5871 5872 5885
f 5872 5873 5887
f 5872 5887 5886
f 5873 5874 5888
f 5873 5888 5887
f 5874 5875 5889
f 5874 5889 5888
f 5875 5876 5890
f 5875 5890 5889
f 5876 5877 5891
f 5876 5891 5890
f 5877 5878 5892
f 5877 5892 5891
f 5878 5879 5893
f 5878 5893 5892
f 5879 5880 5894
f 5879 5894 5893
f 5880 5881 5895
f 5880 5895 5894
f 5881 5882 5896
f 5881 5896 5895
f 5882 5883 5897
f 5882 5897 5896
f 5883 5884 5898
f 5883 5898 5897
f 5884 5885 5899
f 5884 5899 5898
f 5885 5872 5886
f 5885 5886 5899
f 5886 5887 5900
f 5887 5888 5900
f 5888 5889 5900
f 5889 5890 5900
f 5890 5891 5900
f 5891 5892 5900
f 5892 5893 5900
f 5893 5894 5900
f 5894 5895 5900
f 5895 5896 5900
f 5896 5897 5900
f 5897 5898 5900
f 5898 5899 5900
f 5899 5886 5900
f 5901 5902 5916
f 5901 5916 5915
f 5929 5902 5901
f 5930 5915 5916
f 5902 5903 5917
f 5902 5917 5916
f 5929 5903 5902
f 5930 5916 5917
f 5903 5904 5918
f 5903 5918 5917
f 5929 5904 5903
f 5930 5917 5918
f 5904 5905 5919
f 5904 5919 5918
f 5929 5905 5904
f 5930 5918 5919
f 5905 5906 5920
f 5905 5920 5919
f 5929 5906 5905
f 5930 5919 5920
f 5906 5907 5921
f 5906 5921 5920
f 5929 5907 5906
f 5930 5920 5921
f 5907 5908 5922
f 5907 5922 5921
f 5929 5908 5907
f 5930 5921 5922
f 5908 5909 5923
f 5908 5923 5922
f 5929 5909 5908
f 5930 5922 5923
f 5909 5910 5924
f 5909 5924 5923
f 5929 5910 5909
f 5930 5923 5924
f 5910 5911 5925
f 5910 5925 5924
f 5929 5911 5910
f 5930 5924 5925
f 5911 5912 5926
f 5911 5926 5925
f 5929 5912 5911
f 5930 5925 5926
f 5912 5913 5927
f 5912 5927 5926
f 5929 5913 5912
f 5930 5926 5927
f 5913 5914 5928
f 5913 5928 5927
f 5929 5914 5913
f 5930 5927 5928
f 5914 5901 5915
f 5914 5915 5928
f 5929 5901 5914
f 5930 5928 5915
f 5931 5933 5932
f 5931 5934 5933
f 5931 5935 5934
f 5931 5936 5935
f 5931 5937 5936
f 5931 5938 5937
f 5931 5939 5938
f 5931 5940 5939
f 5931 5941 5940
f 5931 5942 5941
f 5931 5943 5942
f 5931 5944 5943
f 5931 5945 5944
f 5931 5932 5945
f 5932 5933 5947
f 5932 5947 5946
f 5933 5934 5948
f 5933 5948 5947
f 5934 5935 5949
f 5934 5949 5948
f 5935 5936 5950
f 5935 5950 5949
f 5936 5937 5951
f 5936 5951 5950
f 5937 5938 5952
f 5937 5952 5951
f 5938 5939 5953
f 5938 5953 5952
f 5939 5940 5954
f 5939 5954 5953
f 5940 5941 5955
f 5940 5955 5954
f 5941 5942 5956
f 5941 5956 5955
f 5942 5943 5957
f 5942 5957 5956
f 5943 5944 5958
f 5943 5958 5957
f 5944 5945 5959
f 5944 5959 5958
f 5945 5932 5946
f 5945 5946 5959
f 5946 5947 5961
f 5946 5961 5960
f 5947 5948 5962
f 5947 5962 5961
f 5948 5949 5963
f 5948 5963 5962
f 5949 5950 5964
f 5949 5964 5963
f 5950 5951 5965
f 5950 5965 5964
f 5951 5952 5966
f 5951 5966 5965
f 5952 5953 5967
f 5952 5967 5966
f 5953 5954 5968
f 5953 5968 5967
f 5954 5955 5969
f 5954 5969 5968
f 5955 5956 5970
f 5955 5970 5969
f 5956 5957 5971
f 5956 5971 5970
f 5957 5958 5972
f 5957 5972 5971
f 5958 5959 5973
f 5958 5973 5972
f 5959 5946 5960
f 5959 5960 5973
f 5960 5961 5975
f 5960 5975 5974
f 5961 5962 5976
f 5961 5976 5975
f 5962 5963 5977
f 5962 5977 5976
f 5963 5964 5978
f 5963 5978 5977
f 5964 5965 5979
f 5964 5979 5978
f 5965 5966 5980
f 5965 5980 5979
f 5966 5967 5981
f 5966 5981 5980
f 5967 5968 5982
f 5967 5982 5981
f 5968 5969 5983
f 5968 5983 5982
f 5969 5970 5984
f 5969 5984 5983
f 5970 5971 5985
f 5970 5985 5984
f 5971 5972 5986
f 5971 5986 5985
f 5972 5973 5987
f 5972 5987 5986
f 5973 5960 5974
f 5973 5974 5987
f 5974 5975 5989
f 5974 5989 5988
f 5975 5976 5990
f 5975 5990 5989
f 5976 5977 5991
f 5976 5991 5990
f 5977 5978 5992
f 5977 5992 5991
f 5978 5979 5993
f 5978 5993 5992
f 5979 5980 5994
f 5979 5994 5993
f 5980 5981 5995
f 5980 5995 5994
f 5981 5982 5996
f 5981 5996 5995
f 5982 5983 5997
f 5982 5997 5996
f 5983 5984 5998
f 5983 5998 5997
f 5984 5985 5999
f 5984 5999 5998
f 5985 5986 6000
f 5985 6000 5999
f 5986 5987 6001
f 5986 6001 6000
f 5987 5974 5988
f 5987 5988 6001
f 5988 5989 6003
f 5988 6003 6002
f 5989 5990 6004
f 5989 6004 6003
f 5990 5991 6005
f 5990 6005 6004
f 5991 5992 6006
f 5991 6006 6005
f 5992 5993 6007
f 5992 6007 6006
f 5993 5994 6008
f 5993 6008 6007
f 5994 5995 6009
f 5994 6009 6008
f 5995 5996 6010
f 5995 6010 6009
f 5996 5997 6011
f 5996 6011 6010
f 5997 5998 6012
f 5997 6012 6011
f 5998 5999 6013
f 5998 6013 6012
f 5999 6000 6014
f 5999 6014 6013
f 6000 6001 6015
f 6000 6015 6014
f 6001 5988 6002
f 6001 6002 6015
f 6002 6003 6017
f 6002 6017 6016
f 6003 6004 6018
f 6003 6018 6017
f 6004 6005 6019
f 6004 6019 6018
f 6005 6006 6020
f 6005 6020 6019
f 6006 6007 6021
f 6006 6021 6020
f 6007 6008 6022
f 6007 6022 6021
f 6008 6009 6023
f 6008 6023 6022
f 6009 6010 6024
f 6009 6024 6023
f 6010 6011 6025
f 6010 6025 6024
f 6011 6012 6026
f 6011 6026 6025
f 6012 6013 6027
f 6012 6027 6026
f 6013 6014 6028
f 6013 6028 6027
f 6014 6015 6029
f 6014 6029 6028
f 6015 6002 6016
f 6015 6016 6029
f 6016 6017 6030
f 6017 6018 6030
f 6018 6019 6030
f 6019 6020 6030
f 6020 6021 6030
f 6021 6022 6030
f 6022 6023 6030
f 6023 6024 6030
f 6024 6025 6030
f 6025 6026 6030
f 6026 6027 6030
f 6027 6028 6030
f 6028 6029 6030
f 6029 6016 6030
f 6031 6033 6032
f 6031 6034 6033
f 6031 6035 6034
f 6031 6036 6035
f 6031 6037 6036
f 6031 6038 6037
f 6031 6039 6038
f 6031 6040 6039
f 6031 6041 6040
f 6031 6042 6041
f 6031 6043 6042
f 6031 6044 6043
f 6031 6045 6044
f 6031 6032 6045
f 6032 6033 6047
f 6032 6047 6046
f 6033 6034 6048
f 6033 6048 6047
f 6034 6035 6049
f 6034 6049 6048
f 6035 6036 6050
f 6035 6050 6049
f 6036 6037 6051
f 6036 6051 6050
f 6037 6038 6052
f 6037 6052 6051
f 6038 6039 6053
f 6038 6053 6052
f 6039 6040 6054
f 6039 6054 6053
f 6040 6041 6055
f 6040 6055 6054
f 6041 6042 6056
f 6041 6056 6055
f 6042 6043 6057
f 6042 6057 6056
f 6043 6044 6058
f 6043 6058 6057
f 6044 6045 6059
f 6044 6059 6058
f 6045 6032 6046
f 6045 6046 6059
f 6046 6047 6061
f 6046 6061 6060
f 6047 6048 6062
f 6047 6062 6061
f 6048 6049 6063
f 6048 6063 6062
f 6049 6050 6064
f 6049 6064 6063
f 6050 6051 6065
f 6050 6065 6064
f 6051 6052 6066
f 6051 6066 6065
f 6052 6053 6067
f 6052 6067 6066
f 6053 6054 6068
f 6053 6068 6067
f 6054 6055 6069
f 6054 6069 6068
f 6055 6056 6070
f 6055 6070 6069
f 6056 6057 6071
f 6056 6071 6070
f 6057 6058 6072
f 6057 6072 6071
f 6058 6059 6073
f 6058 6073 6072
f 6059 6046 6060
f 6059 6060 6073
f 6060 6061 6075
f 6060 6075 6074
f 6061 6062 6076
f 6061 6076 6075
f 6062 6063 6077
f 6062 6077 6076
f 6063 6064 6078
f 6063 6078 6077
f 6064 6065 6079
f 6064 6079 6078
f 6065 6066 6080
f 6065 6080 6079
f 6066 6067 6081
f 6066 6081 6080
f 6067 6068 6082
f 6067 6082 6081
f 6068 6069 6083
f 6068 6083 6082
f 6069 6070 6084
f 6069 6084 6083
f 6070 6071 6085
f 6070 6085 6084
f 6071 6072 6086
f 6071 6086 6085
f 6072 6073 6087
f 6072 6087 6086
f 6073 6060 6074
f 6073 6074 6087
f 6074 6075 6089
f 6074 6089 6088
f 6075 6076 6090
f 6075 6090 6089
f 6076 6077 6091
f 6076 6091 6090
f 6077 6078 6092
f 6077 6092 6091
f 6078 6079 6093
f 6078 6093 6092
f 6079 6080 6094
f 6079 6094 6093
f 6080 6081 6095
f 6080 6095 6094
f 6081 6082 6096
f 6081 6096 6095
f 6082 6083 6097
f 6082 6097 6096
f 6083 6084 6098
f 6083 6098 6097
f 6084 6085 6099
f 6084 6099 6098
f 6085 6086 6100
f 6085 6100 6099
f 6086 6087 6101
f 6086 6101 6100
f 6087 6074 6088
f 6087 6088 6101
f 6088 6089 6103
f 6088 6103 6102
f 6089 6090 6104
f 6089 6104 6103
f 6090 6091 6105
f 6090 6105 6104
f 6091 6092 6106
f 6091 6106 6105
f 6092 6093 6107
f 6092 6107 6106
f 6093 6094 6108
f 6093 6108 6107
f 6094 6095 6109
f 6094 6109 6108
f 6095 6096 6110
f 6095 6110 6109
f 6096 6097 6111
f 6096 6111 6110
f 6097 6098 6112
f 6097 6112 6111
f 6098 6099 6113
f 6098 6113 6112
f 6099 6100 6114
f 6099 6114 6113
f 6100 6101 6115
f 6100 6115 6114
f 6101 6088 6102
f 6101 6102 6115
f 6102 6103 6117
f 6102 6117 6116
f 6103 6104 6118
f 6103 6118 6117
f 6104 6105 6119
f 6104 6119 6118
f 6105 6106 6120
f 6105 6120 6119
f 6106 6107 6121
f 6106 6121 6120
f 6107 6108 6122
f 6107 6122 6121
f 6108 6109 6123
f 6108 6123 6122
f 6109 6110 6124
f 6109 6124 6123
f 6110 6111 6125
f 6110 6125 6124
f 6111 6112 6126
f 6111 6126 6125
f 6112 6113 6127
f 6112 6127 6126
f 6113 6114 6128
f 6113 6128 6127
f 6114 6115 6129
f 6114 6129 6128
f 6115 6102 6116
f 6115 6116 6129
f 6116 6117 6130
f 6117 6118 6130
f 6118 6119 6130
f 6119 6120 6130
f 6120 6121 6130
f 6121 6122 6130
f 6122 6123 6130
f 6123 6124 6130
f 6124 6125 6130
f 6125 6126 6130
f 6126 6127 6130
f 6127 6128 6130
f 6128 6129 6130
f 6129 6116 6130
f 6131 6132 6146
f 6131 6146 6145
f 6159 6132 6131
f 6160 6145 6146
f 6132 6133 6147
f 6132 6147 6146
f 6159 6133 6132
f 6160 6146 6147
f 6133 6134 6148
f 6133 6148 6147
f 6159 6134 6133
f 6160 6147 6148
f 6134 6135 6149
f 6134 6149 6148
f 6159 6135 6134
f 6160 6148 6149
f 6135 6136 6150
f 6135 6150 6149
f 6159 6136 6135
f 6160 6149 6150
f 6136 6137 6151
f 6136 6151 6150
f 6159 6137 6136
f 6160 6150 6151
f 6137 6138 6152
f 6137 6152 6151
f 6159 6138 6137
f 6160 6151 6152
f 6138 6139 6153
f 6138 6153 6152
f 6159 6139 6138
f 6160 6152 6153
f 6139 6140 6154
f 6139 6154 6153
f 6159 6140 6139
f 6160 6153 6154
f 6140 6141 6155
f 6140 6155 6154
f 6159 6141 6140
f 6160 6154 6155
f 6141 6142 6156
f 6141 6156 6155
f 6159 6142 6141
f 6160 6155 6156
f 6142 6143 6157
f 6142 6157 6156
f 6159 6143 6142
f 6160 6156 6157
f 6143 6144 6158
f 6143 6158 6157
f 6159 6144 6143
f 6160 6157 6158
f 6144 6131 6145
f 6144 6145 6158
f 6159 6131 6144
f 6160 6158 6145
f 6161 6163 6162
f 6161 6164 6163
f 6161 6165 6164
f 6161 6166 6165
f 6161 6167 6166
f 6161 6168 6167
f 6161 6169 6168
f 6161 6170 6169
f 6161 6171 6170
f 6161 6172 6171
f 6161 6173 6172
f 6161 6174 6173
f 6161 6175 6174
f 6161 6162 6175
f 6162 6163 6177
f 6162 6177 6176
f 6163 6164 6178
f 6163 6178 6177
f 6164 6165 6179
f 6164 6179 6178
f 6165 6166 6180
f 6165 6180 6179
f 6166 6167 6181
f 6166 6181 6180
f 6167 6168 6182
f 6167 6182 6181
f 6168 6169 6183
f 6168 6183 6182
f 6169 6170 6184
f 6169 6184 6183
f 6170 6171 6185
f 6170 6185 6184
f 6171 6172 6186
f 6171 6186 6185
f 6172 6173 6187
f 6172 6187 6186
f 6173 6174 6188
f 6173 6188 6187
f 6174 6175 6189
f 6174 6189 6188
f 6175 6162 6176
f 6175 6176 6189
f 6176 6177 6191
f 6176 6191 6190
f 6177 6178 6192
f 6177 6192 6191
f 6178 6179 6193
f 6178 6193 6192
f 6179 6180 6194
f 6179 6194 6193
f 6180 6181 6195
f 6180 6195 6194
f 6181 6182 6196
f 6181 6196 6195
f 6182 6183 6197
f 6182 6197 6196
f 6183 6184 6198
f 6183 6198 6197
f 6184 6185 6199
f 6184 6199 6198
f 6185 6186 6200
f 6185 6200 6199
f 6186 6187 6201
f 6186 6201 6200
f 6187 6188 6202
f 6187 6202 6201
f 6188 6189 6203
f 6188 6203 6202
f 6189 6176 6190
f 6189 6190 6203
f 6190 6191 6205
f 6190 6205 6204
f 6191 6192 6206
f 6191 6206 6205
f 6192 6193 6207
f 6192 6207 6206
f 6193 6194 6208
f 6193 6208 6207
f 6194 6195 6209
f 6194 6209 6208
f 6195 6196 6210
f 6195 6210 6209
f 6196 6197 6211
f 6196 6211 6210
f 6197 6198 6212
f 6197 6212 6211
f 6198 6199 6213
f 6198 6213 6212
f 6199 6200 6214
f 6199 6214 6213
f 6200 6201 6215
f 6200 6215 6214
f 6201 6202 6216
f 6201 6216 6215
f 6202 6203 6217
f 6202 6217 6216
f 6203 6190 6204
f 6203 6204 6217
f 6204 6205 6219
f 6204 6219 6218
f 6205 6206 6220
f 6205 6220 6219
f 6206 6207 6221
f 6206 6221 6220
f 6207 6208 6222
f 6207 6222 6221
f 6208 6209 6223
f 6208 6223 6222
f 6209 6210 6224
f 6209 6224 6223
f 6210 6211 6225
f 6210 6225 6224
f 6211 6212 6226
f 6211 6226 6225
f 6212 6213 6227
f 6212 6227 6226
f 6213 6214 6228
f 6213 6228 6227
f 6214 6215 6229
f 6214 6229 6228
f 6215 6216 6230
f 6215 6230 6229
f 6216 6217 6231
f 6216 6231 6230
f 6217 6204 6218
f 6217 6218 6231
f 6218 6219 6233
f 6218 6233 6232
f 6219 6220 6234
f 6219 6234 6233
f 6220 6221 6235
f 6220 6235 6234
f 6221 6222 6236
f 6221 6236 6235
f 6222 6223 6237
f 6222 6237 6236
f 6223 6224 6238
f 6223 6238 6237
f 6224 6225 6239
f 6224 6239 6238
f 6225 6226 6240
f 6225 6240 6239
f 6226 6227 6241
f 6226 6241 6240
f 6227 6228 6242
f 6227 6242 6241
f 6228 6229 6243
f 6228 6243 6242
f 6229 6230 6244
f 6229 6244 6243
f 6230 6231 6245
f 6230 6245 6244
f 6231 6218 6232
f 6231 6232 6245
f 6232 6233 6247
f 6232 6247 6246
f 6233 6234 6248
f 6233 6248 6247
f 6234 6235 6249
f 6234 6249 6248
f 6235 6236 6250
f 6235 6250 6249
f 6236 6237 6251
f 6236 6251 6250
f 6237 6238 6252
f 6237 6252 6251
f 6238 6239 6253
f 6238 6253 6252
f 6239 6240 6254
f 6239 6254 6253
f 6240 6241 6255
f 6240 6255 6254
f 6241 6242 6256
f 6241 6256 6255
f 6242 6243 6257
f 6242 6257 6256
f 6243 6244 6258
f 6243 6258 6257
f 6244 6245 6259
f 6244 6259 6258
f 6245 6232 6246
f 6245 6246 6259
f 6246 6247 6260
f 6247 6248 6260
f 6248 6249 6260
f 6249 6250 6260
f 6250 6251 6260
f 6251 6252 6260
f 6252 6253 6260
f 6253 6254 6260
f 6254 6255 6260
f 6255 6256 6260
f 6256 6257 6260
f 6257 6258 6260
f 6258 6259 6260
f 6259 6246 6260
f 6261 6263 6262
f 6261 6264 6263
f 6261 6265 6264
f 6261 6266 6265
f 6261 6267 6266
f 6261 6268 6267
f 6261 6269 6268
f 6261 6270 6269
f 6261 6271 6270
f 6261 6272 6271
f 6261 6273 6272
f 6261 6274 6273
f 6261 6275 6274
f 6261 6262 6275
f 6262 6263 6277
f 6262 6277 6276
f 6263 6264 6278
f 6263 6278 6277
f 6264 6265 6279
f 6264 6279 6278
f 6265 6266 6280
f 6265 6280 6279
f 6266 6267 6281
f 6266 6281 6280
f 6267 6268 6282
f 6267 6282 6281
f 6268 6269 6283
f 6268 6283 6282
f 6269 6270 6284
f 6269 6284 6283
f 6270 6271 6285
f 6270 6285 6284
f 6271 6272 6286
f 6271 6286 6285
f 6272 6273 6287
f 6272 6287 6286
f 6273 6274 6288
f 6273 6288 6287
f 6274 6275 6289
f 6274 6289 6288
f 6275 6262 6276
f 6275 6276 6289
f 6276 6277 6291
f 6276 6291 6290
f 6277 6278 6292
f 6277 6292 6291
f 6278 6279 6293
f 6278 6293 6292
f 6279 6280 6294
f 6279 6294 6293
f 6280 6281 6295
f 6280 6295 6294
f 6281 6282 6296
f 6281 6296 6295
f 6282 6283 6297
f 6282 6297 6296
f 6283 6284 6298
f 6283 6298 6297
f 6284 6285 6299
f 6284 6299 6298
f 6285 6286 6300
f 6285 6300 6299
f 6286 6287 6301
f 6286 6301 6300
f 6287 6288 6302
f 6287 6302 6301
f 6288 6289 6303
f 6288 6303 6302
f 6289 6276 6290
f 6289 6290 6303
f 6290 6291 6305
f 6290 6305 6304
f 6291 6292 6306
f 6291 6306 6305
f 6292 6293 6307
f 6292 6307 6306
f 6293 6294 6308
f 6293 6308 6307
f 6294 6295 6309
f 6294 6309 6308
f 6295 6296 6310
f 6295 6310 6309
f 6296 6297 6311
f 6296 6311 6310
f 6297 6298 6312
f 6297 6312 6311
f 6298 6299 6313
f 6298 6313 6312
f 6299 6300 6314
f 6299 6314 6313
f 6300 6301 6315
f 6300 6315 6314
f 6301 6302 6316
f 6301 6316 6315
f 6302 6303 6317
f 6302 6317 6316
f 6303 6290 6304
f 6303 6304 6317
f 6304 6305 6319
f 6304 6319 6318
f 6305 6306 6320
f 6305 6320 6319
f 6306 6307 6321
f 6306 6321 6320
f 6307 6308 6322
f 6307 6322 6321
f 6308 6309 6323
f 6308 6323 6322
f 6309 6310 6324
f 6309 6324 6323
f 6310 6311 6325
f 6310 6325 6324
f 6311 6312 6326
f 6311 6326 6325
f 6312 6313 6327
f 6312 6327 6326
f 6313 6314 6328
f 6313 6328 6327
f 6314 6315 6329
f 6314 6329 6328
f 6315 6316 6330
f 6315 6330 6329
f 6316 6317 6331
f 6316 6331 6330
f 6317 6304 6318
f 6317 6318 6331
f 6318 6319 6333
f 6318 6333 6332
f 6319 6320 6334
f 6319 6334 6333
f 6320 6321 6335
f 6320 6335 6334
f 6321 6322 6336
f 6321 6336 6335
f 6322 6323 6337
f 6322 6337 6336
f 6323 6324 6338
f 6323 6338 6337
f 6324 6325 6339
f 6324 6339 6338
f 6325 6326 6340
f 6325 6340 6339
f 6326 6327 6341
f 6326 6341 6340
f 6327 6328 6342
f 6327 6342 6341
f 6328 6329 6343
f 6328 6343 6342
f 6329 6330 6344
f 6329 6344 6343
f 6330 6331 6345
f 6330 6345 6344
f 6331 6318 6332
f 6331 6332 6345
f 6332 6333 6347
f 6332 6347 6346
f 6333 6334 6348
f 6333 6348 6347
f 6334 6335 6349
f 6334 6349 6348
f 6335 6336 6350
f 6335 6350 6349
f 6336 6337 6351
f 6336 6351 6350
f 6337 6338 6352
f 6337 6352 6351
f 6338 6339 6353
f 6338 6353 6352
f 6339 6340 6354
f 6339 6354 6353
f 6340 6341 6355
f 6340 6355 6354
f 6341 6342 6356
f 6341 6356 6355
f 6342 6343 6357
f 6342 6357 6356
f 6343 6344 6358
f 6343 6358 6357
f 6344 6345 6359
f 6344 6359 6358
f 6345 6332 6346
f 6345 6346 6359
f 6346 6347 6360
f 6347 6348 6360
f 6348 6349 6360
f 6349 6350 6360
f 6350 6351 6360
f 6351 6352 6360
f 6352 6353 6360
f 6353 6354 6360
f 6354 6355 6360
f 6355 6356 6360
f 6356 6357 6360
f 6357 6358 6360
f 6358 6359 6360
f 6359 6346 6360
f 6361 6362 6376
f 6361 6376 6375
f 6389 6362 6361
f 6390 6375 6376
f 6362 6363 6377
f 6362 6377 6376
f 6389 6363 6362
f 6390 6376 6377
f 6363 6364 6378
f 6363 6378 6377
f 6389 6364 6363
f 6390 6377 6378
f 6364 6365 6379
f 6364 6379 6378
f 6389 6365 6364
f 6390 6378 6379
f 6365 6366 6380
f 6365 6380 6379
f 6389 6366 6365
f 6390 6379 6380
f 6366 6367 6381
f 6366 6381 6380
f 6389 6367 6366
f 6390 6380 6381
f 6367 6368 6382
f 6367 6382 6381
f 6389 6368 6367
f 6390 6381 6382
f 6368 6369 6383
f 6368 6383 6382
f 6389 6369 6368
f 6390 6382 6383
f 6369 6370 6384
f 6369 6384 6383
f 6389 6370 6369
f 6390 6383 6384
f 6370 6371 6385
f 6370 6385 6384
f 6389 6371 6370
f 6390 6384 6385
f 6371 6372 6386
f 6371 6386 6385
f 6389 6372 6371
f 6390 6385 6386
f 6372 6373 6387
f 6372 6387 6386
f 6389 6373 6372
f 6390 6386 6387
f 6373 6374 6388
f 6373 6388 6387
f 6389 6374 6373
f 6390 6387 6388
f 6374 6361 6375
f 6374 6375 6388
f 6389 6361 6374
f 6390 6388 6375
f 6391 6393 6392
f 6391 6394 6393
f 6391 6395 6394
f 6391 6396 6395
f 6391 6397 6396
f 6391 6398 6397
f 6391 6399 6398
f 6391 6400 6399
f 6391 6401 6400
f 6391 6402 6401
f 6391 6403 6402
f 6391 6404 6403
f 6391 6405 6404
f 6391 6392 6405
f 6392 6393 6407
f 6392 6407 6406
f 6393 6394 6408
f 6393 6408 6407
f 6394 6395 6409
f 6394 6409 6408
f 6395 6396 6410
f 6395 6410 6409
f 6396 6397 6411
f 6396 6411 6410
f 6397 6398 6412
f 6397 6412 6411
f 6398 6399 6413
f 6398 6413 6412
f 6399 6400 6414
f 6399 6414 6413
f 6400 6401 6415
f 6400 6415 6414
f 6401 6402 6416
f 6401 6416 6415
f 6402 6403 6417
f 6402 6417 6416
f 6403 6404 6418
f 6403 6418 6417
f 6404 6405 6419
f 6404 6419 6418
f 6405 6392 6406
f 6405 6406 6419
f 6406 6407 6421
f 6406 6421 6420
f 6407 6408 6422
f 6407 6422 6421
f 6408 6409 6423
f 6408 6423 6422
f 6409 6410 6424
f 6409 6424 6423
f 6410 6411 6425
f 6410 6425 6424
f 6411 6412 6426
f 6411 6426 6425
f 6412 6413 6427
f 6412 6427 6426
f 6413 6414 6428
f 6413 6428 6427
f 6414 6415 6429
f 6414 6429 6428
f 6415 6416 6430
f 6415 6430 6429
f 6416 6417 6431
f 6416 6431 6430
f 6417 6418 6432
f 6417 6432 6431
f 6418 6419 6433
f 6418 6433 6432
f 6419 6406 6420
f 6419 6420 6433
f 6420 6421 6435
f 6420 6435 6434
f 6421 6422 6436
f 6421 6436 6435
f 6422 6423 6437
f 6422 6437 6436
f 6423 6424 6438
f 6423 6438 6437
f 6424 6425 6439
f 6424 6439 6438
f 6425 6426 6440
f 6425 6440 6439
f 6426 6427 6441
f 6426 6441 6440
f 6427 6428 6442
f 6427 6442 6441
f 6428 6429 6443
f 6428 6443 6442
f 6429 6430 6444
f 6429 6444 6443
f 6430 6431 6445
f 6430 6445 6444
f 6431 6432 6446
f 6431 6446 6445
f 6432 6433 6447
f 6432 6447 6446
f 6433 6420 6434
f 6433 6434 6447
f 6434 6435 6449
f 6434 6449 6448
f 6435 6436 6450
f 6435 6450 6449
f 6436 6437 6451
f 6436 6451 6450
f 6437 6438 6452
f 6437 6452 6451
f 6438 6439 6453
f 6438 6453 6452
f 6439 6440 6454
f 6439 6454 6453
f 6440 6441 6455
f 6440 6455 6454
f 6441 6442 6456
f 6441 6456 6455
f 6442 6443 6457
f 6442 6457 6456
f 6443 6444 6458
f 6443 6458 6457
f 6444 6445 6459
f 6444 6459 6458
f 6445 6446 6460
f 6445 6460 6459
f 6446 6447 6461
f 6446 6461 6460
f 6447 6434 6448
f 6447 6448 6461
f 6448 6449 6463
f 6448 6463 6462
f 6449 6450 6464
f 6449 6464 6463
f 6450 6451 6465
f 6450 6465 6464
f 6451 6452 6466
f 6451 6466 6465
f 6452 6453 6467
f 6452 6467 6466
f 6453 6454 6468
f 6453 6468 6467
f 6454 6455 6469
f 6454 6469 6468
f 6455 6456 6470
f 6455 6470 6469
f 6456 6457 6471
f 6456 6471 6470
f 6457 6458 6472
f 6457 6472 6471
f 6458 6459 6473
f 6458 6473 6472
f 6459 6460 6474
f 6459 6474 6473
f 6460 6461 6475
f 6460 6475 6474
f 6461 6448 6462
f 6461 6462 6475
f 6462 6463 6477
f 6462 6477 6476
f 6463 6464 6478
f 6463 6478 6477
f 6464 6465 6479
f 6464 6479 6478
f 6465 6466 6480
f 6465 6480 6479
f 6466 6467 6481
f 6466 6481 6480
f 6467 6468 6482
f 6467 6482 6481
f 6468 6469 6483
f 6468 6483 6482
f 6469 6470 6484
f 6469 6484 6483
f 6470 6471 6485
f 6470 6485 6484
f 6471 6472 6486
f 6471 6486 6485
f 6472 6473 6487
f 6472 6487 6486
f 6473 6474 6488
f 6473 6488 6487
f 6474 6475 6489
f 6474 6489 6488
f 6475 6462 6476
f 6475 6476 6489
f 6476 6477 6490
f 6477 6478 6490
f 6478 6479 6490
f 6479 6480 6490
f 6480 6481 6490
f 6481 6482 6490
f 6482 6483 6490
f 6483 6484 6490
f 6484 6485 6490
f 6485 6486 6490
f 6486 6487 6490
f 6487 6488 6490
f 6488 6489 6490
f 6489 6476 6490
f 6491 6493 6492
f 6491 6494 6493
f 6491 6495 6494
f 6491 6496 6495
f 6491 6497 6496
f 6491 6498 6497
f 6491 6499 6498
f 6491 6500 6499
f 6491 6501 6500
f 6491 6502 6501
f 6491 6503 6502
f 6491 6504 6503
f 6491 6505 6504
f 6491 6492 6505
f 6492 6493 6507
f 6492 6507 6506
f 6493 6494 6508
f 6493 6508 6507
f 6494 6495 6509
f 6494 6509 6508
f 6495 6496 6510
f 6495 6510 6509
f 6496 6497 6511
f 6496 6511 6510
f 6497 6498 6512
f 6497 6512 6511
f 6498 6499 6513
f 6498 6513 6512
f 6499 6500 6514
f 6499 6514 6513
f 6500 6501 6515
f 6500 6515 6514
f 6501 6502 6516
f 6501 6516 6515
f 6502 6503 6517
f 6502 6517 6516
f 6503 6504 6518
f 6503 6518 6517
f 6504 6505 6519
f 6504 6519 6518
f 6505 6492 6506
f 6505 6506 6519
f 6506 6507 6521
f 6506 6521 6520
f 6507 6508 6522
f 6507 6522 6521
f 6508 6509 6523
f 6508 6523 6522
f 6509 6510 6524
f 6509 6524 6523
f 6510 6511 6525
f 6510 6525 6524
f 6511 6512 6526
f 6511 6526 6525
f 6512 6513 6527
f 6512 6527 6526
f 6513 6514 6528
f 6513 6528 6527
f 6514 6515 6529
f 6514 6529 6528
f 6515 6516 6530
f 6515 6530 6529
f 6516 6517 6531
f 6516 6531 6530
f 6517 6518 6532
f 6517 6532 6531
f 6518 6519 6533
f 6518 6533 6532
f 6519 6506 6520
f 6519 6520 6533
f 6520 6521 6535
f 6520 6535 6534
f 6521 6522 6536
f 6521 6536 6535
f 6522 6523 6537
f 6522 6537 6536
f 6523 6524 6538
f 6523 6538 6537
f 6524 6525 6539
f 6524 6539 6538
f 6525 6526 6540
f 6525 6540 6539
f 6526 6527 6541
f 6526 6541 6540
f 6527 6528 6542
f 6527 6542 6541
f 6528 6529 6543
f 6528 6543 6542
f 6529 6530 6544
f 6529 6544 6543
f 6530 6531 6545
f 6530 6545 6544
f 6531 6532 6546
f 6531 6546 6545
f 6532 6533 6547
f 6532 6547 6546
f 6533 6520 6534
f 6533 6534 6547
f 6534 6535 6549
f 6534 6549 6548
f 6535 6536 6550
f 6535 6550 6549
f 6536 6537 6551
f 6536 6551 6550
f 6537 6538 6552
f 6537 6552 6551
f 6538 6539 6553
f 6538 6553 6552
f 6539 6540 6554
f 6539 6554 6553
f 6540 6541 6555
f 6540 6555 6554
f 6541 6542 6556
f 6541 6556 6555
f 6542 6543 6557
f 6542 6557 6556
f 6543 6544 6558
f 6543 6558 6557
f 6544 6545 6559
f 6544 6559 6558
f 6545 6546 6560
f 6545 6560 6559
f 6546 6547 6561
f 6546 6561 6560
f 6547 6534 6548
f 6547 6548 6561
f 6548 6549 6563
f 6548 6563 6562
f 6549 6550 6564
f 6549 6564 6563
f 6550 6551 6565
f 6550 6565 6564
f 6551 6552 6566
f 6551 6566 6565
f 6552 6553 6567
f 6552 6567 6566
f 6553 6554 6568
f 6553 6568 6567
f 6554 6555 6569
f 6554 6569 6568
f 6555 6556 6570
f 6555 6570 6569
f 6556 6557 6571
f 6556 6571 6570
f 6557 6558 6572
f 6557 6572 6571
f 6558 6559 6573
f 6558 6573 6572
f 6559 6560 6574
f 6559 6574 6573
f 6560 6561 6575
f 6560 6575 6574
f 6561 6548 6562
f 6561 6562 6575
f 6562 6563 6577
f 6562 6577 6576
f 6563 6564 6578
f 6563 6578 6577
f 6564 6565 6579
f 6564 6579 6578
f 6565 6566 6580
f 6565 6580 6579
f 6566 6567 6581
f 6566 6581 6580
f 6567 6568 6582
f 6567 6582 6581
f 6568 6569 6583
f 6568 6583 6582
f 6569 6570 6584
f 6569 6584 6583
f 6570 6571 6585
f 6570 6585 6584
f 6571 6572 6586
f 6571 6586 6585
f 6572 6573 6587
f 6572 6587 6586
f 6573 6574 6588
f 6573 6588 6587
f 6574 6575 6589
f 6574 6589 6588
f 6575 6562 6576
f 6575 6576 6589
f 6576 6577 6590
f 6577 6578 6590
f 6578 6579 6590
f 6579 6580 6590
f 6580 6581 6590
f 6581 6582 6590
f 6582 6583 6590
f 6583 6584 6590
f 6584 6585 6590
f 6585 6586 6590
f 6586 6587 6590
f 6587 6588 6590
f 6588 6589 6590
f 6589 6576 6590
f 6591 6592 6606
f 6591 6606 6605
f 6619 6592 6591
f 6620 6605 6606
f 6592 6593 6607
f 6592 6607 6606
f 6619 6593 6592
f 6620 6606 6607
f 6593 6594 6608
f 6593 6608 6607
f 6619 6594 6593
f 6620 6607 6608
f 6594 6595 6609
f 6594 6609 6608
f 6619 6595 6594
f 6620 6608 6609
f 6595 6596 6610
f 6595 6610 6609
f 6619 6596 6595
f 6620 6609 6610
f 6596 6597 6611
f 6596 6611 6610
f 6619 6597 6596
f 6620 6610 6611
f 6597 6598 6612
f 6597 6612 6611
f 6619 6598 6597
f 6620 6611 6612
f 6598 6599 6613
f 6598 6613 6612
f 6619 6599 6598
f 6620 6612 6613
f 6599 6600 6614
f 6599 6614 6613
f 6619 6600 6599
f 6620 6613 6614
f 6600 6601 6615
f 6600 6615 6614
f 6619 6601 6600
f 6620 6614 6615
f 6601 6602 6616
f 6601 6616 6615
f 6619 6602 6601
f 6620 6615 6616
f 6602 6603 6617
f 6602 6617 6616
f 6619 6603 6602
f 6620 6616 6617
f 6603 6604 6618
f 6603 6618 6617
f 6619 6604 6603
f 6620 6617 6618
f 6604 6591 6605
f 6604 6605 6618
f 6619 6591 6604
f 6620 6618 6605
f 6621 6623 6622
f 6621 6624 6623
f 6621 6625 6624
f 6621 6626 6625
f 6621 6627 6626
f 6621 6628 6627
f 6621 6629 6628
f 6621 6630 6629
f 6621 6631 6630
f 6621 6632 6631
f 6621 6633 6632
f 6621 6634 6633
f 6621 6635 6634
f 6621 6622 6635
f 6622 6623 6637
f 6622 6637 6636
f 6623 6624 6638
f 6623 6638 6637
f 6624 6625 6639
f 6624 6639 6638
f 6625 6626 6640
f 6625 6640 6639
f 6626 6627 6641
f 6626 6641 6640
f 6627 6628 6642
f 6627 6642 6641
f 6628 6629 6643
f 6628 6643 6642
f 6629 6630 6644
f 6629 6644 6643
f 6630 6631 6645
f 6630 6645 6644
f 6631 6632 6646
f 6631 6646 6645
f 6632 6633 6647
f 6632 6647 6646
f 6633 6634 6648
f 6633 6648 6647
f 6634 6635 6649
f 6634 6649 6648
f 6635 6622 6636
f 6635 6636 6649
f 6636 6637 6651
f 6636 6651 6650
f 6637 6638 6652
f 6637 6652 6651
f 6638 6639 6653
f 6638 6653 6652
f 6639 6640 6654
f 6639 6654 6653
f 6640 6641 6655
f 6640 6655 6654
f 6641 6642 6656
f 6641 6656 6655
f 6642 6643 6657
f 6642 6657 6656
f 6643 6644 6658
f 6643 6658 6657
f 6644 6645 6659
f 6644 6659 6658
f 6645 6646 6660
f 6645 6660 6659
f 6646 6647 6661
f 6646 6661 6660
f 6647 6648 6662
f 6647 6662 6661
f 6648 6649 6663
f 6648 6663 6662
f 6649 6636 6650
f 6649 6650 6663
f 6650 6651 6665
f 6650 6665 6664
f 6651 6652 6666
f 6651 6666 6665
f 6652 6653 6667
f 6652 6667 6666
f 6653 6654 6668
f 6653 6668 6667
f 6654 6655 6669
f 6654 6669 6668
f 6655 6656 6670
f 6655 6670 6669
f 6656 6657 6671
f 6656 6671 6670
f 6657 6658 6672
f 6657 6672 6671
f 6658 6659 6673
f 6658 6673 6672
f 6659 6660 6674
f 6659 6674 6673
f 6660 6661 6675
f 6660 6675 6674
f 6661 6662 6676
f 6661 6676 6675
f 6662 6663 6677
f 6662 6677 6676
f 6663 6650 6664
f 6663 6664 6677
f 6664 6665 6679
f 6664 6679 6678
f 6665 6666 6680
f 6665 6680 6679
f 6666 6667 6681
f 6666 6681 6680
f 6667 6668 6682
f 6667 6682 6681
f 6668 6669 6683
f 6668 6683 6682
f 6669 6670 6684
f 6669 6684 6683
f 6670 6671 6685
f 6670 6685 6684
f 6671 6672 6686
f 6671 6686 6685
f 6672 6673 6687
f 6672 6687 6686
f 6673 6674 6688
f 6673 6688 6687
f 6674 6675 6689
f 6674 6689 6688
f 6675 6676 6690
f 6675 6690 6689
f 6676 6677 6691
f 6676 6691 6690
f 6677 6664 6678
f 6677 6678 6691
f 6678 6679 6693
f 6678 6693 6692
f 6679 6680 6694
f 6679 6694 6693
f 6680 6681 6695
f 6680 6695 6694
f 6681 6682 6696
f 6681 6696 6695
f 6682 6683 6697
f 6682 6697 6696
f 6683 6684 6698
f 6683 6698 6697
f 6684 6685 6699
f 6684 6699 6698
f 6685 6686 6700
f 6685 6700 6699
f 6686 6687 6701
f 6686 6701 6700
f 6687 6688 6702
f 6687 6702 6701
f 6688 6689 6703
f 6688 6703 6702
f 6689 6690 6704
f 6689 6704 6703
f 6690 6691 6705
f 6690 6705 6704
f 6691 6678 6692
f 6691 6692 6705
f 6692 6693 6707
f 6692 6707 6706
f 6693 6694 6708
f 6693 6708 6707
f 6694 6695 6709
f 6694 6709 6708
f 6695 6696 6710
f 6695 6710 6709
f 6696 6697 6711
f 6696 6711 6710
f 6697 6698 6712
f 6697 6712 6711
f 6698 6699 6713
f 6698 6713 6712
f 6699 6700 6714
f 6699 6714 6713
f 6700 6701 6715
f 6700 6715 6714
f 6701 6702 6716
f 6701 6716 6715
f 6702 6703 6717
f 6702 6717 6716
f 6703 6704 6718
f 6703 6718 6717
f 6704 6705 6719
f 6704 6719 6718
f 6705 6692 6706
f 6705 6706 6719
f 6706 6707 6720
f 6707 6708 6720
f 6708 6709 6720
f 6709 6710 6720
f 6710 6711 6720
f 6711 6712 6720
f 6712 6713 6720
f 6713 6714 6720
f 6714 6715 6720
f 6715 6716 6720
f 6716 6717 6720
f 6717 6718 6720
f 6718 6719 6720
f 6719 6706 6720
f 6721 6723 6722
f 6721 6724 6723
f 6721 6725 6724
f 6721 6726 6725
f 6721 6727 6726
f 6721 6728 6727
f 6721 6729 6728
f 6721 6730 6729
f 6721 6731 6730
f 6721 6732 6731
f 6721 6733 6732
f 6721 6734 6733
f 6721 6735 6734
f 6721 6722 6735
f 6722 6723 6737
f 6722 6737 6736
f 6723 6724 6738
f 6723 6738 6737
f 6724 6725 6739
f 6724 6739 6738
f 6725 6726 6740
f 6725 6740 6739
f 6726 6727 6741
f 6726 6741 6740
f 6727 6728 6742
f 6727 6742 6741
f 6728 6729 6743
f 6728 6743 6742
f 6729 6730 6744
f 6729 6744 6743
f 6730 6731 6745
f 6730 6745 6744
f 6731 6732 6746
f 6731 6746 6745
f 6732 6733 6747
f 6732 6747 6746
f 6733 6734 6748
f 6733 6748 6747
f 6734 6735 6749
f 6734 6749 6748
f 6735 6722 6736
f 6735 6736 6749
f 6736 6737 6751
f 6736 6751 6750
f 6737 6738 6752
f 6737 6752 6751
f 6738 6739 6753
f 6738 6753 6752
f 6739 6740 6754
f 6739 6754 6753
f 6740 6741 6755
f 6740 6755 6754
f 6741 6742 6756
f 6741 6756 6755
f 6742 6743 6757
f 6742 6757 6756
f 6743 6744 6758
f 6743 6758 6757
f 6744 6745 6759
f 6744 6759 6758
f 6745 6746 6760
f 6745 6760 6759
f 6746 6747 6761
f 6746 6761 6760
f 6747 6748 6762
f 6747 6762 6761
f 6748 6749 6763
f 6748 6763 6762
f 6749 6736 6750
f 6749 6750 6763
f 6750 6751 6765
f 6750 6765 6764
f 6751 6752 6766
f 6751 6766 6765
f 6752 6753 6767
f 6752 6767 6766
f 6753 6754 6768
f 6753 6768 6767
f 6754 6755 6769
f 6754 6769 6768
f 6755 6756 6770
f 6755 6770 6769
f 6756 6757 6771
f 6756 6771 6770
f 6757 6758 6772
f 6757 6772 6771
f 6758 6759 6773
f 6758 6773 6772
f 6759 6760 6774
f 6759 6774 6773
f 6760 6761 6775
f 6760 6775 6774
f 6761 6762 6776
f 6761 6776 6775
f 6762 6763 6777
f 6762 6777 6776
f 6763 6750 6764
f 6763 6764 6777
f 6764 6765 6779
f 6764 6779 6778
f 6765 6766 6780
f 6765 6780 6779
f 6766 6767 6781
f 6766 6781 6780
f 6767 6768 6782
f 6767 6782 6781
f 6768 6769 6783
f 6768 6783 6782
f 6769 6770 6784
f 6769 6784 6783
f 6770 6771 6785
f 6770 6785 6784
f 6771 6772 6786
f 6771 6786 6785
f 6772 6773 6787
f 6772 6787 6786
f 6773 6774 6788
f 6773 6788 6787
f 6774 6775 6789
f 6774 6789 6788
f 6775 6776 6790
f 6775 6790 6789
f 6776 6777 6791
f 6776 6791 6790
f 6777 6764 6778
f 6777 6778 6791
f 6778 6779 6793
f 6778 6793 6792
f 6779 6780 6794
f 6779 6794 6793
f 6780 6781 6795
f 6780 6795 6794
f 6781 6782 6796
f 6781 6796 6795
f 6782 6783 6797
f 6782 6797 6796
f 6783 6784 6798
f 6783 6798 6797
f 6784 6785 6799
f 6784 6799 6798
f 6785 6786 6800
f 6785 6800 6799
f 6786 6787 6801
f 6786 6801 6800
f 6787 6788 6802
f 6787 6802 6801
f 6788 6789 6803
f 6788 6803 6802
f 6789 6790 6804
f 6789 6804 6803
f 6790 6791 6805
f 6790 6805 6804
f 6791 6778 6792
f 6791 6792 6805
f 6792 6793 6807
f 6792 6807 6806
f 6793 6794 6808
f 6793 6808 6807
f 6794 6795 6809
f 6794 6809 6808
f 6795 6796 6810
f 6795 6810 6809
f 6796 6797 6811
f 6796 6811 6810
f 6797 6798 6812
f 6797 6812 6811
f 6798 6799 6813
f 6798 6813 6812
f 6799 6800 6814
f 6799 6814 6813
f 6800 6801 6815
f 6800 6815 6814
f 6801 6802 6816
f 6801 6816 6815
f 6802 6803 6817
f 6802 6817 6816
f 6803 6804 6818
f 6803 6818 6817
f 6804 6805 6819
f 6804 6819 6818
f 6805 6792 6806
f 6805 6806 6819
f 6806 6807 6820
f 6807 6808 6820
f 6808 6809 6820
f 6809 6810 6820
f 6810 6811 6820
f 6811 6812 6820
f 6812 6813 6820
f 6813 6814 6820
f 6814 6815 6820
f 6815 6816 6820
f 6816 6817 6820
f 6817 6818 6820
f 6818 6819 6820
f 6819 6806 6820
f 6821 6822 6836
f 6821 6836 6835
f 6849 6822 6821
f 6850 6835 6836
f 6822 6823 6837
f 6822 6837 6836
f 6849 6823 6822
f 6850 6836 6837
f 6823 6824 6838
f 6823 6838 6837
f 6849 6824 6823
f 6850 6837 6838
f 6824 6825 6839
f 6824 6839 6838
f 6849 6825 6824
f 6850 6838 6839
f 6825 6826 6840
f 6825 6840 6839
f 6849 6826 6825
f 6850 6839 6840
f 6826 6827 6841
f 6826 6841 6840
f 6849 6827 6826
f 6850 6840 6841
f 6827 6828 6842
f 6827 6842 6841
f 6849 6828 6827
f 6850 6841 6842
f 6828 6829 6843
f 6828 6843 6842
f 6849 6829 6828
f 6850 6842 6843
f 6829 6830 6844
f 6829 6844 6843
f 6849 6830 6829
f 6850 6843 6844
f 6830 6831 6845
f 6830 6845 6844
f 6849 6831 6830
f 6850 6844 6845
f 6831 6832 6846
f 6831 6846 6845
f 6849 6832 6831
f 6850 6845 6846
f 6832 6833 6847
f 6832 6847 6846
f 6849 6833 6832
f 6850 6846 6847
f 6833 6834 6848
f 6833 6848 6847
f 6849 6834 6833
f 6850 6847 6848
f 6834 6821 6835
f 6834 6835 6848
f 6849 6821 6834
f 6850 6848 6835
f 6851 6853 6852
f 6851 6854 6853
f 6851 6855 6854
f 6851 6856 6855
f 6851 6857 6856
f 6851 6858 6857
f 6851 6859 6858
f 6851 6860 6859
f 6851 6861 6860
f 6851 6862 6861
f 6851 6863 6862
f 6851 6864 6863
f 6851 6865 6864
f 6851 6852 6865
f 6852 6853 6867
f 6852 6867 6866
f 6853 6854 6868
f 6853 6868 6867
f 6854 6855 6869
f 6854 6869 6868
f 6855 6856 6870
f 6855 6870 6869
f 6856 6857 6871
f 6856 6871 6870
f 6857 6858 6872
f 6857 6872 6871
f 6858 6859 6873
f 6858 6873 6872
f 6859 6860 6874
f 6859 6874 6873
f 6860 6861 6875
f 6860 6875 6874
f 6861 6862 6876
f 6861 6876 6875
f 6862 6863 6877
f 6862 6877 6876
f 6863 6864 6878
f 6863 6878 6877
f 6864 6865 6879
f 6864 6879 6878
f 6865 6852 6866
f 6865 6866 6879
f 6866 6867 6881
f 6866 6881 6880
f 6867 6868 6882
f 6867 6882 6881
f 6868 6869 6883
f 6868 6883 6882
f 6869 6870 6884
f 6869 6884 6883
f 6870 6871 6885
f 6870 6885 6884
f 6871 6872 6886
f 6871 6886 6885
f 6872 6873 6887
f 6872 6887 6886
f 6873 6874 6888
f 6873 6888 6887
f 6874 6875 6889
f 6874 6889 6888
f 6875 6876 6890
f 6875 6890 6889
f 6876 6877 6891
f 6876 6891 6890
f 6877 6878 6892
f 6877 6892 6891
f 6878 6879 6893
f 6878 6893 6892
f 6879 6866 6880
f 6879 6880 6893
f 6880 6881 6895
f 6880 6895 6894
f 6881 6882 6896
f 6881 6896 6895
f 6882 6883 6897
f 6882 6897 6896
f 6883 6884 6898
f 6883 6898 6897
f 6884 6885 6899
f 6884 6899 6898
f 6885 6886 6900
f 6885 6900 6899
f 6886 6887 6901
f 6886 6901 6900
f 6887 6888 6902
f 6887 6902 6901
f 6888 6889 6903
f 6888 6903 6902
f 6889 6890 6904
f 6889 6904 6903
f 6890 6891 6905
f 6890 6905 6904
f 6891 6892 6906
f 6891 6906 6905
f 6892 6893 6907
f 6892 6907 6906
f 6893 6880 6894
f 6893 6894 6907
f 6894 6895 6909
f 6894 6909 6908
f 6895 6896 6910
f 6895 6910 6909
f 6896 6897 6911
f 6896 6911 6910
f 6897 6898 6912
f 6897 6912 6911
f 6898 6899 6913
f 6898 6913 6912
f 6899 6900 6914
f 6899 6914 6913
f 6900 6901 6915
f 6900 6915 6914
f 6901 6902 6916
f 6901 6916 6915
f 6902 6903 6917
f 6902 6917 6916
f 6903 6904 6918
f 6903 6918 6917
f 6904 6905 6919
f 6904 6919 6918
f 6905 6906 6920
f 6905 6920 6919
f 6906 6907 6921
f 6906 6921 6920
f 6907 6894 6908
f 6907 6908 6921
f 6908 6909 6923
f 6908 6923 6922
f 6909 6910 6924
f 6909 6924 6923
f 6910 6911 6925
f 6910 6925 6924
f 6911 6912 6926
f 6911 6926 6925
f 6912 6913 6927
f 6912 6927 6926
f 6913 6914 6928
f 6913 6928 6927
f 6914 6915 6929
f 6914 6929 6928
f 6915 6916 6930
f 6915 6930 6929
f 6916 6917 6931
f 6916 6931 6930
f 6917 6918 6932
f 6917 6932 6931
f 6918 6919 6933
f 6918 6933 6932
f 6919 6920 6934
f 6919 6934 6933
f 6920 6921 6935
f 6920 6935 6934
f 6921 6908 6922
f 6921 6922 6935
f 6922 6923 6937
f 6922 6937 6936
f 6923 6924 6938
f 6923 6938 6937
f 6924 6925 6939
f 6924 6939 6938
f 6925 6926 6940
f 6925 6940 6939
f 6926 6927 6941
f 6926 6941 6940
f 6927 6928 6942
f 6927 6942 6941
f 6928 6929 6943
f 6928 6943 6942
f 6929 6930 6944
f 6929 6944 6943
f 6930 6931 6945
f 6930 6945 6944
f 6931 6932 6946
f 6931 6946 6945
f 6932 6933 6947
f 6932 6947 6946
f 6933 6934 6948
f 6933 6948 6947
f 6934 6935 6949
f 6934 6949 6948
f 6935 6922 6936
f 6935 6936 6949
f 6936 6937 6950
f 6937 6938 6950
f 6938 6939 6950
f 6939 6940 6950
f 6940 6941 6950
f 6941 6942 6950
f 6942 6943 6950
f 6943 6944 6950
f 6944 6945 6950
f 6945 6946 6950
f 6946 6947 6950
f 6947 6948 6950
f 6948 6949 6950
f 6949 6936 6950
f 6951 6953 6952
f 6951 6954 6953
f 6951 6955 6954
f 6951 6956 6955
f 6951 6957 6956
f 6951 6958 6957
f 6951 6959 6958
f 6951 6960 6959
f 6951 6961 6960
f 6951 6962 6961
f 6951 6963 6962
f 6951 6964 6963
f 6951 6965 6964
f 6951 6952 6965
f 6952 6953 6967
f 6952 6967 6966
f 6953 6954 6968
f 6953 6968 6967
f 6954 6955 6969
f 6954 6969 6968
f 6955 6956 6970
f 6955 6970 6969
f 6956 6957 6971
f 6956 6971 6970
f 6957 6958 6972
f 6957 6972 6971
f 6958 6959 6973
f 6958 6973 6972
f 6959 6960 6974
f 6959 6974 6973
f 6960 6961 6975
f 6960 6975 6974
f 6961 6962 6976
f 6961 6976 6975
f 6962 6963 6977
f 6962 6977 6976
f 6963 6964 6978
f 6963 6978 6977
f 6964 6965 6979
f 6964 6979 6978
f 6965 6952 6966
f 6965 6966 6979
f 6966 6967 6981
f 6966 6981 6980
f 6967 6968 6982
f 6967 6982 6981
f 6968 6969 6983
f 6968 6983 6982
f 6969 6970 6984
f 6969 6984 6983
f 6970 6971 6985
f 6970 6985 6984
f 6971 6972 6986
f 6971 6986 6985
f 6972 6973 6987
f 6972 6987 6986
f 6973 6974 6988
f 6973 6988 6987
f 6974 6975 6989
f 6974 6989 6988
f 6975 6976 6990
f 6975 6990 6989
f 6976 6977 6991
f 6976 6991 6990
f 6977 6978 6992
f 6977 6992 6991
f 6978 6979 6993
f 6978 6993 6992
f 6979 6966 6980
f 6979 6980 6993
f 6980 6981 6995
f 6980 6995 6994
f 6981 6982 6996
f 6981 6996 6995
f 6982 6983 6997
f 6982 6997 6996
f 6983 6984 6998
f 6983 6998 6997
f 6984 6985 6999
f 6984 6999 6998
f 6985 6986 7000
f 6985 7000 6999
f 6986 6987 7001
f 6986 7001 7000
f 6987 6988 7002
f 6987 7002 7001
f 6988 6989 7003
f 6988 7003 7002
f 6989 6990 7004
f 6989 7004 7003
f 6990 6991 7005
f 6990 7005 7004
f 6991 6992 7006
f 6991 7006 7005
f 6992 6993 7007
f 6992 7007 7006
f 6993 6980 6994
f 6993 6994 7007
f 6994 6995 7009
f 6994 7009 7008
f 6995 6996 7010
f 6995 7010 7009
f 6996 6997 7011
f 6996 7011 7010
f 6997 6998 7012
f 6997 7012 7011
f 6998 6999 7013
f 6998 7013 7012
f 6999 7000 7014
f 6999 7014 7013
f 7000 7001 7015
f 7000 7015 7014
f 7001 7002 7016
f 7001 7016 7015
f 7002 7003 7017
f 7002 7017 7016
f 7003 7004 7018
f 7003 7018 7017
f 7004 7005 7019
f 7004 7019 7018
f 7005 7006 7020
f 7005 7020 7019
f 7006 7007 7021
f 7006 7021 7020
f 7007 6994 7008
f 7007 7008 7021
f 7008 7009 7023
f 7008 7023 7022
f 7009 7010 7024
f 7009 7024 7023
f 7010 7011 7025
f 7010 7025 7024
f 7011 7012 7026
f 7011 7026 7025
f 7012 7013 7027
f 7012 7027 7026
f 7013 7014 7028
f 7013 7028 7027
f 7014 7015 7029
f 7014 7029 7028
f 7015 7016 7030
f 7015 7030 7029
f 7016 7017 7031
f 7016 7031 7030
f 7017 7018 7032
f 7017 7032 7031
f 7018 7019 7033
f 7018 7033 7032
f 7019 7020 7034
f 7019 7034 7033
f 7020 7021 7035
f 7020 7035 7034
f 7021 7008 7022
f 7021 7022 7035
f 7022 7023 7037
f 7022 7037 7036
f 7023 7024 7038
f 7023 7038 7037
f 7024 7025 7039
f 7024 7039 7038
f 7025 7026 7040
f 7025 7040 7039
f 7026 7027 7041
f 7026 7041 7040
f 7027 7028 7042
f 7027 7042 7041
f 7028 7029 7043
f 7028 7043 7042
f 7029 7030 7044
f 7029 7044 7043
f 7030 7031 7045
f 7030 7045 7044
f 7031 7032 7046
f 7031 7046 7045
f 7032 7033 7047
f 7032 7047 7046
f 7033 7034 7048
f 7033 7048 7047
f 7034 7035 7049
f 7034 7049 7048
f 7035 7022 7036
f 7035 7036 7049
f 7036 7037 7050
f 7037 7038 7050
f 7038 7039 7050
f 7039 7040 7050
f 7040 7041 7050
f 7041 7042 7050
f 7042 7043 7050
f 7043 7044 7050
f 7044 7045 7050
f 7045 7046 7050
f 7046 7047 7050
f 7047 7048 7050
f 7048 7049 7050
f 7049 7036 7050
