o feelingmosaic_long_round_fingers_ring_18.5mm
v -6.54860 9.70870 -1.76400
v -7.55515 11.20097 -1.76400
v -7.75646 11.49943 -1.40400
v -7.75646 11.49943 1.40400
v -7.55515 11.20097 1.76400
v -6.54860 9.70870 1.76400
v -6.34729 9.41025 1.40400
v -6.34729 9.41025 -1.40400
v -7.25588 9.26857 -1.84039
v -8.38827 10.71507 -1.76018
v -8.60486 10.99173 -1.37674
v -8.52773 10.89321 1.48902
v -8.29137 10.59128 1.84039
v -7.15898 9.14478 1.76018
v -6.94239 8.86811 1.37674
v -7.01952 8.96664 -1.48902
v -7.91991 8.76173 -1.97726
v -9.21505 10.19453 -1.80828
v -9.45142 10.45601 -1.38821
v -9.27465 10.26046 1.62477
v -8.99297 9.94883 1.97726
v -7.69783 8.51603 1.80828
v -7.46146 8.25454 1.38821
v -7.63822 8.45010 -1.62477
v -8.54623 8.20509 -2.15205
v -10.03061 9.63021 -1.88114
v -10.28840 9.87771 -1.41541
v -9.98354 9.58502 1.79468
v -9.64758 9.26248 2.15205
v -8.16320 7.83735 1.88114
v -7.90541 7.58985 1.41541
v -8.21027 7.88254 -1.79468
v -9.14093 7.60993 -2.34002
v -10.82455 9.01156 -1.95374
v -11.10190 9.24246 -1.43835
v -10.63879 8.85691 1.97914
v -10.24269 8.52716 2.34002
v -8.55907 7.12553 1.95374
v -8.28172 6.89463 1.43835
v -8.74483 7.28018 -1.97914
v -9.70902 6.98235 -2.51468
v -11.58056 8.32829 -2.00362
v -11.87188 8.53780 -1.44035
v -11.22463 8.07231 2.15584
v -10.76734 7.74345 2.51468
v -8.89580 6.39751 2.00362
v -8.60447 6.18800 1.44035
v -9.25173 6.65349 -2.15584
v -10.25290 6.32408 -2.64832
v -12.27631 7.57214 -2.01131
v -12.57256 7.75487 -1.40843
v -11.72677 7.23318 2.30025
v -11.21365 6.91668 2.64832
v -9.19024 5.66862 2.01131
v -8.89399 5.48590 1.40843
v -9.73978 6.00759 -2.30025
v -10.77106 5.63364 -2.71249
v -12.88382 6.73868 -1.96072
v -13.17314 6.89000 -1.33351
v -12.13395 6.34647 2.38598
v -11.57817 6.05578 2.71249
v -9.46541 4.95074 1.96072
v -9.17609 4.79941 1.33351
v -10.21528 5.34294 -2.38598
v -11.25138 4.90522 -2.72977
v -13.40486 5.84406 -1.87472
v -13.67879 5.96349 -1.23387
v -12.45606 5.43042 2.43094
v -11.86861 5.17431 2.72977
v -9.71513 4.23546 1.87472
v -9.44119 4.11604 1.23387
v -10.66392 4.64911 -2.43094
v -11.68266 4.13705 -2.74186
v -13.85988 4.90804 -1.78515
v -14.11496 4.99837 -1.13187
v -12.70810 4.50017 2.47126
v -12.09229 4.28210 2.74186
v -9.91507 3.51111 1.78515
v -9.65999 3.42078 1.13187
v -11.06685 3.91898 -2.47126
v -12.06148 3.33235 -2.74873
v -14.24543 3.93574 -1.69218
v -14.47854 4.00014 -1.02772
v -12.88985 3.56121 2.50688
v -12.24938 3.38427 2.74873
v -10.06543 2.78088 1.69218
v -9.83231 2.71648 1.02772
v -11.42101 3.15540 -2.50688
v -12.38458 2.49467 -2.75036
v -14.55844 2.93256 -1.59599
v -14.76688 2.97455 -0.92161
v -13.00152 2.61894 2.53773
v -12.34042 2.48578 2.75036
v -10.16656 2.04789 1.59599
v -9.95812 2.00590 0.92161
v -11.72348 2.36150 -2.53773
v -12.64896 1.62785 -2.74676
v -14.79632 1.90420 -1.49676
v -14.97783 1.92756 -0.81375
v -13.04378 1.67866 2.56375
v -12.36636 1.59148 2.74676
v -10.21900 1.31513 1.49676
v -10.03749 1.29177 0.81375
v -11.97154 1.54067 -2.56375
v -12.85190 0.73603 -2.73793
v -14.95693 0.85659 -1.39468
v -15.10972 0.86534 -0.70434
v -13.01768 0.74553 2.58489
v -12.32847 0.70606 2.73793
v -10.22344 0.58550 1.39468
v -10.07064 0.57675 0.70434
v -12.16268 0.69656 -2.58489
v -12.99094 -0.17636 -2.72389
v -15.03863 -0.20416 -1.28995
v -15.16141 -0.20583 -0.59359
v -12.92466 -0.17546 2.60111
v -12.22836 -0.16601 2.72389
v -10.18067 -0.13821 1.28995
v -10.05790 -0.13654 0.59359
v -12.29464 -0.16691 -2.60111
v -13.06397 -1.10467 -2.70467
v -15.04030 -1.27178 -1.18276
v -15.13226 -1.27956 -0.48171
v -12.76654 -1.07952 2.61237
v -12.06797 -1.02045 2.70467
v -10.09164 -0.85333 1.18276
v -9.99968 -0.84556 0.48171
v -12.36540 -1.04560 -2.61237
v -13.06922 -2.04399 -2.68029
v -14.96133 -2.33991 -1.07332
v -15.02222 -2.34943 -0.36891
v -12.54545 -1.96207 2.61866
v -11.84950 -1.85323 2.68029
v -9.95739 -1.55731 1.07332
v -9.89650 -1.54778 0.36891
v -12.37326 -1.93514 -2.61866
v -13.00530 -2.98923 -2.65082
v -14.80165 -3.40212 -0.96184
v -14.83171 -3.40903 -0.25541
v -12.26387 -2.81881 2.61997
v -11.57539 -2.66057 2.65082
v -9.77903 -2.24768 0.96184
v -9.74897 -2.24077 0.25541
v -12.31682 -2.83099 -2.61997
v -12.87123 -3.93513 -2.61630
v -14.56176 -4.45198 -0.84853
v -14.56176 -4.45198 -0.14142
v -11.92454 -3.64570 2.61630
v -11.24833 -3.43896 2.61630
v -9.55781 -2.92211 0.84853
v -9.55781 -2.92211 0.14142
v -12.19502 -3.72839 -2.61630
v -12.66644 -4.87629 -2.57679
v -14.24265 -5.48309 -0.73360
v -14.21387 -5.47201 -0.02717
v -11.53047 -4.43896 2.60764
v -10.87120 -4.18516 2.57679
v -9.29499 -3.57836 0.73360
v -9.32378 -3.58944 0.02717
v -12.00718 -4.62249 -2.60764
v -12.39080 -5.80721 -2.53239
v -13.84589 -6.48916 -0.61727
v -13.79009 -6.46301 0.08714
v -11.08488 -5.19516 2.59401
v -10.44704 -4.89622 2.53239
v -8.99195 -4.21426 0.61727
v -9.04776 -4.24042 -0.08714
v -11.75296 -5.50827 -2.59401
v -12.04463 -6.72232 -2.48316
v -13.37357 -7.46403 -0.49977
v -13.29297 -7.41905 0.20128
v -10.59121 -5.91114 2.57545
v -9.97904 -5.56948 2.48316
v -8.65010 -4.82778 0.49977
v -8.73070 -4.87276 -0.20128
v -11.43246 -6.38066 -2.57545
v -11.62871 -7.61606 -2.42920
v -12.82828 -8.40170 -0.38132
v -12.72556 -8.33442 0.31504
v -10.05303 -6.58409 2.55199
v -9.47049 -6.20256 2.42920
v -8.27092 -5.41692 0.38132
v -8.37364 -5.48420 -0.31504
v -11.04617 -7.23453 -2.55199
v -11.14429 -8.48285 -2.37062
v -12.21313 -9.29643 -0.26214
v -12.09135 -9.20373 0.42820
v -9.47408 -7.21151 2.52367
v -8.92477 -6.79338 2.37062
v -7.85593 -5.97980 0.26214
v -7.97771 -6.07250 -0.42820
v -10.59498 -8.06472 -2.52367
v -10.59310 -9.31719 -2.30753
v -11.53170 -10.14274 -0.14247
v -11.39428 -10.02187 0.54054
v -8.85818 -7.79124 2.49054
v -8.34532 -7.34015 2.30753
v -7.40672 -6.51460 0.14247
v -7.54414 -6.63547 -0.54054
v -10.08024 -8.86610 -2.49054
v -9.97731 -10.11368 -2.24005
v -10.78802 -10.93547 -0.02252
v -10.63869 -10.78410 0.65186
v -8.20922 -8.32143 2.45268
v -7.73561 -7.84134 2.24005
v -6.92491 -7.01956 0.02252
v -7.07424 -7.17093 -0.65186
v -9.50370 -9.63360 -2.45268
v -9.29959 -10.86707 -2.16830
v -9.98654 -11.66981 0.09747
v -9.82930 -11.48606 0.76193
v -7.53116 -8.80056 2.41014
v -7.09913 -8.29571 2.16830
v -6.41218 -7.49298 -0.09747
v -6.56943 -7.67672 -0.76193
v -8.86757 -10.36223 -2.41014
v -8.56305 -11.57229 -2.09242
v -9.13212 -12.34135 0.21728
v -8.97116 -12.12383 0.87056
v -6.82794 -9.22743 2.36302
v -6.43935 -8.70228 2.09242
v -5.87028 -7.93323 -0.21728
v -6.03124 -8.15075 -0.87056
v -8.17446 -11.04715 -2.36302
v -7.77122 -12.22452 -2.01257
v -8.22994 -12.94611 0.33667
v -8.06962 -12.69391 0.97752
v -6.10352 -9.60114 2.31140
v -5.75972 -9.06032 2.01257
v -5.30100 -8.33873 -0.33667
v -5.46132 -8.59092 -0.97752
v -7.42742 -11.68369 -2.31140
v -6.92809 -12.81918 -1.92888
v -7.28552 -13.48053 0.45542
v -7.13028 -13.19329 1.08263
v -5.36183 -9.92110 2.25538
v -5.06362 -9.36932 1.92888
v -4.70619 -8.70796 -0.45542
v -4.86143 -8.99520 -1.08263
v -6.62988 -12.26739 -2.25538
v -6.03802 -13.35202 -1.84151
v -6.30463 -13.94158 0.57330
v -6.15895 -13.61944 1.18567
v -4.60674 -10.18699 2.19507
v -4.35441 -9.62901 1.84151
v -4.08780 -9.03945 -0.57330
v -4.23348 -9.36159 -1.18567
v -5.78570 -12.79405 -2.19507
v -5.10576 -13.81914 -1.75065
v -5.29329 -14.32670 0.69009
v -5.16162 -13.97032 1.28646
v -3.84203 -10.39875 2.13058
v -3.63534 -9.83934 1.75065
v -3.44781 -9.33178 -0.69009
v -3.57949 -9.68816 -1.28646
v -4.89908 -13.25973 -2.13058
v -4.13641 -14.21702 -1.65645
v -4.25768 -14.63385 0.80557
v -4.14438 -14.24442 1.38480
v -3.07141 -10.55659 2.06203
v -2.90960 -10.00042 1.65645
v -2.78832 -9.58359 -0.80557
v -2.90162 -9.97302 -1.38480
v -3.97459 -13.66085 -2.06203
v -3.13535 -14.54255 -1.55910
v -3.20413 -14.86153 0.91952
v -3.11341 -14.44074 1.48050
v -2.29849 -10.66096 1.98955
v -2.18026 -10.11257 1.55910
v -2.11148 -9.79358 -0.91952
v -2.20221 -10.21438 -1.48050
v -3.01712 -13.99416 -1.98955
v -2.10829 -14.79307 -1.45877
v -2.13903 -15.00878 1.03171
v -2.07491 -14.55880 1.57339
v -1.52674 -10.71251 1.91329
v -1.45031 -10.17625 1.45877
v -1.41957 -9.96054 -1.03171
v -1.48370 -10.41052 -1.57339
v -2.03187 -14.25681 -1.91329
v -1.06114 -14.96639 -1.35568
v -1.06885 -15.07516 1.14194
v -1.03506 -14.59864 1.66328
v -0.75950 -10.71211 1.83339
v -0.72263 -10.19208 1.35568
v -0.71492 -10.08331 -1.14194
v -0.74870 -10.55983 -1.66328
v -1.02426 -14.44636 -1.83339
v -0.00000 -15.06081 -1.25000
v -0.00000 -15.06081 1.25000
v -0.00000 -14.56081 1.75000
v -0.00000 -10.66081 1.75000
v -0.00000 -10.16081 1.25000
v -0.00000 -10.16081 -1.25000
v -0.00000 -10.66081 -1.75000
v -0.00000 -14.56081 -1.75000
v 1.06885 -15.07516 -1.14194
v 1.06114 -14.96639 1.35568
v 1.02426 -14.44636 1.83339
v 0.74870 -10.55983 1.66328
v 0.71492 -10.08331 1.14194
v 0.72263 -10.19208 -1.35568
v 0.75950 -10.71211 -1.83339
v 1.03506 -14.59864 -1.66328
v 2.13903 -15.00878 -1.03171
v 2.10829 -14.79307 1.45877
v 2.03187 -14.25681 1.91329
v 1.48370 -10.41052 1.57339
v 1.41957 -9.96054 1.03171
v 1.45031 -10.17625 -1.45877
v 1.52674 -10.71251 -1.91329
v 2.07491 -14.55880 -1.57339
v 3.20413 -14.86153 -0.91952
v 3.13535 -14.54255 1.55910
v 3.01712 -13.99416 1.98955
v 2.20221 -10.21438 1.48050
v 2.11148 -9.79358 0.91952
v 2.18026 -10.11257 -1.55910
v 2.29849 -10.66096 -1.98955
v 3.11341 -14.44074 -1.48050
v 4.25768 -14.63385 -0.80557
v 4.13641 -14.21702 1.65645
v 3.97459 -13.66085 2.06203
v 2.90162 -9.97302 1.38480
v 2.78832 -9.58359 0.80557
v 2.90960 -10.00042 -1.65645
v 3.07141 -10.55659 -2.06203
v 4.14438 -14.24442 -1.38480
v 5.29329 -14.32670 -0.69009
v 5.10576 -13.81914 1.75065
v 4.89908 -13.25973 2.13058
v 3.57949 -9.68816 1.28646
v 3.44781 -9.33178 0.69009
v 3.63534 -9.83934 -1.75065
v 3.84203 -10.39875 -2.13058
v 5.16162 -13.97032 -1.28646
v 6.30463 -13.94158 -0.57330
v 6.03802 -13.35202 1.84151
v 5.78570 -12.79405 2.19507
v 4.23348 -9.36159 1.18567
v 4.08780 -9.03945 0.57330
v 4.35441 -9.62901 -1.84151
v 4.60674 -10.18699 -2.19507
v 6.15895 -13.61944 -1.18567
v 7.28552 -13.48053 -0.45542
v 6.92809 -12.81918 1.92888
v 6.62988 -12.26739 2.25538
v 4.86143 -8.99520 1.08263
v 4.70619 -8.70796 0.45542
v 5.06362 -9.36932 -1.92888
v 5.36183 -9.92110 -2.25538
v 7.13028 -13.19329 -1.08263
v 8.22994 -12.94611 -0.33667
v 7.77122 -12.22452 2.01257
v 7.42742 -11.68369 2.31140
v 5.46132 -8.59092 0.97752
v 5.30100 -8.33873 0.33667
v 5.75972 -9.06032 -2.01257
v 6.10352 -9.60114 -2.31140
v 8.06962 -12.69391 -0.97752
v 9.13212 -12.34135 -0.21728
v 8.56305 -11.57229 2.09242
v 8.17446 -11.04715 2.36302
v 6.03124 -8.15075 0.87056
v 5.87028 -7.93323 0.21728
v 6.43935 -8.70228 -2.09242
v 6.82794 -9.22743 -2.36302
v 8.97116 -12.12383 -0.87056
v 9.98654 -11.66981 -0.09747
v 9.29959 -10.86707 2.16830
v 8.86757 -10.36223 2.41014
v 6.56943 -7.67672 0.76193
v 6.41218 -7.49298 0.09747
v 7.09913 -8.29571 -2.16830
v 7.53116 -8.80056 -2.41014
v 9.82930 -11.48606 -0.76193
v 10.78802 -10.93547 0.02252
v 9.97731 -10.11368 2.24005
v 9.50370 -9.63360 2.45268
v 7.07424 -7.17093 0.65186
v 6.92491 -7.01956 -0.02252
v 7.73561 -7.84134 -2.24005
v 8.20922 -8.32143 -2.45268
v 10.63869 -10.78410 -0.65186
v 11.53170 -10.14274 0.14247
v 10.59310 -9.31719 2.30753
v 10.08024 -8.86610 2.49054
v 7.54414 -6.63547 0.54054
v 7.40672 -6.51460 -0.14247
v 8.34532 -7.34015 -2.30753
v 8.85818 -7.79124 -2.49054
v 11.39428 -10.02187 -0.54054
v 12.21313 -9.29643 0.26214
v 11.14429 -8.48285 2.37062
v 10.59498 -8.06472 2.52367
v 7.97771 -6.07250 0.42820
v 7.85593 -5.97980 -0.26214
v 8.92477 -6.79338 -2.37062
v 9.47408 -7.21151 -2.52367
v 12.09135 -9.20373 -0.42820
v 12.82828 -8.40170 0.38132
v 11.62871 -7.61606 2.42920
v 11.04617 -7.23453 2.55199
v 8.37364 -5.48420 0.31504
v 8.27092 -5.41692 -0.38132
v 9.47049 -6.20256 -2.42920
v 10.05303 -6.58409 -2.55199
v 12.72556 -8.33442 -0.31504
v 13.37357 -7.46403 0.49977
v 12.04463 -6.72232 2.48316
v 11.43246 -6.38066 2.57545
v 8.73070 -4.87276 0.20128
v 8.65010 -4.82778 -0.49977
v 9.97904 -5.56948 -2.48316
v 10.59121 -5.91114 -2.57545
v 13.29297 -7.41905 -0.20128
v 13.84589 -6.48916 0.61727
v 12.39080 -5.80721 2.53239
v 11.75296 -5.50827 2.59401
v 9.04776 -4.24042 0.08714
v 8.99195 -4.21426 -0.61727
v 10.44704 -4.89622 -2.53239
v 11.08488 -5.19516 -2.59401
v 13.79009 -6.46301 -0.08714
v 14.24265 -5.48309 0.73360
v 12.66644 -4.87629 2.57679
v 12.00718 -4.62249 2.60764
v 9.32378 -3.58944 -0.02717
v 9.29499 -3.57836 -0.73360
v 10.87120 -4.18516 -2.57679
v 11.53047 -4.43896 -2.60764
v 14.21387 -5.47201 0.02717
v 14.56176 -4.45198 0.84853
v 12.87123 -3.93513 2.61630
v 12.19502 -3.72839 2.61630
v 9.55781 -2.92211 -0.14142
v 9.55781 -2.92211 -0.84853
v 11.24833 -3.43896 -2.61630
v 11.92454 -3.64570 -2.61630
v 14.56176 -4.45198 0.14142
v 14.80165 -3.40212 0.96184
v 13.00530 -2.98923 2.65082
v 12.31682 -2.83099 2.61997
v 9.74897 -2.24077 -0.25541
v 9.77903 -2.24768 -0.96184
v 11.57539 -2.66057 -2.65082
v 12.26387 -2.81881 -2.61997
v 14.83171 -3.40903 0.25541
v 14.96133 -2.33991 1.07332
v 13.06922 -2.04399 2.68029
v 12.37326 -1.93514 2.61866
v 9.89650 -1.54778 -0.36891
v 9.95739 -1.55731 -1.07332
v 11.84950 -1.85323 -2.68029
v 12.54545 -1.96207 -2.61866
v 15.02222 -2.34943 0.36891
v 15.04030 -1.27178 1.18276
v 13.06397 -1.10467 2.70467
v 12.36540 -1.04560 2.61237
v 9.99968 -0.84556 -0.48171
v 10.09164 -0.85333 -1.18276
v 12.06797 -1.02045 -2.70467
v 12.76654 -1.07952 -2.61237
v 15.13226 -1.27956 0.48171
v 15.03863 -0.20416 1.28995
v 12.99094 -0.17636 2.72389
v 12.29464 -0.16691 2.60111
v 10.05790 -0.13654 -0.59359
v 10.18067 -0.13821 -1.28995
v 12.22836 -0.16601 -2.72389
v 12.92466 -0.17546 -2.60111
v 15.16141 -0.20583 0.59359
v 14.95693 0.85659 1.39468
v 12.85190 0.73603 2.73793
v 12.16268 0.69656 2.58489
v 10.07064 0.57675 -0.70434
v 10.22344 0.58550 -1.39468
v 12.32847 0.70606 -2.73793
v 13.01768 0.74553 -2.58489
v 15.10972 0.86534 0.70434
v 14.79632 1.90420 1.49676
v 12.64896 1.62785 2.74676
v 11.97154 1.54067 2.56375
v 10.03749 1.29177 -0.81375
v 10.21900 1.31513 -1.49676
v 12.36636 1.59148 -2.74676
v 13.04378 1.67866 -2.56375
v 14.97783 1.92756 0.81375
v 14.55844 2.93256 1.59599
v 12.38458 2.49467 2.75036
v 11.72348 2.36150 2.53773
v 9.95812 2.00590 -0.92161
v 10.16656 2.04789 -1.59599
v 12.34042 2.48578 -2.75036
v 13.00152 2.61894 -2.53773
v 14.76688 2.97455 0.92161
v 14.24543 3.93574 1.69218
v 12.06148 3.33235 2.74873
v 11.42101 3.15540 2.50688
v 9.83231 2.71648 -1.02772
v 10.06543 2.78088 -1.69218
v 12.24938 3.38427 -2.74873
v 12.88985 3.56121 -2.50688
v 14.47854 4.00014 1.02772
v 13.85988 4.90804 1.78515
v 11.68266 4.13705 2.74186
v 11.06685 3.91898 2.47126
v 9.65999 3.42078 -1.13187
v 9.91507 3.51111 -1.78515
v 12.09229 4.28210 -2.74186
v 12.70810 4.50017 -2.47126
v 14.11496 4.99837 1.13187
v 13.40486 5.84406 1.87472
v 11.25138 4.90522 2.72977
v 10.66392 4.64911 2.43094
v 9.44119 4.11604 -1.23387
v 9.71513 4.23546 -1.87472
v 11.86861 5.17431 -2.72977
v 12.45606 5.43042 -2.43094
v 13.67879 5.96349 1.23387
v 12.88382 6.73868 1.96072
v 10.77106 5.63364 2.71249
v 10.21528 5.34294 2.38598
v 9.17609 4.79941 -1.33351
v 9.46541 4.95074 -1.96072
v 11.57817 6.05578 -2.71249
v 12.13395 6.34647 -2.38598
v 13.17314 6.89000 1.33351
v 12.27631 7.57214 2.01131
v 10.25290 6.32408 2.64832
v 9.73978 6.00759 2.30025
v 8.89399 5.48590 -1.40843
v 9.19024 5.66862 -2.01131
v 11.21365 6.91668 -2.64832
v 11.72677 7.23318 -2.30025
v 12.57256 7.75487 1.40843
v 11.58056 8.32829 2.00362
v 9.70902 6.98235 2.51468
v 9.25173 6.65349 2.15584
v 8.60447 6.18800 -1.44035
v 8.89580 6.39751 -2.00362
v 10.76734 7.74345 -2.51468
v 11.22463 8.07231 -2.15584
v 11.87188 8.53780 1.44035
v 10.82455 9.01156 1.95374
v 9.14093 7.60993 2.34002
v 8.74483 7.28018 1.97914
v 8.28172 6.89463 -1.43835
v 8.55907 7.12553 -1.95374
v 10.24269 8.52716 -2.34002
v 10.63879 8.85691 -1.97914
v 11.10190 9.24246 1.43835
v 10.03061 9.63021 1.88114
v 8.54623 8.20509 2.15205
v 8.21027 7.88254 1.79468
v 7.90541 7.58985 -1.41541
v 8.16320 7.83735 -1.88114
v 9.64758 9.26248 -2.15205
v 9.98354 9.58502 -1.79468
v 10.28840 9.87771 1.41541
v 9.21505 10.19453 1.80828
v 7.91991 8.76173 1.97726
v 7.63822 8.45010 1.62477
v 7.46146 8.25454 -1.38821
v 7.69783 8.51603 -1.80828
v 8.99297 9.94883 -1.97726
v 9.27465 10.26046 -1.62477
v 9.45142 10.45601 1.38821
v 8.38827 10.71507 1.76018
v 7.25588 9.26857 1.84039
v 7.01952 8.96664 1.48902
v 6.94239 8.86811 -1.37674
v 7.15898 9.14478 -1.76018
v 8.29137 10.59128 -1.84039
v 8.52773 10.89321 -1.48902
v 8.60486 10.99173 1.37674
v 7.55515 11.20097 1.76400
v 6.54860 9.70870 1.76400
v 6.34729 9.41025 1.40400
v 6.34729 9.41025 -1.40400
v 6.54860 9.70870 -1.76400
v 7.55515 11.20097 -1.76400
v 7.75646 11.49943 -1.40400
v 7.75646 11.49943 1.40400
v -7.05188 10.45484 -0.00000
v 7.05188 10.45484 0.00000
v -8.21984 11.53667 -2.20634
v -8.13292 11.59530 2.19774
v -6.19245 12.90417 2.20440
v -4.38927 14.12043 1.31376
v -5.11422 13.63144 -2.50091
v -6.74627 12.53061 -2.54888
v -6.48634 8.96666 -2.20634
v -6.39942 9.02529 2.19774
v -4.45895 10.33415 2.20440
v -2.65577 11.55041 1.31376
v -3.38072 11.06143 -2.50091
v -5.01278 9.96059 -2.54888
v -4.13524 12.42214 0.15440
v -4.29246 12.69291 0.22252
v -4.38361 12.93361 0.41339
v -4.39062 13.09658 0.68919
v -4.31213 13.14953 0.99531
v -4.16366 13.08197 1.27112
v -3.97462 12.90729 1.46198
v -3.78246 12.66009 1.53010
v -3.62524 12.38932 1.46198
v -3.53410 12.14861 1.27112
v -3.52708 11.98564 0.99531
v -3.60558 11.93270 0.68919
v -3.75404 12.00025 0.41339
v -3.94308 12.17493 0.22252
v -3.48401 12.86140 -0.08857
v -3.64123 13.13217 -0.02045
v -3.73238 13.37287 0.17041
v -3.73940 13.53584 0.44622
v -3.66090 13.58879 0.75234
v -3.51243 13.52123 1.02815
v -3.32339 13.34655 1.21901
v -3.13124 13.09934 1.28713
v -2.97401 12.82857 1.21901
v -2.88287 12.58787 1.02815
v -2.87585 12.42490 0.75234
v -2.95435 12.37195 0.44622
v -3.10282 12.43951 0.17041
v -3.29185 12.61419 -0.02045
v -3.95885 12.54111 0.84225
v -3.30762 12.98037 0.59928
v -3.55623 11.94420 0.84225
v -3.39750 12.11738 0.68818
v -3.36084 12.14211 0.80254
v -3.36894 12.13664 0.92478
v -3.42021 12.10206 1.03067
v -3.50449 12.04522 1.09924
v -3.60508 11.97736 1.11691
v -3.70208 11.91194 1.08018
v -3.77625 11.86191 0.99633
v -3.81292 11.83717 0.88196
v -3.80482 11.84264 0.75973
v -3.75355 11.87722 0.65384
v -3.66927 11.93407 0.58527
v -3.56867 12.00192 0.56760
v -3.47168 12.06734 0.60432
v -3.32424 12.35506 0.55756
v -3.25648 12.40076 0.76888
v -3.27146 12.39066 0.99474
v -3.36619 12.32676 1.19040
v -3.52191 12.22172 1.31710
v -3.70780 12.09634 1.34975
v -3.88701 11.97546 1.28188
v -4.02407 11.88301 1.12695
v -4.09183 11.83731 0.91562
v -4.07686 11.84741 0.68976
v -3.98212 11.91131 0.49411
v -3.82640 12.01635 0.36741
v -3.64052 12.14173 0.33475
v -3.46130 12.26261 0.40262
v -3.34759 12.62106 0.47028
v -3.25906 12.68077 0.74639
v -3.27862 12.66758 1.04149
v -3.40239 12.58409 1.29712
v -3.60586 12.44685 1.46267
v -3.84873 12.28304 1.50533
v -4.08289 12.12510 1.41666
v -4.26196 12.00431 1.21422
v -4.35049 11.94460 0.93811
v -4.33093 11.95779 0.64302
v -4.20716 12.04128 0.38738
v -4.00369 12.17852 0.22184
v -3.76082 12.34233 0.17917
v -3.52666 12.50028 0.26784
v -3.46399 12.87490 0.43963
v -3.36817 12.93953 0.73849
v -3.38935 12.92525 1.05790
v -3.52332 12.83488 1.33460
v -3.74355 12.68633 1.51378
v -4.00642 12.50902 1.55996
v -4.25988 12.33807 1.46399
v -4.45371 12.20733 1.24487
v -4.54953 12.14270 0.94601
v -4.52835 12.15698 0.62660
v -4.39438 12.24734 0.34990
v -4.17415 12.39589 0.17072
v -3.91128 12.57320 0.12454
v -3.65782 12.74416 0.22052
v -3.65574 13.07792 0.47028
v -3.56721 13.13763 0.74639
v -3.58677 13.12443 1.04149
v -3.71054 13.04095 1.29712
v -3.91401 12.90371 1.46267
v -4.15688 12.73989 1.50533
v -4.39104 12.58195 1.41666
v -4.57012 12.46116 1.21422
v -4.65864 12.40145 0.93811
v -4.63908 12.41464 0.64302
v -4.51531 12.49813 0.38738
v -4.31184 12.63537 0.22184
v -4.06897 12.79919 0.17917
v -3.83481 12.95713 0.26784
v -3.89363 13.19921 0.55756
v -3.82587 13.24491 0.76888
v -3.84084 13.23481 0.99474
v -3.93558 13.17092 1.19040
v -4.09130 13.06588 1.31710
v -4.27719 12.94050 1.34975
v -4.45640 12.81961 1.28188
v -4.59346 12.72717 1.12695
v -4.66122 12.68147 0.91562
v -4.64624 12.69156 0.68976
v -4.55151 12.75546 0.49411
v -4.39579 12.86050 0.36741
v -4.20990 12.98588 0.33475
v -4.03069 13.10676 0.40262
v -4.14145 13.22032 0.68818
v -4.10478 13.24505 0.80254
v -4.11288 13.23958 0.92478
v -4.16415 13.20500 1.03067
v -4.24843 13.14816 1.09924
v -4.34903 13.08030 1.11691
v -4.44602 13.01488 1.08018
v -4.52020 12.96485 0.99633
v -4.55686 12.94011 0.88196
v -4.54876 12.94558 0.75973
v -4.49749 12.98016 0.65384
v -4.41321 13.03701 0.58527
v -4.31262 13.10486 0.56760
v -4.21562 13.17028 0.60432
v -4.36147 13.13802 0.84225
v -2.90500 12.38346 0.59928
v -2.74628 12.55663 0.44520
v -2.70961 12.58137 0.55957
v -2.71771 12.57590 0.68181
v -2.76898 12.54132 0.78769
v -2.85326 12.48447 0.85626
v -2.95386 12.41662 0.87394
v -3.05085 12.35120 0.83721
v -3.12503 12.30117 0.75336
v -3.16169 12.27643 0.63899
v -3.15359 12.28190 0.51675
v -3.10232 12.31648 0.41087
v -3.01804 12.37333 0.34230
v -2.91745 12.44118 0.32462
v -2.82045 12.50660 0.36135
v -2.67301 12.79432 0.31459
v -2.60526 12.84002 0.52591
v -2.62023 12.82992 0.75177
v -2.71496 12.76602 0.94742
v -2.87069 12.66098 1.07412
v -3.05657 12.53560 1.10678
v -3.23579 12.41472 1.03891
v -3.37285 12.32227 0.88397
v -3.44060 12.27657 0.67265
v -3.42563 12.28667 0.44679
v -3.33090 12.35057 0.25114
v -3.17517 12.45561 0.12443
v -2.98929 12.58098 0.09178
v -2.81007 12.70187 0.15965
v -2.69636 13.06032 0.22731
v -2.60783 13.12003 0.50342
v -2.62739 13.10684 0.79852
v -2.75117 13.02335 1.05415
v -2.95464 12.88611 1.21969
v -3.19750 12.72230 1.26236
v -3.43166 12.56435 1.17369
v -3.61074 12.44357 0.97125
v -3.69926 12.38386 0.69514
v -3.67970 12.39705 0.40004
v -3.55593 12.48053 0.14441
v -3.35246 12.61778 -0.02114
v -3.10959 12.78159 -0.06380
v -2.87543 12.93953 0.02487
v -2.81276 13.31416 0.19666
v -2.71695 13.37879 0.49552
v -2.73812 13.36451 0.81493
v -2.87209 13.27414 1.09163
v -3.09232 13.12559 1.27081
v -3.35520 12.94828 1.31699
v -3.60865 12.77732 1.22101
v -3.80248 12.64658 1.00190
v -3.89830 12.58195 0.70304
v -3.87713 12.59624 0.38363
v -3.74316 12.68660 0.10693
v -3.52292 12.83515 -0.07225
v -3.26005 13.01246 -0.11843
v -3.00660 13.18342 -0.02246
v -3.00451 13.51717 0.22731
v -2.91598 13.57689 0.50342
v -2.93555 13.56369 0.79852
v -3.05932 13.48021 1.05415
v -3.26279 13.34296 1.21969
v -3.50565 13.17915 1.26236
v -3.73981 13.02121 1.17369
v -3.91889 12.90042 0.97125
v -4.00741 12.84071 0.69514
v -3.98785 12.85390 0.40004
v -3.86408 12.93739 0.14441
v -3.66061 13.07463 -0.02114
v -3.41775 13.23844 -0.06380
v -3.18359 13.39639 0.02487
v -3.24240 13.63847 0.31459
v -3.17465 13.68417 0.52591
v -3.18962 13.67407 0.75177
v -3.28435 13.61017 0.94742
v -3.44008 13.50513 1.07412
v -3.62596 13.37976 1.10678
v -3.80518 13.25887 1.03891
v -3.94224 13.16642 0.88397
v -4.00999 13.12072 0.67265
v -3.99502 13.13082 0.44679
v -3.90029 13.19472 0.25114
v -3.74456 13.29976 0.12443
v -3.55868 13.42514 0.09178
v -3.37946 13.54602 0.15965
v -3.49022 13.65957 0.44520
v -3.45355 13.68431 0.55957
v -3.46165 13.67884 0.68181
v -3.51292 13.64426 0.78769
v -3.59720 13.58741 0.85626
v -3.69780 13.51956 0.87394
v -3.79479 13.45414 0.83721
v -3.86897 13.40411 0.75336
v -3.90564 13.37937 0.63899
v -3.89753 13.38484 0.51675
v -3.84627 13.41942 0.41087
v -3.76199 13.47627 0.34230
v -3.66139 13.54412 0.32462
v -3.56440 13.60954 0.36135
v -3.71024 13.57728 0.59928
v -3.51727 12.83896 -0.07485
v -3.67120 13.11195 -0.00809
v -3.75312 13.35888 0.17897
v -3.74680 13.53084 0.44927
v -3.65350 13.59378 0.74929
v -3.49169 13.53522 1.01959
v -3.29342 13.36677 1.20665
v -3.09797 13.12178 1.27341
v -2.94404 12.84879 1.20665
v -2.86213 12.60186 1.01959
v -2.86845 12.42990 0.74929
v -2.96175 12.36696 0.44927
v -3.12356 12.42552 0.17897
v -3.32182 12.59397 -0.00809
v -2.87903 13.26946 -0.36364
v -3.03296 13.54245 -0.29688
v -3.11488 13.78938 -0.10983
v -3.10856 13.96134 0.16048
v -3.01526 14.02428 0.46049
v -2.85345 13.96572 0.73080
v -2.65518 13.79726 0.91785
v -2.45973 13.55228 0.98461
v -2.30580 13.27929 0.91785
v -2.22389 13.03236 0.73080
v -2.23021 12.86039 0.46049
v -2.32351 12.79746 0.16048
v -2.48532 12.85602 -0.10983
v -2.68358 13.02447 -0.29688
v -3.30762 12.98037 0.59928
v -2.66938 13.41087 0.31048
v -2.90500 12.38346 0.59928
v -2.74628 12.55663 0.44520
v -2.70961 12.58137 0.55957
v -2.71771 12.57590 0.68181
v -2.76898 12.54132 0.78769
v -2.85326 12.48447 0.85626
v -2.95386 12.41662 0.87394
v -3.05085 12.35120 0.83721
v -3.12503 12.30117 0.75336
v -3.16169 12.27643 0.63899
v -3.15359 12.28190 0.51675
v -3.10232 12.31648 0.41087
v -3.01804 12.37333 0.34230
v -2.91745 12.44118 0.32462
v -2.82045 12.50660 0.36135
v -2.67301 12.79432 0.31459
v -2.60526 12.84002 0.52591
v -2.62023 12.82992 0.75177
v -2.71496 12.76602 0.94742
v -2.87069 12.66098 1.07412
v -3.05657 12.53560 1.10678
v -3.23579 12.41472 1.03891
v -3.37285 12.32227 0.88397
v -3.44060 12.27657 0.67265
v -3.42563 12.28667 0.44679
v -3.33090 12.35057 0.25114
v -3.17517 12.45561 0.12443
v -2.98929 12.58098 0.09178
v -2.81007 12.70187 0.15965
v -2.69636 13.06032 0.22731
v -2.60783 13.12003 0.50342
v -2.62739 13.10684 0.79852
v -2.75117 13.02335 1.05415
v -2.95464 12.88611 1.21969
v -3.19750 12.72230 1.26236
v -3.43166 12.56435 1.17369
v -3.61074 12.44357 0.97125
v -3.69926 12.38386 0.69514
v -3.67970 12.39705 0.40004
v -3.55593 12.48053 0.14441
v -3.35246 12.61778 -0.02114
v -3.10959 12.78159 -0.06380
v -2.87543 12.93953 0.02487
v -2.81276 13.31416 0.19666
v -2.71695 13.37879 0.49552
v -2.73812 13.36451 0.81493
v -2.87209 13.27414 1.09163
v -3.09232 13.12559 1.27081
v -3.35520 12.94828 1.31699
v -3.60865 12.77732 1.22101
v -3.80248 12.64658 1.00190
v -3.89830 12.58195 0.70304
v -3.87713 12.59624 0.38363
v -3.74316 12.68660 0.10693
v -3.52292 12.83515 -0.07225
v -3.26005 13.01246 -0.11843
v -3.00660 13.18342 -0.02246
v -3.00451 13.51717 0.22731
v -2.91598 13.57689 0.50342
v -2.93555 13.56369 0.79852
v -3.05932 13.48021 1.05415
v -3.26279 13.34296 1.21969
v -3.50565 13.17915 1.26236
v -3.73981 13.02121 1.17369
v -3.91889 12.90042 0.97125
v -4.00741 12.84071 0.69514
v -3.98785 12.85390 0.40004
v -3.86408 12.93739 0.14441
v -3.66061 13.07463 -0.02114
v -3.41775 13.23844 -0.06380
v -3.18359 13.39639 0.02487
v -3.24240 13.63847 0.31459
v -3.17465 13.68417 0.52591
v -3.18962 13.67407 0.75177
v -3.28435 13.61017 0.94742
v -3.44008 13.50513 1.07412
v -3.62596 13.37976 1.10678
v -3.80518 13.25887 1.03891
v -3.94224 13.16642 0.88397
v -4.00999 13.12072 0.67265
v -3.99502 13.13082 0.44679
v -3.90029 13.19472 0.25114
v -3.74456 13.29976 0.12443
v -3.55868 13.42514 0.09178
v -3.37946 13.54602 0.15965
v -3.49022 13.65957 0.44520
v -3.45355 13.68431 0.55957
v -3.46165 13.67884 0.68181
v -3.51292 13.64426 0.78769
v -3.59720 13.58741 0.85626
v -3.69780 13.51956 0.87394
v -3.79479 13.45414 0.83721
v -3.86897 13.40411 0.75336
v -3.90564 13.37937 0.63899
v -3.89753 13.38484 0.51675
v -3.84627 13.41942 0.41087
v -3.76199 13.47627 0.34230
v -3.66139 13.54412 0.32462
v -3.56440 13.60954 0.36135
v -3.71024 13.57728 0.59928
v -2.26676 12.81396 0.31048
v -2.10804 12.98713 0.15641
v -2.07137 13.01187 0.27078
v -2.07947 13.00640 0.39301
v -2.13074 12.97182 0.49890
v -2.21502 12.91497 0.56747
v -2.31562 12.84712 0.58514
v -2.41261 12.78170 0.54841
v -2.48679 12.73166 0.46456
v -2.52345 12.70693 0.35019
v -2.51535 12.71240 0.22796
v -2.46408 12.74698 0.12207
v -2.37980 12.80382 0.05350
v -2.27921 12.87168 0.03583
v -2.18221 12.93710 0.07256
v -2.03477 13.22481 0.02579
v -1.96702 13.27051 0.23712
v -1.98199 13.26042 0.46297
v -2.07672 13.19652 0.65863
v -2.23245 13.09148 0.78533
v -2.41833 12.96610 0.81798
v -2.59755 12.84522 0.75012
v -2.73461 12.75277 0.59518
v -2.80236 12.70707 0.38385
v -2.78739 12.71717 0.15800
v -2.69266 12.78106 -0.03766
v -2.53693 12.88610 -0.16436
v -2.35105 13.01148 -0.19701
v -2.17183 13.13237 -0.12915
v -2.05812 13.49082 -0.06149
v -1.96959 13.55053 0.21462
v -1.98916 13.53734 0.50972
v -2.11293 13.45385 0.76536
v -2.31640 13.31661 0.93090
v -2.55926 13.15279 0.97356
v -2.79342 12.99485 0.88489
v -2.97250 12.87406 0.68246
v -3.06102 12.81435 0.40635
v -3.04146 12.82755 0.11125
v -2.91769 12.91103 -0.14439
v -2.71422 13.04827 -0.30993
v -2.47135 13.21209 -0.35259
v -2.23719 13.37003 -0.26392
v -2.17453 13.74465 -0.09213
v -2.07871 13.80928 0.20673
v -2.09988 13.79500 0.52614
v -2.23385 13.70464 0.80284
v -2.45408 13.55609 0.98202
v -2.71696 13.37878 1.02819
v -2.97041 13.20782 0.93222
v -3.16424 13.07708 0.71310
v -3.26006 13.01245 0.41424
v -3.23889 13.02673 0.09483
v -3.10492 13.11710 -0.18187
v -2.88468 13.26565 -0.36105
v -2.62181 13.44296 -0.40722
v -2.36836 13.61391 -0.31125
v -2.36627 13.94767 -0.06149
v -2.27775 14.00738 0.21462
v -2.29731 13.99419 0.50972
v -2.42108 13.91070 0.76536
v -2.62455 13.77346 0.93090
v -2.86741 13.60965 0.97356
v -3.10157 13.45170 0.88489
v -3.28065 13.33092 0.68246
v -3.36917 13.27121 0.40635
v -3.34961 13.28440 0.11125
v -3.22584 13.36789 -0.14439
v -3.02237 13.50513 -0.30993
v -2.77951 13.66894 -0.35259
v -2.54535 13.82688 -0.26392
v -2.60416 14.06897 0.02579
v -2.53641 14.11467 0.23712
v -2.55138 14.10457 0.46297
v -2.64611 14.04067 0.65863
v -2.80184 13.93563 0.78533
v -2.98772 13.81025 0.81798
v -3.16694 13.68937 0.75012
v -3.30400 13.59692 0.59518
v -3.37175 13.55122 0.38385
v -3.35678 13.56132 0.15800
v -3.26205 13.62522 -0.03766
v -3.10632 13.73026 -0.16436
v -2.92044 13.85564 -0.19701
v -2.74122 13.97652 -0.12915
v -2.85198 14.09007 0.15641
v -2.81531 14.11481 0.27078
v -2.82342 14.10934 0.39301
v -2.87468 14.07476 0.49890
v -2.95896 14.01791 0.56747
v -3.05956 13.95006 0.58514
v -3.15655 13.88464 0.54841
v -3.23073 13.83460 0.46456
v -3.26740 13.80987 0.35019
v -3.25929 13.81534 0.22796
v -3.20803 13.84992 0.12207
v -3.12375 13.90676 0.05350
v -3.02315 13.97462 0.03583
v -2.92616 14.04004 0.07256
v -3.07200 14.00778 0.31048
v -2.91157 13.24751 -0.34759
v -3.06228 13.52268 -0.28242
v -3.13517 13.77570 -0.09982
v -3.11580 13.95646 0.16405
v -3.00802 14.02916 0.45692
v -2.83316 13.97940 0.72079
v -2.62587 13.81704 0.90339
v -2.42719 13.57423 0.96856
v -2.27649 13.29906 0.90339
v -2.20360 13.04604 0.72079
v -2.22297 12.86528 0.45692
v -2.33075 12.79258 0.16405
v -2.50561 12.84233 -0.09982
v -2.71290 13.00470 -0.28242
v -2.28854 13.66775 -0.68120
v -2.43924 13.94292 -0.61603
v -2.51213 14.19594 -0.43343
v -2.49276 14.37670 -0.16957
v -2.38498 14.44940 0.12330
v -2.21012 14.39965 0.38717
v -2.00283 14.23728 0.56977
v -1.80416 13.99447 0.63494
v -1.65345 13.71930 0.56977
v -1.58056 13.46628 0.38717
v -1.59993 13.28552 0.12330
v -1.70771 13.21282 -0.16957
v -1.88257 13.26258 -0.43343
v -2.08986 13.42494 -0.61603
v -2.66938 13.41087 0.31048
v -2.04635 13.83111 -0.02313
v -2.26676 12.81396 0.31048
v -2.10804 12.98713 0.15641
v -2.07137 13.01187 0.27078
v -2.07947 13.00640 0.39301
v -2.13074 12.97182 0.49890
v -2.21502 12.91497 0.56747
v -2.31562 12.84712 0.58514
v -2.41261 12.78170 0.54841
v -2.48679 12.73166 0.46456
v -2.52345 12.70693 0.35019
v -2.51535 12.71240 0.22796
v -2.46408 12.74698 0.12207
v -2.37980 12.80382 0.05350
v -2.27921 12.87168 0.03583
v -2.18221 12.93710 0.07256
v -2.03477 13.22481 0.02579
v -1.96702 13.27051 0.23712
v -1.98199 13.26042 0.46297
v -2.07672 13.19652 0.65863
v -2.23245 13.09148 0.78533
v -2.41833 12.96610 0.81798
v -2.59755 12.84522 0.75012
v -2.73461 12.75277 0.59518
v -2.80236 12.70707 0.38385
v -2.78739 12.71717 0.15800
v -2.69266 12.78106 -0.03766
v -2.53693 12.88610 -0.16436
v -2.35105 13.01148 -0.19701
v -2.17183 13.13237 -0.12915
v -2.05812 13.49082 -0.06149
v -1.96959 13.55053 0.21462
v -1.98916 13.53734 0.50972
v -2.11293 13.45385 0.76536
v -2.31640 13.31661 0.93090
v -2.55926 13.15279 0.97356
v -2.79342 12.99485 0.88489
v -2.97250 12.87406 0.68246
v -3.06102 12.81435 0.40635
v -3.04146 12.82755 0.11125
v -2.91769 12.91103 -0.14439
v -2.71422 13.04827 -0.30993
v -2.47135 13.21209 -0.35259
v -2.23719 13.37003 -0.26392
v -2.17453 13.74465 -0.09213
v -2.07871 13.80928 0.20673
v -2.09988 13.79500 0.52614
v -2.23385 13.70464 0.80284
v -2.45408 13.55609 0.98202
v -2.71696 13.37878 1.02819
v -2.97041 13.20782 0.93222
v -3.16424 13.07708 0.71310
v -3.26006 13.01245 0.41424
v -3.23889 13.02673 0.09483
v -3.10492 13.11710 -0.18187
v -2.88468 13.26565 -0.36105
v -2.62181 13.44296 -0.40722
v -2.36836 13.61391 -0.31125
v -2.36627 13.94767 -0.06149
v -2.27775 14.00738 0.21462
v -2.29731 13.99419 0.50972
v -2.42108 13.91070 0.76536
v -2.62455 13.77346 0.93090
v -2.86741 13.60965 0.97356
v -3.10157 13.45170 0.88489
v -3.28065 13.33092 0.68246
v -3.36917 13.27121 0.40635
v -3.34961 13.28440 0.11125
v -3.22584 13.36789 -0.14439
v -3.02237 13.50513 -0.30993
v -2.77951 13.66894 -0.35259
v -2.54535 13.82688 -0.26392
v -2.60416 14.06897 0.02579
v -2.53641 14.11467 0.23712
v -2.55138 14.10457 0.46297
v -2.64611 14.04067 0.65863
v -2.80184 13.93563 0.78533
v -2.98772 13.81025 0.81798
v -3.16694 13.68937 0.75012
v -3.30400 13.59692 0.59518
v -3.37175 13.55122 0.38385
v -3.35678 13.56132 0.15800
v -3.26205 13.62522 -0.03766
v -3.10632 13.73026 -0.16436
v -2.92044 13.85564 -0.19701
v -2.74122 13.97652 -0.12915
v -2.85198 14.09007 0.15641
v -2.81531 14.11481 0.27078
v -2.82342 14.10934 0.39301
v -2.87468 14.07476 0.49890
v -2.95896 14.01791 0.56747
v -3.05956 13.95006 0.58514
v -3.15655 13.88464 0.54841
v -3.23073 13.83460 0.46456
v -3.26740 13.80987 0.35019
v -3.25929 13.81534 0.22796
v -3.20803 13.84992 0.12207
v -3.12375 13.90676 0.05350
v -3.02315 13.97462 0.03583
v -2.92616 14.04004 0.07256
v -3.07200 14.00778 0.31048
v -1.64373 13.23420 -0.02313
v -1.48500 13.40738 -0.17721
v -1.44833 13.43211 -0.06284
v -1.45644 13.42664 0.05940
v -1.50770 13.39206 0.16528
v -1.59198 13.33522 0.23385
v -1.69258 13.26736 0.25152
v -1.78957 13.20194 0.21480
v -1.86375 13.15191 0.13094
v -1.90042 13.12717 0.01658
v -1.89231 13.13264 -0.10566
v -1.84105 13.16722 -0.21155
v -1.75677 13.22407 -0.28012
v -1.65617 13.29192 -0.29779
v -1.55918 13.35734 -0.26106
v -1.41173 13.64506 -0.30783
v -1.34398 13.69076 -0.09650
v -1.35895 13.68066 0.12936
v -1.45368 13.61676 0.32501
v -1.60941 13.51172 0.45171
v -1.79529 13.38634 0.48437
v -1.97451 13.26546 0.41650
v -2.11157 13.17301 0.26156
v -2.17932 13.12731 0.05024
v -2.16435 13.13741 -0.17562
v -2.06962 13.20131 -0.37128
v -1.91389 13.30635 -0.49798
v -1.72801 13.43173 -0.53063
v -1.54879 13.55261 -0.46276
v -1.43508 13.91106 -0.39510
v -1.34656 13.97077 -0.11899
v -1.36612 13.95758 0.17611
v -1.48989 13.87409 0.43174
v -1.69336 13.73685 0.59728
v -1.93622 13.57304 0.63995
v -2.17038 13.41510 0.55128
v -2.34946 13.29431 0.34884
v -2.43798 13.23460 0.07273
v -2.41842 13.24779 -0.22237
v -2.29465 13.33128 -0.47800
v -2.09118 13.46852 -0.64355
v -1.84832 13.63233 -0.68621
v -1.61416 13.79028 -0.59754
v -1.55149 14.16490 -0.42575
v -1.45567 14.22953 -0.12689
v -1.47684 14.21525 0.19252
v -1.61081 14.12488 0.46922
v -1.83105 13.97633 0.64840
v -2.09392 13.79902 0.69458
v -2.34737 13.62807 0.59860
v -2.54120 13.49733 0.37949
v -2.63702 13.43270 0.08063
v -2.61585 13.44698 -0.23878
v -2.48188 13.53734 -0.51548
v -2.26165 13.68589 -0.69466
v -1.99877 13.86320 -0.74084
v -1.74532 14.03416 -0.64487
v -1.74323 14.36792 -0.39510
v -1.65471 14.42763 -0.11899
v -1.67427 14.41443 0.17611
v -1.79804 14.33095 0.43174
v -2.00151 14.19371 0.59728
v -2.24438 14.02989 0.63995
v -2.47854 13.87195 0.55128
v -2.65761 13.75116 0.34884
v -2.74614 13.69145 0.07273
v -2.72657 13.70464 -0.22237
v -2.60280 13.78813 -0.47800
v -2.39933 13.92537 -0.64355
v -2.15647 14.08919 -0.68621
v -1.92231 14.24713 -0.59754
v -1.98112 14.48921 -0.30783
v -1.91337 14.53491 -0.09650
v -1.92834 14.52481 0.12936
v -2.02307 14.46092 0.32501
v -2.17880 14.35588 0.45171
v -2.36468 14.23050 0.48437
v -2.54390 14.10961 0.41650
v -2.68096 14.01717 0.26156
v -2.74871 13.97147 0.05024
v -2.73374 13.98156 -0.17562
v -2.63901 14.04546 -0.37128
v -2.48328 14.15050 -0.49798
v -2.29740 14.27588 -0.53063
v -2.11818 14.39676 -0.46276
v -2.22894 14.51032 -0.17721
v -2.19228 14.53505 -0.06284
v -2.20038 14.52958 0.05940
v -2.25165 14.49500 0.16528
v -2.33593 14.43816 0.23385
v -2.43652 14.37030 0.25152
v -2.53352 14.30488 0.21480
v -2.60769 14.25485 0.13094
v -2.64436 14.23011 0.01658
v -2.63626 14.23558 -0.10566
v -2.58499 14.27016 -0.21155
v -2.50071 14.32701 -0.28012
v -2.40011 14.39486 -0.29779
v -2.30312 14.46028 -0.26106
v -2.44897 14.42802 -0.02313
v -2.32023 13.64637 -0.66286
v -2.46780 13.92366 -0.59951
v -2.53189 14.18261 -0.42200
v -2.49982 14.37195 -0.16548
v -2.37793 14.45416 0.11922
v -2.19036 14.41298 0.37574
v -1.97427 14.25654 0.55325
v -1.77246 14.01585 0.61660
v -1.62489 13.73857 0.55325
v -1.56080 13.47961 0.37574
v -1.59288 13.29028 0.11922
v -1.71477 13.20806 -0.16548
v -1.90233 13.24925 -0.42200
v -2.11842 13.40568 -0.59951
v -1.71456 14.05491 -1.04014
v -1.86213 14.33219 -0.97679
v -1.92622 14.59114 -0.79928
v -1.89414 14.78048 -0.54276
v -1.77225 14.86269 -0.25806
v -1.58469 14.82151 -0.00154
v -1.36860 14.66508 0.17597
v -1.16679 14.42438 0.23932
v -1.01922 14.14710 0.17597
v -0.95513 13.88815 -0.00154
v -0.98720 13.69881 -0.25806
v -1.10909 13.61659 -0.54276
v -1.29666 13.65778 -0.79928
v -1.51275 13.81421 -0.97679
v -2.04635 13.83111 -0.02313
v -1.44067 14.23964 -0.40041
v -1.64373 13.23420 -0.02313
v -1.48500 13.40738 -0.17721
v -1.44833 13.43211 -0.06284
v -1.45644 13.42664 0.05940
v -1.50770 13.39206 0.16528
v -1.59198 13.33522 0.23385
v -1.69258 13.26736 0.25152
v -1.78957 13.20194 0.21480
v -1.86375 13.15191 0.13094
v -1.90042 13.12717 0.01658
v -1.89231 13.13264 -0.10566
v -1.84105 13.16722 -0.21155
v -1.75677 13.22407 -0.28012
v -1.65617 13.29192 -0.29779
v -1.55918 13.35734 -0.26106
v -1.41173 13.64506 -0.30783
v -1.34398 13.69076 -0.09650
v -1.35895 13.68066 0.12936
v -1.45368 13.61676 0.32501
v -1.60941 13.51172 0.45171
v -1.79529 13.38634 0.48437
v -1.97451 13.26546 0.41650
v -2.11157 13.17301 0.26156
v -2.17932 13.12731 0.05024
v -2.16435 13.13741 -0.17562
v -2.06962 13.20131 -0.37128
v -1.91389 13.30635 -0.49798
v -1.72801 13.43173 -0.53063
v -1.54879 13.55261 -0.46276
v -1.43508 13.91106 -0.39510
v -1.34656 13.97077 -0.11899
v -1.36612 13.95758 0.17611
v -1.48989 13.87409 0.43174
v -1.69336 13.73685 0.59728
v -1.93622 13.57304 0.63995
v -2.17038 13.41510 0.55128
v -2.34946 13.29431 0.34884
v -2.43798 13.23460 0.07273
v -2.41842 13.24779 -0.22237
v -2.29465 13.33128 -0.47800
v -2.09118 13.46852 -0.64355
v -1.84832 13.63233 -0.68621
v -1.61416 13.79028 -0.59754
v -1.55149 14.16490 -0.42575
v -1.45567 14.22953 -0.12689
v -1.47684 14.21525 0.19252
v -1.61081 14.12488 0.46922
v -1.83105 13.97633 0.64840
v -2.09392 13.79902 0.69458
v -2.34737 13.62807 0.59860
v -2.54120 13.49733 0.37949
v -2.63702 13.43270 0.08063
v -2.61585 13.44698 -0.23878
v -2.48188 13.53734 -0.51548
v -2.26165 13.68589 -0.69466
v -1.99877 13.86320 -0.74084
v -1.74532 14.03416 -0.64487
v -1.74323 14.36792 -0.39510
v -1.65471 14.42763 -0.11899
v -1.67427 14.41443 0.17611
v -1.79804 14.33095 0.43174
v -2.00151 14.19371 0.59728
v -2.24438 14.02989 0.63995
v -2.47854 13.87195 0.55128
v -2.65761 13.75116 0.34884
v -2.74614 13.69145 0.07273
v -2.72657 13.70464 -0.22237
v -2.60280 13.78813 -0.47800
v -2.39933 13.92537 -0.64355
v -2.15647 14.08919 -0.68621
v -1.92231 14.24713 -0.59754
v -1.98112 14.48921 -0.30783
v -1.91337 14.53491 -0.09650
v -1.92834 14.52481 0.12936
v -2.02307 14.46092 0.32501
v -2.17880 14.35588 0.45171
v -2.36468 14.23050 0.48437
v -2.54390 14.10961 0.41650
v -2.68096 14.01717 0.26156
v -2.74871 13.97147 0.05024
v -2.73374 13.98156 -0.17562
v -2.63901 14.04546 -0.37128
v -2.48328 14.15050 -0.49798
v -2.29740 14.27588 -0.53063
v -2.11818 14.39676 -0.46276
v -2.22894 14.51032 -0.17721
v -2.19228 14.53505 -0.06284
v -2.20038 14.52958 0.05940
v -2.25165 14.49500 0.16528
v -2.33593 14.43816 0.23385
v -2.43652 14.37030 0.25152
v -2.53352 14.30488 0.21480
v -2.60769 14.25485 0.13094
v -2.64436 14.23011 0.01658
v -2.63626 14.23558 -0.10566
v -2.58499 14.27016 -0.21155
v -2.50071 14.32701 -0.28012
v -2.40011 14.39486 -0.29779
v -2.30312 14.46028 -0.26106
v -2.44897 14.42802 -0.02313
v -1.03805 13.64274 -0.40041
v -0.87933 13.81591 -0.55449
v -0.84266 13.84064 -0.44012
v -0.85076 13.83518 -0.31788
v -0.90203 13.80060 -0.21200
v -0.98631 13.74375 -0.14343
v -1.08691 13.67589 -0.12576
v -1.18390 13.61047 -0.16248
v -1.25807 13.56044 -0.24634
v -1.29474 13.53571 -0.36070
v -1.28664 13.54117 -0.48294
v -1.23537 13.57575 -0.58883
v -1.15109 13.63260 -0.65740
v -1.05049 13.70045 -0.67507
v -0.95350 13.76588 -0.63834
v -0.80606 14.05359 -0.68511
v -0.73831 14.09929 -0.47378
v -0.75328 14.08919 -0.24792
v -0.84801 14.02530 -0.05227
v -1.00374 13.92026 0.07443
v -1.18962 13.79488 0.10709
v -1.36884 13.67399 0.03922
v -1.50590 13.58154 -0.11572
v -1.57365 13.53584 -0.32704
v -1.55868 13.54594 -0.55290
v -1.46395 13.60984 -0.74856
v -1.30822 13.71488 -0.87526
v -1.12234 13.84026 -0.90791
v -0.94312 13.96114 -0.84004
v -0.82941 14.31960 -0.77238
v -0.74088 14.37931 -0.49627
v -0.76044 14.36611 -0.20117
v -0.88422 14.28263 0.05446
v -1.08768 14.14539 0.22000
v -1.33055 13.98157 0.26267
v -1.56471 13.82363 0.17400
v -1.74379 13.70284 -0.02844
v -1.83231 13.64313 -0.30455
v -1.81275 13.65632 -0.59965
v -1.68898 13.73981 -0.85528
v -1.48551 13.87705 -1.02083
v -1.24264 14.04086 -1.06349
v -1.00848 14.19881 -0.97482
v -0.94581 14.57343 -0.80303
v -0.85000 14.63806 -0.50417
v -0.87117 14.62378 -0.18476
v -1.00514 14.53342 0.09194
v -1.22537 14.38487 0.27112
v -1.48825 14.20755 0.31730
v -1.74170 14.03660 0.22132
v -1.93553 13.90586 0.00221
v -2.03135 13.84123 -0.29665
v -2.01018 13.85551 -0.61606
v -1.87621 13.94587 -0.89276
v -1.65597 14.09442 -1.07194
v -1.39310 14.27173 -1.11812
v -1.13964 14.44269 -1.02215
v -1.13756 14.77645 -0.77238
v -1.04903 14.83616 -0.49627
v -1.06859 14.82297 -0.20117
v -1.19237 14.73948 0.05446
v -1.39584 14.60224 0.22000
v -1.63870 14.43842 0.26267
v -1.87286 14.28048 0.17400
v -2.05194 14.15969 -0.02844
v -2.14046 14.09998 -0.30455
v -2.12090 14.11318 -0.59965
v -1.99713 14.19666 -0.85528
v -1.79366 14.33390 -1.02083
v -1.55079 14.49772 -1.06349
v -1.31663 14.65566 -0.97482
v -1.37545 14.89774 -0.68511
v -1.30770 14.94344 -0.47378
v -1.32267 14.93335 -0.24792
v -1.41740 14.86945 -0.05227
v -1.57313 14.76441 0.07443
v -1.75901 14.63903 0.10709
v -1.93823 14.51815 0.03922
v -2.07528 14.42570 -0.11572
v -2.14304 14.38000 -0.32704
v -2.12807 14.39010 -0.55290
v -2.03334 14.45399 -0.74856
v -1.87761 14.55903 -0.87526
v -1.69173 14.68441 -0.90791
v -1.51251 14.80530 -0.84004
v -1.62327 14.91885 -0.55449
v -1.58660 14.94358 -0.44012
v -1.59470 14.93812 -0.31788
v -1.64597 14.90354 -0.21200
v -1.73025 14.84669 -0.14343
v -1.83085 14.77883 -0.12576
v -1.92784 14.71341 -0.16248
v -2.00202 14.66338 -0.24634
v -2.03869 14.63865 -0.36070
v -2.03058 14.64411 -0.48294
v -1.97931 14.67869 -0.58883
v -1.89504 14.73554 -0.65740
v -1.79444 14.80339 -0.67507
v -1.69745 14.86882 -0.63834
v -1.84329 14.83655 -0.40041
v -4.23262 12.35645 -1.07038
v -4.38041 12.61265 -1.00631
v -4.46454 12.84130 -0.82680
v -4.46835 12.99711 -0.56739
v -4.39108 13.04923 -0.27948
v -4.24804 12.98733 -0.02007
v -4.06755 12.82367 0.15944
v -3.88538 12.59067 0.22351
v -3.73758 12.33447 0.15944
v -3.65345 12.10582 -0.02007
v -3.64965 11.95001 -0.27948
v -3.72691 11.89789 -0.56739
v -3.86996 11.95979 -0.82680
v -4.05044 12.12345 -1.00631
v -3.72961 12.69574 -1.26679
v -3.87740 12.95193 -1.20272
v -3.96153 13.18058 -1.02321
v -3.96534 13.33640 -0.76380
v -3.88807 13.38852 -0.47589
v -3.74503 13.32662 -0.21648
v -3.56454 13.16296 -0.03697
v -3.38236 12.92996 0.02710
v -3.23457 12.67376 -0.03697
v -3.15044 12.44511 -0.21648
v -3.14663 12.28929 -0.47589
v -3.22390 12.23718 -0.76380
v -3.36695 12.29908 -1.02321
v -3.54743 12.46273 -1.20272
v -4.05900 12.47356 -0.42343
v -3.55599 12.81285 -0.61985
v -3.67875 11.90982 -0.42343
v -3.52884 12.07337 -0.56895
v -3.49421 12.09673 -0.46094
v -3.50186 12.09156 -0.34549
v -3.55028 12.05890 -0.24549
v -3.62988 12.00522 -0.18073
v -3.72489 11.94113 -0.16404
v -3.81649 11.87934 -0.19873
v -3.88654 11.83209 -0.27792
v -3.92118 11.80873 -0.38593
v -3.91352 11.81389 -0.50138
v -3.86510 11.84655 -0.60138
v -3.78551 11.90024 -0.66614
v -3.69050 11.96433 -0.68283
v -3.59889 12.02611 -0.64814
v -3.45964 12.29784 -0.69231
v -3.39565 12.34101 -0.49273
v -3.40979 12.33147 -0.27942
v -3.49926 12.27112 -0.09463
v -3.64634 12.17192 0.02503
v -3.82189 12.05350 0.05587
v -3.99115 11.93933 -0.00823
v -4.12060 11.85202 -0.15456
v -4.18459 11.80886 -0.35414
v -4.17045 11.81840 -0.56745
v -4.08098 11.87875 -0.75224
v -3.93390 11.97795 -0.87190
v -3.75835 12.09636 -0.90274
v -3.58909 12.21053 -0.83864
v -3.48169 12.54907 -0.77474
v -3.39808 12.60547 -0.51397
v -3.41656 12.59300 -0.23527
v -3.53345 12.51416 0.00617
v -3.72562 12.38454 0.16251
v -3.95499 12.22983 0.20280
v -4.17614 12.08066 0.11906
v -4.34527 11.96658 -0.07213
v -4.42888 11.91019 -0.33290
v -4.41040 11.92265 -0.61160
v -4.29351 12.00149 -0.85304
v -4.10134 12.13111 -1.00938
v -3.87197 12.28583 -1.04967
v -3.65082 12.43499 -0.96593
v -3.59163 12.78880 -0.80369
v -3.50114 12.84984 -0.52143
v -3.52113 12.83636 -0.21976
v -3.64766 12.75101 0.04156
v -3.85566 12.61072 0.21079
v -4.10393 12.44326 0.25440
v -4.34330 12.28180 0.16376
v -4.52636 12.15832 -0.04318
v -4.61686 12.09728 -0.32544
v -4.59686 12.11077 -0.62711
v -4.47033 12.19611 -0.88843
v -4.26234 12.33641 -1.05766
v -4.01407 12.50387 -1.10127
v -3.77469 12.66533 -1.01063
v -3.77272 12.98054 -0.77474
v -3.68912 13.03694 -0.51397
v -3.70759 13.02448 -0.23527
v -3.82449 12.94563 0.00617
v -4.01665 12.81601 0.16251
v -4.24602 12.66130 0.20280
v -4.46718 12.51213 0.11906
v -4.63630 12.39805 -0.07213
v -4.71991 12.34166 -0.33290
v -4.70144 12.35412 -0.61160
v -4.58454 12.43297 -0.85304
v -4.39237 12.56258 -1.00938
v -4.16300 12.71730 -1.04967
v -3.94185 12.86647 -0.96593
v -3.99740 13.09510 -0.69231
v -3.93341 13.13826 -0.49273
v -3.94755 13.12872 -0.27942
v -4.03702 13.06838 -0.09463
v -4.18409 12.96917 0.02503
v -4.35965 12.85076 0.05587
v -4.52891 12.73659 -0.00823
v -4.65835 12.64928 -0.15456
v -4.72234 12.60612 -0.35414
v -4.70820 12.61566 -0.56745
v -4.61873 12.67600 -0.75224
v -4.47166 12.77521 -0.87190
v -4.29610 12.89362 -0.90274
v -4.12684 13.00779 -0.83864
v -4.23145 13.11503 -0.56895
v -4.19682 13.13839 -0.46094
v -4.20447 13.13323 -0.34549
v -4.25289 13.10057 -0.24549
v -4.33249 13.04688 -0.18073
v -4.42750 12.98280 -0.16404
v -4.51910 12.92101 -0.19873
v -4.58916 12.87376 -0.27792
v -4.62379 12.85040 -0.38593
v -4.61614 12.85556 -0.50138
v -4.56772 12.88822 -0.60138
v -4.48812 12.94191 -0.66614
v -4.39311 13.00599 -0.68283
v -4.30151 13.06778 -0.64814
v -4.43925 13.03731 -0.42343
v -3.17574 12.24910 -0.61985
v -3.02583 12.41265 -0.76536
v -2.99120 12.43601 -0.65735
v -2.99885 12.43085 -0.54190
v -3.04727 12.39819 -0.44190
v -3.12687 12.34450 -0.37714
v -3.22187 12.28042 -0.36045
v -3.31348 12.21863 -0.39514
v -3.38353 12.17138 -0.47433
v -3.41816 12.14802 -0.58234
v -3.41051 12.15318 -0.69779
v -3.36209 12.18584 -0.79779
v -3.28249 12.23953 -0.86255
v -3.18749 12.30361 -0.87924
v -3.09588 12.36540 -0.84455
v -2.95663 12.63713 -0.88872
v -2.89264 12.68029 -0.68914
v -2.90678 12.67075 -0.47583
v -2.99625 12.61041 -0.29104
v -3.14333 12.51120 -0.17138
v -3.31888 12.39279 -0.14054
v -3.48814 12.27862 -0.20464
v -3.61759 12.19131 -0.35097
v -3.68158 12.14815 -0.55055
v -3.66744 12.15768 -0.76386
v -3.57797 12.21803 -0.94865
v -3.43089 12.31724 -1.06831
v -3.25534 12.43565 -1.09915
v -3.08608 12.54982 -1.03505
v -2.97868 12.88836 -0.97115
v -2.89507 12.94475 -0.71038
v -2.91355 12.93229 -0.43168
v -3.03044 12.85344 -0.19024
v -3.22261 12.72383 -0.03390
v -3.45198 12.56911 0.00639
v -3.67313 12.41994 -0.07735
v -3.84226 12.30586 -0.26854
v -3.92587 12.24947 -0.52931
v -3.90739 12.26193 -0.80801
v -3.79050 12.34078 -1.04945
v -3.59833 12.47040 -1.20579
v -3.36896 12.62511 -1.24608
v -3.14781 12.77428 -1.16234
v -3.08862 13.12809 -1.00010
v -2.99813 13.18913 -0.71784
v -3.01812 13.17564 -0.41617
v -3.14465 13.09030 -0.15485
v -3.35265 12.95000 0.01438
v -3.60092 12.78254 0.05799
v -3.84029 12.62108 -0.03265
v -4.02335 12.49760 -0.23959
v -4.11385 12.43656 -0.52185
v -4.09385 12.45005 -0.82352
v -3.96732 12.53540 -1.08484
v -3.75933 12.67569 -1.25407
v -3.51105 12.84315 -1.29768
v -3.27168 13.00461 -1.20704
v -3.26971 13.31983 -0.97115
v -3.18611 13.37622 -0.71038
v -3.20458 13.36376 -0.43168
v -3.32148 13.28491 -0.19024
v -3.51364 13.15530 -0.03390
v -3.74301 13.00058 0.00639
v -3.96416 12.85141 -0.07735
v -4.13329 12.73734 -0.26854
v -4.21690 12.68094 -0.52931
v -4.19842 12.69340 -0.80801
v -4.08153 12.77225 -1.04945
v -3.88936 12.90187 -1.20579
v -3.65999 13.05658 -1.24608
v -3.43884 13.20575 -1.16234
v -3.49439 13.43439 -0.88872
v -3.43040 13.47755 -0.68914
v -3.44454 13.46801 -0.47583
v -3.53401 13.40766 -0.29104
v -3.68108 13.30846 -0.17138
v -3.85664 13.19005 -0.14054
v -4.02590 13.07588 -0.20464
v -4.15534 12.98857 -0.35097
v -4.21933 12.94540 -0.55055
v -4.20519 12.95494 -0.76386
v -4.11572 13.01529 -0.94865
v -3.96865 13.11449 -1.06831
v -3.79309 13.23291 -1.09915
v -3.62383 13.34707 -1.03505
v -3.72844 13.45432 -0.76536
v -3.69381 13.47768 -0.65735
v -3.70146 13.47252 -0.54190
v -3.74988 13.43986 -0.44190
v -3.82948 13.38617 -0.37714
v -3.92449 13.32208 -0.36045
v -4.01609 13.26029 -0.39514
v -4.08615 13.21304 -0.47433
v -4.12078 13.18968 -0.58234
v -4.11312 13.19484 -0.69779
v -4.06470 13.22750 -0.79779
v -3.98511 13.28119 -0.86255
v -3.89010 13.34528 -0.87924
v -3.79849 13.40707 -0.84455
v -3.93624 13.37659 -0.61985
v -3.75629 12.67774 -1.25547
v -3.90144 12.93572 -1.19253
v -3.97817 13.16936 -1.01615
v -3.97128 13.33239 -0.76129
v -3.88213 13.39252 -0.47840
v -3.72839 13.33784 -0.22354
v -3.54050 13.17917 -0.04716
v -3.35568 12.94795 0.01578
v -3.21053 12.68997 -0.04716
v -3.13381 12.45633 -0.22354
v -3.14070 12.29330 -0.47840
v -3.22984 12.23317 -0.76129
v -3.38358 12.28785 -1.01615
v -3.57147 12.44652 -1.19253
v -3.26208 13.01109 -1.48207
v -3.40723 13.26907 -1.41912
v -3.48396 13.50271 -1.24275
v -3.47707 13.66574 -0.98788
v -3.38792 13.72587 -0.70500
v -3.23418 13.67119 -0.45013
v -3.04629 13.51252 -0.27376
v -2.86147 13.28130 -0.21081
v -2.71632 13.02332 -0.27376
v -2.63960 12.78968 -0.45013
v -2.64649 12.62665 -0.70500
v -2.73563 12.56652 -0.98788
v -2.88937 12.62120 -1.24275
v -3.07726 12.77987 -1.41912
v -3.55599 12.81285 -0.61985
v -3.06178 13.14620 -0.84644
v -3.17574 12.24910 -0.61985
v -3.02583 12.41265 -0.76536
v -2.99120 12.43601 -0.65735
v -2.99885 12.43085 -0.54190
v -3.04727 12.39819 -0.44190
v -3.12687 12.34450 -0.37714
v -3.22187 12.28042 -0.36045
v -3.31348 12.21863 -0.39514
v -3.38353 12.17138 -0.47433
v -3.41816 12.14802 -0.58234
v -3.41051 12.15318 -0.69779
v -3.36209 12.18584 -0.79779
v -3.28249 12.23953 -0.86255
v -3.18749 12.30361 -0.87924
v -3.09588 12.36540 -0.84455
v -2.95663 12.63713 -0.88872
v -2.89264 12.68029 -0.68914
v -2.90678 12.67075 -0.47583
v -2.99625 12.61041 -0.29104
v -3.14333 12.51120 -0.17138
v -3.31888 12.39279 -0.14054
v -3.48814 12.27862 -0.20464
v -3.61759 12.19131 -0.35097
v -3.68158 12.14815 -0.55055
v -3.66744 12.15768 -0.76386
v -3.57797 12.21803 -0.94865
v -3.43089 12.31724 -1.06831
v -3.25534 12.43565 -1.09915
v -3.08608 12.54982 -1.03505
v -2.97868 12.88836 -0.97115
v -2.89507 12.94475 -0.71038
v -2.91355 12.93229 -0.43168
v -3.03044 12.85344 -0.19024
v -3.22261 12.72383 -0.03390
v -3.45198 12.56911 0.00639
v -3.67313 12.41994 -0.07735
v -3.84226 12.30586 -0.26854
v -3.92587 12.24947 -0.52931
v -3.90739 12.26193 -0.80801
v -3.79050 12.34078 -1.04945
v -3.59833 12.47040 -1.20579
v -3.36896 12.62511 -1.24608
v -3.14781 12.77428 -1.16234
v -3.08862 13.12809 -1.00010
v -2.99813 13.18913 -0.71784
v -3.01812 13.17564 -0.41617
v -3.14465 13.09030 -0.15485
v -3.35265 12.95000 0.01438
v -3.60092 12.78254 0.05799
v -3.84029 12.62108 -0.03265
v -4.02335 12.49760 -0.23959
v -4.11385 12.43656 -0.52185
v -4.09385 12.45005 -0.82352
v -3.96732 12.53540 -1.08484
v -3.75933 12.67569 -1.25407
v -3.51105 12.84315 -1.29768
v -3.27168 13.00461 -1.20704
v -3.26971 13.31983 -0.97115
v -3.18611 13.37622 -0.71038
v -3.20458 13.36376 -0.43168
v -3.32148 13.28491 -0.19024
v -3.51364 13.15530 -0.03390
v -3.74301 13.00058 0.00639
v -3.96416 12.85141 -0.07735
v -4.13329 12.73734 -0.26854
v -4.21690 12.68094 -0.52931
v -4.19842 12.69340 -0.80801
v -4.08153 12.77225 -1.04945
v -3.88936 12.90187 -1.20579
v -3.65999 13.05658 -1.24608
v -3.43884 13.20575 -1.16234
v -3.49439 13.43439 -0.88872
v -3.43040 13.47755 -0.68914
v -3.44454 13.46801 -0.47583
v -3.53401 13.40766 -0.29104
v -3.68108 13.30846 -0.17138
v -3.85664 13.19005 -0.14054
v -4.02590 13.07588 -0.20464
v -4.15534 12.98857 -0.35097
v -4.21933 12.94540 -0.55055
v -4.20519 12.95494 -0.76386
v -4.11572 13.01529 -0.94865
v -3.96865 13.11449 -1.06831
v -3.79309 13.23291 -1.09915
v -3.62383 13.34707 -1.03505
v -3.72844 13.45432 -0.76536
v -3.69381 13.47768 -0.65735
v -3.70146 13.47252 -0.54190
v -3.74988 13.43986 -0.44190
v -3.82948 13.38617 -0.37714
v -3.92449 13.32208 -0.36045
v -4.01609 13.26029 -0.39514
v -4.08615 13.21304 -0.47433
v -4.12078 13.18968 -0.58234
v -4.11312 13.19484 -0.69779
v -4.06470 13.22750 -0.79779
v -3.98511 13.28119 -0.86255
v -3.89010 13.34528 -0.87924
v -3.79849 13.40707 -0.84455
v -3.93624 13.37659 -0.61985
v -2.68152 12.58245 -0.84644
v -2.53162 12.74600 -0.99196
v -2.49699 12.76936 -0.88394
v -2.50464 12.76420 -0.76850
v -2.55306 12.73154 -0.66849
v -2.63265 12.67785 -0.60373
v -2.72766 12.61377 -0.58704
v -2.81927 12.55198 -0.62173
v -2.88932 12.50472 -0.70092
v -2.92395 12.48137 -0.80894
v -2.91630 12.48653 -0.92438
v -2.86788 12.51919 -1.02439
v -2.78828 12.57288 -1.08915
v -2.69328 12.63696 -1.10584
v -2.60167 12.69875 -1.07115
v -2.46242 12.97048 -1.11532
v -2.39843 13.01364 -0.91573
v -2.41257 13.00410 -0.70242
v -2.50204 12.94375 -0.51764
v -2.64911 12.84455 -0.39798
v -2.82467 12.72614 -0.36714
v -2.99393 12.61197 -0.43123
v -3.12338 12.52466 -0.57756
v -3.18737 12.48150 -0.77715
v -3.17323 12.49103 -0.99046
v -3.08376 12.55138 -1.17524
v -2.93668 12.65058 -1.29491
v -2.76113 12.76900 -1.32574
v -2.59186 12.88317 -1.26165
v -2.48447 13.22171 -1.19775
v -2.40086 13.27810 -0.93698
v -2.41934 13.26564 -0.65827
v -2.53623 13.18679 -0.41684
v -2.72840 13.05717 -0.26049
v -2.95777 12.90246 -0.22020
v -3.17892 12.75329 -0.30394
v -3.34805 12.63921 -0.49513
v -3.43166 12.58282 -0.75591
v -3.41318 12.59528 -1.03461
v -3.29629 12.67413 -1.27604
v -3.10412 12.80375 -1.43239
v -2.87475 12.95846 -1.47268
v -2.65360 13.10763 -1.38894
v -2.59441 13.46144 -1.22669
v -2.50392 13.52248 -0.94444
v -2.52391 13.50899 -0.64277
v -2.65044 13.42365 -0.38144
v -2.85844 13.28335 -0.21222
v -3.10671 13.11589 -0.16860
v -3.34608 12.95443 -0.25925
v -3.52914 12.83095 -0.46619
v -3.61964 12.76991 -0.74845
v -3.59964 12.78340 -1.05011
v -3.47311 12.86875 -1.31144
v -3.26512 13.00904 -1.48067
v -3.01684 13.17650 -1.52428
v -2.77747 13.33796 -1.43364
v -2.77550 13.65318 -1.19775
v -2.69190 13.70957 -0.93698
v -2.71037 13.69711 -0.65827
v -2.82727 13.61826 -0.41684
v -3.01943 13.48865 -0.26049
v -3.24880 13.33393 -0.22020
v -3.46995 13.18476 -0.30394
v -3.63908 13.07069 -0.49513
v -3.72269 13.01429 -0.75591
v -3.70421 13.02675 -1.03461
v -3.58732 13.10560 -1.27604
v -3.39515 13.23522 -1.43239
v -3.16578 13.38993 -1.47268
v -2.94463 13.53910 -1.38894
v -3.00018 13.76773 -1.11532
v -2.93619 13.81090 -0.91573
v -2.95033 13.80136 -0.70242
v -3.03979 13.74101 -0.51764
v -3.18687 13.64181 -0.39798
v -3.36243 13.52339 -0.36714
v -3.53169 13.40923 -0.43123
v -3.66113 13.32191 -0.57756
v -3.72512 13.27875 -0.77715
v -3.71098 13.28829 -0.99046
v -3.62151 13.34864 -1.17524
v -3.47444 13.44784 -1.29491
v -3.29888 13.56625 -1.32574
v -3.12962 13.68042 -1.26165
v -3.23423 13.78767 -0.99196
v -3.19960 13.81103 -0.88394
v -3.20725 13.80586 -0.76850
v -3.25567 13.77320 -0.66849
v -3.33527 13.71952 -0.60373
v -3.43028 13.65543 -0.58704
v -3.52188 13.59364 -0.62173
v -3.59194 13.54639 -0.70092
v -3.62657 13.52303 -0.80894
v -3.61891 13.52819 -0.92438
v -3.57049 13.56085 -1.02439
v -3.49090 13.61454 -1.08915
v -3.39589 13.67863 -1.10584
v -3.30428 13.74041 -1.07115
v -3.44203 13.70994 -0.84644
v -3.28826 12.99343 -1.46915
v -3.43082 13.25316 -1.40748
v -3.50028 13.49170 -1.23469
v -3.48289 13.66181 -0.98501
v -3.38210 13.72980 -0.70787
v -3.21786 13.68220 -0.45819
v -3.02271 13.52843 -0.28540
v -2.83529 13.29896 -0.22373
v -2.69274 13.03923 -0.28540
v -2.62327 12.80069 -0.45819
v -2.64066 12.63058 -0.70787
v -2.74146 12.56259 -0.98501
v -2.90569 12.61019 -1.23469
v -3.10085 12.76396 -1.40748
v -2.80409 13.32000 -1.72536
v -2.94665 13.57973 -1.66369
v -3.01611 13.81828 -1.49090
v -2.99872 13.98839 -1.24122
v -2.89793 14.05637 -0.96409
v -2.73369 14.00877 -0.71440
v -2.53854 13.85501 -0.54161
v -2.35113 13.62554 -0.47994
v -2.20857 13.36581 -0.54161
v -2.13911 13.12726 -0.71440
v -2.15650 12.95715 -0.96409
v -2.25729 12.88917 -1.24122
v -2.42153 12.93677 -1.49090
v -2.61668 13.09053 -1.66369
v -3.06178 13.14620 -0.84644
v -2.57761 13.47277 -1.10265
v -2.68152 12.58245 -0.84644
v -2.53162 12.74600 -0.99196
v -2.49699 12.76936 -0.88394
v -2.50464 12.76420 -0.76850
v -2.55306 12.73154 -0.66849
v -2.63265 12.67785 -0.60373
v -2.72766 12.61377 -0.58704
v -2.81927 12.55198 -0.62173
v -2.88932 12.50472 -0.70092
v -2.92395 12.48137 -0.80894
v -2.91630 12.48653 -0.92438
v -2.86788 12.51919 -1.02439
v -2.78828 12.57288 -1.08915
v -2.69328 12.63696 -1.10584
v -2.60167 12.69875 -1.07115
v -2.46242 12.97048 -1.11532
v -2.39843 13.01364 -0.91573
v -2.41257 13.00410 -0.70242
v -2.50204 12.94375 -0.51764
v -2.64911 12.84455 -0.39798
v -2.82467 12.72614 -0.36714
v -2.99393 12.61197 -0.43123
v -3.12338 12.52466 -0.57756
v -3.18737 12.48150 -0.77715
v -3.17323 12.49103 -0.99046
v -3.08376 12.55138 -1.17524
v -2.93668 12.65058 -1.29491
v -2.76113 12.76900 -1.32574
v -2.59186 12.88317 -1.26165
v -2.48447 13.22171 -1.19775
v -2.40086 13.27810 -0.93698
v -2.41934 13.26564 -0.65827
v -2.53623 13.18679 -0.41684
v -2.72840 13.05717 -0.26049
v -2.95777 12.90246 -0.22020
v -3.17892 12.75329 -0.30394
v -3.34805 12.63921 -0.49513
v -3.43166 12.58282 -0.75591
v -3.41318 12.59528 -1.03461
v -3.29629 12.67413 -1.27604
v -3.10412 12.80375 -1.43239
v -2.87475 12.95846 -1.47268
v -2.65360 13.10763 -1.38894
v -2.59441 13.46144 -1.22669
v -2.50392 13.52248 -0.94444
v -2.52391 13.50899 -0.64277
v -2.65044 13.42365 -0.38144
v -2.85844 13.28335 -0.21222
v -3.10671 13.11589 -0.16860
v -3.34608 12.95443 -0.25925
v -3.52914 12.83095 -0.46619
v -3.61964 12.76991 -0.74845
v -3.59964 12.78340 -1.05011
v -3.47311 12.86875 -1.31144
v -3.26512 13.00904 -1.48067
v -3.01684 13.17650 -1.52428
v -2.77747 13.33796 -1.43364
v -2.77550 13.65318 -1.19775
v -2.69190 13.70957 -0.93698
v -2.71037 13.69711 -0.65827
v -2.82727 13.61826 -0.41684
v -3.01943 13.48865 -0.26049
v -3.24880 13.33393 -0.22020
v -3.46995 13.18476 -0.30394
v -3.63908 13.07069 -0.49513
v -3.72269 13.01429 -0.75591
v -3.70421 13.02675 -1.03461
v -3.58732 13.10560 -1.27604
v -3.39515 13.23522 -1.43239
v -3.16578 13.38993 -1.47268
v -2.94463 13.53910 -1.38894
v -3.00018 13.76773 -1.11532
v -2.93619 13.81090 -0.91573
v -2.95033 13.80136 -0.70242
v -3.03979 13.74101 -0.51764
v -3.18687 13.64181 -0.39798
v -3.36243 13.52339 -0.36714
v -3.53169 13.40923 -0.43123
v -3.66113 13.32191 -0.57756
v -3.72512 13.27875 -0.77715
v -3.71098 13.28829 -0.99046
v -3.62151 13.34864 -1.17524
v -3.47444 13.44784 -1.29491
v -3.29888 13.56625 -1.32574
v -3.12962 13.68042 -1.26165
v -3.23423 13.78767 -0.99196
v -3.19960 13.81103 -0.88394
v -3.20725 13.80586 -0.76850
v -3.25567 13.77320 -0.66849
v -3.33527 13.71952 -0.60373
v -3.43028 13.65543 -0.58704
v -3.52188 13.59364 -0.62173
v -3.59194 13.54639 -0.70092
v -3.62657 13.52303 -0.80894
v -3.61891 13.52819 -0.92438
v -3.57049 13.56085 -1.02439
v -3.49090 13.61454 -1.08915
v -3.39589 13.67863 -1.10584
v -3.30428 13.74041 -1.07115
v -3.44203 13.70994 -0.84644
v -2.19736 12.90902 -1.10265
v -2.04745 13.07258 -1.24817
v -2.01282 13.09593 -1.14015
v -2.02047 13.09077 -1.02471
v -2.06889 13.05811 -0.92470
v -2.14849 13.00442 -0.85994
v -2.24350 12.94034 -0.84325
v -2.33510 12.87855 -0.87794
v -2.40516 12.83130 -0.95714
v -2.43979 12.80794 -1.06515
v -2.43214 12.81310 -1.18059
v -2.38372 12.84576 -1.28060
v -2.30412 12.89945 -1.34536
v -2.20911 12.96353 -1.36205
v -2.11751 13.02532 -1.32736
v -1.97825 13.29705 -1.37153
v -1.91426 13.34021 -1.17194
v -1.92840 13.33068 -0.95863
v -2.01787 13.27033 -0.77385
v -2.16495 13.17112 -0.65419
v -2.34050 13.05271 -0.62335
v -2.50977 12.93854 -0.68744
v -2.63921 12.85123 -0.83377
v -2.70320 12.80807 -1.03336
v -2.68906 12.81761 -1.24667
v -2.59959 12.87795 -1.43145
v -2.45251 12.97716 -1.55112
v -2.27696 13.09557 -1.58195
v -2.10770 13.20974 -1.51786
v -2.00030 13.54828 -1.45396
v -1.91670 13.60467 -1.19319
v -1.93517 13.59221 -0.91448
v -2.05207 13.51336 -0.67305
v -2.24423 13.38375 -0.51670
v -2.47361 13.22903 -0.47641
v -2.69476 13.07987 -0.56015
v -2.86388 12.96579 -0.75134
v -2.94749 12.90939 -1.01212
v -2.92902 12.92186 -1.29082
v -2.81212 13.00070 -1.53225
v -2.61996 13.13032 -1.68860
v -2.39058 13.28503 -1.72889
v -2.16943 13.43420 -1.64515
v -2.11024 13.78801 -1.48290
v -2.01975 13.84905 -1.20065
v -2.03975 13.83556 -0.89898
v -2.16627 13.75022 -0.63765
v -2.37427 13.60992 -0.46843
v -2.62254 13.44246 -0.42481
v -2.86191 13.28100 -0.51546
v -3.04498 13.15753 -0.72240
v -3.13547 13.09649 -1.00466
v -3.11547 13.10998 -1.30632
v -2.98895 13.19532 -1.56765
v -2.78095 13.33562 -1.73688
v -2.53268 13.50308 -1.78049
v -2.29331 13.66454 -1.68985
v -2.29134 13.97975 -1.45396
v -2.20773 14.03615 -1.19319
v -2.22620 14.02368 -0.91448
v -2.34310 13.94484 -0.67305
v -2.53526 13.81522 -0.51670
v -2.76464 13.66051 -0.47641
v -2.98579 13.51134 -0.56015
v -3.15492 13.39726 -0.75134
v -3.23852 13.34087 -1.01212
v -3.22005 13.35333 -1.29082
v -3.10315 13.43218 -1.53225
v -2.91099 13.56179 -1.68860
v -2.68161 13.71651 -1.72889
v -2.46046 13.86567 -1.64515
v -2.51601 14.09431 -1.37153
v -2.45202 14.13747 -1.17194
v -2.46616 14.12793 -0.95863
v -2.55563 14.06759 -0.77385
v -2.70271 13.96838 -0.65419
v -2.87826 13.84997 -0.62335
v -3.04752 13.73580 -0.68744
v -3.17697 13.64849 -0.83377
v -3.24096 13.60533 -1.03336
v -3.22682 13.61486 -1.24667
v -3.13735 13.67521 -1.43145
v -2.99027 13.77442 -1.55112
v -2.81472 13.89283 -1.58195
v -2.64546 14.00700 -1.51786
v -2.75006 14.11424 -1.24817
v -2.71543 14.13760 -1.14015
v -2.72308 14.13244 -1.02471
v -2.77150 14.09978 -0.92470
v -2.85110 14.04609 -0.85994
v -2.94611 13.98201 -0.84325
v -3.03771 13.92022 -0.87794
v -3.10777 13.87296 -0.95714
v -3.14240 13.84961 -1.06515
v -3.13475 13.85477 -1.18059
v -3.08633 13.88743 -1.28060
v -3.00673 13.94112 -1.34536
v -2.91172 14.00520 -1.36205
v -2.82012 14.06699 -1.32736
v -2.95786 14.03652 -1.10265
v -2.82970 13.30273 -1.71088
v -2.96972 13.56417 -1.65064
v -3.03208 13.80751 -1.48187
v -3.00442 13.98454 -1.23799
v -2.89223 14.06022 -0.96731
v -2.71773 14.01954 -0.72343
v -2.51547 13.87057 -0.55466
v -2.32552 13.64281 -0.49443
v -2.18550 13.38137 -0.55466
v -2.12314 13.13803 -0.72343
v -2.15080 12.96100 -0.96731
v -2.26299 12.88532 -1.23799
v -2.43749 12.92600 -1.48187
v -2.63975 13.07497 -1.65064
v -2.35680 13.62171 -1.99606
v -2.49682 13.88315 -1.93582
v -2.55918 14.12648 -1.76705
v -2.53152 14.30352 -1.52317
v -2.41933 14.37920 -1.25249
v -2.24482 14.33852 -1.00861
v -2.04256 14.18955 -0.83984
v -1.85262 13.96179 -0.77961
v -1.71260 13.70035 -0.83984
v -1.65024 13.45701 -1.00861
v -1.67789 13.27997 -1.25249
v -1.79009 13.20430 -1.52317
v -1.96459 13.24498 -1.76705
v -2.16685 13.39395 -1.93582
v -2.57761 13.47277 -1.10265
v -2.10471 13.79175 -1.38783
v -2.19736 12.90902 -1.10265
v -2.04745 13.07258 -1.24817
v -2.01282 13.09593 -1.14015
v -2.02047 13.09077 -1.02471
v -2.06889 13.05811 -0.92470
v -2.14849 13.00442 -0.85994
v -2.24350 12.94034 -0.84325
v -2.33510 12.87855 -0.87794
v -2.40516 12.83130 -0.95714
v -2.43979 12.80794 -1.06515
v -2.43214 12.81310 -1.18059
v -2.38372 12.84576 -1.28060
v -2.30412 12.89945 -1.34536
v -2.20911 12.96353 -1.36205
v -2.11751 13.02532 -1.32736
v -1.97825 13.29705 -1.37153
v -1.91426 13.34021 -1.17194
v -1.92840 13.33068 -0.95863
v -2.01787 13.27033 -0.77385
v -2.16495 13.17112 -0.65419
v -2.34050 13.05271 -0.62335
v -2.50977 12.93854 -0.68744
v -2.63921 12.85123 -0.83377
v -2.70320 12.80807 -1.03336
v -2.68906 12.81761 -1.24667
v -2.59959 12.87795 -1.43145
v -2.45251 12.97716 -1.55112
v -2.27696 13.09557 -1.58195
v -2.10770 13.20974 -1.51786
v -2.00030 13.54828 -1.45396
v -1.91670 13.60467 -1.19319
v -1.93517 13.59221 -0.91448
v -2.05207 13.51336 -0.67305
v -2.24423 13.38375 -0.51670
v -2.47361 13.22903 -0.47641
v -2.69476 13.07987 -0.56015
v -2.86388 12.96579 -0.75134
v -2.94749 12.90939 -1.01212
v -2.92902 12.92186 -1.29082
v -2.81212 13.00070 -1.53225
v -2.61996 13.13032 -1.68860
v -2.39058 13.28503 -1.72889
v -2.16943 13.43420 -1.64515
v -2.11024 13.78801 -1.48290
v -2.01975 13.84905 -1.20065
v -2.03975 13.83556 -0.89898
v -2.16627 13.75022 -0.63765
v -2.37427 13.60992 -0.46843
v -2.62254 13.44246 -0.42481
v -2.86191 13.28100 -0.51546
v -3.04498 13.15753 -0.72240
v -3.13547 13.09649 -1.00466
v -3.11547 13.10998 -1.30632
v -2.98895 13.19532 -1.56765
v -2.78095 13.33562 -1.73688
v -2.53268 13.50308 -1.78049
v -2.29331 13.66454 -1.68985
v -2.29134 13.97975 -1.45396
v -2.20773 14.03615 -1.19319
v -2.22620 14.02368 -0.91448
v -2.34310 13.94484 -0.67305
v -2.53526 13.81522 -0.51670
v -2.76464 13.66051 -0.47641
v -2.98579 13.51134 -0.56015
v -3.15492 13.39726 -0.75134
v -3.23852 13.34087 -1.01212
v -3.22005 13.35333 -1.29082
v -3.10315 13.43218 -1.53225
v -2.91099 13.56179 -1.68860
v -2.68161 13.71651 -1.72889
v -2.46046 13.86567 -1.64515
v -2.51601 14.09431 -1.37153
v -2.45202 14.13747 -1.17194
v -2.46616 14.12793 -0.95863
v -2.55563 14.06759 -0.77385
v -2.70271 13.96838 -0.65419
v -2.87826 13.84997 -0.62335
v -3.04752 13.73580 -0.68744
v -3.17697 13.64849 -0.83377
v -3.24096 13.60533 -1.03336
v -3.22682 13.61486 -1.24667
v -3.13735 13.67521 -1.43145
v -2.99027 13.77442 -1.55112
v -2.81472 13.89283 -1.58195
v -2.64546 14.00700 -1.51786
v -2.75006 14.11424 -1.24817
v -2.71543 14.13760 -1.14015
v -2.72308 14.13244 -1.02471
v -2.77150 14.09978 -0.92470
v -2.85110 14.04609 -0.85994
v -2.94611 13.98201 -0.84325
v -3.03771 13.92022 -0.87794
v -3.10777 13.87296 -0.95714
v -3.14240 13.84961 -1.06515
v -3.13475 13.85477 -1.18059
v -3.08633 13.88743 -1.28060
v -3.00673 13.94112 -1.34536
v -2.91172 14.00520 -1.36205
v -2.82012 14.06699 -1.32736
v -2.95786 14.03652 -1.10265
v -1.72446 13.22800 -1.38783
v -1.57455 13.39155 -1.53335
v -1.53992 13.41491 -1.42533
v -1.54757 13.40975 -1.30989
v -1.59599 13.37709 -1.20988
v -1.67559 13.32340 -1.14512
v -1.77060 13.25932 -1.12843
v -1.86220 13.19753 -1.16312
v -1.93225 13.15028 -1.24232
v -1.96689 13.12692 -1.35033
v -1.95923 13.13208 -1.46577
v -1.91081 13.16474 -1.56578
v -1.83122 13.21843 -1.63054
v -1.73621 13.28251 -1.64723
v -1.64460 13.34430 -1.61254
v -1.50535 13.61603 -1.65671
v -1.44136 13.65919 -1.45712
v -1.45550 13.64965 -1.24381
v -1.54497 13.58931 -1.05903
v -1.69205 13.49010 -0.93937
v -1.86760 13.37169 -0.90853
v -2.03686 13.25752 -0.97262
v -2.16631 13.17021 -1.11895
v -2.23030 13.12705 -1.31854
v -2.21616 13.13658 -1.53185
v -2.12669 13.19693 -1.71663
v -1.97961 13.29614 -1.83630
v -1.80406 13.41455 -1.86713
v -1.63480 13.52872 -1.80304
v -1.52740 13.86726 -1.73914
v -1.44380 13.92365 -1.47837
v -1.46227 13.91119 -1.19966
v -1.57917 13.83234 -0.95823
v -1.77133 13.70273 -0.80188
v -2.00070 13.54801 -0.76159
v -2.22185 13.39884 -0.84533
v -2.39098 13.28476 -1.03653
v -2.47459 13.22837 -1.29730
v -2.45611 13.24083 -1.57600
v -2.33922 13.31968 -1.81743
v -2.14705 13.44930 -1.97378
v -1.91768 13.60401 -2.01407
v -1.69653 13.75318 -1.93033
v -1.63734 14.10699 -1.76808
v -1.54685 14.16803 -1.48583
v -1.56684 14.15454 -1.18416
v -1.69337 14.06920 -0.92283
v -1.90137 13.92890 -0.75361
v -2.14964 13.76144 -0.70999
v -2.38901 13.59998 -0.80064
v -2.57207 13.47650 -1.00758
v -2.66257 13.41546 -1.28984
v -2.64257 13.42895 -1.59150
v -2.51604 13.51430 -1.85283
v -2.30805 13.65459 -2.02206
v -2.05978 13.82205 -2.06567
v -1.82040 13.98351 -1.97503
v -1.81843 14.29873 -1.73914
v -1.73483 14.35512 -1.47837
v -1.75330 14.34266 -1.19966
v -1.87020 14.26381 -0.95823
v -2.06236 14.13420 -0.80188
v -2.29173 13.97948 -0.76159
v -2.51289 13.83032 -0.84533
v -2.68201 13.71624 -1.03653
v -2.76562 13.65984 -1.29730
v -2.74715 13.67230 -1.57600
v -2.63025 13.75115 -1.81743
v -2.43808 13.88077 -1.97378
v -2.20871 14.03548 -2.01407
v -1.98756 14.18465 -1.93033
v -2.04311 14.41329 -1.65671
v -1.97912 14.45645 -1.45712
v -1.99326 14.44691 -1.24381
v -2.08273 14.38656 -1.05903
v -2.22980 14.28736 -0.93937
v -2.40536 14.16895 -0.90853
v -2.57462 14.05478 -0.97262
v -2.70406 13.96747 -1.11895
v -2.76805 13.92430 -1.31854
v -2.75391 13.93384 -1.53185
v -2.66445 13.99419 -1.71663
v -2.51737 14.09339 -1.83630
v -2.34181 14.21181 -1.86713
v -2.17255 14.32597 -1.80304
v -2.27716 14.43322 -1.53335
v -2.24253 14.45658 -1.42533
v -2.25018 14.45142 -1.30989
v -2.29860 14.41876 -1.20988
v -2.37820 14.36507 -1.14512
v -2.47321 14.30098 -1.12843
v -2.56481 14.23919 -1.16312
v -2.63487 14.19194 -1.24232
v -2.66950 14.16858 -1.35033
v -2.66185 14.17374 -1.46577
v -2.61343 14.20640 -1.56578
v -2.53383 14.26009 -1.63054
v -2.43882 14.32418 -1.64723
v -2.34722 14.38597 -1.61254
v -2.48496 14.35549 -1.38783
v -4.35228 12.27574 -2.23901
v -4.49072 12.51731 -2.17898
v -4.56807 12.73374 -2.01075
v -4.56901 12.88218 -1.76766
v -4.49335 12.93321 -1.49785
v -4.35608 12.87673 -1.25476
v -4.18439 12.72394 -1.08653
v -4.01227 12.50508 -1.02650
v -3.87383 12.26351 -1.08653
v -3.79647 12.04708 -1.25476
v -3.79553 11.89865 -1.49785
v -3.87119 11.84761 -1.76766
v -4.00846 11.90409 -2.01075
v -4.18016 12.05689 -2.17898
v -3.97759 12.52847 -2.39188
v -4.11603 12.77004 -2.33184
v -4.19339 12.98647 -2.16362
v -4.19433 13.13491 -1.92053
v -4.11867 13.18594 -1.65072
v -3.98140 13.12946 -1.40763
v -3.80970 12.97666 -1.23940
v -3.63758 12.75781 -1.17936
v -3.49914 12.51624 -1.23940
v -3.42179 12.29981 -1.40763
v -3.42085 12.15138 -1.65072
v -3.49650 12.10034 -1.92053
v -3.63378 12.15682 -2.16362
v -3.80547 12.30962 -2.33184
v -4.18227 12.39041 -1.63276
v -3.80759 12.64314 -1.78562
v -3.82439 11.85983 -1.63276
v -3.68330 12.01376 -1.76971
v -3.65071 12.03574 -1.66805
v -3.65791 12.03088 -1.55940
v -3.70348 12.00015 -1.46528
v -3.77839 11.94961 -1.40433
v -3.86782 11.88930 -1.38862
v -3.95403 11.83115 -1.42126
v -4.01996 11.78667 -1.49580
v -4.05256 11.76469 -1.59746
v -4.04536 11.76955 -1.70611
v -3.99978 11.80029 -1.80023
v -3.92487 11.85082 -1.86119
v -3.83545 11.91113 -1.87689
v -3.74923 11.96928 -1.84425
v -3.61817 12.22503 -1.88582
v -3.55795 12.26565 -1.69797
v -3.57126 12.25668 -1.49721
v -3.65546 12.19988 -1.32329
v -3.79389 12.10651 -1.21067
v -3.95911 11.99506 -1.18165
v -4.11842 11.88761 -1.24197
v -4.24025 11.80543 -1.37969
v -4.30047 11.76481 -1.56754
v -4.28717 11.77379 -1.76830
v -4.20296 11.83058 -1.94222
v -4.06454 11.92395 -2.05484
v -3.89931 12.03540 -2.08386
v -3.74000 12.14285 -2.02354
v -3.63893 12.46148 -1.96340
v -3.56024 12.51456 -1.71797
v -3.57763 12.50283 -1.45566
v -3.68765 12.42862 -1.22842
v -3.86851 12.30663 -1.08128
v -4.08439 12.16101 -1.04335
v -4.29253 12.02062 -1.12217
v -4.45171 11.91325 -1.30211
v -4.53040 11.86018 -1.54755
v -4.51301 11.87190 -1.80985
v -4.40299 11.94611 -2.03709
v -4.22213 12.06810 -2.18424
v -4.00625 12.21372 -2.22216
v -3.79811 12.35411 -2.14334
v -3.74240 12.68711 -1.99064
v -3.65723 12.74456 -1.72499
v -3.67605 12.73186 -1.44106
v -3.79513 12.65154 -1.19511
v -3.99089 12.51950 -1.03584
v -4.22456 12.36189 -0.99479
v -4.44985 12.20993 -1.08010
v -4.62215 12.09371 -1.27487
v -4.70732 12.03626 -1.54053
v -4.68850 12.04896 -1.82445
v -4.56941 12.12928 -2.07040
v -4.37365 12.26132 -2.22967
v -4.13998 12.41894 -2.27072
v -3.91469 12.57090 -2.18541
v -3.91284 12.86757 -1.96340
v -3.83415 12.92065 -1.71797
v -3.85154 12.90892 -1.45566
v -3.96156 12.83471 -1.22842
v -4.14242 12.71272 -1.08128
v -4.35830 12.56710 -1.04335
v -4.56644 12.42671 -1.12217
v -4.72562 12.31934 -1.30211
v -4.80431 12.26627 -1.54755
v -4.78692 12.27800 -1.80985
v -4.67690 12.35220 -2.03709
v -4.49604 12.47420 -2.18424
v -4.28016 12.61981 -2.22216
v -4.07202 12.76020 -2.14334
v -4.12430 12.97539 -1.88582
v -4.06407 13.01601 -1.69797
v -4.07738 13.00703 -1.49721
v -4.16158 12.95024 -1.32329
v -4.30001 12.85687 -1.21067
v -4.46524 12.74542 -1.18165
v -4.62454 12.63797 -1.24197
v -4.74637 12.55579 -1.37969
v -4.80660 12.51517 -1.56754
v -4.79329 12.52415 -1.76830
v -4.70909 12.58094 -1.94222
v -4.57066 12.67431 -2.05484
v -4.40543 12.78576 -2.08386
v -4.24613 12.89321 -2.02354
v -4.34458 12.99415 -1.76971
v -4.31199 13.01613 -1.66805
v -4.31919 13.01128 -1.55940
v -4.36476 12.98054 -1.46528
v -4.43968 12.93001 -1.40433
v -4.52910 12.86969 -1.38862
v -4.61531 12.81154 -1.42126
v -4.68125 12.76707 -1.49580
v -4.71384 12.74508 -1.59746
v -4.70664 12.74994 -1.70611
v -4.66107 12.78068 -1.80023
v -4.58615 12.83121 -1.86119
v -4.49673 12.89152 -1.87689
v -4.41052 12.94968 -1.84425
v -4.54016 12.92100 -1.63276
v -3.44970 12.11256 -1.78562
v -3.30861 12.26649 -1.92258
v -3.27602 12.28847 -1.82092
v -3.28322 12.28361 -1.71227
v -3.32879 12.25288 -1.61814
v -3.40371 12.20234 -1.55719
v -3.49313 12.14203 -1.54149
v -3.57934 12.08388 -1.57413
v -3.64528 12.03940 -1.64867
v -3.67787 12.01742 -1.75033
v -3.67067 12.02228 -1.85898
v -3.62510 12.05301 -1.95310
v -3.55018 12.10355 -2.01405
v -3.46076 12.16386 -2.02976
v -3.37455 12.22201 -1.99712
v -3.24349 12.47776 -2.03869
v -3.18326 12.51838 -1.85084
v -3.19657 12.50941 -1.65008
v -3.28077 12.45261 -1.47616
v -3.41920 12.35924 -1.36354
v -3.58443 12.24779 -1.33452
v -3.74373 12.14034 -1.39484
v -3.86556 12.05816 -1.53256
v -3.92579 12.01754 -1.72041
v -3.91248 12.02652 -1.92117
v -3.82827 12.08331 -2.09509
v -3.68985 12.17668 -2.20771
v -3.52462 12.28813 -2.23673
v -3.36532 12.39558 -2.17641
v -3.26424 12.71421 -2.11626
v -3.18555 12.76728 -1.87083
v -3.20294 12.75556 -1.60852
v -3.31296 12.68135 -1.38129
v -3.49382 12.55936 -1.23414
v -3.70970 12.41374 -1.19622
v -3.91784 12.27335 -1.27504
v -4.07702 12.16598 -1.45498
v -4.15571 12.11291 -1.70041
v -4.13832 12.12463 -1.96272
v -4.02830 12.19884 -2.18995
v -3.84744 12.32083 -2.33710
v -3.63156 12.46645 -2.37503
v -3.42342 12.60684 -2.29621
v -3.36771 12.93984 -2.14351
v -3.28254 12.99729 -1.87785
v -3.30136 12.98459 -1.59393
v -3.42044 12.90427 -1.34798
v -3.61621 12.77223 -1.18871
v -3.84987 12.61462 -1.14766
v -4.07517 12.46266 -1.23297
v -4.24746 12.34644 -1.42774
v -4.33263 12.28899 -1.69339
v -4.31381 12.30169 -1.97731
v -4.19473 12.38201 -2.22327
v -3.99896 12.51405 -2.38254
v -3.76530 12.67166 -2.42359
v -3.54001 12.82363 -2.33828
v -3.53815 13.12030 -2.11626
v -3.45946 13.17338 -1.87083
v -3.47685 13.16165 -1.60852
v -3.58687 13.08744 -1.38129
v -3.76773 12.96545 -1.23414
v -3.98361 12.81983 -1.19622
v -4.19175 12.67944 -1.27504
v -4.35093 12.57207 -1.45498
v -4.42962 12.51900 -1.70041
v -4.41223 12.53072 -1.96272
v -4.30221 12.60493 -2.18995
v -4.12135 12.72693 -2.33710
v -3.90547 12.87254 -2.37503
v -3.69733 13.01293 -2.29621
v -3.74961 13.22812 -2.03869
v -3.68938 13.26874 -1.85084
v -3.70269 13.25976 -1.65008
v -3.78690 13.20297 -1.47616
v -3.92532 13.10960 -1.36354
v -4.09055 12.99815 -1.33452
v -4.24986 12.89070 -1.39484
v -4.37169 12.80852 -1.53256
v -4.43191 12.76790 -1.72041
v -4.41860 12.77688 -1.92117
v -4.33440 12.83367 -2.09509
v -4.19597 12.92704 -2.20771
v -4.03075 13.03849 -2.23673
v -3.87144 13.14594 -2.17641
v -3.96989 13.24688 -1.92258
v -3.93730 13.26886 -1.82092
v -3.94450 13.26401 -1.71227
v -3.99007 13.23327 -1.61814
v -4.06499 13.18274 -1.55719
v -4.15441 13.12242 -1.54149
v -4.24063 13.06427 -1.57413
v -4.30656 13.01979 -1.64867
v -4.33915 12.99781 -1.75033
v -4.33195 13.00267 -1.85898
v -4.28638 13.03341 -1.95310
v -4.21146 13.08394 -2.01405
v -4.12204 13.14425 -2.02976
v -4.03583 13.20241 -1.99712
v -4.16547 13.17372 -1.78562
v -3.99827 12.51452 -2.38286
v -4.13467 12.75747 -2.32372
v -4.20628 12.97778 -2.15800
v -4.19893 13.13180 -1.91852
v -4.11407 13.18904 -1.65273
v -3.96850 13.13816 -1.41325
v -3.79107 12.98923 -1.24753
v -3.61690 12.77176 -1.18838
v -3.48051 12.52881 -1.24753
v -3.40889 12.30851 -1.41325
v -3.41624 12.15448 -1.65273
v -3.50111 12.09724 -1.91852
v -3.64667 12.14812 -2.15800
v -3.82411 12.29705 -2.32372
v -3.62916 12.76349 -2.55433
v -3.76555 13.00644 -2.49518
v -3.83717 13.22675 -2.32946
v -3.82981 13.38077 -2.08999
v -3.74495 13.43801 -1.82419
v -3.59939 13.38713 -1.58472
v -3.42195 13.23820 -1.41899
v -3.24779 13.02073 -1.35985
v -3.11139 12.77778 -1.41899
v -3.03978 12.55748 -1.58472
v -3.04713 12.40345 -1.82419
v -3.13199 12.34621 -2.08999
v -3.27756 12.39709 -2.32946
v -3.45499 12.54602 -2.49518
v -3.80759 12.64314 -1.78562
v -3.43847 12.89211 -1.95709
v -3.44970 12.11256 -1.78562
v -3.30861 12.26649 -1.92258
v -3.27602 12.28847 -1.82092
v -3.28322 12.28361 -1.71227
v -3.32879 12.25288 -1.61814
v -3.40371 12.20234 -1.55719
v -3.49313 12.14203 -1.54149
v -3.57934 12.08388 -1.57413
v -3.64528 12.03940 -1.64867
v -3.67787 12.01742 -1.75033
v -3.67067 12.02228 -1.85898
v -3.62510 12.05301 -1.95310
v -3.55018 12.10355 -2.01405
v -3.46076 12.16386 -2.02976
v -3.37455 12.22201 -1.99712
v -3.24349 12.47776 -2.03869
v -3.18326 12.51838 -1.85084
v -3.19657 12.50941 -1.65008
v -3.28077 12.45261 -1.47616
v -3.41920 12.35924 -1.36354
v -3.58443 12.24779 -1.33452
v -3.74373 12.14034 -1.39484
v -3.86556 12.05816 -1.53256
v -3.92579 12.01754 -1.72041
v -3.91248 12.02652 -1.92117
v -3.82827 12.08331 -2.09509
v -3.68985 12.17668 -2.20771
v -3.52462 12.28813 -2.23673
v -3.36532 12.39558 -2.17641
v -3.26424 12.71421 -2.11626
v -3.18555 12.76728 -1.87083
v -3.20294 12.75556 -1.60852
v -3.31296 12.68135 -1.38129
v -3.49382 12.55936 -1.23414
v -3.70970 12.41374 -1.19622
v -3.91784 12.27335 -1.27504
v -4.07702 12.16598 -1.45498
v -4.15571 12.11291 -1.70041
v -4.13832 12.12463 -1.96272
v -4.02830 12.19884 -2.18995
v -3.84744 12.32083 -2.33710
v -3.63156 12.46645 -2.37503
v -3.42342 12.60684 -2.29621
v -3.36771 12.93984 -2.14351
v -3.28254 12.99729 -1.87785
v -3.30136 12.98459 -1.59393
v -3.42044 12.90427 -1.34798
v -3.61621 12.77223 -1.18871
v -3.84987 12.61462 -1.14766
v -4.07517 12.46266 -1.23297
v -4.24746 12.34644 -1.42774
v -4.33263 12.28899 -1.69339
v -4.31381 12.30169 -1.97731
v -4.19473 12.38201 -2.22327
v -3.99896 12.51405 -2.38254
v -3.76530 12.67166 -2.42359
v -3.54001 12.82363 -2.33828
v -3.53815 13.12030 -2.11626
v -3.45946 13.17338 -1.87083
v -3.47685 13.16165 -1.60852
v -3.58687 13.08744 -1.38129
v -3.76773 12.96545 -1.23414
v -3.98361 12.81983 -1.19622
v -4.19175 12.67944 -1.27504
v -4.35093 12.57207 -1.45498
v -4.42962 12.51900 -1.70041
v -4.41223 12.53072 -1.96272
v -4.30221 12.60493 -2.18995
v -4.12135 12.72693 -2.33710
v -3.90547 12.87254 -2.37503
v -3.69733 13.01293 -2.29621
v -3.74961 13.22812 -2.03869
v -3.68938 13.26874 -1.85084
v -3.70269 13.25976 -1.65008
v -3.78690 13.20297 -1.47616
v -3.92532 13.10960 -1.36354
v -4.09055 12.99815 -1.33452
v -4.24986 12.89070 -1.39484
v -4.37169 12.80852 -1.53256
v -4.43191 12.76790 -1.72041
v -4.41860 12.77688 -1.92117
v -4.33440 12.83367 -2.09509
v -4.19597 12.92704 -2.20771
v -4.03075 13.03849 -2.23673
v -3.87144 13.14594 -2.17641
v -3.96989 13.24688 -1.92258
v -3.93730 13.26886 -1.82092
v -3.94450 13.26401 -1.71227
v -3.99007 13.23327 -1.61814
v -4.06499 13.18274 -1.55719
v -4.15441 13.12242 -1.54149
v -4.24063 13.06427 -1.57413
v -4.30656 13.01979 -1.64867
v -4.33915 12.99781 -1.75033
v -4.33195 13.00267 -1.85898
v -4.28638 13.03341 -1.95310
v -4.21146 13.08394 -2.01405
v -4.12204 13.14425 -2.02976
v -4.03583 13.20241 -1.99712
v -4.16547 13.17372 -1.78562
v -3.08059 12.36153 -1.95709
v -2.93950 12.51546 -2.09405
v -2.90691 12.53744 -1.99238
v -2.91411 12.53258 -1.88373
v -2.95968 12.50185 -1.78961
v -3.03459 12.45131 -1.72866
v -3.12401 12.39100 -1.71295
v -3.21023 12.33285 -1.74560
v -3.27616 12.28837 -1.82013
v -3.30876 12.26639 -1.92179
v -3.30156 12.27125 -2.03045
v -3.25598 12.30198 -2.12457
v -3.18107 12.35252 -2.18552
v -3.09165 12.41283 -2.20123
v -3.00543 12.47098 -2.16858
v -2.87437 12.72673 -2.21015
v -2.81415 12.76735 -2.02231
v -2.82746 12.75838 -1.82154
v -2.91166 12.70158 -1.64763
v -3.05009 12.60821 -1.53500
v -3.21531 12.49676 -1.50598
v -3.37462 12.38931 -1.56630
v -3.49645 12.30713 -1.70403
v -3.55667 12.26651 -1.89187
v -3.54337 12.27549 -2.09264
v -3.45916 12.33228 -2.26655
v -3.32074 12.42565 -2.37917
v -3.15551 12.53710 -2.40820
v -2.99620 12.64455 -2.34787
v -2.89513 12.96318 -2.28773
v -2.81644 13.01625 -2.04230
v -2.83383 13.00453 -1.77999
v -2.94384 12.93032 -1.55276
v -3.12471 12.80833 -1.40561
v -3.34059 12.66271 -1.36769
v -3.54873 12.52232 -1.44650
v -3.70791 12.41495 -1.62645
v -3.78660 12.36188 -1.87188
v -3.76921 12.37360 -2.13419
v -3.65919 12.44781 -2.36142
v -3.47833 12.56980 -2.50857
v -3.26245 12.71542 -2.54649
v -3.05430 12.85581 -2.46767
v -2.99860 13.18881 -2.31497
v -2.91343 13.24626 -2.04932
v -2.93225 13.23356 -1.76540
v -3.05133 13.15324 -1.51944
v -3.24709 13.02120 -1.36017
v -3.48076 12.86359 -1.31913
v -3.70605 12.71163 -1.40444
v -3.87835 12.59541 -1.59921
v -3.96352 12.53796 -1.86486
v -3.94470 12.55066 -2.14878
v -3.82561 12.63098 -2.39473
v -3.62985 12.76302 -2.55401
v -3.39618 12.92063 -2.59505
v -3.17089 13.07260 -2.50974
v -3.16904 13.36927 -2.28773
v -3.09035 13.42235 -2.04230
v -3.10774 13.41062 -1.77999
v -3.21776 13.33641 -1.55276
v -3.39862 13.21442 -1.40561
v -3.61450 13.06880 -1.36769
v -3.82264 12.92841 -1.44650
v -3.98182 12.82104 -1.62645
v -4.06051 12.76797 -1.87188
v -4.04312 12.77969 -2.13419
v -3.93310 12.85390 -2.36142
v -3.75224 12.97590 -2.50857
v -3.53636 13.12151 -2.54649
v -3.32822 13.26190 -2.46767
v -3.38050 13.47709 -2.21015
v -3.32027 13.51771 -2.02231
v -3.33358 13.50873 -1.82154
v -3.41778 13.45194 -1.64763
v -3.55621 13.35857 -1.53500
v -3.72144 13.24712 -1.50598
v -3.88074 13.13967 -1.56630
v -4.00257 13.05749 -1.70403
v -4.06280 13.01687 -1.89187
v -4.04949 13.02585 -2.09264
v -3.96528 13.08264 -2.26655
v -3.82686 13.17601 -2.37917
v -3.66163 13.28746 -2.40820
v -3.50233 13.39491 -2.34787
v -3.60078 13.49585 -2.09405
v -3.56819 13.51783 -1.99238
v -3.57539 13.51298 -1.88373
v -3.62096 13.48224 -1.78961
v -3.69588 13.43171 -1.72866
v -3.78530 13.37139 -1.71295
v -3.87151 13.31324 -1.74560
v -3.93745 13.26876 -1.82013
v -3.97004 13.24678 -1.92179
v -3.96284 13.25164 -2.03045
v -3.91727 13.28238 -2.12457
v -3.84235 13.33291 -2.18552
v -3.75293 13.39322 -2.20123
v -3.66672 13.45138 -2.16858
v -3.79636 13.42269 -1.95709
v -3.64951 12.74976 -2.54429
v -3.78389 12.99407 -2.48614
v -3.84986 13.21819 -2.32320
v -3.83434 13.37772 -2.08775
v -3.74042 13.44107 -1.82643
v -3.58670 13.39569 -1.59098
v -3.40361 13.25057 -1.42804
v -3.22743 13.03446 -1.36989
v -3.09305 12.79015 -1.42804
v -3.02709 12.56604 -1.59098
v -3.04260 12.40650 -1.82643
v -3.13652 12.34315 -2.08775
v -3.29025 12.38853 -2.32320
v -3.47333 12.53365 -2.48614
v -3.28661 12.99455 -2.73405
v -3.42099 13.23885 -2.67590
v -3.48695 13.46297 -2.51297
v -3.47144 13.62250 -2.27752
v -3.37752 13.68585 -2.01619
v -3.22379 13.64047 -1.78075
v -3.04071 13.49536 -1.61781
v -2.86453 13.27924 -1.55966
v -2.73015 13.03493 -1.61781
v -2.66418 12.81082 -1.78075
v -2.67970 12.65129 -2.01619
v -2.77362 12.58794 -2.27752
v -2.92734 12.63331 -2.51297
v -3.11043 12.77843 -2.67590
v -3.43847 12.89211 -1.95709
v -3.07557 13.13689 -2.14686
v -3.08059 12.36153 -1.95709
v -2.93950 12.51546 -2.09405
v -2.90691 12.53744 -1.99238
v -2.91411 12.53258 -1.88373
v -2.95968 12.50185 -1.78961
v -3.03459 12.45131 -1.72866
v -3.12401 12.39100 -1.71295
v -3.21023 12.33285 -1.74560
v -3.27616 12.28837 -1.82013
v -3.30876 12.26639 -1.92179
v -3.30156 12.27125 -2.03045
v -3.25598 12.30198 -2.12457
v -3.18107 12.35252 -2.18552
v -3.09165 12.41283 -2.20123
v -3.00543 12.47098 -2.16858
v -2.87437 12.72673 -2.21015
v -2.81415 12.76735 -2.02231
v -2.82746 12.75838 -1.82154
v -2.91166 12.70158 -1.64763
v -3.05009 12.60821 -1.53500
v -3.21531 12.49676 -1.50598
v -3.37462 12.38931 -1.56630
v -3.49645 12.30713 -1.70403
v -3.55667 12.26651 -1.89187
v -3.54337 12.27549 -2.09264
v -3.45916 12.33228 -2.26655
v -3.32074 12.42565 -2.37917
v -3.15551 12.53710 -2.40820
v -2.99620 12.64455 -2.34787
v -2.89513 12.96318 -2.28773
v -2.81644 13.01625 -2.04230
v -2.83383 13.00453 -1.77999
v -2.94384 12.93032 -1.55276
v -3.12471 12.80833 -1.40561
v -3.34059 12.66271 -1.36769
v -3.54873 12.52232 -1.44650
v -3.70791 12.41495 -1.62645
v -3.78660 12.36188 -1.87188
v -3.76921 12.37360 -2.13419
v -3.65919 12.44781 -2.36142
v -3.47833 12.56980 -2.50857
v -3.26245 12.71542 -2.54649
v -3.05430 12.85581 -2.46767
v -2.99860 13.18881 -2.31497
v -2.91343 13.24626 -2.04932
v -2.93225 13.23356 -1.76540
v -3.05133 13.15324 -1.51944
v -3.24709 13.02120 -1.36017
v -3.48076 12.86359 -1.31913
v -3.70605 12.71163 -1.40444
v -3.87835 12.59541 -1.59921
v -3.96352 12.53796 -1.86486
v -3.94470 12.55066 -2.14878
v -3.82561 12.63098 -2.39473
v -3.62985 12.76302 -2.55401
v -3.39618 12.92063 -2.59505
v -3.17089 13.07260 -2.50974
v -3.16904 13.36927 -2.28773
v -3.09035 13.42235 -2.04230
v -3.10774 13.41062 -1.77999
v -3.21776 13.33641 -1.55276
v -3.39862 13.21442 -1.40561
v -3.61450 13.06880 -1.36769
v -3.82264 12.92841 -1.44650
v -3.98182 12.82104 -1.62645
v -4.06051 12.76797 -1.87188
v -4.04312 12.77969 -2.13419
v -3.93310 12.85390 -2.36142
v -3.75224 12.97590 -2.50857
v -3.53636 13.12151 -2.54649
v -3.32822 13.26190 -2.46767
v -3.38050 13.47709 -2.21015
v -3.32027 13.51771 -2.02231
v -3.33358 13.50873 -1.82154
v -3.41778 13.45194 -1.64763
v -3.55621 13.35857 -1.53500
v -3.72144 13.24712 -1.50598
v -3.88074 13.13967 -1.56630
v -4.00257 13.05749 -1.70403
v -4.06280 13.01687 -1.89187
v -4.04949 13.02585 -2.09264
v -3.96528 13.08264 -2.26655
v -3.82686 13.17601 -2.37917
v -3.66163 13.28746 -2.40820
v -3.50233 13.39491 -2.34787
v -3.60078 13.49585 -2.09405
v -3.56819 13.51783 -1.99238
v -3.57539 13.51298 -1.88373
v -3.62096 13.48224 -1.78961
v -3.69588 13.43171 -1.72866
v -3.78530 13.37139 -1.71295
v -3.87151 13.31324 -1.74560
v -3.93745 13.26876 -1.82013
v -3.97004 13.24678 -1.92179
v -3.96284 13.25164 -2.03045
v -3.91727 13.28238 -2.12457
v -3.84235 13.33291 -2.18552
v -3.75293 13.39322 -2.20123
v -3.66672 13.45138 -2.16858
v -3.79636 13.42269 -1.95709
v -2.71768 12.60631 -2.14686
v -2.57659 12.76024 -2.28381
v -2.54400 12.78222 -2.18215
v -2.55120 12.77737 -2.07350
v -2.59677 12.74663 -1.97938
v -2.67169 12.69610 -1.91843
v -2.76111 12.63578 -1.90272
v -2.84732 12.57763 -1.93537
v -2.91326 12.53316 -2.00990
v -2.94585 12.51117 -2.11156
v -2.93865 12.51603 -2.22021
v -2.89308 12.54677 -2.31434
v -2.81816 12.59730 -2.37529
v -2.72874 12.65761 -2.39100
v -2.64253 12.71577 -2.35835
v -2.51147 12.97151 -2.39992
v -2.45124 13.01213 -2.21207
v -2.46455 13.00316 -2.01131
v -2.54876 12.94636 -1.83740
v -2.68718 12.85299 -1.72477
v -2.85241 12.74154 -1.69575
v -3.01171 12.63409 -1.75607
v -3.13354 12.55192 -1.89380
v -3.19377 12.51129 -2.08164
v -3.18046 12.52027 -2.28240
v -3.09626 12.57707 -2.45632
v -2.95783 12.67044 -2.56894
v -2.79260 12.78188 -2.59797
v -2.63330 12.88934 -2.53764
v -2.53222 13.20796 -2.47750
v -2.45353 13.26104 -2.23207
v -2.47092 13.24931 -1.96976
v -2.58094 13.17510 -1.74253
v -2.76180 13.05311 -1.59538
v -2.97768 12.90750 -1.55746
v -3.18582 12.76710 -1.63627
v -3.34500 12.65973 -1.81622
v -3.42369 12.60666 -2.06165
v -3.40630 12.61839 -2.32396
v -3.29628 12.69260 -2.55119
v -3.11542 12.81459 -2.69834
v -2.89954 12.96020 -2.73626
v -2.69140 13.10059 -2.65744
v -2.63569 13.43359 -2.50474
v -2.55052 13.49104 -2.23909
v -2.56934 13.47835 -1.95517
v -2.68843 13.39802 -1.70921
v -2.88419 13.26598 -1.54994
v -3.11786 13.10837 -1.50889
v -3.34315 12.95641 -1.59420
v -3.51544 12.84019 -1.78897
v -3.60061 12.78275 -2.05463
v -3.58179 12.79544 -2.33855
v -3.46271 12.87576 -2.58450
v -3.26695 13.00781 -2.74378
v -3.03328 13.16542 -2.78482
v -2.80799 13.31738 -2.69951
v -2.80613 13.61405 -2.47750
v -2.72744 13.66713 -2.23207
v -2.74483 13.65540 -1.96976
v -2.85485 13.58119 -1.74253
v -3.03571 13.45920 -1.59538
v -3.25159 13.31359 -1.55746
v -3.45974 13.17319 -1.63627
v -3.61891 13.06583 -1.81622
v -3.69760 13.01275 -2.06165
v -3.68021 13.02448 -2.32396
v -3.57020 13.09869 -2.55119
v -3.38933 13.22068 -2.69834
v -3.17345 13.36629 -2.73626
v -2.96531 13.50669 -2.65744
v -3.01759 13.72187 -2.39992
v -2.95737 13.76249 -2.21207
v -2.97067 13.75352 -2.01131
v -3.05488 13.69672 -1.83740
v -3.19330 13.60335 -1.72477
v -3.35853 13.49190 -1.69575
v -3.51784 13.38445 -1.75607
v -3.63967 13.30228 -1.89380
v -3.69989 13.26165 -2.08164
v -3.68658 13.27063 -2.28240
v -3.60238 13.32743 -2.45632
v -3.46395 13.42080 -2.56894
v -3.29873 13.53224 -2.59797
v -3.13942 13.63970 -2.53764
v -3.23788 13.74063 -2.28381
v -3.20528 13.76262 -2.18215
v -3.21248 13.75776 -2.07350
v -3.25806 13.72702 -1.97938
v -3.33297 13.67649 -1.91843
v -3.42239 13.61617 -1.90272
v -3.50861 13.55802 -1.93537
v -3.57454 13.51355 -2.00990
v -3.60713 13.49156 -2.11156
v -3.59993 13.49642 -2.22021
v -3.55436 13.52716 -2.31434
v -3.47945 13.57769 -2.37529
v -3.39003 13.63801 -2.39100
v -3.30381 13.69616 -2.35835
v -3.43345 13.66748 -2.14686
v -3.30660 12.98106 -2.72300
v -3.43900 13.22671 -2.66595
v -3.49942 13.45456 -2.50608
v -3.47589 13.61950 -2.27506
v -3.37307 13.68885 -2.01865
v -3.21133 13.64888 -1.78764
v -3.02270 13.50751 -1.62777
v -2.84454 13.29273 -1.57071
v -2.71214 13.04708 -1.62777
v -2.65172 12.81923 -1.78764
v -2.67525 12.65429 -2.01865
v -2.77807 12.58494 -2.27506
v -2.93981 12.62491 -2.50608
v -3.12844 12.76628 -2.66595
v -2.95052 13.22124 -2.93075
v -3.08292 13.46688 -2.87369
v -3.14334 13.69474 -2.71382
v -3.11981 13.85967 -2.48281
v -3.01699 13.92903 -2.22640
v -2.85525 13.88906 -1.99538
v -2.66662 13.74768 -1.83552
v -2.48846 13.53290 -1.77846
v -2.35606 13.28726 -1.83552
v -2.29564 13.05940 -1.99538
v -2.31917 12.89446 -2.22640
v -2.42199 12.82511 -2.48281
v -2.58373 12.86508 -2.71382
v -2.77236 13.00646 -2.87369
v -3.07557 13.13689 -2.14686
v -2.71949 13.37707 -2.35460
v -2.71768 12.60631 -2.14686
v -2.57659 12.76024 -2.28381
v -2.54400 12.78222 -2.18215
v -2.55120 12.77737 -2.07350
v -2.59677 12.74663 -1.97938
v -2.67169 12.69610 -1.91843
v -2.76111 12.63578 -1.90272
v -2.84732 12.57763 -1.93537
v -2.91326 12.53316 -2.00990
v -2.94585 12.51117 -2.11156
v -2.93865 12.51603 -2.22021
v -2.89308 12.54677 -2.31434
v -2.81816 12.59730 -2.37529
v -2.72874 12.65761 -2.39100
v -2.64253 12.71577 -2.35835
v -2.51147 12.97151 -2.39992
v -2.45124 13.01213 -2.21207
v -2.46455 13.00316 -2.01131
v -2.54876 12.94636 -1.83740
v -2.68718 12.85299 -1.72477
v -2.85241 12.74154 -1.69575
v -3.01171 12.63409 -1.75607
v -3.13354 12.55192 -1.89380
v -3.19377 12.51129 -2.08164
v -3.18046 12.52027 -2.28240
v -3.09626 12.57707 -2.45632
v -2.95783 12.67044 -2.56894
v -2.79260 12.78188 -2.59797
v -2.63330 12.88934 -2.53764
v -2.53222 13.20796 -2.47750
v -2.45353 13.26104 -2.23207
v -2.47092 13.24931 -1.96976
v -2.58094 13.17510 -1.74253
v -2.76180 13.05311 -1.59538
v -2.97768 12.90750 -1.55746
v -3.18582 12.76710 -1.63627
v -3.34500 12.65973 -1.81622
v -3.42369 12.60666 -2.06165
v -3.40630 12.61839 -2.32396
v -3.29628 12.69260 -2.55119
v -3.11542 12.81459 -2.69834
v -2.89954 12.96020 -2.73626
v -2.69140 13.10059 -2.65744
v -2.63569 13.43359 -2.50474
v -2.55052 13.49104 -2.23909
v -2.56934 13.47835 -1.95517
v -2.68843 13.39802 -1.70921
v -2.88419 13.26598 -1.54994
v -3.11786 13.10837 -1.50889
v -3.34315 12.95641 -1.59420
v -3.51544 12.84019 -1.78897
v -3.60061 12.78275 -2.05463
v -3.58179 12.79544 -2.33855
v -3.46271 12.87576 -2.58450
v -3.26695 13.00781 -2.74378
v -3.03328 13.16542 -2.78482
v -2.80799 13.31738 -2.69951
v -2.80613 13.61405 -2.47750
v -2.72744 13.66713 -2.23207
v -2.74483 13.65540 -1.96976
v -2.85485 13.58119 -1.74253
v -3.03571 13.45920 -1.59538
v -3.25159 13.31359 -1.55746
v -3.45974 13.17319 -1.63627
v -3.61891 13.06583 -1.81622
v -3.69760 13.01275 -2.06165
v -3.68021 13.02448 -2.32396
v -3.57020 13.09869 -2.55119
v -3.38933 13.22068 -2.69834
v -3.17345 13.36629 -2.73626
v -2.96531 13.50669 -2.65744
v -3.01759 13.72187 -2.39992
v -2.95737 13.76249 -2.21207
v -2.97067 13.75352 -2.01131
v -3.05488 13.69672 -1.83740
v -3.19330 13.60335 -1.72477
v -3.35853 13.49190 -1.69575
v -3.51784 13.38445 -1.75607
v -3.63967 13.30228 -1.89380
v -3.69989 13.26165 -2.08164
v -3.68658 13.27063 -2.28240
v -3.60238 13.32743 -2.45632
v -3.46395 13.42080 -2.56894
v -3.29873 13.53224 -2.59797
v -3.13942 13.63970 -2.53764
v -3.23788 13.74063 -2.28381
v -3.20528 13.76262 -2.18215
v -3.21248 13.75776 -2.07350
v -3.25806 13.72702 -1.97938
v -3.33297 13.67649 -1.91843
v -3.42239 13.61617 -1.90272
v -3.50861 13.55802 -1.93537
v -3.57454 13.51355 -2.00990
v -3.60713 13.49156 -2.11156
v -3.59993 13.49642 -2.22021
v -3.55436 13.52716 -2.31434
v -3.47945 13.57769 -2.37529
v -3.39003 13.63801 -2.39100
v -3.30381 13.69616 -2.35835
v -3.43345 13.66748 -2.14686
v -2.36161 12.84648 -2.35460
v -2.22052 13.00041 -2.49156
v -2.18793 13.02240 -2.38990
v -2.19513 13.01754 -2.28125
v -2.24070 12.98680 -2.18712
v -2.31561 12.93627 -2.12617
v -2.40503 12.87596 -2.11047
v -2.49125 12.81780 -2.14311
v -2.55718 12.77333 -2.21765
v -2.58978 12.75135 -2.31931
v -2.58258 12.75620 -2.42796
v -2.53700 12.78694 -2.52208
v -2.46209 12.83747 -2.58303
v -2.37267 12.89779 -2.59874
v -2.28645 12.95594 -2.56610
v -2.15539 13.21169 -2.60767
v -2.09517 13.25231 -2.41982
v -2.10848 13.24333 -2.21906
v -2.19268 13.18654 -2.04514
v -2.33111 13.09317 -1.93252
v -2.49633 12.98172 -1.90349
v -2.65564 12.87427 -1.96382
v -2.77747 12.79209 -2.10154
v -2.83769 12.75147 -2.28939
v -2.82439 12.76045 -2.49015
v -2.74018 12.81724 -2.66407
v -2.60176 12.91061 -2.77669
v -2.43653 13.02206 -2.80571
v -2.27722 13.12951 -2.74539
v -2.17615 13.44814 -2.68524
v -2.09746 13.50121 -2.43981
v -2.11485 13.48948 -2.17750
v -2.22487 13.41528 -1.95027
v -2.40573 13.29328 -1.80312
v -2.62161 13.14767 -1.76520
v -2.82975 13.00728 -1.84402
v -2.98893 12.89991 -2.02396
v -3.06762 12.84683 -2.26939
v -3.05023 12.85856 -2.53170
v -2.94021 12.93277 -2.75893
v -2.75935 13.05476 -2.90608
v -2.54347 13.20038 -2.94401
v -2.33533 13.34077 -2.86519
v -2.27962 13.67377 -2.71249
v -2.19445 13.73122 -2.44683
v -2.21327 13.71852 -2.16291
v -2.33235 13.63820 -1.91696
v -2.52811 13.50616 -1.75769
v -2.76178 13.34854 -1.71664
v -2.98707 13.19658 -1.80195
v -3.15937 13.08037 -1.99672
v -3.24454 13.02292 -2.26237
v -3.22572 13.03562 -2.54629
v -3.10663 13.11594 -2.79225
v -2.91087 13.24798 -2.95152
v -2.67720 13.40559 -2.99257
v -2.45191 13.55755 -2.90726
v -2.45006 13.85423 -2.68524
v -2.37137 13.90730 -2.43981
v -2.38876 13.89558 -2.17750
v -2.49878 13.82137 -1.95027
v -2.67964 13.69938 -1.80312
v -2.89552 13.55376 -1.76520
v -3.10366 13.41337 -1.84402
v -3.26284 13.30600 -2.02396
v -3.34153 13.25292 -2.26939
v -3.32414 13.26465 -2.53170
v -3.21412 13.33886 -2.75893
v -3.03326 13.46085 -2.90608
v -2.81738 13.60647 -2.94401
v -2.60924 13.74686 -2.86519
v -2.66152 13.96205 -2.60767
v -2.60129 14.00267 -2.41982
v -2.61460 13.99369 -2.21906
v -2.69880 13.93690 -2.04514
v -2.83723 13.84353 -1.93252
v -3.00246 13.73208 -1.90349
v -3.16176 13.62463 -1.96382
v -3.28359 13.54245 -2.10154
v -3.34382 13.50183 -2.28939
v -3.33051 13.51080 -2.49015
v -3.24630 13.56760 -2.66407
v -3.10788 13.66097 -2.77669
v -2.94265 13.77242 -2.80571
v -2.78335 13.87987 -2.74539
v -2.88180 13.98081 -2.49156
v -2.84921 14.00279 -2.38990
v -2.85641 13.99793 -2.28125
v -2.90198 13.96719 -2.18712
v -2.97690 13.91666 -2.12617
v -3.06632 13.85635 -2.11047
v -3.15253 13.79820 -2.14311
v -3.21847 13.75372 -2.21765
v -3.25106 13.73174 -2.31931
v -3.24386 13.73660 -2.42796
v -3.19829 13.76733 -2.52208
v -3.12337 13.81787 -2.58303
v -3.03395 13.87818 -2.59874
v -2.94774 13.93633 -2.56610
v -3.07738 13.90765 -2.35460
v -5.94023 11.20465 -2.86115
v -6.10434 11.47078 -2.79100
v -6.21478 11.69847 -2.59444
v -6.24968 11.84263 -2.31040
v -6.20212 11.87471 -1.99515
v -6.08153 11.78835 -1.71112
v -5.91179 11.60066 -1.51456
v -5.72652 11.34881 -1.44441
v -5.56241 11.08268 -1.51456
v -5.45197 10.85499 -1.71112
v -5.41707 10.71083 -1.99515
v -5.46463 10.67875 -2.31040
v -5.58522 10.76511 -2.59444
v -5.75496 10.95280 -2.79100
v -5.24509 11.67353 -3.01371
v -5.40920 11.93966 -2.94356
v -5.51964 12.16735 -2.74701
v -5.55454 12.31151 -2.46297
v -5.50698 12.34358 -2.14772
v -5.38639 12.25722 -1.86368
v -5.21665 12.06953 -1.66713
v -5.03138 11.81768 -1.59698
v -4.86727 11.55155 -1.66713
v -4.75683 11.32386 -1.86368
v -4.72194 11.17970 -2.14772
v -4.76949 11.14763 -2.46297
v -4.89008 11.23399 -2.74701
v -5.05982 11.42168 -2.94356
v -5.83337 11.27673 -2.15278
v -5.13824 11.74561 -2.30534
v -5.43075 10.67982 -2.15278
v -5.27203 10.85299 -2.30685
v -5.23536 10.87773 -2.19248
v -5.24346 10.87226 -2.07025
v -5.29473 10.83768 -1.96436
v -5.37901 10.78083 -1.89579
v -5.47961 10.71298 -1.87812
v -5.57660 10.64756 -1.91485
v -5.65078 10.59753 -1.99870
v -5.68744 10.57279 -2.11307
v -5.67934 10.57826 -2.23530
v -5.62807 10.61284 -2.34119
v -5.54379 10.66969 -2.40976
v -5.44320 10.73754 -2.42743
v -5.34620 10.80296 -2.39070
v -5.19876 11.09068 -2.43747
v -5.13101 11.13638 -2.22615
v -5.14598 11.12628 -2.00029
v -5.24071 11.06238 -1.80463
v -5.39644 10.95734 -1.67793
v -5.58232 10.83196 -1.64528
v -5.76154 10.71108 -1.71314
v -5.89860 10.61863 -1.86808
v -5.96635 10.57293 -2.07941
v -5.95138 10.58303 -2.30527
v -5.85665 10.64693 -2.50092
v -5.70092 10.75196 -2.62762
v -5.51504 10.87734 -2.66027
v -5.33582 10.99823 -2.59241
v -5.22211 11.35668 -2.52475
v -5.13358 11.41639 -2.24864
v -5.15315 11.40320 -1.95354
v -5.27692 11.31971 -1.69790
v -5.48039 11.18247 -1.53236
v -5.72325 11.01866 -1.48970
v -5.95741 10.86071 -1.57837
v -6.13649 10.73993 -1.78081
v -6.22501 10.68021 -2.05692
v -6.20545 10.69341 -2.35201
v -6.08168 10.77689 -2.60765
v -5.87821 10.91414 -2.77319
v -5.63534 11.07795 -2.81585
v -5.40118 11.23589 -2.72719
v -5.33852 11.61052 -2.55540
v -5.24270 11.67515 -2.25654
v -5.26387 11.66086 -1.93713
v -5.39784 11.57050 -1.66043
v -5.61807 11.42195 -1.48124
v -5.88095 11.24464 -1.43507
v -6.13440 11.07368 -1.53104
v -6.32823 10.94294 -1.75016
v -6.42405 10.87831 -2.04902
v -6.40288 10.89259 -2.36843
v -6.26891 10.98296 -2.64513
v -6.04867 11.13151 -2.82431
v -5.78580 11.30882 -2.87049
v -5.53235 11.47978 -2.77451
v -5.53026 11.81353 -2.52475
v -5.44174 11.87324 -2.24864
v -5.46130 11.86005 -1.95354
v -5.58507 11.77657 -1.69790
v -5.78854 11.63932 -1.53236
v -6.03140 11.47551 -1.48970
v -6.26556 11.31757 -1.57837
v -6.44464 11.19678 -1.78081
v -6.53316 11.13707 -2.05692
v -6.51360 11.15026 -2.35201
v -6.38983 11.23375 -2.60765
v -6.18636 11.37099 -2.77319
v -5.94350 11.53480 -2.81585
v -5.70934 11.69275 -2.72719
v -5.76815 11.93483 -2.43747
v -5.70040 11.98053 -2.22615
v -5.71537 11.97043 -2.00029
v -5.81010 11.90653 -1.80463
v -5.96583 11.80149 -1.67793
v -6.15171 11.67612 -1.64528
v -6.33093 11.55523 -1.71314
v -6.46799 11.46278 -1.86808
v -6.53574 11.41708 -2.07941
v -6.52077 11.42718 -2.30527
v -6.42604 11.49108 -2.50092
v -6.27031 11.59612 -2.62762
v -6.08443 11.72150 -2.66027
v -5.90521 11.84238 -2.59241
v -6.01597 11.95593 -2.30685
v -5.97930 11.98067 -2.19248
v -5.98741 11.97520 -2.07025
v -6.03867 11.94062 -1.96436
v -6.12295 11.88377 -1.89579
v -6.22355 11.81592 -1.87812
v -6.32054 11.75050 -1.91485
v -6.39472 11.70047 -1.99870
v -6.43139 11.67573 -2.11307
v -6.42328 11.68120 -2.23530
v -6.37202 11.71578 -2.34119
v -6.28774 11.77263 -2.40976
v -6.18714 11.84048 -2.42743
v -6.09015 11.90590 -2.39070
v -6.23599 11.87364 -2.15278
v -4.73562 11.14870 -2.30534
v -4.57689 11.32187 -2.45942
v -4.54022 11.34660 -2.34505
v -4.54833 11.34114 -2.22282
v -4.59959 11.30656 -2.11693
v -4.68387 11.24971 -2.04836
v -4.78447 11.18185 -2.03069
v -4.88146 11.11643 -2.06742
v -4.95564 11.06640 -2.15127
v -4.99231 11.04167 -2.26564
v -4.98421 11.04713 -2.38787
v -4.93294 11.08171 -2.49376
v -4.84866 11.13856 -2.56233
v -4.74806 11.20641 -2.58000
v -4.65107 11.27184 -2.54327
v -4.50363 11.55955 -2.59004
v -4.43587 11.60525 -2.37871
v -4.45084 11.59515 -2.15286
v -4.54557 11.53126 -1.95720
v -4.70130 11.42622 -1.83050
v -4.88718 11.30084 -1.79785
v -5.06640 11.17995 -1.86571
v -5.20346 11.08751 -2.02065
v -5.27121 11.04181 -2.23198
v -5.25624 11.05190 -2.45783
v -5.16151 11.11580 -2.65349
v -5.00578 11.22084 -2.78019
v -4.81990 11.34622 -2.81284
v -4.64068 11.46710 -2.74498
v -4.52697 11.82556 -2.67732
v -4.43845 11.88527 -2.40121
v -4.45801 11.87207 -2.10611
v -4.58178 11.78859 -1.85047
v -4.78525 11.65135 -1.68493
v -5.02812 11.48753 -1.64227
v -5.26228 11.32959 -1.73094
v -5.44135 11.20880 -1.93337
v -5.52988 11.14909 -2.20948
v -5.51031 11.16228 -2.50458
v -5.38654 11.24577 -2.76022
v -5.18307 11.38301 -2.92576
v -4.94021 11.54683 -2.96842
v -4.70605 11.70477 -2.87975
v -4.64338 12.07939 -2.70796
v -4.54756 12.14402 -2.40910
v -4.56873 12.12974 -2.08969
v -4.70270 12.03938 -1.81299
v -4.92294 11.89083 -1.63381
v -5.18581 11.71352 -1.58764
v -5.43927 11.54256 -1.68361
v -5.63310 11.41182 -1.90273
v -5.72891 11.34719 -2.20159
v -5.70774 11.36147 -2.52100
v -5.57377 11.45183 -2.79769
v -5.35354 11.60038 -2.97688
v -5.09066 11.77769 -3.02305
v -4.83721 11.94865 -2.92708
v -4.83512 12.28241 -2.67732
v -4.74660 12.34212 -2.40121
v -4.76616 12.32893 -2.10611
v -4.88993 12.24544 -1.85047
v -5.09340 12.10820 -1.68493
v -5.33627 11.94438 -1.64227
v -5.57043 11.78644 -1.73094
v -5.74950 11.66565 -1.93337
v -5.83803 11.60594 -2.20948
v -5.81847 11.61914 -2.50458
v -5.69469 11.70262 -2.76022
v -5.49123 11.83986 -2.92576
v -5.24836 12.00368 -2.96842
v -5.01420 12.16162 -2.87975
v -5.07301 12.40370 -2.59004
v -5.00526 12.44940 -2.37871
v -5.02023 12.43931 -2.15286
v -5.11496 12.37541 -1.95720
v -5.27069 12.27037 -1.83050
v -5.45657 12.14499 -1.79785
v -5.63579 12.02411 -1.86571
v -5.77285 11.93166 -2.02065
v -5.84060 11.88596 -2.23198
v -5.82563 11.89606 -2.45783
v -5.73090 11.95995 -2.65349
v -5.57517 12.06499 -2.78019
v -5.38929 12.19037 -2.81284
v -5.21007 12.31126 -2.74498
v -5.32083 12.42481 -2.45942
v -5.28417 12.44954 -2.34505
v -5.29227 12.44408 -2.22282
v -5.34354 12.40950 -2.11693
v -5.42782 12.35265 -2.04836
v -5.52841 12.28480 -2.03069
v -5.62541 12.21937 -2.06742
v -5.69958 12.16934 -2.15127
v -5.73625 12.14461 -2.26564
v -5.72815 12.15007 -2.38787
v -5.67688 12.18465 -2.49376
v -5.59260 12.24150 -2.56233
v -5.49200 12.30936 -2.58000
v -5.39501 12.37478 -2.54327
v -5.54086 12.34251 -2.30534
v -5.29210 11.64182 -3.00101
v -5.45155 11.91109 -2.93212
v -5.54895 12.14758 -2.73909
v -5.56500 12.30445 -2.46015
v -5.49652 12.35064 -2.15054
v -5.35709 12.27699 -1.87160
v -5.17430 12.09810 -1.67857
v -4.98438 11.84939 -1.60968
v -4.82492 11.58012 -1.67857
v -4.72753 11.34363 -1.87160
v -4.71148 11.18676 -2.15054
v -4.77995 11.14057 -2.46015
v -4.91939 11.21422 -2.73909
v -5.10217 11.39311 -2.93212
v -4.60943 12.10229 -3.22070
v -4.76888 12.37156 -3.15180
v -4.86628 12.60805 -2.95877
v -4.88233 12.76492 -2.67983
v -4.81385 12.81111 -2.37022
v -4.67441 12.73746 -2.09128
v -4.49163 12.55857 -1.89825
v -4.30170 12.30986 -1.82936
v -4.14225 12.04059 -1.89825
v -4.04485 11.80410 -2.09128
v -4.02880 11.64723 -2.37022
v -4.09728 11.60104 -2.67983
v -4.23671 11.67469 -2.95877
v -4.41950 11.85358 -3.15180
v -5.13824 11.74561 -2.30534
v -4.45556 12.20607 -2.52503
v -4.73562 11.14870 -2.30534
v -4.57689 11.32187 -2.45942
v -4.54022 11.34660 -2.34505
v -4.54833 11.34114 -2.22282
v -4.59959 11.30656 -2.11693
v -4.68387 11.24971 -2.04836
v -4.78447 11.18185 -2.03069
v -4.88146 11.11643 -2.06742
v -4.95564 11.06640 -2.15127
v -4.99231 11.04167 -2.26564
v -4.98421 11.04713 -2.38787
v -4.93294 11.08171 -2.49376
v -4.84866 11.13856 -2.56233
v -4.74806 11.20641 -2.58000
v -4.65107 11.27184 -2.54327
v -4.50363 11.55955 -2.59004
v -4.43587 11.60525 -2.37871
v -4.45084 11.59515 -2.15286
v -4.54557 11.53126 -1.95720
v -4.70130 11.42622 -1.83050
v -4.88718 11.30084 -1.79785
v -5.06640 11.17995 -1.86571
v -5.20346 11.08751 -2.02065
v -5.27121 11.04181 -2.23198
v -5.25624 11.05190 -2.45783
v -5.16151 11.11580 -2.65349
v -5.00578 11.22084 -2.78019
v -4.81990 11.34622 -2.81284
v -4.64068 11.46710 -2.74498
v -4.52697 11.82556 -2.67732
v -4.43845 11.88527 -2.40121
v -4.45801 11.87207 -2.10611
v -4.58178 11.78859 -1.85047
v -4.78525 11.65135 -1.68493
v -5.02812 11.48753 -1.64227
v -5.26228 11.32959 -1.73094
v -5.44135 11.20880 -1.93337
v -5.52988 11.14909 -2.20948
v -5.51031 11.16228 -2.50458
v -5.38654 11.24577 -2.76022
v -5.18307 11.38301 -2.92576
v -4.94021 11.54683 -2.96842
v -4.70605 11.70477 -2.87975
v -4.64338 12.07939 -2.70796
v -4.54756 12.14402 -2.40910
v -4.56873 12.12974 -2.08969
v -4.70270 12.03938 -1.81299
v -4.92294 11.89083 -1.63381
v -5.18581 11.71352 -1.58764
v -5.43927 11.54256 -1.68361
v -5.63310 11.41182 -1.90273
v -5.72891 11.34719 -2.20159
v -5.70774 11.36147 -2.52100
v -5.57377 11.45183 -2.79769
v -5.35354 11.60038 -2.97688
v -5.09066 11.77769 -3.02305
v -4.83721 11.94865 -2.92708
v -4.83512 12.28241 -2.67732
v -4.74660 12.34212 -2.40121
v -4.76616 12.32893 -2.10611
v -4.88993 12.24544 -1.85047
v -5.09340 12.10820 -1.68493
v -5.33627 11.94438 -1.64227
v -5.57043 11.78644 -1.73094
v -5.74950 11.66565 -1.93337
v -5.83803 11.60594 -2.20948
v -5.81847 11.61914 -2.50458
v -5.69469 11.70262 -2.76022
v -5.49123 11.83986 -2.92576
v -5.24836 12.00368 -2.96842
v -5.01420 12.16162 -2.87975
v -5.07301 12.40370 -2.59004
v -5.00526 12.44940 -2.37871
v -5.02023 12.43931 -2.15286
v -5.11496 12.37541 -1.95720
v -5.27069 12.27037 -1.83050
v -5.45657 12.14499 -1.79785
v -5.63579 12.02411 -1.86571
v -5.77285 11.93166 -2.02065
v -5.84060 11.88596 -2.23198
v -5.82563 11.89606 -2.45783
v -5.73090 11.95995 -2.65349
v -5.57517 12.06499 -2.78019
v -5.38929 12.19037 -2.81284
v -5.21007 12.31126 -2.74498
v -5.32083 12.42481 -2.45942
v -5.28417 12.44954 -2.34505
v -5.29227 12.44408 -2.22282
v -5.34354 12.40950 -2.11693
v -5.42782 12.35265 -2.04836
v -5.52841 12.28480 -2.03069
v -5.62541 12.21937 -2.06742
v -5.69958 12.16934 -2.15127
v -5.73625 12.14461 -2.26564
v -5.72815 12.15007 -2.38787
v -5.67688 12.18465 -2.49376
v -5.59260 12.24150 -2.56233
v -5.49200 12.30936 -2.58000
v -5.39501 12.37478 -2.54327
v -5.54086 12.34251 -2.30534
v -4.05294 11.60917 -2.52503
v -3.89422 11.78234 -2.67910
v -3.85755 11.80707 -2.56473
v -3.86565 11.80161 -2.44250
v -3.91692 11.76703 -2.33661
v -4.00120 11.71018 -2.26804
v -4.10180 11.64232 -2.25037
v -4.19879 11.57690 -2.28710
v -4.27297 11.52687 -2.37095
v -4.30963 11.50214 -2.48532
v -4.30153 11.50760 -2.60755
v -4.25026 11.54218 -2.71344
v -4.16598 11.59903 -2.78201
v -4.06539 11.66688 -2.79968
v -3.96839 11.73231 -2.76295
v -3.82095 12.02002 -2.80972
v -3.75320 12.06572 -2.59839
v -3.76817 12.05562 -2.37254
v -3.86290 11.99172 -2.17688
v -4.01863 11.88669 -2.05018
v -4.20451 11.76131 -2.01753
v -4.38373 11.64042 -2.08539
v -4.52079 11.54797 -2.24033
v -4.58854 11.50227 -2.45166
v -4.57357 11.51237 -2.67751
v -4.47884 11.57627 -2.87317
v -4.32311 11.68131 -2.99987
v -4.13723 11.80669 -3.03252
v -3.95801 11.92757 -2.96466
v -3.84430 12.28603 -2.89700
v -3.75577 12.34574 -2.62089
v -3.77534 12.33254 -2.32579
v -3.89911 12.24906 -2.07015
v -4.10258 12.11182 -1.90461
v -4.34544 11.94800 -1.86195
v -4.57960 11.79006 -1.95062
v -4.75868 11.66927 -2.15305
v -4.84720 11.60956 -2.42917
v -4.82764 11.62275 -2.72426
v -4.70387 11.70624 -2.97990
v -4.50040 11.84348 -3.14544
v -4.25753 12.00729 -3.18810
v -4.02337 12.16524 -3.09943
v -3.96071 12.53986 -2.92764
v -3.86489 12.60449 -2.62878
v -3.88606 12.59021 -2.30937
v -4.02003 12.49985 -2.03268
v -4.24026 12.35130 -1.85349
v -4.50314 12.17398 -1.80732
v -4.75659 12.00303 -1.90329
v -4.95042 11.87229 -2.12241
v -5.04624 11.80766 -2.42127
v -5.02507 11.82194 -2.74068
v -4.89110 11.91230 -3.01738
v -4.67086 12.06085 -3.19656
v -4.40799 12.23816 -3.24274
v -4.15454 12.40912 -3.14676
v -4.15245 12.74288 -2.89700
v -4.06393 12.80259 -2.62089
v -4.08349 12.78940 -2.32579
v -4.20726 12.70591 -2.07015
v -4.41073 12.56867 -1.90461
v -4.65359 12.40485 -1.86195
v -4.88775 12.24691 -1.95062
v -5.06683 12.12612 -2.15305
v -5.15535 12.06641 -2.42917
v -5.13579 12.07961 -2.72426
v -5.01202 12.16309 -2.97990
v -4.80855 12.30033 -3.14544
v -4.56569 12.46415 -3.18810
v -4.33153 12.62209 -3.09943
v -4.39034 12.86417 -2.80972
v -4.32259 12.90987 -2.59839
v -4.33756 12.89978 -2.37254
v -4.43229 12.83588 -2.17688
v -4.58802 12.73084 -2.05018
v -4.77390 12.60546 -2.01753
v -4.95312 12.48458 -2.08539
v -5.09018 12.39213 -2.24033
v -5.15793 12.34643 -2.45166
v -5.14296 12.35653 -2.67751
v -5.04823 12.42042 -2.87317
v -4.89250 12.52546 -2.99987
v -4.70662 12.65084 -3.03252
v -4.52740 12.77173 -2.96466
v -4.63816 12.88528 -2.67910
v -4.60149 12.91001 -2.56473
v -4.60960 12.90455 -2.44250
v -4.66086 12.86997 -2.33661
v -4.74514 12.81312 -2.26804
v -4.84574 12.74526 -2.25037
v -4.94273 12.67984 -2.28710
v -5.01691 12.62981 -2.37095
v -5.05358 12.60508 -2.48532
v -5.04547 12.61054 -2.60755
v -4.99421 12.64512 -2.71344
v -4.90993 12.70197 -2.78201
v -4.80933 12.76982 -2.79968
v -4.71234 12.83525 -2.76295
v -4.85818 12.80298 -2.52503
v -4.65543 12.07126 -3.20347
v -4.81033 12.34360 -3.13628
v -4.89496 12.58870 -2.94803
v -4.89256 12.75802 -2.67599
v -4.80361 12.81801 -2.37406
v -4.64573 12.75681 -2.10203
v -4.45018 12.58652 -1.91377
v -4.25570 12.34089 -1.84659
v -4.10080 12.06855 -1.91377
v -4.01617 11.82345 -2.10203
v -4.01857 11.65413 -2.37406
v -4.10751 11.59413 -2.67599
v -4.26540 11.65534 -2.94803
v -4.46095 11.82563 -3.13628
v -3.98966 12.52033 -3.48883
v -4.14456 12.79267 -3.42164
v -4.22919 13.03777 -3.23339
v -4.22680 13.20708 -2.96136
v -4.13785 13.26708 -2.65942
v -3.97996 13.20587 -2.38739
v -3.78442 13.03559 -2.19914
v -3.58993 12.78995 -2.13195
v -3.43504 12.51761 -2.19914
v -3.35040 12.27251 -2.38739
v -3.35280 12.10320 -2.65942
v -3.44175 12.04320 -2.96136
v -3.59963 12.10440 -3.23339
v -3.79518 12.27469 -3.42164
v -4.45556 12.20607 -2.52503
v -3.78980 12.65514 -2.81039
v -4.05294 11.60917 -2.52503
v -3.89422 11.78234 -2.67910
v -3.85755 11.80707 -2.56473
v -3.86565 11.80161 -2.44250
v -3.91692 11.76703 -2.33661
v -4.00120 11.71018 -2.26804
v -4.10180 11.64232 -2.25037
v -4.19879 11.57690 -2.28710
v -4.27297 11.52687 -2.37095
v -4.30963 11.50214 -2.48532
v -4.30153 11.50760 -2.60755
v -4.25026 11.54218 -2.71344
v -4.16598 11.59903 -2.78201
v -4.06539 11.66688 -2.79968
v -3.96839 11.73231 -2.76295
v -3.82095 12.02002 -2.80972
v -3.75320 12.06572 -2.59839
v -3.76817 12.05562 -2.37254
v -3.86290 11.99172 -2.17688
v -4.01863 11.88669 -2.05018
v -4.20451 11.76131 -2.01753
v -4.38373 11.64042 -2.08539
v -4.52079 11.54797 -2.24033
v -4.58854 11.50227 -2.45166
v -4.57357 11.51237 -2.67751
v -4.47884 11.57627 -2.87317
v -4.32311 11.68131 -2.99987
v -4.13723 11.80669 -3.03252
v -3.95801 11.92757 -2.96466
v -3.84430 12.28603 -2.89700
v -3.75577 12.34574 -2.62089
v -3.77534 12.33254 -2.32579
v -3.89911 12.24906 -2.07015
v -4.10258 12.11182 -1.90461
v -4.34544 11.94800 -1.86195
v -4.57960 11.79006 -1.95062
v -4.75868 11.66927 -2.15305
v -4.84720 11.60956 -2.42917
v -4.82764 11.62275 -2.72426
v -4.70387 11.70624 -2.97990
v -4.50040 11.84348 -3.14544
v -4.25753 12.00729 -3.18810
v -4.02337 12.16524 -3.09943
v -3.96071 12.53986 -2.92764
v -3.86489 12.60449 -2.62878
v -3.88606 12.59021 -2.30937
v -4.02003 12.49985 -2.03268
v -4.24026 12.35130 -1.85349
v -4.50314 12.17398 -1.80732
v -4.75659 12.00303 -1.90329
v -4.95042 11.87229 -2.12241
v -5.04624 11.80766 -2.42127
v -5.02507 11.82194 -2.74068
v -4.89110 11.91230 -3.01738
v -4.67086 12.06085 -3.19656
v -4.40799 12.23816 -3.24274
v -4.15454 12.40912 -3.14676
v -4.15245 12.74288 -2.89700
v -4.06393 12.80259 -2.62089
v -4.08349 12.78940 -2.32579
v -4.20726 12.70591 -2.07015
v -4.41073 12.56867 -1.90461
v -4.65359 12.40485 -1.86195
v -4.88775 12.24691 -1.95062
v -5.06683 12.12612 -2.15305
v -5.15535 12.06641 -2.42917
v -5.13579 12.07961 -2.72426
v -5.01202 12.16309 -2.97990
v -4.80855 12.30033 -3.14544
v -4.56569 12.46415 -3.18810
v -4.33153 12.62209 -3.09943
v -4.39034 12.86417 -2.80972
v -4.32259 12.90987 -2.59839
v -4.33756 12.89978 -2.37254
v -4.43229 12.83588 -2.17688
v -4.58802 12.73084 -2.05018
v -4.77390 12.60546 -2.01753
v -4.95312 12.48458 -2.08539
v -5.09018 12.39213 -2.24033
v -5.15793 12.34643 -2.45166
v -5.14296 12.35653 -2.67751
v -5.04823 12.42042 -2.87317
v -4.89250 12.52546 -2.99987
v -4.70662 12.65084 -3.03252
v -4.52740 12.77173 -2.96466
v -4.63816 12.88528 -2.67910
v -4.60149 12.91001 -2.56473
v -4.60960 12.90455 -2.44250
v -4.66086 12.86997 -2.33661
v -4.74514 12.81312 -2.26804
v -4.84574 12.74526 -2.25037
v -4.94273 12.67984 -2.28710
v -5.01691 12.62981 -2.37095
v -5.05358 12.60508 -2.48532
v -5.04547 12.61054 -2.60755
v -4.99421 12.64512 -2.71344
v -4.90993 12.70197 -2.78201
v -4.80933 12.76982 -2.79968
v -4.71234 12.83525 -2.76295
v -4.85818 12.80298 -2.52503
v -3.38718 12.05823 -2.81039
v -3.22845 12.23140 -2.96447
v -3.19178 12.25614 -2.85010
v -3.19989 12.25067 -2.72786
v -3.25116 12.21609 -2.62198
v -3.33543 12.15924 -2.55341
v -3.43603 12.09139 -2.53573
v -3.53303 12.02597 -2.57246
v -3.60720 11.97593 -2.65631
v -3.64387 11.95120 -2.77068
v -3.63577 11.95667 -2.89292
v -3.58450 11.99125 -2.99880
v -3.50022 12.04809 -3.06737
v -3.39962 12.11595 -3.08505
v -3.30263 12.18137 -3.04832
v -3.15519 12.46908 -3.09508
v -3.08743 12.51478 -2.88376
v -3.10240 12.50469 -2.65790
v -3.19713 12.44079 -2.46225
v -3.35286 12.33575 -2.33554
v -3.53874 12.21037 -2.30289
v -3.71796 12.08949 -2.37076
v -3.85502 11.99704 -2.52570
v -3.92277 11.95134 -2.73702
v -3.90780 11.96144 -2.96288
v -3.81307 12.02533 -3.15853
v -3.65734 12.13037 -3.28524
v -3.47146 12.25575 -3.31789
v -3.29225 12.37664 -3.25002
v -3.17853 12.73509 -3.18236
v -3.09001 12.79480 -2.90625
v -3.10957 12.78161 -2.61115
v -3.23334 12.69812 -2.35552
v -3.43681 12.56088 -2.18997
v -3.67968 12.39707 -2.14731
v -3.91384 12.23912 -2.23598
v -4.09291 12.11833 -2.43842
v -4.18144 12.05862 -2.71453
v -4.16188 12.07182 -3.00963
v -4.03810 12.15530 -3.26526
v -3.83463 12.29254 -3.43081
v -3.59177 12.45636 -3.47347
v -3.35761 12.61430 -3.38480
v -3.29494 12.98892 -3.21301
v -3.19912 13.05356 -2.91415
v -3.22029 13.03927 -2.59474
v -3.35426 12.94891 -2.31804
v -3.57450 12.80036 -2.13886
v -3.83737 12.62305 -2.09268
v -4.09083 12.45209 -2.18865
v -4.28466 12.32135 -2.40777
v -4.38047 12.25672 -2.70663
v -4.35930 12.27100 -3.02604
v -4.22533 12.36137 -3.30274
v -4.00510 12.50992 -3.48192
v -3.74222 12.68723 -3.52810
v -3.48877 12.85818 -3.43213
v -3.48668 13.19194 -3.18236
v -3.39816 13.25165 -2.90625
v -3.41772 13.23846 -2.61115
v -3.54149 13.15497 -2.35552
v -3.74496 13.01773 -2.18997
v -3.98783 12.85392 -2.14731
v -4.22199 12.69598 -2.23598
v -4.40106 12.57519 -2.43842
v -4.48959 12.51548 -2.71453
v -4.47003 12.52867 -3.00963
v -4.34625 12.61216 -3.26526
v -4.14279 12.74940 -3.43081
v -3.89992 12.91321 -3.47347
v -3.66576 13.07115 -3.38480
v -3.72458 13.31324 -3.09508
v -3.65682 13.35894 -2.88376
v -3.67179 13.34884 -2.65790
v -3.76652 13.28494 -2.46225
v -3.92225 13.17990 -2.33554
v -4.10813 13.05453 -2.30289
v -4.28735 12.93364 -2.37076
v -4.42441 12.84119 -2.52570
v -4.49216 12.79549 -2.73702
v -4.47719 12.80559 -2.96288
v -4.38246 12.86949 -3.15853
v -4.22673 12.97453 -3.28524
v -4.04085 13.09991 -3.31789
v -3.86163 13.22079 -3.25002
v -3.97240 13.33434 -2.96447
v -3.93573 13.35908 -2.85010
v -3.94383 13.35361 -2.72786
v -3.99510 13.31903 -2.62198
v -4.07938 13.26218 -2.55341
v -4.17998 13.19433 -2.53573
v -4.27697 13.12891 -2.57246
v -4.35114 13.07887 -2.65631
v -4.38781 13.05414 -2.77068
v -4.37971 13.05961 -2.89292
v -4.32844 13.09419 -2.99880
v -4.24416 13.15103 -3.06737
v -4.14356 13.21889 -3.08505
v -4.04657 13.28431 -3.04832
v -4.19242 13.25205 -2.81039
v -4.03437 12.49018 -3.46718
v -4.18484 12.76550 -3.40214
v -4.25706 13.01897 -3.21989
v -4.23674 13.20037 -2.95654
v -4.12790 13.27379 -2.66424
v -3.95209 13.22467 -2.40089
v -3.74414 13.06275 -2.21864
v -3.54523 12.82010 -2.15360
v -3.39476 12.54478 -2.21864
v -3.32253 12.29131 -2.40089
v -3.34285 12.10991 -2.66424
v -3.45170 12.03649 -2.95654
v -3.62750 12.08561 -3.21989
v -3.83546 12.24752 -3.40214
v -3.38984 12.92491 -3.81637
v -3.54031 13.20024 -3.75133
v -3.61254 13.45370 -3.56908
v -3.59222 13.63511 -3.30573
v -3.48338 13.70852 -3.01343
v -3.30757 13.65941 -2.75008
v -3.09962 13.49749 -2.56783
v -2.90071 13.25484 -2.50279
v -2.75024 12.97951 -2.56783
v -2.67801 12.72605 -2.75008
v -2.69833 12.54464 -3.01343
v -2.80717 12.47123 -3.30573
v -2.98298 12.52034 -3.56908
v -3.19093 12.68226 -3.75133
v -3.78980 12.65514 -2.81039
v -3.14528 13.08987 -3.15958
v -3.38718 12.05823 -2.81039
v -3.22845 12.23140 -2.96447
v -3.19178 12.25614 -2.85010
v -3.19989 12.25067 -2.72786
v -3.25116 12.21609 -2.62198
v -3.33543 12.15924 -2.55341
v -3.43603 12.09139 -2.53573
v -3.53303 12.02597 -2.57246
v -3.60720 11.97593 -2.65631
v -3.64387 11.95120 -2.77068
v -3.63577 11.95667 -2.89292
v -3.58450 11.99125 -2.99880
v -3.50022 12.04809 -3.06737
v -3.39962 12.11595 -3.08505
v -3.30263 12.18137 -3.04832
v -3.15519 12.46908 -3.09508
v -3.08743 12.51478 -2.88376
v -3.10240 12.50469 -2.65790
v -3.19713 12.44079 -2.46225
v -3.35286 12.33575 -2.33554
v -3.53874 12.21037 -2.30289
v -3.71796 12.08949 -2.37076
v -3.85502 11.99704 -2.52570
v -3.92277 11.95134 -2.73702
v -3.90780 11.96144 -2.96288
v -3.81307 12.02533 -3.15853
v -3.65734 12.13037 -3.28524
v -3.47146 12.25575 -3.31789
v -3.29225 12.37664 -3.25002
v -3.17853 12.73509 -3.18236
v -3.09001 12.79480 -2.90625
v -3.10957 12.78161 -2.61115
v -3.23334 12.69812 -2.35552
v -3.43681 12.56088 -2.18997
v -3.67968 12.39707 -2.14731
v -3.91384 12.23912 -2.23598
v -4.09291 12.11833 -2.43842
v -4.18144 12.05862 -2.71453
v -4.16188 12.07182 -3.00963
v -4.03810 12.15530 -3.26526
v -3.83463 12.29254 -3.43081
v -3.59177 12.45636 -3.47347
v -3.35761 12.61430 -3.38480
v -3.29494 12.98892 -3.21301
v -3.19912 13.05356 -2.91415
v -3.22029 13.03927 -2.59474
v -3.35426 12.94891 -2.31804
v -3.57450 12.80036 -2.13886
v -3.83737 12.62305 -2.09268
v -4.09083 12.45209 -2.18865
v -4.28466 12.32135 -2.40777
v -4.38047 12.25672 -2.70663
v -4.35930 12.27100 -3.02604
v -4.22533 12.36137 -3.30274
v -4.00510 12.50992 -3.48192
v -3.74222 12.68723 -3.52810
v -3.48877 12.85818 -3.43213
v -3.48668 13.19194 -3.18236
v -3.39816 13.25165 -2.90625
v -3.41772 13.23846 -2.61115
v -3.54149 13.15497 -2.35552
v -3.74496 13.01773 -2.18997
v -3.98783 12.85392 -2.14731
v -4.22199 12.69598 -2.23598
v -4.40106 12.57519 -2.43842
v -4.48959 12.51548 -2.71453
v -4.47003 12.52867 -3.00963
v -4.34625 12.61216 -3.26526
v -4.14279 12.74940 -3.43081
v -3.89992 12.91321 -3.47347
v -3.66576 13.07115 -3.38480
v -3.72458 13.31324 -3.09508
v -3.65682 13.35894 -2.88376
v -3.67179 13.34884 -2.65790
v -3.76652 13.28494 -2.46225
v -3.92225 13.17990 -2.33554
v -4.10813 13.05453 -2.30289
v -4.28735 12.93364 -2.37076
v -4.42441 12.84119 -2.52570
v -4.49216 12.79549 -2.73702
v -4.47719 12.80559 -2.96288
v -4.38246 12.86949 -3.15853
v -4.22673 12.97453 -3.28524
v -4.04085 13.09991 -3.31789
v -3.86163 13.22079 -3.25002
v -3.97240 13.33434 -2.96447
v -3.93573 13.35908 -2.85010
v -3.94383 13.35361 -2.72786
v -3.99510 13.31903 -2.62198
v -4.07938 13.26218 -2.55341
v -4.17998 13.19433 -2.53573
v -4.27697 13.12891 -2.57246
v -4.35114 13.07887 -2.65631
v -4.38781 13.05414 -2.77068
v -4.37971 13.05961 -2.89292
v -4.32844 13.09419 -2.99880
v -4.24416 13.15103 -3.06737
v -4.14356 13.21889 -3.08505
v -4.04657 13.28431 -3.04832
v -4.19242 13.25205 -2.81039
v -2.74266 12.49297 -3.15958
v -2.58393 12.66614 -3.31365
v -2.54726 12.69087 -3.19929
v -2.55537 12.68541 -3.07705
v -2.60663 12.65083 -2.97116
v -2.69091 12.59398 -2.90259
v -2.79151 12.52612 -2.88492
v -2.88850 12.46070 -2.92165
v -2.96268 12.41067 -3.00550
v -2.99935 12.38594 -3.11987
v -2.99125 12.39140 -3.24211
v -2.93998 12.42598 -3.34799
v -2.85570 12.48283 -3.41656
v -2.75510 12.55068 -3.43423
v -2.65811 12.61611 -3.39751
v -2.51066 12.90382 -3.44427
v -2.44291 12.94952 -3.23295
v -2.45788 12.93942 -3.00709
v -2.55261 12.87552 -2.81143
v -2.70834 12.77048 -2.68473
v -2.89422 12.64511 -2.65208
v -3.07344 12.52422 -2.71995
v -3.21050 12.43177 -2.87488
v -3.27825 12.38607 -3.08621
v -3.26328 12.39617 -3.31207
v -3.16855 12.46007 -3.50772
v -3.01282 12.56511 -3.63442
v -2.82694 12.69049 -3.66708
v -2.64772 12.81137 -3.59921
v -2.53401 13.16983 -3.53155
v -2.44549 13.22954 -3.25544
v -2.46505 13.21634 -2.96034
v -2.58882 13.13286 -2.70471
v -2.79229 12.99562 -2.53916
v -3.03515 12.83180 -2.49650
v -3.26931 12.67386 -2.58517
v -3.44839 12.55307 -2.78761
v -3.53692 12.49336 -3.06372
v -3.51735 12.50655 -3.35882
v -3.39358 12.59004 -3.61445
v -3.19011 12.72728 -3.77999
v -2.94725 12.89109 -3.82266
v -2.71309 13.04904 -3.73399
v -2.65042 13.42366 -3.56220
v -2.55460 13.48829 -3.26334
v -2.57577 13.47401 -2.94393
v -2.70974 13.38365 -2.66723
v -2.92998 13.23510 -2.48805
v -3.19285 13.05778 -2.44187
v -3.44630 12.88683 -2.53784
v -3.64014 12.75609 -2.75696
v -3.73595 12.69146 -3.05582
v -3.71478 12.70574 -3.37523
v -3.58081 12.79610 -3.65193
v -3.36058 12.94465 -3.83111
v -3.09770 13.12196 -3.87729
v -2.84425 13.29292 -3.78131
v -2.84216 13.62668 -3.53155
v -2.75364 13.68639 -3.25544
v -2.77320 13.67320 -2.96034
v -2.89697 13.58971 -2.70471
v -3.10044 13.45247 -2.53916
v -3.34331 13.28865 -2.49650
v -3.57747 13.13071 -2.58517
v -3.75654 13.00992 -2.78761
v -3.84507 12.95021 -3.06372
v -3.82551 12.96341 -3.35882
v -3.70173 13.04689 -3.61445
v -3.49826 13.18413 -3.77999
v -3.25540 13.34795 -3.82266
v -3.02124 13.50589 -3.73399
v -3.08005 13.74797 -3.44427
v -3.01230 13.79367 -3.23295
v -3.02727 13.78358 -3.00709
v -3.12200 13.71968 -2.81143
v -3.27773 13.61464 -2.68473
v -3.46361 13.48926 -2.65208
v -3.64283 13.36838 -2.71995
v -3.77989 13.27593 -2.87488
v -3.84764 13.23023 -3.08621
v -3.83267 13.24033 -3.31207
v -3.73794 13.30422 -3.50772
v -3.58221 13.40926 -3.63442
v -3.39633 13.53464 -3.66708
v -3.21711 13.65553 -3.59921
v -3.32787 13.76908 -3.31365
v -3.29121 13.79381 -3.19929
v -3.29931 13.78835 -3.07705
v -3.35058 13.75377 -2.97116
v -3.43486 13.69692 -2.90259
v -3.53545 13.62906 -2.88492
v -3.63245 13.56364 -2.92165
v -3.70662 13.51361 -3.00550
v -3.74329 13.48888 -3.11987
v -3.73519 13.49434 -3.24211
v -3.68392 13.52892 -3.34799
v -3.59964 13.58577 -3.41656
v -3.49904 13.65362 -3.43423
v -3.40205 13.71905 -3.39751
v -3.54790 13.68678 -3.15958
v 8.21984 11.53667 -2.20634
v 8.13292 11.59530 2.19774
v 6.19245 12.90417 2.20440
v 4.38927 14.12043 1.31376
v 5.11422 13.63144 -2.50091
v 6.74627 12.53061 -2.54888
v 6.48634 8.96666 -2.20634
v 6.39942 9.02529 2.19774
v 4.45895 10.33415 2.20440
v 2.65577 11.55041 1.31376
v 3.38072 11.06143 -2.50091
v 5.01278 9.96059 -2.54888
v 3.78246 12.66009 1.53010
v 3.97462 12.90729 1.46198
v 4.16366 13.08197 1.27112
v 4.31213 13.14953 0.99531
v 4.39062 13.09658 0.68919
v 4.38361 12.93361 0.41339
v 4.29246 12.69291 0.22252
v 4.13524 12.42214 0.15440
v 3.94308 12.17493 0.22252
v 3.75404 12.00025 0.41339
v 3.60558 11.93270 0.68919
v 3.52708 11.98564 0.99531
v 3.53410 12.14861 1.27112
v 3.62524 12.38932 1.46198
v 3.13124 13.09934 1.28713
v 3.32339 13.34655 1.21901
v 3.51243 13.52123 1.02815
v 3.66090 13.58879 0.75234
v 3.73940 13.53584 0.44622
v 3.73238 13.37287 0.17041
v 3.64123 13.13217 -0.02045
v 3.48401 12.86140 -0.08857
v 3.29185 12.61419 -0.02045
v 3.10282 12.43951 0.17041
v 2.95435 12.37195 0.44622
v 2.87585 12.42490 0.75234
v 2.88287 12.58787 1.02815
v 2.97401 12.82857 1.21901
v 3.95885 12.54111 0.84225
v 3.30762 12.98037 0.59928
v 3.55623 11.94420 0.84225
v 3.77625 11.86191 0.99633
v 3.70208 11.91194 1.08018
v 3.60508 11.97736 1.11691
v 3.50449 12.04522 1.09924
v 3.42021 12.10206 1.03067
v 3.36894 12.13664 0.92478
v 3.36084 12.14211 0.80254
v 3.39750 12.11738 0.68818
v 3.47168 12.06734 0.60432
v 3.56867 12.00192 0.56760
v 3.66927 11.93407 0.58527
v 3.75355 11.87722 0.65384
v 3.80482 11.84264 0.75973
v 3.81292 11.83717 0.88196
v 4.02407 11.88301 1.12695
v 3.88701 11.97546 1.28188
v 3.70780 12.09634 1.34975
v 3.52191 12.22172 1.31710
v 3.36619 12.32676 1.19040
v 3.27146 12.39066 0.99474
v 3.25648 12.40076 0.76888
v 3.32424 12.35506 0.55756
v 3.46130 12.26261 0.40262
v 3.64052 12.14173 0.33475
v 3.82640 12.01635 0.36741
v 3.98212 11.91131 0.49411
v 4.07686 11.84741 0.68976
v 4.09183 11.83731 0.91562
v 4.26196 12.00431 1.21422
v 4.08289 12.12510 1.41666
v 3.84873 12.28304 1.50533
v 3.60586 12.44685 1.46267
v 3.40239 12.58409 1.29712
v 3.27862 12.66758 1.04149
v 3.25906 12.68077 0.74639
v 3.34759 12.62106 0.47028
v 3.52666 12.50028 0.26784
v 3.76082 12.34233 0.17917
v 4.00369 12.17852 0.22184
v 4.20716 12.04128 0.38738
v 4.33093 11.95779 0.64302
v 4.35049 11.94460 0.93811
v 4.45371 12.20733 1.24487
v 4.25988 12.33807 1.46399
v 4.00642 12.50902 1.55996
v 3.74355 12.68633 1.51378
v 3.52332 12.83488 1.33460
v 3.38935 12.92525 1.05790
v 3.36817 12.93953 0.73849
v 3.46399 12.87490 0.43963
v 3.65782 12.74416 0.22052
v 3.91128 12.57320 0.12454
v 4.17415 12.39589 0.17072
v 4.39438 12.24734 0.34990
v 4.52835 12.15698 0.62660
v 4.54953 12.14270 0.94601
v 4.57012 12.46116 1.21422
v 4.39104 12.58195 1.41666
v 4.15688 12.73989 1.50533
v 3.91401 12.90371 1.46267
v 3.71054 13.04095 1.29712
v 3.58677 13.12443 1.04149
v 3.56721 13.13763 0.74639
v 3.65574 13.07792 0.47028
v 3.83481 12.95713 0.26784
v 4.06897 12.79919 0.17917
v 4.31184 12.63537 0.22184
v 4.51531 12.49813 0.38738
v 4.63908 12.41464 0.64302
v 4.65864 12.40145 0.93811
v 4.59346 12.72717 1.12695
v 4.45640 12.81961 1.28188
v 4.27719 12.94050 1.34975
v 4.09130 13.06588 1.31710
v 3.93558 13.17092 1.19040
v 3.84084 13.23481 0.99474
v 3.82587 13.24491 0.76888
v 3.89363 13.19921 0.55756
v 4.03069 13.10676 0.40262
v 4.20990 12.98588 0.33475
v 4.39579 12.86050 0.36741
v 4.55151 12.75546 0.49411
v 4.64624 12.69156 0.68976
v 4.66122 12.68147 0.91562
v 4.52020 12.96485 0.99633
v 4.44602 13.01488 1.08018
v 4.34903 13.08030 1.11691
v 4.24843 13.14816 1.09924
v 4.16415 13.20500 1.03067
v 4.11288 13.23958 0.92478
v 4.10478 13.24505 0.80254
v 4.14145 13.22032 0.68818
v 4.21562 13.17028 0.60432
v 4.31262 13.10486 0.56760
v 4.41321 13.03701 0.58527
v 4.49749 12.98016 0.65384
v 4.54876 12.94558 0.75973
v 4.55686 12.94011 0.88196
v 4.36147 13.13802 0.84225
v 2.90500 12.38346 0.59928
v 3.12503 12.30117 0.75336
v 3.05085 12.35120 0.83721
v 2.95386 12.41662 0.87394
v 2.85326 12.48447 0.85626
v 2.76898 12.54132 0.78769
v 2.71771 12.57590 0.68181
v 2.70961 12.58137 0.55957
v 2.74628 12.55663 0.44520
v 2.82045 12.50660 0.36135
v 2.91745 12.44118 0.32462
v 3.01804 12.37333 0.34230
v 3.10232 12.31648 0.41087
v 3.15359 12.28190 0.51675
v 3.16169 12.27643 0.63899
v 3.37285 12.32227 0.88397
v 3.23579 12.41472 1.03891
v 3.05657 12.53560 1.10678
v 2.87069 12.66098 1.07412
v 2.71496 12.76602 0.94742
v 2.62023 12.82992 0.75177
v 2.60526 12.84002 0.52591
v 2.67301 12.79432 0.31459
v 2.81007 12.70187 0.15965
v 2.98929 12.58098 0.09178
v 3.17517 12.45561 0.12443
v 3.33090 12.35057 0.25114
v 3.42563 12.28667 0.44679
v 3.44060 12.27657 0.67265
v 3.61074 12.44357 0.97125
v 3.43166 12.56435 1.17369
v 3.19750 12.72230 1.26236
v 2.95464 12.88611 1.21969
v 2.75117 13.02335 1.05415
v 2.62739 13.10684 0.79852
v 2.60783 13.12003 0.50342
v 2.69636 13.06032 0.22731
v 2.87543 12.93953 0.02487
v 3.10959 12.78159 -0.06380
v 3.35246 12.61778 -0.02114
v 3.55593 12.48053 0.14441
v 3.67970 12.39705 0.40004
v 3.69926 12.38386 0.69514
v 3.80248 12.64658 1.00190
v 3.60865 12.77732 1.22101
v 3.35520 12.94828 1.31699
v 3.09232 13.12559 1.27081
v 2.87209 13.27414 1.09163
v 2.73812 13.36451 0.81493
v 2.71695 13.37879 0.49552
v 2.81276 13.31416 0.19666
v 3.00660 13.18342 -0.02246
v 3.26005 13.01246 -0.11843
v 3.52292 12.83515 -0.07225
v 3.74316 12.68660 0.10693
v 3.87713 12.59624 0.38363
v 3.89830 12.58195 0.70304
v 3.91889 12.90042 0.97125
v 3.73981 13.02121 1.17369
v 3.50565 13.17915 1.26236
v 3.26279 13.34296 1.21969
v 3.05932 13.48021 1.05415
v 2.93555 13.56369 0.79852
v 2.91598 13.57689 0.50342
v 3.00451 13.51717 0.22731
v 3.18359 13.39639 0.02487
v 3.41775 13.23844 -0.06380
v 3.66061 13.07463 -0.02114
v 3.86408 12.93739 0.14441
v 3.98785 12.85390 0.40004
v 4.00741 12.84071 0.69514
v 3.94224 13.16642 0.88397
v 3.80518 13.25887 1.03891
v 3.62596 13.37976 1.10678
v 3.44008 13.50513 1.07412
v 3.28435 13.61017 0.94742
v 3.18962 13.67407 0.75177
v 3.17465 13.68417 0.52591
v 3.24240 13.63847 0.31459
v 3.37946 13.54602 0.15965
v 3.55868 13.42514 0.09178
v 3.74456 13.29976 0.12443
v 3.90029 13.19472 0.25114
v 3.99502 13.13082 0.44679
v 4.00999 13.12072 0.67265
v 3.86897 13.40411 0.75336
v 3.79479 13.45414 0.83721
v 3.69780 13.51956 0.87394
v 3.59720 13.58741 0.85626
v 3.51292 13.64426 0.78769
v 3.46165 13.67884 0.68181
v 3.45355 13.68431 0.55957
v 3.49022 13.65957 0.44520
v 3.56440 13.60954 0.36135
v 3.66139 13.54412 0.32462
v 3.76199 13.47627 0.34230
v 3.84627 13.41942 0.41087
v 3.89753 13.38484 0.51675
v 3.90564 13.37937 0.63899
v 3.71024 13.57728 0.59928
v 3.09797 13.12178 1.27341
v 3.29342 13.36677 1.20665
v 3.49169 13.53522 1.01959
v 3.65350 13.59378 0.74929
v 3.74680 13.53084 0.44927
v 3.75312 13.35888 0.17897
v 3.67120 13.11195 -0.00809
v 3.51727 12.83896 -0.07485
v 3.32182 12.59397 -0.00809
v 3.12356 12.42552 0.17897
v 2.96175 12.36696 0.44927
v 2.86845 12.42990 0.74929
v 2.86213 12.60186 1.01959
v 2.94404 12.84879 1.20665
v 2.45973 13.55228 0.98461
v 2.65518 13.79726 0.91785
v 2.85345 13.96572 0.73080
v 3.01526 14.02428 0.46049
v 3.10856 13.96134 0.16048
v 3.11488 13.78938 -0.10983
v 3.03296 13.54245 -0.29688
v 2.87903 13.26946 -0.36364
v 2.68358 13.02447 -0.29688
v 2.48532 12.85602 -0.10983
v 2.32351 12.79746 0.16048
v 2.23021 12.86039 0.46049
v 2.22389 13.03236 0.73080
v 2.30580 13.27929 0.91785
v 3.30762 12.98037 0.59928
v 2.66938 13.41087 0.31048
v 2.90500 12.38346 0.59928
v 3.12503 12.30117 0.75336
v 3.05085 12.35120 0.83721
v 2.95386 12.41662 0.87394
v 2.85326 12.48447 0.85626
v 2.76898 12.54132 0.78769
v 2.71771 12.57590 0.68181
v 2.70961 12.58137 0.55957
v 2.74628 12.55663 0.44520
v 2.82045 12.50660 0.36135
v 2.91745 12.44118 0.32462
v 3.01804 12.37333 0.34230
v 3.10232 12.31648 0.41087
v 3.15359 12.28190 0.51675
v 3.16169 12.27643 0.63899
v 3.37285 12.32227 0.88397
v 3.23579 12.41472 1.03891
v 3.05657 12.53560 1.10678
v 2.87069 12.66098 1.07412
v 2.71496 12.76602 0.94742
v 2.62023 12.82992 0.75177
v 2.60526 12.84002 0.52591
v 2.67301 12.79432 0.31459
v 2.81007 12.70187 0.15965
v 2.98929 12.58098 0.09178
v 3.17517 12.45561 0.12443
v 3.33090 12.35057 0.25114
v 3.42563 12.28667 0.44679
v 3.44060 12.27657 0.67265
v 3.61074 12.44357 0.97125
v 3.43166 12.56435 1.17369
v 3.19750 12.72230 1.26236
v 2.95464 12.88611 1.21969
v 2.75117 13.02335 1.05415
v 2.62739 13.10684 0.79852
v 2.60783 13.12003 0.50342
v 2.69636 13.06032 0.22731
v 2.87543 12.93953 0.02487
v 3.10959 12.78159 -0.06380
v 3.35246 12.61778 -0.02114
v 3.55593 12.48053 0.14441
v 3.67970 12.39705 0.40004
v 3.69926 12.38386 0.69514
v 3.80248 12.64658 1.00190
v 3.60865 12.77732 1.22101
v 3.35520 12.94828 1.31699
v 3.09232 13.12559 1.27081
v 2.87209 13.27414 1.09163
v 2.73812 13.36451 0.81493
v 2.71695 13.37879 0.49552
v 2.81276 13.31416 0.19666
v 3.00660 13.18342 -0.02246
v 3.26005 13.01246 -0.11843
v 3.52292 12.83515 -0.07225
v 3.74316 12.68660 0.10693
v 3.87713 12.59624 0.38363
v 3.89830 12.58195 0.70304
v 3.91889 12.90042 0.97125
v 3.73981 13.02121 1.17369
v 3.50565 13.17915 1.26236
v 3.26279 13.34296 1.21969
v 3.05932 13.48021 1.05415
v 2.93555 13.56369 0.79852
v 2.91598 13.57689 0.50342
v 3.00451 13.51717 0.22731
v 3.18359 13.39639 0.02487
v 3.41775 13.23844 -0.06380
v 3.66061 13.07463 -0.02114
v 3.86408 12.93739 0.14441
v 3.98785 12.85390 0.40004
v 4.00741 12.84071 0.69514
v 3.94224 13.16642 0.88397
v 3.80518 13.25887 1.03891
v 3.62596 13.37976 1.10678
v 3.44008 13.50513 1.07412
v 3.28435 13.61017 0.94742
v 3.18962 13.67407 0.75177
v 3.17465 13.68417 0.52591
v 3.24240 13.63847 0.31459
v 3.37946 13.54602 0.15965
v 3.55868 13.42514 0.09178
v 3.74456 13.29976 0.12443
v 3.90029 13.19472 0.25114
v 3.99502 13.13082 0.44679
v 4.00999 13.12072 0.67265
v 3.86897 13.40411 0.75336
v 3.79479 13.45414 0.83721
v 3.69780 13.51956 0.87394
v 3.59720 13.58741 0.85626
v 3.51292 13.64426 0.78769
v 3.46165 13.67884 0.68181
v 3.45355 13.68431 0.55957
v 3.49022 13.65957 0.44520
v 3.56440 13.60954 0.36135
v 3.66139 13.54412 0.32462
v 3.76199 13.47627 0.34230
v 3.84627 13.41942 0.41087
v 3.89753 13.38484 0.51675
v 3.90564 13.37937 0.63899
v 3.71024 13.57728 0.59928
v 2.26676 12.81396 0.31048
v 2.48679 12.73166 0.46456
v 2.41261 12.78170 0.54841
v 2.31562 12.84712 0.58514
v 2.21502 12.91497 0.56747
v 2.13074 12.97182 0.49890
v 2.07947 13.00640 0.39301
v 2.07137 13.01187 0.27078
v 2.10804 12.98713 0.15641
v 2.18221 12.93710 0.07256
v 2.27921 12.87168 0.03583
v 2.37980 12.80382 0.05350
v 2.46408 12.74698 0.12207
v 2.51535 12.71240 0.22796
v 2.52345 12.70693 0.35019
v 2.73461 12.75277 0.59518
v 2.59755 12.84522 0.75012
v 2.41833 12.96610 0.81798
v 2.23245 13.09148 0.78533
v 2.07672 13.19652 0.65863
v 1.98199 13.26042 0.46297
v 1.96702 13.27051 0.23712
v 2.03477 13.22481 0.02579
v 2.17183 13.13237 -0.12915
v 2.35105 13.01148 -0.19701
v 2.53693 12.88610 -0.16436
v 2.69266 12.78106 -0.03766
v 2.78739 12.71717 0.15800
v 2.80236 12.70707 0.38385
v 2.97250 12.87406 0.68246
v 2.79342 12.99485 0.88489
v 2.55926 13.15279 0.97356
v 2.31640 13.31661 0.93090
v 2.11293 13.45385 0.76536
v 1.98916 13.53734 0.50972
v 1.96959 13.55053 0.21462
v 2.05812 13.49082 -0.06149
v 2.23719 13.37003 -0.26392
v 2.47135 13.21209 -0.35259
v 2.71422 13.04827 -0.30993
v 2.91769 12.91103 -0.14439
v 3.04146 12.82755 0.11125
v 3.06102 12.81435 0.40635
v 3.16424 13.07708 0.71310
v 2.97041 13.20782 0.93222
v 2.71696 13.37878 1.02819
v 2.45408 13.55609 0.98202
v 2.23385 13.70464 0.80284
v 2.09988 13.79500 0.52614
v 2.07871 13.80928 0.20673
v 2.17453 13.74465 -0.09213
v 2.36836 13.61391 -0.31125
v 2.62181 13.44296 -0.40722
v 2.88468 13.26565 -0.36105
v 3.10492 13.11710 -0.18187
v 3.23889 13.02673 0.09483
v 3.26006 13.01245 0.41424
v 3.28065 13.33092 0.68246
v 3.10157 13.45170 0.88489
v 2.86741 13.60965 0.97356
v 2.62455 13.77346 0.93090
v 2.42108 13.91070 0.76536
v 2.29731 13.99419 0.50972
v 2.27775 14.00738 0.21462
v 2.36627 13.94767 -0.06149
v 2.54535 13.82688 -0.26392
v 2.77951 13.66894 -0.35259
v 3.02237 13.50513 -0.30993
v 3.22584 13.36789 -0.14439
v 3.34961 13.28440 0.11125
v 3.36917 13.27121 0.40635
v 3.30400 13.59692 0.59518
v 3.16694 13.68937 0.75012
v 2.98772 13.81025 0.81798
v 2.80184 13.93563 0.78533
v 2.64611 14.04067 0.65863
v 2.55138 14.10457 0.46297
v 2.53641 14.11467 0.23712
v 2.60416 14.06897 0.02579
v 2.74122 13.97652 -0.12915
v 2.92044 13.85564 -0.19701
v 3.10632 13.73026 -0.16436
v 3.26205 13.62522 -0.03766
v 3.35678 13.56132 0.15800
v 3.37175 13.55122 0.38385
v 3.23073 13.83460 0.46456
v 3.15655 13.88464 0.54841
v 3.05956 13.95006 0.58514
v 2.95896 14.01791 0.56747
v 2.87468 14.07476 0.49890
v 2.82342 14.10934 0.39301
v 2.81531 14.11481 0.27078
v 2.85198 14.09007 0.15641
v 2.92616 14.04004 0.07256
v 3.02315 13.97462 0.03583
v 3.12375 13.90676 0.05350
v 3.20803 13.84992 0.12207
v 3.25929 13.81534 0.22796
v 3.26740 13.80987 0.35019
v 3.07200 14.00778 0.31048
v 2.42719 13.57423 0.96856
v 2.62587 13.81704 0.90339
v 2.83316 13.97940 0.72079
v 3.00802 14.02916 0.45692
v 3.11580 13.95646 0.16405
v 3.13517 13.77570 -0.09982
v 3.06228 13.52268 -0.28242
v 2.91157 13.24751 -0.34759
v 2.71290 13.00470 -0.28242
v 2.50561 12.84233 -0.09982
v 2.33075 12.79258 0.16405
v 2.22297 12.86528 0.45692
v 2.20360 13.04604 0.72079
v 2.27649 13.29906 0.90339
v 1.80416 13.99447 0.63494
v 2.00283 14.23728 0.56977
v 2.21012 14.39965 0.38717
v 2.38498 14.44940 0.12330
v 2.49276 14.37670 -0.16957
v 2.51213 14.19594 -0.43343
v 2.43924 13.94292 -0.61603
v 2.28854 13.66775 -0.68120
v 2.08986 13.42494 -0.61603
v 1.88257 13.26258 -0.43343
v 1.70771 13.21282 -0.16957
v 1.59993 13.28552 0.12330
v 1.58056 13.46628 0.38717
v 1.65345 13.71930 0.56977
v 2.66938 13.41087 0.31048
v 2.04635 13.83111 -0.02313
v 2.26676 12.81396 0.31048
v 2.48679 12.73166 0.46456
v 2.41261 12.78170 0.54841
v 2.31562 12.84712 0.58514
v 2.21502 12.91497 0.56747
v 2.13074 12.97182 0.49890
v 2.07947 13.00640 0.39301
v 2.07137 13.01187 0.27078
v 2.10804 12.98713 0.15641
v 2.18221 12.93710 0.07256
v 2.27921 12.87168 0.03583
v 2.37980 12.80382 0.05350
v 2.46408 12.74698 0.12207
v 2.51535 12.71240 0.22796
v 2.52345 12.70693 0.35019
v 2.73461 12.75277 0.59518
v 2.59755 12.84522 0.75012
v 2.41833 12.96610 0.81798
v 2.23245 13.09148 0.78533
v 2.07672 13.19652 0.65863
v 1.98199 13.26042 0.46297
v 1.96702 13.27051 0.23712
v 2.03477 13.22481 0.02579
v 2.17183 13.13237 -0.12915
v 2.35105 13.01148 -0.19701
v 2.53693 12.88610 -0.16436
v 2.69266 12.78106 -0.03766
v 2.78739 12.71717 0.15800
v 2.80236 12.70707 0.38385
v 2.97250 12.87406 0.68246
v 2.79342 12.99485 0.88489
v 2.55926 13.15279 0.97356
v 2.31640 13.31661 0.93090
v 2.11293 13.45385 0.76536
v 1.98916 13.53734 0.50972
v 1.96959 13.55053 0.21462
v 2.05812 13.49082 -0.06149
v 2.23719 13.37003 -0.26392
v 2.47135 13.21209 -0.35259
v 2.71422 13.04827 -0.30993
v 2.91769 12.91103 -0.14439
v 3.04146 12.82755 0.11125
v 3.06102 12.81435 0.40635
v 3.16424 13.07708 0.71310
v 2.97041 13.20782 0.93222
v 2.71696 13.37878 1.02819
v 2.45408 13.55609 0.98202
v 2.23385 13.70464 0.80284
v 2.09988 13.79500 0.52614
v 2.07871 13.80928 0.20673
v 2.17453 13.74465 -0.09213
v 2.36836 13.61391 -0.31125
v 2.62181 13.44296 -0.40722
v 2.88468 13.26565 -0.36105
v 3.10492 13.11710 -0.18187
v 3.23889 13.02673 0.09483
v 3.26006 13.01245 0.41424
v 3.28065 13.33092 0.68246
v 3.10157 13.45170 0.88489
v 2.86741 13.60965 0.97356
v 2.62455 13.77346 0.93090
v 2.42108 13.91070 0.76536
v 2.29731 13.99419 0.50972
v 2.27775 14.00738 0.21462
v 2.36627 13.94767 -0.06149
v 2.54535 13.82688 -0.26392
v 2.77951 13.66894 -0.35259
v 3.02237 13.50513 -0.30993
v 3.22584 13.36789 -0.14439
v 3.34961 13.28440 0.11125
v 3.36917 13.27121 0.40635
v 3.30400 13.59692 0.59518
v 3.16694 13.68937 0.75012
v 2.98772 13.81025 0.81798
v 2.80184 13.93563 0.78533
v 2.64611 14.04067 0.65863
v 2.55138 14.10457 0.46297
v 2.53641 14.11467 0.23712
v 2.60416 14.06897 0.02579
v 2.74122 13.97652 -0.12915
v 2.92044 13.85564 -0.19701
v 3.10632 13.73026 -0.16436
v 3.26205 13.62522 -0.03766
v 3.35678 13.56132 0.15800
v 3.37175 13.55122 0.38385
v 3.23073 13.83460 0.46456
v 3.15655 13.88464 0.54841
v 3.05956 13.95006 0.58514
v 2.95896 14.01791 0.56747
v 2.87468 14.07476 0.49890
v 2.82342 14.10934 0.39301
v 2.81531 14.11481 0.27078
v 2.85198 14.09007 0.15641
v 2.92616 14.04004 0.07256
v 3.02315 13.97462 0.03583
v 3.12375 13.90676 0.05350
v 3.20803 13.84992 0.12207
v 3.25929 13.81534 0.22796
v 3.26740 13.80987 0.35019
v 3.07200 14.00778 0.31048
v 1.64373 13.23420 -0.02313
v 1.86375 13.15191 0.13094
v 1.78957 13.20194 0.21480
v 1.69258 13.26736 0.25152
v 1.59198 13.33522 0.23385
v 1.50770 13.39206 0.16528
v 1.45644 13.42664 0.05940
v 1.44833 13.43211 -0.06284
v 1.48500 13.40738 -0.17721
v 1.55918 13.35734 -0.26106
v 1.65617 13.29192 -0.29779
v 1.75677 13.22407 -0.28012
v 1.84105 13.16722 -0.21155
v 1.89231 13.13264 -0.10566
v 1.90042 13.12717 0.01658
v 2.11157 13.17301 0.26156
v 1.97451 13.26546 0.41650
v 1.79529 13.38634 0.48437
v 1.60941 13.51172 0.45171
v 1.45368 13.61676 0.32501
v 1.35895 13.68066 0.12936
v 1.34398 13.69076 -0.09650
v 1.41173 13.64506 -0.30783
v 1.54879 13.55261 -0.46276
v 1.72801 13.43173 -0.53063
v 1.91389 13.30635 -0.49798
v 2.06962 13.20131 -0.37128
v 2.16435 13.13741 -0.17562
v 2.17932 13.12731 0.05024
v 2.34946 13.29431 0.34884
v 2.17038 13.41510 0.55128
v 1.93622 13.57304 0.63995
v 1.69336 13.73685 0.59728
v 1.48989 13.87409 0.43174
v 1.36612 13.95758 0.17611
v 1.34656 13.97077 -0.11899
v 1.43508 13.91106 -0.39510
v 1.61416 13.79028 -0.59754
v 1.84832 13.63233 -0.68621
v 2.09118 13.46852 -0.64355
v 2.29465 13.33128 -0.47800
v 2.41842 13.24779 -0.22237
v 2.43798 13.23460 0.07273
v 2.54120 13.49733 0.37949
v 2.34737 13.62807 0.59860
v 2.09392 13.79902 0.69458
v 1.83105 13.97633 0.64840
v 1.61081 14.12488 0.46922
v 1.47684 14.21525 0.19252
v 1.45567 14.22953 -0.12689
v 1.55149 14.16490 -0.42575
v 1.74532 14.03416 -0.64487
v 1.99877 13.86320 -0.74084
v 2.26165 13.68589 -0.69466
v 2.48188 13.53734 -0.51548
v 2.61585 13.44698 -0.23878
v 2.63702 13.43270 0.08063
v 2.65761 13.75116 0.34884
v 2.47854 13.87195 0.55128
v 2.24438 14.02989 0.63995
v 2.00151 14.19371 0.59728
v 1.79804 14.33095 0.43174
v 1.67427 14.41443 0.17611
v 1.65471 14.42763 -0.11899
v 1.74323 14.36792 -0.39510
v 1.92231 14.24713 -0.59754
v 2.15647 14.08919 -0.68621
v 2.39933 13.92537 -0.64355
v 2.60280 13.78813 -0.47800
v 2.72657 13.70464 -0.22237
v 2.74614 13.69145 0.07273
v 2.68096 14.01717 0.26156
v 2.54390 14.10961 0.41650
v 2.36468 14.23050 0.48437
v 2.17880 14.35588 0.45171
v 2.02307 14.46092 0.32501
v 1.92834 14.52481 0.12936
v 1.91337 14.53491 -0.09650
v 1.98112 14.48921 -0.30783
v 2.11818 14.39676 -0.46276
v 2.29740 14.27588 -0.53063
v 2.48328 14.15050 -0.49798
v 2.63901 14.04546 -0.37128
v 2.73374 13.98156 -0.17562
v 2.74871 13.97147 0.05024
v 2.60769 14.25485 0.13094
v 2.53352 14.30488 0.21480
v 2.43652 14.37030 0.25152
v 2.33593 14.43816 0.23385
v 2.25165 14.49500 0.16528
v 2.20038 14.52958 0.05940
v 2.19228 14.53505 -0.06284
v 2.22894 14.51032 -0.17721
v 2.30312 14.46028 -0.26106
v 2.40011 14.39486 -0.29779
v 2.50071 14.32701 -0.28012
v 2.58499 14.27016 -0.21155
v 2.63626 14.23558 -0.10566
v 2.64436 14.23011 0.01658
v 2.44897 14.42802 -0.02313
v 1.77246 14.01585 0.61660
v 1.97427 14.25654 0.55325
v 2.19036 14.41298 0.37574
v 2.37793 14.45416 0.11922
v 2.49982 14.37195 -0.16548
v 2.53189 14.18261 -0.42200
v 2.46780 13.92366 -0.59951
v 2.32023 13.64637 -0.66286
v 2.11842 13.40568 -0.59951
v 1.90233 13.24925 -0.42200
v 1.71477 13.20806 -0.16548
v 1.59288 13.29028 0.11922
v 1.56080 13.47961 0.37574
v 1.62489 13.73857 0.55325
v 1.16679 14.42438 0.23932
v 1.36860 14.66508 0.17597
v 1.58469 14.82151 -0.00154
v 1.77225 14.86269 -0.25806
v 1.89414 14.78048 -0.54276
v 1.92622 14.59114 -0.79928
v 1.86213 14.33219 -0.97679
v 1.71456 14.05491 -1.04014
v 1.51275 13.81421 -0.97679
v 1.29666 13.65778 -0.79928
v 1.10909 13.61659 -0.54276
v 0.98720 13.69881 -0.25806
v 0.95513 13.88815 -0.00154
v 1.01922 14.14710 0.17597
v 2.04635 13.83111 -0.02313
v 1.44067 14.23964 -0.40041
v 1.64373 13.23420 -0.02313
v 1.86375 13.15191 0.13094
v 1.78957 13.20194 0.21480
v 1.69258 13.26736 0.25152
v 1.59198 13.33522 0.23385
v 1.50770 13.39206 0.16528
v 1.45644 13.42664 0.05940
v 1.44833 13.43211 -0.06284
v 1.48500 13.40738 -0.17721
v 1.55918 13.35734 -0.26106
v 1.65617 13.29192 -0.29779
v 1.75677 13.22407 -0.28012
v 1.84105 13.16722 -0.21155
v 1.89231 13.13264 -0.10566
v 1.90042 13.12717 0.01658
v 2.11157 13.17301 0.26156
v 1.97451 13.26546 0.41650
v 1.79529 13.38634 0.48437
v 1.60941 13.51172 0.45171
v 1.45368 13.61676 0.32501
v 1.35895 13.68066 0.12936
v 1.34398 13.69076 -0.09650
v 1.41173 13.64506 -0.30783
v 1.54879 13.55261 -0.46276
v 1.72801 13.43173 -0.53063
v 1.91389 13.30635 -0.49798
v 2.06962 13.20131 -0.37128
v 2.16435 13.13741 -0.17562
v 2.17932 13.12731 0.05024
v 2.34946 13.29431 0.34884
v 2.17038 13.41510 0.55128
v 1.93622 13.57304 0.63995
v 1.69336 13.73685 0.59728
v 1.48989 13.87409 0.43174
v 1.36612 13.95758 0.17611
v 1.34656 13.97077 -0.11899
v 1.43508 13.91106 -0.39510
v 1.61416 13.79028 -0.59754
v 1.84832 13.63233 -0.68621
v 2.09118 13.46852 -0.64355
v 2.29465 13.33128 -0.47800
v 2.41842 13.24779 -0.22237
v 2.43798 13.23460 0.07273
v 2.54120 13.49733 0.37949
v 2.34737 13.62807 0.59860
v 2.09392 13.79902 0.69458
v 1.83105 13.97633 0.64840
v 1.61081 14.12488 0.46922
v 1.47684 14.21525 0.19252
v 1.45567 14.22953 -0.12689
v 1.55149 14.16490 -0.42575
v 1.74532 14.03416 -0.64487
v 1.99877 13.86320 -0.74084
v 2.26165 13.68589 -0.69466
v 2.48188 13.53734 -0.51548
v 2.61585 13.44698 -0.23878
v 2.63702 13.43270 0.08063
v 2.65761 13.75116 0.34884
v 2.47854 13.87195 0.55128
v 2.24438 14.02989 0.63995
v 2.00151 14.19371 0.59728
v 1.79804 14.33095 0.43174
v 1.67427 14.41443 0.17611
v 1.65471 14.42763 -0.11899
v 1.74323 14.36792 -0.39510
v 1.92231 14.24713 -0.59754
v 2.15647 14.08919 -0.68621
v 2.39933 13.92537 -0.64355
v 2.60280 13.78813 -0.47800
v 2.72657 13.70464 -0.22237
v 2.74614 13.69145 0.07273
v 2.68096 14.01717 0.26156
v 2.54390 14.10961 0.41650
v 2.36468 14.23050 0.48437
v 2.17880 14.35588 0.45171
v 2.02307 14.46092 0.32501
v 1.92834 14.52481 0.12936
v 1.91337 14.53491 -0.09650
v 1.98112 14.48921 -0.30783
v 2.11818 14.39676 -0.46276
v 2.29740 14.27588 -0.53063
v 2.48328 14.15050 -0.49798
v 2.63901 14.04546 -0.37128
v 2.73374 13.98156 -0.17562
v 2.74871 13.97147 0.05024
v 2.60769 14.25485 0.13094
v 2.53352 14.30488 0.21480
v 2.43652 14.37030 0.25152
v 2.33593 14.43816 0.23385
v 2.25165 14.49500 0.16528
v 2.20038 14.52958 0.05940
v 2.19228 14.53505 -0.06284
v 2.22894 14.51032 -0.17721
v 2.30312 14.46028 -0.26106
v 2.40011 14.39486 -0.29779
v 2.50071 14.32701 -0.28012
v 2.58499 14.27016 -0.21155
v 2.63626 14.23558 -0.10566
v 2.64436 14.23011 0.01658
v 2.44897 14.42802 -0.02313
v 1.03805 13.64274 -0.40041
v 1.25807 13.56044 -0.24634
v 1.18390 13.61047 -0.16248
v 1.08691 13.67589 -0.12576
v 0.98631 13.74375 -0.14343
v 0.90203 13.80060 -0.21200
v 0.85076 13.83518 -0.31788
v 0.84266 13.84064 -0.44012
v 0.87933 13.81591 -0.55449
v 0.95350 13.76588 -0.63834
v 1.05049 13.70045 -0.67507
v 1.15109 13.63260 -0.65740
v 1.23537 13.57575 -0.58883
v 1.28664 13.54117 -0.48294
v 1.29474 13.53571 -0.36070
v 1.50590 13.58154 -0.11572
v 1.36884 13.67399 0.03922
v 1.18962 13.79488 0.10709
v 1.00374 13.92026 0.07443
v 0.84801 14.02530 -0.05227
v 0.75328 14.08919 -0.24792
v 0.73831 14.09929 -0.47378
v 0.80606 14.05359 -0.68511
v 0.94312 13.96114 -0.84004
v 1.12234 13.84026 -0.90791
v 1.30822 13.71488 -0.87526
v 1.46395 13.60984 -0.74856
v 1.55868 13.54594 -0.55290
v 1.57365 13.53584 -0.32704
v 1.74379 13.70284 -0.02844
v 1.56471 13.82363 0.17400
v 1.33055 13.98157 0.26267
v 1.08768 14.14539 0.22000
v 0.88422 14.28263 0.05446
v 0.76044 14.36611 -0.20117
v 0.74088 14.37931 -0.49627
v 0.82941 14.31960 -0.77238
v 1.00848 14.19881 -0.97482
v 1.24264 14.04086 -1.06349
v 1.48551 13.87705 -1.02083
v 1.68898 13.73981 -0.85528
v 1.81275 13.65632 -0.59965
v 1.83231 13.64313 -0.30455
v 1.93553 13.90586 0.00221
v 1.74170 14.03660 0.22132
v 1.48825 14.20755 0.31730
v 1.22537 14.38487 0.27112
v 1.00514 14.53342 0.09194
v 0.87117 14.62378 -0.18476
v 0.85000 14.63806 -0.50417
v 0.94581 14.57343 -0.80303
v 1.13964 14.44269 -1.02215
v 1.39310 14.27173 -1.11812
v 1.65597 14.09442 -1.07194
v 1.87621 13.94587 -0.89276
v 2.01018 13.85551 -0.61606
v 2.03135 13.84123 -0.29665
v 2.05194 14.15969 -0.02844
v 1.87286 14.28048 0.17400
v 1.63870 14.43842 0.26267
v 1.39584 14.60224 0.22000
v 1.19237 14.73948 0.05446
v 1.06859 14.82297 -0.20117
v 1.04903 14.83616 -0.49627
v 1.13756 14.77645 -0.77238
v 1.31663 14.65566 -0.97482
v 1.55079 14.49772 -1.06349
v 1.79366 14.33390 -1.02083
v 1.99713 14.19666 -0.85528
v 2.12090 14.11318 -0.59965
v 2.14046 14.09998 -0.30455
v 2.07528 14.42570 -0.11572
v 1.93823 14.51815 0.03922
v 1.75901 14.63903 0.10709
v 1.57313 14.76441 0.07443
v 1.41740 14.86945 -0.05227
v 1.32267 14.93335 -0.24792
v 1.30770 14.94344 -0.47378
v 1.37545 14.89774 -0.68511
v 1.51251 14.80530 -0.84004
v 1.69173 14.68441 -0.90791
v 1.87761 14.55903 -0.87526
v 2.03334 14.45399 -0.74856
v 2.12807 14.39010 -0.55290
v 2.14304 14.38000 -0.32704
v 2.00202 14.66338 -0.24634
v 1.92784 14.71341 -0.16248
v 1.83085 14.77883 -0.12576
v 1.73025 14.84669 -0.14343
v 1.64597 14.90354 -0.21200
v 1.59470 14.93812 -0.31788
v 1.58660 14.94358 -0.44012
v 1.62327 14.91885 -0.55449
v 1.69745 14.86882 -0.63834
v 1.79444 14.80339 -0.67507
v 1.89504 14.73554 -0.65740
v 1.97931 14.67869 -0.58883
v 2.03058 14.64411 -0.48294
v 2.03869 14.63865 -0.36070
v 1.84329 14.83655 -0.40041
v 3.88538 12.59067 0.22351
v 4.06755 12.82367 0.15944
v 4.24804 12.98733 -0.02007
v 4.39108 13.04923 -0.27948
v 4.46835 12.99711 -0.56739
v 4.46454 12.84130 -0.82680
v 4.38041 12.61265 -1.00631
v 4.23262 12.35645 -1.07038
v 4.05044 12.12345 -1.00631
v 3.86996 11.95979 -0.82680
v 3.72691 11.89789 -0.56739
v 3.64965 11.95001 -0.27948
v 3.65345 12.10582 -0.02007
v 3.73758 12.33447 0.15944
v 3.38236 12.92996 0.02710
v 3.56454 13.16296 -0.03697
v 3.74503 13.32662 -0.21648
v 3.88807 13.38852 -0.47589
v 3.96534 13.33640 -0.76380
v 3.96153 13.18058 -1.02321
v 3.87740 12.95193 -1.20272
v 3.72961 12.69574 -1.26679
v 3.54743 12.46273 -1.20272
v 3.36695 12.29908 -1.02321
v 3.22390 12.23718 -0.76380
v 3.14663 12.28929 -0.47589
v 3.15044 12.44511 -0.21648
v 3.23457 12.67376 -0.03697
v 4.05900 12.47356 -0.42343
v 3.55599 12.81285 -0.61985
v 3.67875 11.90982 -0.42343
v 3.88654 11.83209 -0.27792
v 3.81649 11.87934 -0.19873
v 3.72489 11.94113 -0.16404
v 3.62988 12.00522 -0.18073
v 3.55028 12.05890 -0.24549
v 3.50186 12.09156 -0.34549
v 3.49421 12.09673 -0.46094
v 3.52884 12.07337 -0.56895
v 3.59889 12.02611 -0.64814
v 3.69050 11.96433 -0.68283
v 3.78551 11.90024 -0.66614
v 3.86510 11.84655 -0.60138
v 3.91352 11.81389 -0.50138
v 3.92118 11.80873 -0.38593
v 4.12060 11.85202 -0.15456
v 3.99115 11.93933 -0.00823
v 3.82189 12.05350 0.05587
v 3.64634 12.17192 0.02503
v 3.49926 12.27112 -0.09463
v 3.40979 12.33147 -0.27942
v 3.39565 12.34101 -0.49273
v 3.45964 12.29784 -0.69231
v 3.58909 12.21053 -0.83864
v 3.75835 12.09636 -0.90274
v 3.93390 11.97795 -0.87190
v 4.08098 11.87875 -0.75224
v 4.17045 11.81840 -0.56745
v 4.18459 11.80886 -0.35414
v 4.34527 11.96658 -0.07213
v 4.17614 12.08066 0.11906
v 3.95499 12.22983 0.20280
v 3.72562 12.38454 0.16251
v 3.53345 12.51416 0.00617
v 3.41656 12.59300 -0.23527
v 3.39808 12.60547 -0.51397
v 3.48169 12.54907 -0.77474
v 3.65082 12.43499 -0.96593
v 3.87197 12.28583 -1.04967
v 4.10134 12.13111 -1.00938
v 4.29351 12.00149 -0.85304
v 4.41040 11.92265 -0.61160
v 4.42888 11.91019 -0.33290
v 4.52636 12.15832 -0.04318
v 4.34330 12.28180 0.16376
v 4.10393 12.44326 0.25440
v 3.85566 12.61072 0.21079
v 3.64766 12.75101 0.04156
v 3.52113 12.83636 -0.21976
v 3.50114 12.84984 -0.52143
v 3.59163 12.78880 -0.80369
v 3.77469 12.66533 -1.01063
v 4.01407 12.50387 -1.10127
v 4.26234 12.33641 -1.05766
v 4.47033 12.19611 -0.88843
v 4.59686 12.11077 -0.62711
v 4.61686 12.09728 -0.32544
v 4.63630 12.39805 -0.07213
v 4.46718 12.51213 0.11906
v 4.24602 12.66130 0.20280
v 4.01665 12.81601 0.16251
v 3.82449 12.94563 0.00617
v 3.70759 13.02448 -0.23527
v 3.68912 13.03694 -0.51397
v 3.77272 12.98054 -0.77474
v 3.94185 12.86647 -0.96593
v 4.16300 12.71730 -1.04967
v 4.39237 12.56258 -1.00938
v 4.58454 12.43297 -0.85304
v 4.70144 12.35412 -0.61160
v 4.71991 12.34166 -0.33290
v 4.65835 12.64928 -0.15456
v 4.52891 12.73659 -0.00823
v 4.35965 12.85076 0.05587
v 4.18409 12.96917 0.02503
v 4.03702 13.06838 -0.09463
v 3.94755 13.12872 -0.27942
v 3.93341 13.13826 -0.49273
v 3.99740 13.09510 -0.69231
v 4.12684 13.00779 -0.83864
v 4.29610 12.89362 -0.90274
v 4.47166 12.77521 -0.87190
v 4.61873 12.67600 -0.75224
v 4.70820 12.61566 -0.56745
v 4.72234 12.60612 -0.35414
v 4.58916 12.87376 -0.27792
v 4.51910 12.92101 -0.19873
v 4.42750 12.98280 -0.16404
v 4.33249 13.04688 -0.18073
v 4.25289 13.10057 -0.24549
v 4.20447 13.13323 -0.34549
v 4.19682 13.13839 -0.46094
v 4.23145 13.11503 -0.56895
v 4.30151 13.06778 -0.64814
v 4.39311 13.00599 -0.68283
v 4.48812 12.94191 -0.66614
v 4.56772 12.88822 -0.60138
v 4.61614 12.85556 -0.50138
v 4.62379 12.85040 -0.38593
v 4.43925 13.03731 -0.42343
v 3.17574 12.24910 -0.61985
v 3.38353 12.17138 -0.47433
v 3.31348 12.21863 -0.39514
v 3.22187 12.28042 -0.36045
v 3.12687 12.34450 -0.37714
v 3.04727 12.39819 -0.44190
v 2.99885 12.43085 -0.54190
v 2.99120 12.43601 -0.65735
v 3.02583 12.41265 -0.76536
v 3.09588 12.36540 -0.84455
v 3.18749 12.30361 -0.87924
v 3.28249 12.23953 -0.86255
v 3.36209 12.18584 -0.79779
v 3.41051 12.15318 -0.69779
v 3.41816 12.14802 -0.58234
v 3.61759 12.19131 -0.35097
v 3.48814 12.27862 -0.20464
v 3.31888 12.39279 -0.14054
v 3.14333 12.51120 -0.17138
v 2.99625 12.61041 -0.29104
v 2.90678 12.67075 -0.47583
v 2.89264 12.68029 -0.68914
v 2.95663 12.63713 -0.88872
v 3.08608 12.54982 -1.03505
v 3.25534 12.43565 -1.09915
v 3.43089 12.31724 -1.06831
v 3.57797 12.21803 -0.94865
v 3.66744 12.15768 -0.76386
v 3.68158 12.14815 -0.55055
v 3.84226 12.30586 -0.26854
v 3.67313 12.41994 -0.07735
v 3.45198 12.56911 0.00639
v 3.22261 12.72383 -0.03390
v 3.03044 12.85344 -0.19024
v 2.91355 12.93229 -0.43168
v 2.89507 12.94475 -0.71038
v 2.97868 12.88836 -0.97115
v 3.14781 12.77428 -1.16234
v 3.36896 12.62511 -1.24608
v 3.59833 12.47040 -1.20579
v 3.79050 12.34078 -1.04945
v 3.90739 12.26193 -0.80801
v 3.92587 12.24947 -0.52931
v 4.02335 12.49760 -0.23959
v 3.84029 12.62108 -0.03265
v 3.60092 12.78254 0.05799
v 3.35265 12.95000 0.01438
v 3.14465 13.09030 -0.15485
v 3.01812 13.17564 -0.41617
v 2.99813 13.18913 -0.71784
v 3.08862 13.12809 -1.00010
v 3.27168 13.00461 -1.20704
v 3.51105 12.84315 -1.29768
v 3.75933 12.67569 -1.25407
v 3.96732 12.53540 -1.08484
v 4.09385 12.45005 -0.82352
v 4.11385 12.43656 -0.52185
v 4.13329 12.73734 -0.26854
v 3.96416 12.85141 -0.07735
v 3.74301 13.00058 0.00639
v 3.51364 13.15530 -0.03390
v 3.32148 13.28491 -0.19024
v 3.20458 13.36376 -0.43168
v 3.18611 13.37622 -0.71038
v 3.26971 13.31983 -0.97115
v 3.43884 13.20575 -1.16234
v 3.65999 13.05658 -1.24608
v 3.88936 12.90187 -1.20579
v 4.08153 12.77225 -1.04945
v 4.19842 12.69340 -0.80801
v 4.21690 12.68094 -0.52931
v 4.15534 12.98857 -0.35097
v 4.02590 13.07588 -0.20464
v 3.85664 13.19005 -0.14054
v 3.68108 13.30846 -0.17138
v 3.53401 13.40766 -0.29104
v 3.44454 13.46801 -0.47583
v 3.43040 13.47755 -0.68914
v 3.49439 13.43439 -0.88872
v 3.62383 13.34707 -1.03505
v 3.79309 13.23291 -1.09915
v 3.96865 13.11449 -1.06831
v 4.11572 13.01529 -0.94865
v 4.20519 12.95494 -0.76386
v 4.21933 12.94540 -0.55055
v 4.08615 13.21304 -0.47433
v 4.01609 13.26029 -0.39514
v 3.92449 13.32208 -0.36045
v 3.82948 13.38617 -0.37714
v 3.74988 13.43986 -0.44190
v 3.70146 13.47252 -0.54190
v 3.69381 13.47768 -0.65735
v 3.72844 13.45432 -0.76536
v 3.79849 13.40707 -0.84455
v 3.89010 13.34528 -0.87924
v 3.98511 13.28119 -0.86255
v 4.06470 13.22750 -0.79779
v 4.11312 13.19484 -0.69779
v 4.12078 13.18968 -0.58234
v 3.93624 13.37659 -0.61985
v 3.35568 12.94795 0.01578
v 3.54050 13.17917 -0.04716
v 3.72839 13.33784 -0.22354
v 3.88213 13.39252 -0.47840
v 3.97128 13.33239 -0.76129
v 3.97817 13.16936 -1.01615
v 3.90144 12.93572 -1.19253
v 3.75629 12.67774 -1.25547
v 3.57147 12.44652 -1.19253
v 3.38358 12.28785 -1.01615
v 3.22984 12.23317 -0.76129
v 3.14070 12.29330 -0.47840
v 3.13381 12.45633 -0.22354
v 3.21053 12.68997 -0.04716
v 2.86147 13.28130 -0.21081
v 3.04629 13.51252 -0.27376
v 3.23418 13.67119 -0.45013
v 3.38792 13.72587 -0.70500
v 3.47707 13.66574 -0.98788
v 3.48396 13.50271 -1.24275
v 3.40723 13.26907 -1.41912
v 3.26208 13.01109 -1.48207
v 3.07726 12.77987 -1.41912
v 2.88937 12.62120 -1.24275
v 2.73563 12.56652 -0.98788
v 2.64649 12.62665 -0.70500
v 2.63960 12.78968 -0.45013
v 2.71632 13.02332 -0.27376
v 3.55599 12.81285 -0.61985
v 3.06178 13.14620 -0.84644
v 3.17574 12.24910 -0.61985
v 3.38353 12.17138 -0.47433
v 3.31348 12.21863 -0.39514
v 3.22187 12.28042 -0.36045
v 3.12687 12.34450 -0.37714
v 3.04727 12.39819 -0.44190
v 2.99885 12.43085 -0.54190
v 2.99120 12.43601 -0.65735
v 3.02583 12.41265 -0.76536
v 3.09588 12.36540 -0.84455
v 3.18749 12.30361 -0.87924
v 3.28249 12.23953 -0.86255
v 3.36209 12.18584 -0.79779
v 3.41051 12.15318 -0.69779
v 3.41816 12.14802 -0.58234
v 3.61759 12.19131 -0.35097
v 3.48814 12.27862 -0.20464
v 3.31888 12.39279 -0.14054
v 3.14333 12.51120 -0.17138
v 2.99625 12.61041 -0.29104
v 2.90678 12.67075 -0.47583
v 2.89264 12.68029 -0.68914
v 2.95663 12.63713 -0.88872
v 3.08608 12.54982 -1.03505
v 3.25534 12.43565 -1.09915
v 3.43089 12.31724 -1.06831
v 3.57797 12.21803 -0.94865
v 3.66744 12.15768 -0.76386
v 3.68158 12.14815 -0.55055
v 3.84226 12.30586 -0.26854
v 3.67313 12.41994 -0.07735
v 3.45198 12.56911 0.00639
v 3.22261 12.72383 -0.03390
v 3.03044 12.85344 -0.19024
v 2.91355 12.93229 -0.43168
v 2.89507 12.94475 -0.71038
v 2.97868 12.88836 -0.97115
v 3.14781 12.77428 -1.16234
v 3.36896 12.62511 -1.24608
v 3.59833 12.47040 -1.20579
v 3.79050 12.34078 -1.04945
v 3.90739 12.26193 -0.80801
v 3.92587 12.24947 -0.52931
v 4.02335 12.49760 -0.23959
v 3.84029 12.62108 -0.03265
v 3.60092 12.78254 0.05799
v 3.35265 12.95000 0.01438
v 3.14465 13.09030 -0.15485
v 3.01812 13.17564 -0.41617
v 2.99813 13.18913 -0.71784
v 3.08862 13.12809 -1.00010
v 3.27168 13.00461 -1.20704
v 3.51105 12.84315 -1.29768
v 3.75933 12.67569 -1.25407
v 3.96732 12.53540 -1.08484
v 4.09385 12.45005 -0.82352
v 4.11385 12.43656 -0.52185
v 4.13329 12.73734 -0.26854
v 3.96416 12.85141 -0.07735
v 3.74301 13.00058 0.00639
v 3.51364 13.15530 -0.03390
v 3.32148 13.28491 -0.19024
v 3.20458 13.36376 -0.43168
v 3.18611 13.37622 -0.71038
v 3.26971 13.31983 -0.97115
v 3.43884 13.20575 -1.16234
v 3.65999 13.05658 -1.24608
v 3.88936 12.90187 -1.20579
v 4.08153 12.77225 -1.04945
v 4.19842 12.69340 -0.80801
v 4.21690 12.68094 -0.52931
v 4.15534 12.98857 -0.35097
v 4.02590 13.07588 -0.20464
v 3.85664 13.19005 -0.14054
v 3.68108 13.30846 -0.17138
v 3.53401 13.40766 -0.29104
v 3.44454 13.46801 -0.47583
v 3.43040 13.47755 -0.68914
v 3.49439 13.43439 -0.88872
v 3.62383 13.34707 -1.03505
v 3.79309 13.23291 -1.09915
v 3.96865 13.11449 -1.06831
v 4.11572 13.01529 -0.94865
v 4.20519 12.95494 -0.76386
v 4.21933 12.94540 -0.55055
v 4.08615 13.21304 -0.47433
v 4.01609 13.26029 -0.39514
v 3.92449 13.32208 -0.36045
v 3.82948 13.38617 -0.37714
v 3.74988 13.43986 -0.44190
v 3.70146 13.47252 -0.54190
v 3.69381 13.47768 -0.65735
v 3.72844 13.45432 -0.76536
v 3.79849 13.40707 -0.84455
v 3.89010 13.34528 -0.87924
v 3.98511 13.28119 -0.86255
v 4.06470 13.22750 -0.79779
v 4.11312 13.19484 -0.69779
v 4.12078 13.18968 -0.58234
v 3.93624 13.37659 -0.61985
v 2.68152 12.58245 -0.84644
v 2.88932 12.50472 -0.70092
v 2.81927 12.55198 -0.62173
v 2.72766 12.61377 -0.58704
v 2.63265 12.67785 -0.60373
v 2.55306 12.73154 -0.66849
v 2.50464 12.76420 -0.76850
v 2.49699 12.76936 -0.88394
v 2.53162 12.74600 -0.99196
v 2.60167 12.69875 -1.07115
v 2.69328 12.63696 -1.10584
v 2.78828 12.57288 -1.08915
v 2.86788 12.51919 -1.02439
v 2.91630 12.48653 -0.92438
v 2.92395 12.48137 -0.80894
v 3.12338 12.52466 -0.57756
v 2.99393 12.61197 -0.43123
v 2.82467 12.72614 -0.36714
v 2.64911 12.84455 -0.39798
v 2.50204 12.94375 -0.51764
v 2.41257 13.00410 -0.70242
v 2.39843 13.01364 -0.91573
v 2.46242 12.97048 -1.11532
v 2.59186 12.88317 -1.26165
v 2.76113 12.76900 -1.32574
v 2.93668 12.65058 -1.29491
v 3.08376 12.55138 -1.17524
v 3.17323 12.49103 -0.99046
v 3.18737 12.48150 -0.77715
v 3.34805 12.63921 -0.49513
v 3.17892 12.75329 -0.30394
v 2.95777 12.90246 -0.22020
v 2.72840 13.05717 -0.26049
v 2.53623 13.18679 -0.41684
v 2.41934 13.26564 -0.65827
v 2.40086 13.27810 -0.93698
v 2.48447 13.22171 -1.19775
v 2.65360 13.10763 -1.38894
v 2.87475 12.95846 -1.47268
v 3.10412 12.80375 -1.43239
v 3.29629 12.67413 -1.27604
v 3.41318 12.59528 -1.03461
v 3.43166 12.58282 -0.75591
v 3.52914 12.83095 -0.46619
v 3.34608 12.95443 -0.25925
v 3.10671 13.11589 -0.16860
v 2.85844 13.28335 -0.21222
v 2.65044 13.42365 -0.38144
v 2.52391 13.50899 -0.64277
v 2.50392 13.52248 -0.94444
v 2.59441 13.46144 -1.22669
v 2.77747 13.33796 -1.43364
v 3.01684 13.17650 -1.52428
v 3.26512 13.00904 -1.48067
v 3.47311 12.86875 -1.31144
v 3.59964 12.78340 -1.05011
v 3.61964 12.76991 -0.74845
v 3.63908 13.07069 -0.49513
v 3.46995 13.18476 -0.30394
v 3.24880 13.33393 -0.22020
v 3.01943 13.48865 -0.26049
v 2.82727 13.61826 -0.41684
v 2.71037 13.69711 -0.65827
v 2.69190 13.70957 -0.93698
v 2.77550 13.65318 -1.19775
v 2.94463 13.53910 -1.38894
v 3.16578 13.38993 -1.47268
v 3.39515 13.23522 -1.43239
v 3.58732 13.10560 -1.27604
v 3.70421 13.02675 -1.03461
v 3.72269 13.01429 -0.75591
v 3.66113 13.32191 -0.57756
v 3.53169 13.40923 -0.43123
v 3.36243 13.52339 -0.36714
v 3.18687 13.64181 -0.39798
v 3.03979 13.74101 -0.51764
v 2.95033 13.80136 -0.70242
v 2.93619 13.81090 -0.91573
v 3.00018 13.76773 -1.11532
v 3.12962 13.68042 -1.26165
v 3.29888 13.56625 -1.32574
v 3.47444 13.44784 -1.29491
v 3.62151 13.34864 -1.17524
v 3.71098 13.28829 -0.99046
v 3.72512 13.27875 -0.77715
v 3.59194 13.54639 -0.70092
v 3.52188 13.59364 -0.62173
v 3.43028 13.65543 -0.58704
v 3.33527 13.71952 -0.60373
v 3.25567 13.77320 -0.66849
v 3.20725 13.80586 -0.76850
v 3.19960 13.81103 -0.88394
v 3.23423 13.78767 -0.99196
v 3.30428 13.74041 -1.07115
v 3.39589 13.67863 -1.10584
v 3.49090 13.61454 -1.08915
v 3.57049 13.56085 -1.02439
v 3.61891 13.52819 -0.92438
v 3.62657 13.52303 -0.80894
v 3.44203 13.70994 -0.84644
v 2.83529 13.29896 -0.22373
v 3.02271 13.52843 -0.28540
v 3.21786 13.68220 -0.45819
v 3.38210 13.72980 -0.70787
v 3.48289 13.66181 -0.98501
v 3.50028 13.49170 -1.23469
v 3.43082 13.25316 -1.40748
v 3.28826 12.99343 -1.46915
v 3.10085 12.76396 -1.40748
v 2.90569 12.61019 -1.23469
v 2.74146 12.56259 -0.98501
v 2.64066 12.63058 -0.70787
v 2.62327 12.80069 -0.45819
v 2.69274 13.03923 -0.28540
v 2.35113 13.62554 -0.47994
v 2.53854 13.85501 -0.54161
v 2.73369 14.00877 -0.71440
v 2.89793 14.05637 -0.96409
v 2.99872 13.98839 -1.24122
v 3.01611 13.81828 -1.49090
v 2.94665 13.57973 -1.66369
v 2.80409 13.32000 -1.72536
v 2.61668 13.09053 -1.66369
v 2.42153 12.93677 -1.49090
v 2.25729 12.88917 -1.24122
v 2.15650 12.95715 -0.96409
v 2.13911 13.12726 -0.71440
v 2.20857 13.36581 -0.54161
v 3.06178 13.14620 -0.84644
v 2.57761 13.47277 -1.10265
v 2.68152 12.58245 -0.84644
v 2.88932 12.50472 -0.70092
v 2.81927 12.55198 -0.62173
v 2.72766 12.61377 -0.58704
v 2.63265 12.67785 -0.60373
v 2.55306 12.73154 -0.66849
v 2.50464 12.76420 -0.76850
v 2.49699 12.76936 -0.88394
v 2.53162 12.74600 -0.99196
v 2.60167 12.69875 -1.07115
v 2.69328 12.63696 -1.10584
v 2.78828 12.57288 -1.08915
v 2.86788 12.51919 -1.02439
v 2.91630 12.48653 -0.92438
v 2.92395 12.48137 -0.80894
v 3.12338 12.52466 -0.57756
v 2.99393 12.61197 -0.43123
v 2.82467 12.72614 -0.36714
v 2.64911 12.84455 -0.39798
v 2.50204 12.94375 -0.51764
v 2.41257 13.00410 -0.70242
v 2.39843 13.01364 -0.91573
v 2.46242 12.97048 -1.11532
v 2.59186 12.88317 -1.26165
v 2.76113 12.76900 -1.32574
v 2.93668 12.65058 -1.29491
v 3.08376 12.55138 -1.17524
v 3.17323 12.49103 -0.99046
v 3.18737 12.48150 -0.77715
v 3.34805 12.63921 -0.49513
v 3.17892 12.75329 -0.30394
v 2.95777 12.90246 -0.22020
v 2.72840 13.05717 -0.26049
v 2.53623 13.18679 -0.41684
v 2.41934 13.26564 -0.65827
v 2.40086 13.27810 -0.93698
v 2.48447 13.22171 -1.19775
v 2.65360 13.10763 -1.38894
v 2.87475 12.95846 -1.47268
v 3.10412 12.80375 -1.43239
v 3.29629 12.67413 -1.27604
v 3.41318 12.59528 -1.03461
v 3.43166 12.58282 -0.75591
v 3.52914 12.83095 -0.46619
v 3.34608 12.95443 -0.25925
v 3.10671 13.11589 -0.16860
v 2.85844 13.28335 -0.21222
v 2.65044 13.42365 -0.38144
v 2.52391 13.50899 -0.64277
v 2.50392 13.52248 -0.94444
v 2.59441 13.46144 -1.22669
v 2.77747 13.33796 -1.43364
v 3.01684 13.17650 -1.52428
v 3.26512 13.00904 -1.48067
v 3.47311 12.86875 -1.31144
v 3.59964 12.78340 -1.05011
v 3.61964 12.76991 -0.74845
v 3.63908 13.07069 -0.49513
v 3.46995 13.18476 -0.30394
v 3.24880 13.33393 -0.22020
v 3.01943 13.48865 -0.26049
v 2.82727 13.61826 -0.41684
v 2.71037 13.69711 -0.65827
v 2.69190 13.70957 -0.93698
v 2.77550 13.65318 -1.19775
v 2.94463 13.53910 -1.38894
v 3.16578 13.38993 -1.47268
v 3.39515 13.23522 -1.43239
v 3.58732 13.10560 -1.27604
v 3.70421 13.02675 -1.03461
v 3.72269 13.01429 -0.75591
v 3.66113 13.32191 -0.57756
v 3.53169 13.40923 -0.43123
v 3.36243 13.52339 -0.36714
v 3.18687 13.64181 -0.39798
v 3.03979 13.74101 -0.51764
v 2.95033 13.80136 -0.70242
v 2.93619 13.81090 -0.91573
v 3.00018 13.76773 -1.11532
v 3.12962 13.68042 -1.26165
v 3.29888 13.56625 -1.32574
v 3.47444 13.44784 -1.29491
v 3.62151 13.34864 -1.17524
v 3.71098 13.28829 -0.99046
v 3.72512 13.27875 -0.77715
v 3.59194 13.54639 -0.70092
v 3.52188 13.59364 -0.62173
v 3.43028 13.65543 -0.58704
v 3.33527 13.71952 -0.60373
v 3.25567 13.77320 -0.66849
v 3.20725 13.80586 -0.76850
v 3.19960 13.81103 -0.88394
v 3.23423 13.78767 -0.99196
v 3.30428 13.74041 -1.07115
v 3.39589 13.67863 -1.10584
v 3.49090 13.61454 -1.08915
v 3.57049 13.56085 -1.02439
v 3.61891 13.52819 -0.92438
v 3.62657 13.52303 -0.80894
v 3.44203 13.70994 -0.84644
v 2.19736 12.90902 -1.10265
v 2.40516 12.83130 -0.95714
v 2.33510 12.87855 -0.87794
v 2.24350 12.94034 -0.84325
v 2.14849 13.00442 -0.85994
v 2.06889 13.05811 -0.92470
v 2.02047 13.09077 -1.02471
v 2.01282 13.09593 -1.14015
v 2.04745 13.07258 -1.24817
v 2.11751 13.02532 -1.32736
v 2.20911 12.96353 -1.36205
v 2.30412 12.89945 -1.34536
v 2.38372 12.84576 -1.28060
v 2.43214 12.81310 -1.18059
v 2.43979 12.80794 -1.06515
v 2.63921 12.85123 -0.83377
v 2.50977 12.93854 -0.68744
v 2.34050 13.05271 -0.62335
v 2.16495 13.17112 -0.65419
v 2.01787 13.27033 -0.77385
v 1.92840 13.33068 -0.95863
v 1.91426 13.34021 -1.17194
v 1.97825 13.29705 -1.37153
v 2.10770 13.20974 -1.51786
v 2.27696 13.09557 -1.58195
v 2.45251 12.97716 -1.55112
v 2.59959 12.87795 -1.43145
v 2.68906 12.81761 -1.24667
v 2.70320 12.80807 -1.03336
v 2.86388 12.96579 -0.75134
v 2.69476 13.07987 -0.56015
v 2.47361 13.22903 -0.47641
v 2.24423 13.38375 -0.51670
v 2.05207 13.51336 -0.67305
v 1.93517 13.59221 -0.91448
v 1.91670 13.60467 -1.19319
v 2.00030 13.54828 -1.45396
v 2.16943 13.43420 -1.64515
v 2.39058 13.28503 -1.72889
v 2.61996 13.13032 -1.68860
v 2.81212 13.00070 -1.53225
v 2.92902 12.92186 -1.29082
v 2.94749 12.90939 -1.01212
v 3.04498 13.15753 -0.72240
v 2.86191 13.28100 -0.51546
v 2.62254 13.44246 -0.42481
v 2.37427 13.60992 -0.46843
v 2.16627 13.75022 -0.63765
v 2.03975 13.83556 -0.89898
v 2.01975 13.84905 -1.20065
v 2.11024 13.78801 -1.48290
v 2.29331 13.66454 -1.68985
v 2.53268 13.50308 -1.78049
v 2.78095 13.33562 -1.73688
v 2.98895 13.19532 -1.56765
v 3.11547 13.10998 -1.30632
v 3.13547 13.09649 -1.00466
v 3.15492 13.39726 -0.75134
v 2.98579 13.51134 -0.56015
v 2.76464 13.66051 -0.47641
v 2.53526 13.81522 -0.51670
v 2.34310 13.94484 -0.67305
v 2.22620 14.02368 -0.91448
v 2.20773 14.03615 -1.19319
v 2.29134 13.97975 -1.45396
v 2.46046 13.86567 -1.64515
v 2.68161 13.71651 -1.72889
v 2.91099 13.56179 -1.68860
v 3.10315 13.43218 -1.53225
v 3.22005 13.35333 -1.29082
v 3.23852 13.34087 -1.01212
v 3.17697 13.64849 -0.83377
v 3.04752 13.73580 -0.68744
v 2.87826 13.84997 -0.62335
v 2.70271 13.96838 -0.65419
v 2.55563 14.06759 -0.77385
v 2.46616 14.12793 -0.95863
v 2.45202 14.13747 -1.17194
v 2.51601 14.09431 -1.37153
v 2.64546 14.00700 -1.51786
v 2.81472 13.89283 -1.58195
v 2.99027 13.77442 -1.55112
v 3.13735 13.67521 -1.43145
v 3.22682 13.61486 -1.24667
v 3.24096 13.60533 -1.03336
v 3.10777 13.87296 -0.95714
v 3.03771 13.92022 -0.87794
v 2.94611 13.98201 -0.84325
v 2.85110 14.04609 -0.85994
v 2.77150 14.09978 -0.92470
v 2.72308 14.13244 -1.02471
v 2.71543 14.13760 -1.14015
v 2.75006 14.11424 -1.24817
v 2.82012 14.06699 -1.32736
v 2.91172 14.00520 -1.36205
v 3.00673 13.94112 -1.34536
v 3.08633 13.88743 -1.28060
v 3.13475 13.85477 -1.18059
v 3.14240 13.84961 -1.06515
v 2.95786 14.03652 -1.10265
v 2.32552 13.64281 -0.49443
v 2.51547 13.87057 -0.55466
v 2.71773 14.01954 -0.72343
v 2.89223 14.06022 -0.96731
v 3.00442 13.98454 -1.23799
v 3.03208 13.80751 -1.48187
v 2.96972 13.56417 -1.65064
v 2.82970 13.30273 -1.71088
v 2.63975 13.07497 -1.65064
v 2.43749 12.92600 -1.48187
v 2.26299 12.88532 -1.23799
v 2.15080 12.96100 -0.96731
v 2.12314 13.13803 -0.72343
v 2.18550 13.38137 -0.55466
v 1.85262 13.96179 -0.77961
v 2.04256 14.18955 -0.83984
v 2.24482 14.33852 -1.00861
v 2.41933 14.37920 -1.25249
v 2.53152 14.30352 -1.52317
v 2.55918 14.12648 -1.76705
v 2.49682 13.88315 -1.93582
v 2.35680 13.62171 -1.99606
v 2.16685 13.39395 -1.93582
v 1.96459 13.24498 -1.76705
v 1.79009 13.20430 -1.52317
v 1.67789 13.27997 -1.25249
v 1.65024 13.45701 -1.00861
v 1.71260 13.70035 -0.83984
v 2.57761 13.47277 -1.10265
v 2.10471 13.79175 -1.38783
v 2.19736 12.90902 -1.10265
v 2.40516 12.83130 -0.95714
v 2.33510 12.87855 -0.87794
v 2.24350 12.94034 -0.84325
v 2.14849 13.00442 -0.85994
v 2.06889 13.05811 -0.92470
v 2.02047 13.09077 -1.02471
v 2.01282 13.09593 -1.14015
v 2.04745 13.07258 -1.24817
v 2.11751 13.02532 -1.32736
v 2.20911 12.96353 -1.36205
v 2.30412 12.89945 -1.34536
v 2.38372 12.84576 -1.28060
v 2.43214 12.81310 -1.18059
v 2.43979 12.80794 -1.06515
v 2.63921 12.85123 -0.83377
v 2.50977 12.93854 -0.68744
v 2.34050 13.05271 -0.62335
v 2.16495 13.17112 -0.65419
v 2.01787 13.27033 -0.77385
v 1.92840 13.33068 -0.95863
v 1.91426 13.34021 -1.17194
v 1.97825 13.29705 -1.37153
v 2.10770 13.20974 -1.51786
v 2.27696 13.09557 -1.58195
v 2.45251 12.97716 -1.55112
v 2.59959 12.87795 -1.43145
v 2.68906 12.81761 -1.24667
v 2.70320 12.80807 -1.03336
v 2.86388 12.96579 -0.75134
v 2.69476 13.07987 -0.56015
v 2.47361 13.22903 -0.47641
v 2.24423 13.38375 -0.51670
v 2.05207 13.51336 -0.67305
v 1.93517 13.59221 -0.91448
v 1.91670 13.60467 -1.19319
v 2.00030 13.54828 -1.45396
v 2.16943 13.43420 -1.64515
v 2.39058 13.28503 -1.72889
v 2.61996 13.13032 -1.68860
v 2.81212 13.00070 -1.53225
v 2.92902 12.92186 -1.29082
v 2.94749 12.90939 -1.01212
v 3.04498 13.15753 -0.72240
v 2.86191 13.28100 -0.51546
v 2.62254 13.44246 -0.42481
v 2.37427 13.60992 -0.46843
v 2.16627 13.75022 -0.63765
v 2.03975 13.83556 -0.89898
v 2.01975 13.84905 -1.20065
v 2.11024 13.78801 -1.48290
v 2.29331 13.66454 -1.68985
v 2.53268 13.50308 -1.78049
v 2.78095 13.33562 -1.73688
v 2.98895 13.19532 -1.56765
v 3.11547 13.10998 -1.30632
v 3.13547 13.09649 -1.00466
v 3.15492 13.39726 -0.75134
v 2.98579 13.51134 -0.56015
v 2.76464 13.66051 -0.47641
v 2.53526 13.81522 -0.51670
v 2.34310 13.94484 -0.67305
v 2.22620 14.02368 -0.91448
v 2.20773 14.03615 -1.19319
v 2.29134 13.97975 -1.45396
v 2.46046 13.86567 -1.64515
v 2.68161 13.71651 -1.72889
v 2.91099 13.56179 -1.68860
v 3.10315 13.43218 -1.53225
v 3.22005 13.35333 -1.29082
v 3.23852 13.34087 -1.01212
v 3.17697 13.64849 -0.83377
v 3.04752 13.73580 -0.68744
v 2.87826 13.84997 -0.62335
v 2.70271 13.96838 -0.65419
v 2.55563 14.06759 -0.77385
v 2.46616 14.12793 -0.95863
v 2.45202 14.13747 -1.17194
v 2.51601 14.09431 -1.37153
v 2.64546 14.00700 -1.51786
v 2.81472 13.89283 -1.58195
v 2.99027 13.77442 -1.55112
v 3.13735 13.67521 -1.43145
v 3.22682 13.61486 -1.24667
v 3.24096 13.60533 -1.03336
v 3.10777 13.87296 -0.95714
v 3.03771 13.92022 -0.87794
v 2.94611 13.98201 -0.84325
v 2.85110 14.04609 -0.85994
v 2.77150 14.09978 -0.92470
v 2.72308 14.13244 -1.02471
v 2.71543 14.13760 -1.14015
v 2.75006 14.11424 -1.24817
v 2.82012 14.06699 -1.32736
v 2.91172 14.00520 -1.36205
v 3.00673 13.94112 -1.34536
v 3.08633 13.88743 -1.28060
v 3.13475 13.85477 -1.18059
v 3.14240 13.84961 -1.06515
v 2.95786 14.03652 -1.10265
v 1.72446 13.22800 -1.38783
v 1.93225 13.15028 -1.24232
v 1.86220 13.19753 -1.16312
v 1.77060 13.25932 -1.12843
v 1.67559 13.32340 -1.14512
v 1.59599 13.37709 -1.20988
v 1.54757 13.40975 -1.30989
v 1.53992 13.41491 -1.42533
v 1.57455 13.39155 -1.53335
v 1.64460 13.34430 -1.61254
v 1.73621 13.28251 -1.64723
v 1.83122 13.21843 -1.63054
v 1.91081 13.16474 -1.56578
v 1.95923 13.13208 -1.46577
v 1.96689 13.12692 -1.35033
v 2.16631 13.17021 -1.11895
v 2.03686 13.25752 -0.97262
v 1.86760 13.37169 -0.90853
v 1.69205 13.49010 -0.93937
v 1.54497 13.58931 -1.05903
v 1.45550 13.64965 -1.24381
v 1.44136 13.65919 -1.45712
v 1.50535 13.61603 -1.65671
v 1.63480 13.52872 -1.80304
v 1.80406 13.41455 -1.86713
v 1.97961 13.29614 -1.83630
v 2.12669 13.19693 -1.71663
v 2.21616 13.13658 -1.53185
v 2.23030 13.12705 -1.31854
v 2.39098 13.28476 -1.03653
v 2.22185 13.39884 -0.84533
v 2.00070 13.54801 -0.76159
v 1.77133 13.70273 -0.80188
v 1.57917 13.83234 -0.95823
v 1.46227 13.91119 -1.19966
v 1.44380 13.92365 -1.47837
v 1.52740 13.86726 -1.73914
v 1.69653 13.75318 -1.93033
v 1.91768 13.60401 -2.01407
v 2.14705 13.44930 -1.97378
v 2.33922 13.31968 -1.81743
v 2.45611 13.24083 -1.57600
v 2.47459 13.22837 -1.29730
v 2.57207 13.47650 -1.00758
v 2.38901 13.59998 -0.80064
v 2.14964 13.76144 -0.70999
v 1.90137 13.92890 -0.75361
v 1.69337 14.06920 -0.92283
v 1.56684 14.15454 -1.18416
v 1.54685 14.16803 -1.48583
v 1.63734 14.10699 -1.76808
v 1.82040 13.98351 -1.97503
v 2.05978 13.82205 -2.06567
v 2.30805 13.65459 -2.02206
v 2.51604 13.51430 -1.85283
v 2.64257 13.42895 -1.59150
v 2.66257 13.41546 -1.28984
v 2.68201 13.71624 -1.03653
v 2.51289 13.83032 -0.84533
v 2.29173 13.97948 -0.76159
v 2.06236 14.13420 -0.80188
v 1.87020 14.26381 -0.95823
v 1.75330 14.34266 -1.19966
v 1.73483 14.35512 -1.47837
v 1.81843 14.29873 -1.73914
v 1.98756 14.18465 -1.93033
v 2.20871 14.03548 -2.01407
v 2.43808 13.88077 -1.97378
v 2.63025 13.75115 -1.81743
v 2.74715 13.67230 -1.57600
v 2.76562 13.65984 -1.29730
v 2.70406 13.96747 -1.11895
v 2.57462 14.05478 -0.97262
v 2.40536 14.16895 -0.90853
v 2.22980 14.28736 -0.93937
v 2.08273 14.38656 -1.05903
v 1.99326 14.44691 -1.24381
v 1.97912 14.45645 -1.45712
v 2.04311 14.41329 -1.65671
v 2.17255 14.32597 -1.80304
v 2.34181 14.21181 -1.86713
v 2.51737 14.09339 -1.83630
v 2.66445 13.99419 -1.71663
v 2.75391 13.93384 -1.53185
v 2.76805 13.92430 -1.31854
v 2.63487 14.19194 -1.24232
v 2.56481 14.23919 -1.16312
v 2.47321 14.30098 -1.12843
v 2.37820 14.36507 -1.14512
v 2.29860 14.41876 -1.20988
v 2.25018 14.45142 -1.30989
v 2.24253 14.45658 -1.42533
v 2.27716 14.43322 -1.53335
v 2.34722 14.38597 -1.61254
v 2.43882 14.32418 -1.64723
v 2.53383 14.26009 -1.63054
v 2.61343 14.20640 -1.56578
v 2.66185 14.17374 -1.46577
v 2.66950 14.16858 -1.35033
v 2.48496 14.35549 -1.38783
v 4.01227 12.50508 -1.02650
v 4.18439 12.72394 -1.08653
v 4.35608 12.87673 -1.25476
v 4.49335 12.93321 -1.49785
v 4.56901 12.88218 -1.76766
v 4.56807 12.73374 -2.01075
v 4.49072 12.51731 -2.17898
v 4.35228 12.27574 -2.23901
v 4.18016 12.05689 -2.17898
v 4.00846 11.90409 -2.01075
v 3.87119 11.84761 -1.76766
v 3.79553 11.89865 -1.49785
v 3.79647 12.04708 -1.25476
v 3.87383 12.26351 -1.08653
v 3.63758 12.75781 -1.17936
v 3.80970 12.97666 -1.23940
v 3.98140 13.12946 -1.40763
v 4.11867 13.18594 -1.65072
v 4.19433 13.13491 -1.92053
v 4.19339 12.98647 -2.16362
v 4.11603 12.77004 -2.33184
v 3.97759 12.52847 -2.39188
v 3.80547 12.30962 -2.33184
v 3.63378 12.15682 -2.16362
v 3.49650 12.10034 -1.92053
v 3.42085 12.15138 -1.65072
v 3.42179 12.29981 -1.40763
v 3.49914 12.51624 -1.23940
v 4.18227 12.39041 -1.63276
v 3.80759 12.64314 -1.78562
v 3.82439 11.85983 -1.63276
v 4.01996 11.78667 -1.49580
v 3.95403 11.83115 -1.42126
v 3.86782 11.88930 -1.38862
v 3.77839 11.94961 -1.40433
v 3.70348 12.00015 -1.46528
v 3.65791 12.03088 -1.55940
v 3.65071 12.03574 -1.66805
v 3.68330 12.01376 -1.76971
v 3.74923 11.96928 -1.84425
v 3.83545 11.91113 -1.87689
v 3.92487 11.85082 -1.86119
v 3.99978 11.80029 -1.80023
v 4.04536 11.76955 -1.70611
v 4.05256 11.76469 -1.59746
v 4.24025 11.80543 -1.37969
v 4.11842 11.88761 -1.24197
v 3.95911 11.99506 -1.18165
v 3.79389 12.10651 -1.21067
v 3.65546 12.19988 -1.32329
v 3.57126 12.25668 -1.49721
v 3.55795 12.26565 -1.69797
v 3.61817 12.22503 -1.88582
v 3.74000 12.14285 -2.02354
v 3.89931 12.03540 -2.08386
v 4.06454 11.92395 -2.05484
v 4.20296 11.83058 -1.94222
v 4.28717 11.77379 -1.76830
v 4.30047 11.76481 -1.56754
v 4.45171 11.91325 -1.30211
v 4.29253 12.02062 -1.12217
v 4.08439 12.16101 -1.04335
v 3.86851 12.30663 -1.08128
v 3.68765 12.42862 -1.22842
v 3.57763 12.50283 -1.45566
v 3.56024 12.51456 -1.71797
v 3.63893 12.46148 -1.96340
v 3.79811 12.35411 -2.14334
v 4.00625 12.21372 -2.22216
v 4.22213 12.06810 -2.18424
v 4.40299 11.94611 -2.03709
v 4.51301 11.87190 -1.80985
v 4.53040 11.86018 -1.54755
v 4.62215 12.09371 -1.27487
v 4.44985 12.20993 -1.08010
v 4.22456 12.36189 -0.99479
v 3.99089 12.51950 -1.03584
v 3.79513 12.65154 -1.19511
v 3.67605 12.73186 -1.44106
v 3.65723 12.74456 -1.72499
v 3.74240 12.68711 -1.99064
v 3.91469 12.57090 -2.18541
v 4.13998 12.41894 -2.27072
v 4.37365 12.26132 -2.22967
v 4.56941 12.12928 -2.07040
v 4.68850 12.04896 -1.82445
v 4.70732 12.03626 -1.54053
v 4.72562 12.31934 -1.30211
v 4.56644 12.42671 -1.12217
v 4.35830 12.56710 -1.04335
v 4.14242 12.71272 -1.08128
v 3.96156 12.83471 -1.22842
v 3.85154 12.90892 -1.45566
v 3.83415 12.92065 -1.71797
v 3.91284 12.86757 -1.96340
v 4.07202 12.76020 -2.14334
v 4.28016 12.61981 -2.22216
v 4.49604 12.47420 -2.18424
v 4.67690 12.35220 -2.03709
v 4.78692 12.27800 -1.80985
v 4.80431 12.26627 -1.54755
v 4.74637 12.55579 -1.37969
v 4.62454 12.63797 -1.24197
v 4.46524 12.74542 -1.18165
v 4.30001 12.85687 -1.21067
v 4.16158 12.95024 -1.32329
v 4.07738 13.00703 -1.49721
v 4.06407 13.01601 -1.69797
v 4.12430 12.97539 -1.88582
v 4.24613 12.89321 -2.02354
v 4.40543 12.78576 -2.08386
v 4.57066 12.67431 -2.05484
v 4.70909 12.58094 -1.94222
v 4.79329 12.52415 -1.76830
v 4.80660 12.51517 -1.56754
v 4.68125 12.76707 -1.49580
v 4.61531 12.81154 -1.42126
v 4.52910 12.86969 -1.38862
v 4.43968 12.93001 -1.40433
v 4.36476 12.98054 -1.46528
v 4.31919 13.01128 -1.55940
v 4.31199 13.01613 -1.66805
v 4.34458 12.99415 -1.76971
v 4.41052 12.94968 -1.84425
v 4.49673 12.89152 -1.87689
v 4.58615 12.83121 -1.86119
v 4.66107 12.78068 -1.80023
v 4.70664 12.74994 -1.70611
v 4.71384 12.74508 -1.59746
v 4.54016 12.92100 -1.63276
v 3.44970 12.11256 -1.78562
v 3.64528 12.03940 -1.64867
v 3.57934 12.08388 -1.57413
v 3.49313 12.14203 -1.54149
v 3.40371 12.20234 -1.55719
v 3.32879 12.25288 -1.61814
v 3.28322 12.28361 -1.71227
v 3.27602 12.28847 -1.82092
v 3.30861 12.26649 -1.92258
v 3.37455 12.22201 -1.99712
v 3.46076 12.16386 -2.02976
v 3.55018 12.10355 -2.01405
v 3.62510 12.05301 -1.95310
v 3.67067 12.02228 -1.85898
v 3.67787 12.01742 -1.75033
v 3.86556 12.05816 -1.53256
v 3.74373 12.14034 -1.39484
v 3.58443 12.24779 -1.33452
v 3.41920 12.35924 -1.36354
v 3.28077 12.45261 -1.47616
v 3.19657 12.50941 -1.65008
v 3.18326 12.51838 -1.85084
v 3.24349 12.47776 -2.03869
v 3.36532 12.39558 -2.17641
v 3.52462 12.28813 -2.23673
v 3.68985 12.17668 -2.20771
v 3.82827 12.08331 -2.09509
v 3.91248 12.02652 -1.92117
v 3.92579 12.01754 -1.72041
v 4.07702 12.16598 -1.45498
v 3.91784 12.27335 -1.27504
v 3.70970 12.41374 -1.19622
v 3.49382 12.55936 -1.23414
v 3.31296 12.68135 -1.38129
v 3.20294 12.75556 -1.60852
v 3.18555 12.76728 -1.87083
v 3.26424 12.71421 -2.11626
v 3.42342 12.60684 -2.29621
v 3.63156 12.46645 -2.37503
v 3.84744 12.32083 -2.33710
v 4.02830 12.19884 -2.18995
v 4.13832 12.12463 -1.96272
v 4.15571 12.11291 -1.70041
v 4.24746 12.34644 -1.42774
v 4.07517 12.46266 -1.23297
v 3.84987 12.61462 -1.14766
v 3.61621 12.77223 -1.18871
v 3.42044 12.90427 -1.34798
v 3.30136 12.98459 -1.59393
v 3.28254 12.99729 -1.87785
v 3.36771 12.93984 -2.14351
v 3.54001 12.82363 -2.33828
v 3.76530 12.67166 -2.42359
v 3.99896 12.51405 -2.38254
v 4.19473 12.38201 -2.22327
v 4.31381 12.30169 -1.97731
v 4.33263 12.28899 -1.69339
v 4.35093 12.57207 -1.45498
v 4.19175 12.67944 -1.27504
v 3.98361 12.81983 -1.19622
v 3.76773 12.96545 -1.23414
v 3.58687 13.08744 -1.38129
v 3.47685 13.16165 -1.60852
v 3.45946 13.17338 -1.87083
v 3.53815 13.12030 -2.11626
v 3.69733 13.01293 -2.29621
v 3.90547 12.87254 -2.37503
v 4.12135 12.72693 -2.33710
v 4.30221 12.60493 -2.18995
v 4.41223 12.53072 -1.96272
v 4.42962 12.51900 -1.70041
v 4.37169 12.80852 -1.53256
v 4.24986 12.89070 -1.39484
v 4.09055 12.99815 -1.33452
v 3.92532 13.10960 -1.36354
v 3.78690 13.20297 -1.47616
v 3.70269 13.25976 -1.65008
v 3.68938 13.26874 -1.85084
v 3.74961 13.22812 -2.03869
v 3.87144 13.14594 -2.17641
v 4.03075 13.03849 -2.23673
v 4.19597 12.92704 -2.20771
v 4.33440 12.83367 -2.09509
v 4.41860 12.77688 -1.92117
v 4.43191 12.76790 -1.72041
v 4.30656 13.01979 -1.64867
v 4.24063 13.06427 -1.57413
v 4.15441 13.12242 -1.54149
v 4.06499 13.18274 -1.55719
v 3.99007 13.23327 -1.61814
v 3.94450 13.26401 -1.71227
v 3.93730 13.26886 -1.82092
v 3.96989 13.24688 -1.92258
v 4.03583 13.20241 -1.99712
v 4.12204 13.14425 -2.02976
v 4.21146 13.08394 -2.01405
v 4.28638 13.03341 -1.95310
v 4.33195 13.00267 -1.85898
v 4.33915 12.99781 -1.75033
v 4.16547 13.17372 -1.78562
v 3.61690 12.77176 -1.18838
v 3.79107 12.98923 -1.24753
v 3.96850 13.13816 -1.41325
v 4.11407 13.18904 -1.65273
v 4.19893 13.13180 -1.91852
v 4.20628 12.97778 -2.15800
v 4.13467 12.75747 -2.32372
v 3.99827 12.51452 -2.38286
v 3.82411 12.29705 -2.32372
v 3.64667 12.14812 -2.15800
v 3.50111 12.09724 -1.91852
v 3.41624 12.15448 -1.65273
v 3.40889 12.30851 -1.41325
v 3.48051 12.52881 -1.24753
v 3.24779 13.02073 -1.35985
v 3.42195 13.23820 -1.41899
v 3.59939 13.38713 -1.58472
v 3.74495 13.43801 -1.82419
v 3.82981 13.38077 -2.08999
v 3.83717 13.22675 -2.32946
v 3.76555 13.00644 -2.49518
v 3.62916 12.76349 -2.55433
v 3.45499 12.54602 -2.49518
v 3.27756 12.39709 -2.32946
v 3.13199 12.34621 -2.08999
v 3.04713 12.40345 -1.82419
v 3.03978 12.55748 -1.58472
v 3.11139 12.77778 -1.41899
v 3.80759 12.64314 -1.78562
v 3.43847 12.89211 -1.95709
v 3.44970 12.11256 -1.78562
v 3.64528 12.03940 -1.64867
v 3.57934 12.08388 -1.57413
v 3.49313 12.14203 -1.54149
v 3.40371 12.20234 -1.55719
v 3.32879 12.25288 -1.61814
v 3.28322 12.28361 -1.71227
v 3.27602 12.28847 -1.82092
v 3.30861 12.26649 -1.92258
v 3.37455 12.22201 -1.99712
v 3.46076 12.16386 -2.02976
v 3.55018 12.10355 -2.01405
v 3.62510 12.05301 -1.95310
v 3.67067 12.02228 -1.85898
v 3.67787 12.01742 -1.75033
v 3.86556 12.05816 -1.53256
v 3.74373 12.14034 -1.39484
v 3.58443 12.24779 -1.33452
v 3.41920 12.35924 -1.36354
v 3.28077 12.45261 -1.47616
v 3.19657 12.50941 -1.65008
v 3.18326 12.51838 -1.85084
v 3.24349 12.47776 -2.03869
v 3.36532 12.39558 -2.17641
v 3.52462 12.28813 -2.23673
v 3.68985 12.17668 -2.20771
v 3.82827 12.08331 -2.09509
v 3.91248 12.02652 -1.92117
v 3.92579 12.01754 -1.72041
v 4.07702 12.16598 -1.45498
v 3.91784 12.27335 -1.27504
v 3.70970 12.41374 -1.19622
v 3.49382 12.55936 -1.23414
v 3.31296 12.68135 -1.38129
v 3.20294 12.75556 -1.60852
v 3.18555 12.76728 -1.87083
v 3.26424 12.71421 -2.11626
v 3.42342 12.60684 -2.29621
v 3.63156 12.46645 -2.37503
v 3.84744 12.32083 -2.33710
v 4.02830 12.19884 -2.18995
v 4.13832 12.12463 -1.96272
v 4.15571 12.11291 -1.70041
v 4.24746 12.34644 -1.42774
v 4.07517 12.46266 -1.23297
v 3.84987 12.61462 -1.14766
v 3.61621 12.77223 -1.18871
v 3.42044 12.90427 -1.34798
v 3.30136 12.98459 -1.59393
v 3.28254 12.99729 -1.87785
v 3.36771 12.93984 -2.14351
v 3.54001 12.82363 -2.33828
v 3.76530 12.67166 -2.42359
v 3.99896 12.51405 -2.38254
v 4.19473 12.38201 -2.22327
v 4.31381 12.30169 -1.97731
v 4.33263 12.28899 -1.69339
v 4.35093 12.57207 -1.45498
v 4.19175 12.67944 -1.27504
v 3.98361 12.81983 -1.19622
v 3.76773 12.96545 -1.23414
v 3.58687 13.08744 -1.38129
v 3.47685 13.16165 -1.60852
v 3.45946 13.17338 -1.87083
v 3.53815 13.12030 -2.11626
v 3.69733 13.01293 -2.29621
v 3.90547 12.87254 -2.37503
v 4.12135 12.72693 -2.33710
v 4.30221 12.60493 -2.18995
v 4.41223 12.53072 -1.96272
v 4.42962 12.51900 -1.70041
v 4.37169 12.80852 -1.53256
v 4.24986 12.89070 -1.39484
v 4.09055 12.99815 -1.33452
v 3.92532 13.10960 -1.36354
v 3.78690 13.20297 -1.47616
v 3.70269 13.25976 -1.65008
v 3.68938 13.26874 -1.85084
v 3.74961 13.22812 -2.03869
v 3.87144 13.14594 -2.17641
v 4.03075 13.03849 -2.23673
v 4.19597 12.92704 -2.20771
v 4.33440 12.83367 -2.09509
v 4.41860 12.77688 -1.92117
v 4.43191 12.76790 -1.72041
v 4.30656 13.01979 -1.64867
v 4.24063 13.06427 -1.57413
v 4.15441 13.12242 -1.54149
v 4.06499 13.18274 -1.55719
v 3.99007 13.23327 -1.61814
v 3.94450 13.26401 -1.71227
v 3.93730 13.26886 -1.82092
v 3.96989 13.24688 -1.92258
v 4.03583 13.20241 -1.99712
v 4.12204 13.14425 -2.02976
v 4.21146 13.08394 -2.01405
v 4.28638 13.03341 -1.95310
v 4.33195 13.00267 -1.85898
v 4.33915 12.99781 -1.75033
v 4.16547 13.17372 -1.78562
v 3.08059 12.36153 -1.95709
v 3.27616 12.28837 -1.82013
v 3.21023 12.33285 -1.74560
v 3.12401 12.39100 -1.71295
v 3.03459 12.45131 -1.72866
v 2.95968 12.50185 -1.78961
v 2.91411 12.53258 -1.88373
v 2.90691 12.53744 -1.99238
v 2.93950 12.51546 -2.09405
v 3.00543 12.47098 -2.16858
v 3.09165 12.41283 -2.20123
v 3.18107 12.35252 -2.18552
v 3.25598 12.30198 -2.12457
v 3.30156 12.27125 -2.03045
v 3.30876 12.26639 -1.92179
v 3.49645 12.30713 -1.70403
v 3.37462 12.38931 -1.56630
v 3.21531 12.49676 -1.50598
v 3.05009 12.60821 -1.53500
v 2.91166 12.70158 -1.64763
v 2.82746 12.75838 -1.82154
v 2.81415 12.76735 -2.02231
v 2.87437 12.72673 -2.21015
v 2.99620 12.64455 -2.34787
v 3.15551 12.53710 -2.40820
v 3.32074 12.42565 -2.37917
v 3.45916 12.33228 -2.26655
v 3.54337 12.27549 -2.09264
v 3.55667 12.26651 -1.89187
v 3.70791 12.41495 -1.62645
v 3.54873 12.52232 -1.44650
v 3.34059 12.66271 -1.36769
v 3.12471 12.80833 -1.40561
v 2.94384 12.93032 -1.55276
v 2.83383 13.00453 -1.77999
v 2.81644 13.01625 -2.04230
v 2.89513 12.96318 -2.28773
v 3.05430 12.85581 -2.46767
v 3.26245 12.71542 -2.54649
v 3.47833 12.56980 -2.50857
v 3.65919 12.44781 -2.36142
v 3.76921 12.37360 -2.13419
v 3.78660 12.36188 -1.87188
v 3.87835 12.59541 -1.59921
v 3.70605 12.71163 -1.40444
v 3.48076 12.86359 -1.31913
v 3.24709 13.02120 -1.36017
v 3.05133 13.15324 -1.51944
v 2.93225 13.23356 -1.76540
v 2.91343 13.24626 -2.04932
v 2.99860 13.18881 -2.31497
v 3.17089 13.07260 -2.50974
v 3.39618 12.92063 -2.59505
v 3.62985 12.76302 -2.55401
v 3.82561 12.63098 -2.39473
v 3.94470 12.55066 -2.14878
v 3.96352 12.53796 -1.86486
v 3.98182 12.82104 -1.62645
v 3.82264 12.92841 -1.44650
v 3.61450 13.06880 -1.36769
v 3.39862 13.21442 -1.40561
v 3.21776 13.33641 -1.55276
v 3.10774 13.41062 -1.77999
v 3.09035 13.42235 -2.04230
v 3.16904 13.36927 -2.28773
v 3.32822 13.26190 -2.46767
v 3.53636 13.12151 -2.54649
v 3.75224 12.97590 -2.50857
v 3.93310 12.85390 -2.36142
v 4.04312 12.77969 -2.13419
v 4.06051 12.76797 -1.87188
v 4.00257 13.05749 -1.70403
v 3.88074 13.13967 -1.56630
v 3.72144 13.24712 -1.50598
v 3.55621 13.35857 -1.53500
v 3.41778 13.45194 -1.64763
v 3.33358 13.50873 -1.82154
v 3.32027 13.51771 -2.02231
v 3.38050 13.47709 -2.21015
v 3.50233 13.39491 -2.34787
v 3.66163 13.28746 -2.40820
v 3.82686 13.17601 -2.37917
v 3.96528 13.08264 -2.26655
v 4.04949 13.02585 -2.09264
v 4.06280 13.01687 -1.89187
v 3.93745 13.26876 -1.82013
v 3.87151 13.31324 -1.74560
v 3.78530 13.37139 -1.71295
v 3.69588 13.43171 -1.72866
v 3.62096 13.48224 -1.78961
v 3.57539 13.51298 -1.88373
v 3.56819 13.51783 -1.99238
v 3.60078 13.49585 -2.09405
v 3.66672 13.45138 -2.16858
v 3.75293 13.39322 -2.20123
v 3.84235 13.33291 -2.18552
v 3.91727 13.28238 -2.12457
v 3.96284 13.25164 -2.03045
v 3.97004 13.24678 -1.92179
v 3.79636 13.42269 -1.95709
v 3.22743 13.03446 -1.36989
v 3.40361 13.25057 -1.42804
v 3.58670 13.39569 -1.59098
v 3.74042 13.44107 -1.82643
v 3.83434 13.37772 -2.08775
v 3.84986 13.21819 -2.32320
v 3.78389 12.99407 -2.48614
v 3.64951 12.74976 -2.54429
v 3.47333 12.53365 -2.48614
v 3.29025 12.38853 -2.32320
v 3.13652 12.34315 -2.08775
v 3.04260 12.40650 -1.82643
v 3.02709 12.56604 -1.59098
v 3.09305 12.79015 -1.42804
v 2.86453 13.27924 -1.55966
v 3.04071 13.49536 -1.61781
v 3.22379 13.64047 -1.78075
v 3.37752 13.68585 -2.01619
v 3.47144 13.62250 -2.27752
v 3.48695 13.46297 -2.51297
v 3.42099 13.23885 -2.67590
v 3.28661 12.99455 -2.73405
v 3.11043 12.77843 -2.67590
v 2.92734 12.63331 -2.51297
v 2.77362 12.58794 -2.27752
v 2.67970 12.65129 -2.01619
v 2.66418 12.81082 -1.78075
v 2.73015 13.03493 -1.61781
v 3.43847 12.89211 -1.95709
v 3.07557 13.13689 -2.14686
v 3.08059 12.36153 -1.95709
v 3.27616 12.28837 -1.82013
v 3.21023 12.33285 -1.74560
v 3.12401 12.39100 -1.71295
v 3.03459 12.45131 -1.72866
v 2.95968 12.50185 -1.78961
v 2.91411 12.53258 -1.88373
v 2.90691 12.53744 -1.99238
v 2.93950 12.51546 -2.09405
v 3.00543 12.47098 -2.16858
v 3.09165 12.41283 -2.20123
v 3.18107 12.35252 -2.18552
v 3.25598 12.30198 -2.12457
v 3.30156 12.27125 -2.03045
v 3.30876 12.26639 -1.92179
v 3.49645 12.30713 -1.70403
v 3.37462 12.38931 -1.56630
v 3.21531 12.49676 -1.50598
v 3.05009 12.60821 -1.53500
v 2.91166 12.70158 -1.64763
v 2.82746 12.75838 -1.82154
v 2.81415 12.76735 -2.02231
v 2.87437 12.72673 -2.21015
v 2.99620 12.64455 -2.34787
v 3.15551 12.53710 -2.40820
v 3.32074 12.42565 -2.37917
v 3.45916 12.33228 -2.26655
v 3.54337 12.27549 -2.09264
v 3.55667 12.26651 -1.89187
v 3.70791 12.41495 -1.62645
v 3.54873 12.52232 -1.44650
v 3.34059 12.66271 -1.36769
v 3.12471 12.80833 -1.40561
v 2.94384 12.93032 -1.55276
v 2.83383 13.00453 -1.77999
v 2.81644 13.01625 -2.04230
v 2.89513 12.96318 -2.28773
v 3.05430 12.85581 -2.46767
v 3.26245 12.71542 -2.54649
v 3.47833 12.56980 -2.50857
v 3.65919 12.44781 -2.36142
v 3.76921 12.37360 -2.13419
v 3.78660 12.36188 -1.87188
v 3.87835 12.59541 -1.59921
v 3.70605 12.71163 -1.40444
v 3.48076 12.86359 -1.31913
v 3.24709 13.02120 -1.36017
v 3.05133 13.15324 -1.51944
v 2.93225 13.23356 -1.76540
v 2.91343 13.24626 -2.04932
v 2.99860 13.18881 -2.31497
v 3.17089 13.07260 -2.50974
v 3.39618 12.92063 -2.59505
v 3.62985 12.76302 -2.55401
v 3.82561 12.63098 -2.39473
v 3.94470 12.55066 -2.14878
v 3.96352 12.53796 -1.86486
v 3.98182 12.82104 -1.62645
v 3.82264 12.92841 -1.44650
v 3.61450 13.06880 -1.36769
v 3.39862 13.21442 -1.40561
v 3.21776 13.33641 -1.55276
v 3.10774 13.41062 -1.77999
v 3.09035 13.42235 -2.04230
v 3.16904 13.36927 -2.28773
v 3.32822 13.26190 -2.46767
v 3.53636 13.12151 -2.54649
v 3.75224 12.97590 -2.50857
v 3.93310 12.85390 -2.36142
v 4.04312 12.77969 -2.13419
v 4.06051 12.76797 -1.87188
v 4.00257 13.05749 -1.70403
v 3.88074 13.13967 -1.56630
v 3.72144 13.24712 -1.50598
v 3.55621 13.35857 -1.53500
v 3.41778 13.45194 -1.64763
v 3.33358 13.50873 -1.82154
v 3.32027 13.51771 -2.02231
v 3.38050 13.47709 -2.21015
v 3.50233 13.39491 -2.34787
v 3.66163 13.28746 -2.40820
v 3.82686 13.17601 -2.37917
v 3.96528 13.08264 -2.26655
v 4.04949 13.02585 -2.09264
v 4.06280 13.01687 -1.89187
v 3.93745 13.26876 -1.82013
v 3.87151 13.31324 -1.74560
v 3.78530 13.37139 -1.71295
v 3.69588 13.43171 -1.72866
v 3.62096 13.48224 -1.78961
v 3.57539 13.51298 -1.88373
v 3.56819 13.51783 -1.99238
v 3.60078 13.49585 -2.09405
v 3.66672 13.45138 -2.16858
v 3.75293 13.39322 -2.20123
v 3.84235 13.33291 -2.18552
v 3.91727 13.28238 -2.12457
v 3.96284 13.25164 -2.03045
v 3.97004 13.24678 -1.92179
v 3.79636 13.42269 -1.95709
v 2.71768 12.60631 -2.14686
v 2.91326 12.53316 -2.00990
v 2.84732 12.57763 -1.93537
v 2.76111 12.63578 -1.90272
v 2.67169 12.69610 -1.91843
v 2.59677 12.74663 -1.97938
v 2.55120 12.77737 -2.07350
v 2.54400 12.78222 -2.18215
v 2.57659 12.76024 -2.28381
v 2.64253 12.71577 -2.35835
v 2.72874 12.65761 -2.39100
v 2.81816 12.59730 -2.37529
v 2.89308 12.54677 -2.31434
v 2.93865 12.51603 -2.22021
v 2.94585 12.51117 -2.11156
v 3.13354 12.55192 -1.89380
v 3.01171 12.63409 -1.75607
v 2.85241 12.74154 -1.69575
v 2.68718 12.85299 -1.72477
v 2.54876 12.94636 -1.83740
v 2.46455 13.00316 -2.01131
v 2.45124 13.01213 -2.21207
v 2.51147 12.97151 -2.39992
v 2.63330 12.88934 -2.53764
v 2.79260 12.78188 -2.59797
v 2.95783 12.67044 -2.56894
v 3.09626 12.57707 -2.45632
v 3.18046 12.52027 -2.28240
v 3.19377 12.51129 -2.08164
v 3.34500 12.65973 -1.81622
v 3.18582 12.76710 -1.63627
v 2.97768 12.90750 -1.55746
v 2.76180 13.05311 -1.59538
v 2.58094 13.17510 -1.74253
v 2.47092 13.24931 -1.96976
v 2.45353 13.26104 -2.23207
v 2.53222 13.20796 -2.47750
v 2.69140 13.10059 -2.65744
v 2.89954 12.96020 -2.73626
v 3.11542 12.81459 -2.69834
v 3.29628 12.69260 -2.55119
v 3.40630 12.61839 -2.32396
v 3.42369 12.60666 -2.06165
v 3.51544 12.84019 -1.78897
v 3.34315 12.95641 -1.59420
v 3.11786 13.10837 -1.50889
v 2.88419 13.26598 -1.54994
v 2.68843 13.39802 -1.70921
v 2.56934 13.47835 -1.95517
v 2.55052 13.49104 -2.23909
v 2.63569 13.43359 -2.50474
v 2.80799 13.31738 -2.69951
v 3.03328 13.16542 -2.78482
v 3.26695 13.00781 -2.74378
v 3.46271 12.87576 -2.58450
v 3.58179 12.79544 -2.33855
v 3.60061 12.78275 -2.05463
v 3.61891 13.06583 -1.81622
v 3.45974 13.17319 -1.63627
v 3.25159 13.31359 -1.55746
v 3.03571 13.45920 -1.59538
v 2.85485 13.58119 -1.74253
v 2.74483 13.65540 -1.96976
v 2.72744 13.66713 -2.23207
v 2.80613 13.61405 -2.47750
v 2.96531 13.50669 -2.65744
v 3.17345 13.36629 -2.73626
v 3.38933 13.22068 -2.69834
v 3.57020 13.09869 -2.55119
v 3.68021 13.02448 -2.32396
v 3.69760 13.01275 -2.06165
v 3.63967 13.30228 -1.89380
v 3.51784 13.38445 -1.75607
v 3.35853 13.49190 -1.69575
v 3.19330 13.60335 -1.72477
v 3.05488 13.69672 -1.83740
v 2.97067 13.75352 -2.01131
v 2.95737 13.76249 -2.21207
v 3.01759 13.72187 -2.39992
v 3.13942 13.63970 -2.53764
v 3.29873 13.53224 -2.59797
v 3.46395 13.42080 -2.56894
v 3.60238 13.32743 -2.45632
v 3.68658 13.27063 -2.28240
v 3.69989 13.26165 -2.08164
v 3.57454 13.51355 -2.00990
v 3.50861 13.55802 -1.93537
v 3.42239 13.61617 -1.90272
v 3.33297 13.67649 -1.91843
v 3.25806 13.72702 -1.97938
v 3.21248 13.75776 -2.07350
v 3.20528 13.76262 -2.18215
v 3.23788 13.74063 -2.28381
v 3.30381 13.69616 -2.35835
v 3.39003 13.63801 -2.39100
v 3.47945 13.57769 -2.37529
v 3.55436 13.52716 -2.31434
v 3.59993 13.49642 -2.22021
v 3.60713 13.49156 -2.11156
v 3.43345 13.66748 -2.14686
v 2.84454 13.29273 -1.57071
v 3.02270 13.50751 -1.62777
v 3.21133 13.64888 -1.78764
v 3.37307 13.68885 -2.01865
v 3.47589 13.61950 -2.27506
v 3.49942 13.45456 -2.50608
v 3.43900 13.22671 -2.66595
v 3.30660 12.98106 -2.72300
v 3.12844 12.76628 -2.66595
v 2.93981 12.62491 -2.50608
v 2.77807 12.58494 -2.27506
v 2.67525 12.65429 -2.01865
v 2.65172 12.81923 -1.78764
v 2.71214 13.04708 -1.62777
v 2.48846 13.53290 -1.77846
v 2.66662 13.74768 -1.83552
v 2.85525 13.88906 -1.99538
v 3.01699 13.92903 -2.22640
v 3.11981 13.85967 -2.48281
v 3.14334 13.69474 -2.71382
v 3.08292 13.46688 -2.87369
v 2.95052 13.22124 -2.93075
v 2.77236 13.00646 -2.87369
v 2.58373 12.86508 -2.71382
v 2.42199 12.82511 -2.48281
v 2.31917 12.89446 -2.22640
v 2.29564 13.05940 -1.99538
v 2.35606 13.28726 -1.83552
v 3.07557 13.13689 -2.14686
v 2.71949 13.37707 -2.35460
v 2.71768 12.60631 -2.14686
v 2.91326 12.53316 -2.00990
v 2.84732 12.57763 -1.93537
v 2.76111 12.63578 -1.90272
v 2.67169 12.69610 -1.91843
v 2.59677 12.74663 -1.97938
v 2.55120 12.77737 -2.07350
v 2.54400 12.78222 -2.18215
v 2.57659 12.76024 -2.28381
v 2.64253 12.71577 -2.35835
v 2.72874 12.65761 -2.39100
v 2.81816 12.59730 -2.37529
v 2.89308 12.54677 -2.31434
v 2.93865 12.51603 -2.22021
v 2.94585 12.51117 -2.11156
v 3.13354 12.55192 -1.89380
v 3.01171 12.63409 -1.75607
v 2.85241 12.74154 -1.69575
v 2.68718 12.85299 -1.72477
v 2.54876 12.94636 -1.83740
v 2.46455 13.00316 -2.01131
v 2.45124 13.01213 -2.21207
v 2.51147 12.97151 -2.39992
v 2.63330 12.88934 -2.53764
v 2.79260 12.78188 -2.59797
v 2.95783 12.67044 -2.56894
v 3.09626 12.57707 -2.45632
v 3.18046 12.52027 -2.28240
v 3.19377 12.51129 -2.08164
v 3.34500 12.65973 -1.81622
v 3.18582 12.76710 -1.63627
v 2.97768 12.90750 -1.55746
v 2.76180 13.05311 -1.59538
v 2.58094 13.17510 -1.74253
v 2.47092 13.24931 -1.96976
v 2.45353 13.26104 -2.23207
v 2.53222 13.20796 -2.47750
v 2.69140 13.10059 -2.65744
v 2.89954 12.96020 -2.73626
v 3.11542 12.81459 -2.69834
v 3.29628 12.69260 -2.55119
v 3.40630 12.61839 -2.32396
v 3.42369 12.60666 -2.06165
v 3.51544 12.84019 -1.78897
v 3.34315 12.95641 -1.59420
v 3.11786 13.10837 -1.50889
v 2.88419 13.26598 -1.54994
v 2.68843 13.39802 -1.70921
v 2.56934 13.47835 -1.95517
v 2.55052 13.49104 -2.23909
v 2.63569 13.43359 -2.50474
v 2.80799 13.31738 -2.69951
v 3.03328 13.16542 -2.78482
v 3.26695 13.00781 -2.74378
v 3.46271 12.87576 -2.58450
v 3.58179 12.79544 -2.33855
v 3.60061 12.78275 -2.05463
v 3.61891 13.06583 -1.81622
v 3.45974 13.17319 -1.63627
v 3.25159 13.31359 -1.55746
v 3.03571 13.45920 -1.59538
v 2.85485 13.58119 -1.74253
v 2.74483 13.65540 -1.96976
v 2.72744 13.66713 -2.23207
v 2.80613 13.61405 -2.47750
v 2.96531 13.50669 -2.65744
v 3.17345 13.36629 -2.73626
v 3.38933 13.22068 -2.69834
v 3.57020 13.09869 -2.55119
v 3.68021 13.02448 -2.32396
v 3.69760 13.01275 -2.06165
v 3.63967 13.30228 -1.89380
v 3.51784 13.38445 -1.75607
v 3.35853 13.49190 -1.69575
v 3.19330 13.60335 -1.72477
v 3.05488 13.69672 -1.83740
v 2.97067 13.75352 -2.01131
v 2.95737 13.76249 -2.21207
v 3.01759 13.72187 -2.39992
v 3.13942 13.63970 -2.53764
v 3.29873 13.53224 -2.59797
v 3.46395 13.42080 -2.56894
v 3.60238 13.32743 -2.45632
v 3.68658 13.27063 -2.28240
v 3.69989 13.26165 -2.08164
v 3.57454 13.51355 -2.00990
v 3.50861 13.55802 -1.93537
v 3.42239 13.61617 -1.90272
v 3.33297 13.67649 -1.91843
v 3.25806 13.72702 -1.97938
v 3.21248 13.75776 -2.07350
v 3.20528 13.76262 -2.18215
v 3.23788 13.74063 -2.28381
v 3.30381 13.69616 -2.35835
v 3.39003 13.63801 -2.39100
v 3.47945 13.57769 -2.37529
v 3.55436 13.52716 -2.31434
v 3.59993 13.49642 -2.22021
v 3.60713 13.49156 -2.11156
v 3.43345 13.66748 -2.14686
v 2.36161 12.84648 -2.35460
v 2.55718 12.77333 -2.21765
v 2.49125 12.81780 -2.14311
v 2.40503 12.87596 -2.11047
v 2.31561 12.93627 -2.12617
v 2.24070 12.98680 -2.18712
v 2.19513 13.01754 -2.28125
v 2.18793 13.02240 -2.38990
v 2.22052 13.00041 -2.49156
v 2.28645 12.95594 -2.56610
v 2.37267 12.89779 -2.59874
v 2.46209 12.83747 -2.58303
v 2.53700 12.78694 -2.52208
v 2.58258 12.75620 -2.42796
v 2.58978 12.75135 -2.31931
v 2.77747 12.79209 -2.10154
v 2.65564 12.87427 -1.96382
v 2.49633 12.98172 -1.90349
v 2.33111 13.09317 -1.93252
v 2.19268 13.18654 -2.04514
v 2.10848 13.24333 -2.21906
v 2.09517 13.25231 -2.41982
v 2.15539 13.21169 -2.60767
v 2.27722 13.12951 -2.74539
v 2.43653 13.02206 -2.80571
v 2.60176 12.91061 -2.77669
v 2.74018 12.81724 -2.66407
v 2.82439 12.76045 -2.49015
v 2.83769 12.75147 -2.28939
v 2.98893 12.89991 -2.02396
v 2.82975 13.00728 -1.84402
v 2.62161 13.14767 -1.76520
v 2.40573 13.29328 -1.80312
v 2.22487 13.41528 -1.95027
v 2.11485 13.48948 -2.17750
v 2.09746 13.50121 -2.43981
v 2.17615 13.44814 -2.68524
v 2.33533 13.34077 -2.86519
v 2.54347 13.20038 -2.94401
v 2.75935 13.05476 -2.90608
v 2.94021 12.93277 -2.75893
v 3.05023 12.85856 -2.53170
v 3.06762 12.84683 -2.26939
v 3.15937 13.08037 -1.99672
v 2.98707 13.19658 -1.80195
v 2.76178 13.34854 -1.71664
v 2.52811 13.50616 -1.75769
v 2.33235 13.63820 -1.91696
v 2.21327 13.71852 -2.16291
v 2.19445 13.73122 -2.44683
v 2.27962 13.67377 -2.71249
v 2.45191 13.55755 -2.90726
v 2.67720 13.40559 -2.99257
v 2.91087 13.24798 -2.95152
v 3.10663 13.11594 -2.79225
v 3.22572 13.03562 -2.54629
v 3.24454 13.02292 -2.26237
v 3.26284 13.30600 -2.02396
v 3.10366 13.41337 -1.84402
v 2.89552 13.55376 -1.76520
v 2.67964 13.69938 -1.80312
v 2.49878 13.82137 -1.95027
v 2.38876 13.89558 -2.17750
v 2.37137 13.90730 -2.43981
v 2.45006 13.85423 -2.68524
v 2.60924 13.74686 -2.86519
v 2.81738 13.60647 -2.94401
v 3.03326 13.46085 -2.90608
v 3.21412 13.33886 -2.75893
v 3.32414 13.26465 -2.53170
v 3.34153 13.25292 -2.26939
v 3.28359 13.54245 -2.10154
v 3.16176 13.62463 -1.96382
v 3.00246 13.73208 -1.90349
v 2.83723 13.84353 -1.93252
v 2.69880 13.93690 -2.04514
v 2.61460 13.99369 -2.21906
v 2.60129 14.00267 -2.41982
v 2.66152 13.96205 -2.60767
v 2.78335 13.87987 -2.74539
v 2.94265 13.77242 -2.80571
v 3.10788 13.66097 -2.77669
v 3.24630 13.56760 -2.66407
v 3.33051 13.51080 -2.49015
v 3.34382 13.50183 -2.28939
v 3.21847 13.75372 -2.21765
v 3.15253 13.79820 -2.14311
v 3.06632 13.85635 -2.11047
v 2.97690 13.91666 -2.12617
v 2.90198 13.96719 -2.18712
v 2.85641 13.99793 -2.28125
v 2.84921 14.00279 -2.38990
v 2.88180 13.98081 -2.49156
v 2.94774 13.93633 -2.56610
v 3.03395 13.87818 -2.59874
v 3.12337 13.81787 -2.58303
v 3.19829 13.76733 -2.52208
v 3.24386 13.73660 -2.42796
v 3.25106 13.73174 -2.31931
v 3.07738 13.90765 -2.35460
v 5.72652 11.34881 -1.44441
v 5.91179 11.60066 -1.51456
v 6.08153 11.78835 -1.71112
v 6.20212 11.87471 -1.99515
v 6.24968 11.84263 -2.31040
v 6.21478 11.69847 -2.59444
v 6.10434 11.47078 -2.79100
v 5.94023 11.20465 -2.86115
v 5.75496 10.95280 -2.79100
v 5.58522 10.76511 -2.59444
v 5.46463 10.67875 -2.31040
v 5.41707 10.71083 -1.99515
v 5.45197 10.85499 -1.71112
v 5.56241 11.08268 -1.51456
v 5.03138 11.81768 -1.59698
v 5.21665 12.06953 -1.66713
v 5.38639 12.25722 -1.86368
v 5.50698 12.34358 -2.14772
v 5.55454 12.31151 -2.46297
v 5.51964 12.16735 -2.74701
v 5.40920 11.93966 -2.94356
v 5.24509 11.67353 -3.01371
v 5.05982 11.42168 -2.94356
v 4.89008 11.23399 -2.74701
v 4.76949 11.14763 -2.46297
v 4.72194 11.17970 -2.14772
v 4.75683 11.32386 -1.86368
v 4.86727 11.55155 -1.66713
v 5.83337 11.27673 -2.15278
v 5.13824 11.74561 -2.30534
v 5.43075 10.67982 -2.15278
v 5.65078 10.59753 -1.99870
v 5.57660 10.64756 -1.91485
v 5.47961 10.71298 -1.87812
v 5.37901 10.78083 -1.89579
v 5.29473 10.83768 -1.96436
v 5.24346 10.87226 -2.07025
v 5.23536 10.87773 -2.19248
v 5.27203 10.85299 -2.30685
v 5.34620 10.80296 -2.39070
v 5.44320 10.73754 -2.42743
v 5.54379 10.66969 -2.40976
v 5.62807 10.61284 -2.34119
v 5.67934 10.57826 -2.23530
v 5.68744 10.57279 -2.11307
v 5.89860 10.61863 -1.86808
v 5.76154 10.71108 -1.71314
v 5.58232 10.83196 -1.64528
v 5.39644 10.95734 -1.67793
v 5.24071 11.06238 -1.80463
v 5.14598 11.12628 -2.00029
v 5.13101 11.13638 -2.22615
v 5.19876 11.09068 -2.43747
v 5.33582 10.99823 -2.59241
v 5.51504 10.87734 -2.66027
v 5.70092 10.75196 -2.62762
v 5.85665 10.64693 -2.50092
v 5.95138 10.58303 -2.30527
v 5.96635 10.57293 -2.07941
v 6.13649 10.73993 -1.78081
v 5.95741 10.86071 -1.57837
v 5.72325 11.01866 -1.48970
v 5.48039 11.18247 -1.53236
v 5.27692 11.31971 -1.69790
v 5.15315 11.40320 -1.95354
v 5.13358 11.41639 -2.24864
v 5.22211 11.35668 -2.52475
v 5.40118 11.23589 -2.72719
v 5.63534 11.07795 -2.81585
v 5.87821 10.91414 -2.77319
v 6.08168 10.77689 -2.60765
v 6.20545 10.69341 -2.35201
v 6.22501 10.68021 -2.05692
v 6.32823 10.94294 -1.75016
v 6.13440 11.07368 -1.53104
v 5.88095 11.24464 -1.43507
v 5.61807 11.42195 -1.48124
v 5.39784 11.57050 -1.66043
v 5.26387 11.66086 -1.93713
v 5.24270 11.67515 -2.25654
v 5.33852 11.61052 -2.55540
v 5.53235 11.47978 -2.77451
v 5.78580 11.30882 -2.87049
v 6.04867 11.13151 -2.82431
v 6.26891 10.98296 -2.64513
v 6.40288 10.89259 -2.36843
v 6.42405 10.87831 -2.04902
v 6.44464 11.19678 -1.78081
v 6.26556 11.31757 -1.57837
v 6.03140 11.47551 -1.48970
v 5.78854 11.63932 -1.53236
v 5.58507 11.77657 -1.69790
v 5.46130 11.86005 -1.95354
v 5.44174 11.87324 -2.24864
v 5.53026 11.81353 -2.52475
v 5.70934 11.69275 -2.72719
v 5.94350 11.53480 -2.81585
v 6.18636 11.37099 -2.77319
v 6.38983 11.23375 -2.60765
v 6.51360 11.15026 -2.35201
v 6.53316 11.13707 -2.05692
v 6.46799 11.46278 -1.86808
v 6.33093 11.55523 -1.71314
v 6.15171 11.67612 -1.64528
v 5.96583 11.80149 -1.67793
v 5.81010 11.90653 -1.80463
v 5.71537 11.97043 -2.00029
v 5.70040 11.98053 -2.22615
v 5.76815 11.93483 -2.43747
v 5.90521 11.84238 -2.59241
v 6.08443 11.72150 -2.66027
v 6.27031 11.59612 -2.62762
v 6.42604 11.49108 -2.50092
v 6.52077 11.42718 -2.30527
v 6.53574 11.41708 -2.07941
v 6.39472 11.70047 -1.99870
v 6.32054 11.75050 -1.91485
v 6.22355 11.81592 -1.87812
v 6.12295 11.88377 -1.89579
v 6.03867 11.94062 -1.96436
v 5.98741 11.97520 -2.07025
v 5.97930 11.98067 -2.19248
v 6.01597 11.95593 -2.30685
v 6.09015 11.90590 -2.39070
v 6.18714 11.84048 -2.42743
v 6.28774 11.77263 -2.40976
v 6.37202 11.71578 -2.34119
v 6.42328 11.68120 -2.23530
v 6.43139 11.67573 -2.11307
v 6.23599 11.87364 -2.15278
v 4.73562 11.14870 -2.30534
v 4.95564 11.06640 -2.15127
v 4.88146 11.11643 -2.06742
v 4.78447 11.18185 -2.03069
v 4.68387 11.24971 -2.04836
v 4.59959 11.30656 -2.11693
v 4.54833 11.34114 -2.22282
v 4.54022 11.34660 -2.34505
v 4.57689 11.32187 -2.45942
v 4.65107 11.27184 -2.54327
v 4.74806 11.20641 -2.58000
v 4.84866 11.13856 -2.56233
v 4.93294 11.08171 -2.49376
v 4.98421 11.04713 -2.38787
v 4.99231 11.04167 -2.26564
v 5.20346 11.08751 -2.02065
v 5.06640 11.17995 -1.86571
v 4.88718 11.30084 -1.79785
v 4.70130 11.42622 -1.83050
v 4.54557 11.53126 -1.95720
v 4.45084 11.59515 -2.15286
v 4.43587 11.60525 -2.37871
v 4.50363 11.55955 -2.59004
v 4.64068 11.46710 -2.74498
v 4.81990 11.34622 -2.81284
v 5.00578 11.22084 -2.78019
v 5.16151 11.11580 -2.65349
v 5.25624 11.05190 -2.45783
v 5.27121 11.04181 -2.23198
v 5.44135 11.20880 -1.93337
v 5.26228 11.32959 -1.73094
v 5.02812 11.48753 -1.64227
v 4.78525 11.65135 -1.68493
v 4.58178 11.78859 -1.85047
v 4.45801 11.87207 -2.10611
v 4.43845 11.88527 -2.40121
v 4.52697 11.82556 -2.67732
v 4.70605 11.70477 -2.87975
v 4.94021 11.54683 -2.96842
v 5.18307 11.38301 -2.92576
v 5.38654 11.24577 -2.76022
v 5.51031 11.16228 -2.50458
v 5.52988 11.14909 -2.20948
v 5.63310 11.41182 -1.90273
v 5.43927 11.54256 -1.68361
v 5.18581 11.71352 -1.58764
v 4.92294 11.89083 -1.63381
v 4.70270 12.03938 -1.81299
v 4.56873 12.12974 -2.08969
v 4.54756 12.14402 -2.40910
v 4.64338 12.07939 -2.70796
v 4.83721 11.94865 -2.92708
v 5.09066 11.77769 -3.02305
v 5.35354 11.60038 -2.97688
v 5.57377 11.45183 -2.79769
v 5.70774 11.36147 -2.52100
v 5.72891 11.34719 -2.20159
v 5.74950 11.66565 -1.93337
v 5.57043 11.78644 -1.73094
v 5.33627 11.94438 -1.64227
v 5.09340 12.10820 -1.68493
v 4.88993 12.24544 -1.85047
v 4.76616 12.32893 -2.10611
v 4.74660 12.34212 -2.40121
v 4.83512 12.28241 -2.67732
v 5.01420 12.16162 -2.87975
v 5.24836 12.00368 -2.96842
v 5.49123 11.83986 -2.92576
v 5.69469 11.70262 -2.76022
v 5.81847 11.61914 -2.50458
v 5.83803 11.60594 -2.20948
v 5.77285 11.93166 -2.02065
v 5.63579 12.02411 -1.86571
v 5.45657 12.14499 -1.79785
v 5.27069 12.27037 -1.83050
v 5.11496 12.37541 -1.95720
v 5.02023 12.43931 -2.15286
v 5.00526 12.44940 -2.37871
v 5.07301 12.40370 -2.59004
v 5.21007 12.31126 -2.74498
v 5.38929 12.19037 -2.81284
v 5.57517 12.06499 -2.78019
v 5.73090 11.95995 -2.65349
v 5.82563 11.89606 -2.45783
v 5.84060 11.88596 -2.23198
v 5.69958 12.16934 -2.15127
v 5.62541 12.21937 -2.06742
v 5.52841 12.28480 -2.03069
v 5.42782 12.35265 -2.04836
v 5.34354 12.40950 -2.11693
v 5.29227 12.44408 -2.22282
v 5.28417 12.44954 -2.34505
v 5.32083 12.42481 -2.45942
v 5.39501 12.37478 -2.54327
v 5.49200 12.30936 -2.58000
v 5.59260 12.24150 -2.56233
v 5.67688 12.18465 -2.49376
v 5.72815 12.15007 -2.38787
v 5.73625 12.14461 -2.26564
v 5.54086 12.34251 -2.30534
v 4.98438 11.84939 -1.60968
v 5.17430 12.09810 -1.67857
v 5.35709 12.27699 -1.87160
v 5.49652 12.35064 -2.15054
v 5.56500 12.30445 -2.46015
v 5.54895 12.14758 -2.73909
v 5.45155 11.91109 -2.93212
v 5.29210 11.64182 -3.00101
v 5.10217 11.39311 -2.93212
v 4.91939 11.21422 -2.73909
v 4.77995 11.14057 -2.46015
v 4.71148 11.18676 -2.15054
v 4.72753 11.34363 -1.87160
v 4.82492 11.58012 -1.67857
v 4.30170 12.30986 -1.82936
v 4.49163 12.55857 -1.89825
v 4.67441 12.73746 -2.09128
v 4.81385 12.81111 -2.37022
v 4.88233 12.76492 -2.67983
v 4.86628 12.60805 -2.95877
v 4.76888 12.37156 -3.15180
v 4.60943 12.10229 -3.22070
v 4.41950 11.85358 -3.15180
v 4.23671 11.67469 -2.95877
v 4.09728 11.60104 -2.67983
v 4.02880 11.64723 -2.37022
v 4.04485 11.80410 -2.09128
v 4.14225 12.04059 -1.89825
v 5.13824 11.74561 -2.30534
v 4.45556 12.20607 -2.52503
v 4.73562 11.14870 -2.30534
v 4.95564 11.06640 -2.15127
v 4.88146 11.11643 -2.06742
v 4.78447 11.18185 -2.03069
v 4.68387 11.24971 -2.04836
v 4.59959 11.30656 -2.11693
v 4.54833 11.34114 -2.22282
v 4.54022 11.34660 -2.34505
v 4.57689 11.32187 -2.45942
v 4.65107 11.27184 -2.54327
v 4.74806 11.20641 -2.58000
v 4.84866 11.13856 -2.56233
v 4.93294 11.08171 -2.49376
v 4.98421 11.04713 -2.38787
v 4.99231 11.04167 -2.26564
v 5.20346 11.08751 -2.02065
v 5.06640 11.17995 -1.86571
v 4.88718 11.30084 -1.79785
v 4.70130 11.42622 -1.83050
v 4.54557 11.53126 -1.95720
v 4.45084 11.59515 -2.15286
v 4.43587 11.60525 -2.37871
v 4.50363 11.55955 -2.59004
v 4.64068 11.46710 -2.74498
v 4.81990 11.34622 -2.81284
v 5.00578 11.22084 -2.78019
v 5.16151 11.11580 -2.65349
v 5.25624 11.05190 -2.45783
v 5.27121 11.04181 -2.23198
v 5.44135 11.20880 -1.93337
v 5.26228 11.32959 -1.73094
v 5.02812 11.48753 -1.64227
v 4.78525 11.65135 -1.68493
v 4.58178 11.78859 -1.85047
v 4.45801 11.87207 -2.10611
v 4.43845 11.88527 -2.40121
v 4.52697 11.82556 -2.67732
v 4.70605 11.70477 -2.87975
v 4.94021 11.54683 -2.96842
v 5.18307 11.38301 -2.92576
v 5.38654 11.24577 -2.76022
v 5.51031 11.16228 -2.50458
v 5.52988 11.14909 -2.20948
v 5.63310 11.41182 -1.90273
v 5.43927 11.54256 -1.68361
v 5.18581 11.71352 -1.58764
v 4.92294 11.89083 -1.63381
v 4.70270 12.03938 -1.81299
v 4.56873 12.12974 -2.08969
v 4.54756 12.14402 -2.40910
v 4.64338 12.07939 -2.70796
v 4.83721 11.94865 -2.92708
v 5.09066 11.77769 -3.02305
v 5.35354 11.60038 -2.97688
v 5.57377 11.45183 -2.79769
v 5.70774 11.36147 -2.52100
v 5.72891 11.34719 -2.20159
v 5.74950 11.66565 -1.93337
v 5.57043 11.78644 -1.73094
v 5.33627 11.94438 -1.64227
v 5.09340 12.10820 -1.68493
v 4.88993 12.24544 -1.85047
v 4.76616 12.32893 -2.10611
v 4.74660 12.34212 -2.40121
v 4.83512 12.28241 -2.67732
v 5.01420 12.16162 -2.87975
v 5.24836 12.00368 -2.96842
v 5.49123 11.83986 -2.92576
v 5.69469 11.70262 -2.76022
v 5.81847 11.61914 -2.50458
v 5.83803 11.60594 -2.20948
v 5.77285 11.93166 -2.02065
v 5.63579 12.02411 -1.86571
v 5.45657 12.14499 -1.79785
v 5.27069 12.27037 -1.83050
v 5.11496 12.37541 -1.95720
v 5.02023 12.43931 -2.15286
v 5.00526 12.44940 -2.37871
v 5.07301 12.40370 -2.59004
v 5.21007 12.31126 -2.74498
v 5.38929 12.19037 -2.81284
v 5.57517 12.06499 -2.78019
v 5.73090 11.95995 -2.65349
v 5.82563 11.89606 -2.45783
v 5.84060 11.88596 -2.23198
v 5.69958 12.16934 -2.15127
v 5.62541 12.21937 -2.06742
v 5.52841 12.28480 -2.03069
v 5.42782 12.35265 -2.04836
v 5.34354 12.40950 -2.11693
v 5.29227 12.44408 -2.22282
v 5.28417 12.44954 -2.34505
v 5.32083 12.42481 -2.45942
v 5.39501 12.37478 -2.54327
v 5.49200 12.30936 -2.58000
v 5.59260 12.24150 -2.56233
v 5.67688 12.18465 -2.49376
v 5.72815 12.15007 -2.38787
v 5.73625 12.14461 -2.26564
v 5.54086 12.34251 -2.30534
v 4.05294 11.60917 -2.52503
v 4.27297 11.52687 -2.37095
v 4.19879 11.57690 -2.28710
v 4.10180 11.64232 -2.25037
v 4.00120 11.71018 -2.26804
v 3.91692 11.76703 -2.33661
v 3.86565 11.80161 -2.44250
v 3.85755 11.80707 -2.56473
v 3.89422 11.78234 -2.67910
v 3.96839 11.73231 -2.76295
v 4.06539 11.66688 -2.79968
v 4.16598 11.59903 -2.78201
v 4.25026 11.54218 -2.71344
v 4.30153 11.50760 -2.60755
v 4.30963 11.50214 -2.48532
v 4.52079 11.54797 -2.24033
v 4.38373 11.64042 -2.08539
v 4.20451 11.76131 -2.01753
v 4.01863 11.88669 -2.05018
v 3.86290 11.99172 -2.17688
v 3.76817 12.05562 -2.37254
v 3.75320 12.06572 -2.59839
v 3.82095 12.02002 -2.80972
v 3.95801 11.92757 -2.96466
v 4.13723 11.80669 -3.03252
v 4.32311 11.68131 -2.99987
v 4.47884 11.57627 -2.87317
v 4.57357 11.51237 -2.67751
v 4.58854 11.50227 -2.45166
v 4.75868 11.66927 -2.15305
v 4.57960 11.79006 -1.95062
v 4.34544 11.94800 -1.86195
v 4.10258 12.11182 -1.90461
v 3.89911 12.24906 -2.07015
v 3.77534 12.33254 -2.32579
v 3.75577 12.34574 -2.62089
v 3.84430 12.28603 -2.89700
v 4.02337 12.16524 -3.09943
v 4.25753 12.00729 -3.18810
v 4.50040 11.84348 -3.14544
v 4.70387 11.70624 -2.97990
v 4.82764 11.62275 -2.72426
v 4.84720 11.60956 -2.42917
v 4.95042 11.87229 -2.12241
v 4.75659 12.00303 -1.90329
v 4.50314 12.17398 -1.80732
v 4.24026 12.35130 -1.85349
v 4.02003 12.49985 -2.03268
v 3.88606 12.59021 -2.30937
v 3.86489 12.60449 -2.62878
v 3.96071 12.53986 -2.92764
v 4.15454 12.40912 -3.14676
v 4.40799 12.23816 -3.24274
v 4.67086 12.06085 -3.19656
v 4.89110 11.91230 -3.01738
v 5.02507 11.82194 -2.74068
v 5.04624 11.80766 -2.42127
v 5.06683 12.12612 -2.15305
v 4.88775 12.24691 -1.95062
v 4.65359 12.40485 -1.86195
v 4.41073 12.56867 -1.90461
v 4.20726 12.70591 -2.07015
v 4.08349 12.78940 -2.32579
v 4.06393 12.80259 -2.62089
v 4.15245 12.74288 -2.89700
v 4.33153 12.62209 -3.09943
v 4.56569 12.46415 -3.18810
v 4.80855 12.30033 -3.14544
v 5.01202 12.16309 -2.97990
v 5.13579 12.07961 -2.72426
v 5.15535 12.06641 -2.42917
v 5.09018 12.39213 -2.24033
v 4.95312 12.48458 -2.08539
v 4.77390 12.60546 -2.01753
v 4.58802 12.73084 -2.05018
v 4.43229 12.83588 -2.17688
v 4.33756 12.89978 -2.37254
v 4.32259 12.90987 -2.59839
v 4.39034 12.86417 -2.80972
v 4.52740 12.77173 -2.96466
v 4.70662 12.65084 -3.03252
v 4.89250 12.52546 -2.99987
v 5.04823 12.42042 -2.87317
v 5.14296 12.35653 -2.67751
v 5.15793 12.34643 -2.45166
v 5.01691 12.62981 -2.37095
v 4.94273 12.67984 -2.28710
v 4.84574 12.74526 -2.25037
v 4.74514 12.81312 -2.26804
v 4.66086 12.86997 -2.33661
v 4.60960 12.90455 -2.44250
v 4.60149 12.91001 -2.56473
v 4.63816 12.88528 -2.67910
v 4.71234 12.83525 -2.76295
v 4.80933 12.76982 -2.79968
v 4.90993 12.70197 -2.78201
v 4.99421 12.64512 -2.71344
v 5.04547 12.61054 -2.60755
v 5.05358 12.60508 -2.48532
v 4.85818 12.80298 -2.52503
v 4.25570 12.34089 -1.84659
v 4.45018 12.58652 -1.91377
v 4.64573 12.75681 -2.10203
v 4.80361 12.81801 -2.37406
v 4.89256 12.75802 -2.67599
v 4.89496 12.58870 -2.94803
v 4.81033 12.34360 -3.13628
v 4.65543 12.07126 -3.20347
v 4.46095 11.82563 -3.13628
v 4.26540 11.65534 -2.94803
v 4.10751 11.59413 -2.67599
v 4.01857 11.65413 -2.37406
v 4.01617 11.82345 -2.10203
v 4.10080 12.06855 -1.91377
v 3.58993 12.78995 -2.13195
v 3.78442 13.03559 -2.19914
v 3.97996 13.20587 -2.38739
v 4.13785 13.26708 -2.65942
v 4.22680 13.20708 -2.96136
v 4.22919 13.03777 -3.23339
v 4.14456 12.79267 -3.42164
v 3.98966 12.52033 -3.48883
v 3.79518 12.27469 -3.42164
v 3.59963 12.10440 -3.23339
v 3.44175 12.04320 -2.96136
v 3.35280 12.10320 -2.65942
v 3.35040 12.27251 -2.38739
v 3.43504 12.51761 -2.19914
v 4.45556 12.20607 -2.52503
v 3.78980 12.65514 -2.81039
v 4.05294 11.60917 -2.52503
v 4.27297 11.52687 -2.37095
v 4.19879 11.57690 -2.28710
v 4.10180 11.64232 -2.25037
v 4.00120 11.71018 -2.26804
v 3.91692 11.76703 -2.33661
v 3.86565 11.80161 -2.44250
v 3.85755 11.80707 -2.56473
v 3.89422 11.78234 -2.67910
v 3.96839 11.73231 -2.76295
v 4.06539 11.66688 -2.79968
v 4.16598 11.59903 -2.78201
v 4.25026 11.54218 -2.71344
v 4.30153 11.50760 -2.60755
v 4.30963 11.50214 -2.48532
v 4.52079 11.54797 -2.24033
v 4.38373 11.64042 -2.08539
v 4.20451 11.76131 -2.01753
v 4.01863 11.88669 -2.05018
v 3.86290 11.99172 -2.17688
v 3.76817 12.05562 -2.37254
v 3.75320 12.06572 -2.59839
v 3.82095 12.02002 -2.80972
v 3.95801 11.92757 -2.96466
v 4.13723 11.80669 -3.03252
v 4.32311 11.68131 -2.99987
v 4.47884 11.57627 -2.87317
v 4.57357 11.51237 -2.67751
v 4.58854 11.50227 -2.45166
v 4.75868 11.66927 -2.15305
v 4.57960 11.79006 -1.95062
v 4.34544 11.94800 -1.86195
v 4.10258 12.11182 -1.90461
v 3.89911 12.24906 -2.07015
v 3.77534 12.33254 -2.32579
v 3.75577 12.34574 -2.62089
v 3.84430 12.28603 -2.89700
v 4.02337 12.16524 -3.09943
v 4.25753 12.00729 -3.18810
v 4.50040 11.84348 -3.14544
v 4.70387 11.70624 -2.97990
v 4.82764 11.62275 -2.72426
v 4.84720 11.60956 -2.42917
v 4.95042 11.87229 -2.12241
v 4.75659 12.00303 -1.90329
v 4.50314 12.17398 -1.80732
v 4.24026 12.35130 -1.85349
v 4.02003 12.49985 -2.03268
v 3.88606 12.59021 -2.30937
v 3.86489 12.60449 -2.62878
v 3.96071 12.53986 -2.92764
v 4.15454 12.40912 -3.14676
v 4.40799 12.23816 -3.24274
v 4.67086 12.06085 -3.19656
v 4.89110 11.91230 -3.01738
v 5.02507 11.82194 -2.74068
v 5.04624 11.80766 -2.42127
v 5.06683 12.12612 -2.15305
v 4.88775 12.24691 -1.95062
v 4.65359 12.40485 -1.86195
v 4.41073 12.56867 -1.90461
v 4.20726 12.70591 -2.07015
v 4.08349 12.78940 -2.32579
v 4.06393 12.80259 -2.62089
v 4.15245 12.74288 -2.89700
v 4.33153 12.62209 -3.09943
v 4.56569 12.46415 -3.18810
v 4.80855 12.30033 -3.14544
v 5.01202 12.16309 -2.97990
v 5.13579 12.07961 -2.72426
v 5.15535 12.06641 -2.42917
v 5.09018 12.39213 -2.24033
v 4.95312 12.48458 -2.08539
v 4.77390 12.60546 -2.01753
v 4.58802 12.73084 -2.05018
v 4.43229 12.83588 -2.17688
v 4.33756 12.89978 -2.37254
v 4.32259 12.90987 -2.59839
v 4.39034 12.86417 -2.80972
v 4.52740 12.77173 -2.96466
v 4.70662 12.65084 -3.03252
v 4.89250 12.52546 -2.99987
v 5.04823 12.42042 -2.87317
v 5.14296 12.35653 -2.67751
v 5.15793 12.34643 -2.45166
v 5.01691 12.62981 -2.37095
v 4.94273 12.67984 -2.28710
v 4.84574 12.74526 -2.25037
v 4.74514 12.81312 -2.26804
v 4.66086 12.86997 -2.33661
v 4.60960 12.90455 -2.44250
v 4.60149 12.91001 -2.56473
v 4.63816 12.88528 -2.67910
v 4.71234 12.83525 -2.76295
v 4.80933 12.76982 -2.79968
v 4.90993 12.70197 -2.78201
v 4.99421 12.64512 -2.71344
v 5.04547 12.61054 -2.60755
v 5.05358 12.60508 -2.48532
v 4.85818 12.80298 -2.52503
v 3.38718 12.05823 -2.81039
v 3.60720 11.97593 -2.65631
v 3.53303 12.02597 -2.57246
v 3.43603 12.09139 -2.53573
v 3.33543 12.15924 -2.55341
v 3.25116 12.21609 -2.62198
v 3.19989 12.25067 -2.72786
v 3.19178 12.25614 -2.85010
v 3.22845 12.23140 -2.96447
v 3.30263 12.18137 -3.04832
v 3.39962 12.11595 -3.08505
v 3.50022 12.04809 -3.06737
v 3.58450 11.99125 -2.99880
v 3.63577 11.95667 -2.89292
v 3.64387 11.95120 -2.77068
v 3.85502 11.99704 -2.52570
v 3.71796 12.08949 -2.37076
v 3.53874 12.21037 -2.30289
v 3.35286 12.33575 -2.33554
v 3.19713 12.44079 -2.46225
v 3.10240 12.50469 -2.65790
v 3.08743 12.51478 -2.88376
v 3.15519 12.46908 -3.09508
v 3.29225 12.37664 -3.25002
v 3.47146 12.25575 -3.31789
v 3.65734 12.13037 -3.28524
v 3.81307 12.02533 -3.15853
v 3.90780 11.96144 -2.96288
v 3.92277 11.95134 -2.73702
v 4.09291 12.11833 -2.43842
v 3.91384 12.23912 -2.23598
v 3.67968 12.39707 -2.14731
v 3.43681 12.56088 -2.18997
v 3.23334 12.69812 -2.35552
v 3.10957 12.78161 -2.61115
v 3.09001 12.79480 -2.90625
v 3.17853 12.73509 -3.18236
v 3.35761 12.61430 -3.38480
v 3.59177 12.45636 -3.47347
v 3.83463 12.29254 -3.43081
v 4.03810 12.15530 -3.26526
v 4.16188 12.07182 -3.00963
v 4.18144 12.05862 -2.71453
v 4.28466 12.32135 -2.40777
v 4.09083 12.45209 -2.18865
v 3.83737 12.62305 -2.09268
v 3.57450 12.80036 -2.13886
v 3.35426 12.94891 -2.31804
v 3.22029 13.03927 -2.59474
v 3.19912 13.05356 -2.91415
v 3.29494 12.98892 -3.21301
v 3.48877 12.85818 -3.43213
v 3.74222 12.68723 -3.52810
v 4.00510 12.50992 -3.48192
v 4.22533 12.36137 -3.30274
v 4.35930 12.27100 -3.02604
v 4.38047 12.25672 -2.70663
v 4.40106 12.57519 -2.43842
v 4.22199 12.69598 -2.23598
v 3.98783 12.85392 -2.14731
v 3.74496 13.01773 -2.18997
v 3.54149 13.15497 -2.35552
v 3.41772 13.23846 -2.61115
v 3.39816 13.25165 -2.90625
v 3.48668 13.19194 -3.18236
v 3.66576 13.07115 -3.38480
v 3.89992 12.91321 -3.47347
v 4.14279 12.74940 -3.43081
v 4.34625 12.61216 -3.26526
v 4.47003 12.52867 -3.00963
v 4.48959 12.51548 -2.71453
v 4.42441 12.84119 -2.52570
v 4.28735 12.93364 -2.37076
v 4.10813 13.05453 -2.30289
v 3.92225 13.17990 -2.33554
v 3.76652 13.28494 -2.46225
v 3.67179 13.34884 -2.65790
v 3.65682 13.35894 -2.88376
v 3.72458 13.31324 -3.09508
v 3.86163 13.22079 -3.25002
v 4.04085 13.09991 -3.31789
v 4.22673 12.97453 -3.28524
v 4.38246 12.86949 -3.15853
v 4.47719 12.80559 -2.96288
v 4.49216 12.79549 -2.73702
v 4.35114 13.07887 -2.65631
v 4.27697 13.12891 -2.57246
v 4.17998 13.19433 -2.53573
v 4.07938 13.26218 -2.55341
v 3.99510 13.31903 -2.62198
v 3.94383 13.35361 -2.72786
v 3.93573 13.35908 -2.85010
v 3.97240 13.33434 -2.96447
v 4.04657 13.28431 -3.04832
v 4.14356 13.21889 -3.08505
v 4.24416 13.15103 -3.06737
v 4.32844 13.09419 -2.99880
v 4.37971 13.05961 -2.89292
v 4.38781 13.05414 -2.77068
v 4.19242 13.25205 -2.81039
v 3.54523 12.82010 -2.15360
v 3.74414 13.06275 -2.21864
v 3.95209 13.22467 -2.40089
v 4.12790 13.27379 -2.66424
v 4.23674 13.20037 -2.95654
v 4.25706 13.01897 -3.21989
v 4.18484 12.76550 -3.40214
v 4.03437 12.49018 -3.46718
v 3.83546 12.24752 -3.40214
v 3.62750 12.08561 -3.21989
v 3.45170 12.03649 -2.95654
v 3.34285 12.10991 -2.66424
v 3.32253 12.29131 -2.40089
v 3.39476 12.54478 -2.21864
v 2.90071 13.25484 -2.50279
v 3.09962 13.49749 -2.56783
v 3.30757 13.65941 -2.75008
v 3.48338 13.70852 -3.01343
v 3.59222 13.63511 -3.30573
v 3.61254 13.45370 -3.56908
v 3.54031 13.20024 -3.75133
v 3.38984 12.92491 -3.81637
v 3.19093 12.68226 -3.75133
v 2.98298 12.52034 -3.56908
v 2.80717 12.47123 -3.30573
v 2.69833 12.54464 -3.01343
v 2.67801 12.72605 -2.75008
v 2.75024 12.97951 -2.56783
v 3.78980 12.65514 -2.81039
v 3.14528 13.08987 -3.15958
v 3.38718 12.05823 -2.81039
v 3.60720 11.97593 -2.65631
v 3.53303 12.02597 -2.57246
v 3.43603 12.09139 -2.53573
v 3.33543 12.15924 -2.55341
v 3.25116 12.21609 -2.62198
v 3.19989 12.25067 -2.72786
v 3.19178 12.25614 -2.85010
v 3.22845 12.23140 -2.96447
v 3.30263 12.18137 -3.04832
v 3.39962 12.11595 -3.08505
v 3.50022 12.04809 -3.06737
v 3.58450 11.99125 -2.99880
v 3.63577 11.95667 -2.89292
v 3.64387 11.95120 -2.77068
v 3.85502 11.99704 -2.52570
v 3.71796 12.08949 -2.37076
v 3.53874 12.21037 -2.30289
v 3.35286 12.33575 -2.33554
v 3.19713 12.44079 -2.46225
v 3.10240 12.50469 -2.65790
v 3.08743 12.51478 -2.88376
v 3.15519 12.46908 -3.09508
v 3.29225 12.37664 -3.25002
v 3.47146 12.25575 -3.31789
v 3.65734 12.13037 -3.28524
v 3.81307 12.02533 -3.15853
v 3.90780 11.96144 -2.96288
v 3.92277 11.95134 -2.73702
v 4.09291 12.11833 -2.43842
v 3.91384 12.23912 -2.23598
v 3.67968 12.39707 -2.14731
v 3.43681 12.56088 -2.18997
v 3.23334 12.69812 -2.35552
v 3.10957 12.78161 -2.61115
v 3.09001 12.79480 -2.90625
v 3.17853 12.73509 -3.18236
v 3.35761 12.61430 -3.38480
v 3.59177 12.45636 -3.47347
v 3.83463 12.29254 -3.43081
v 4.03810 12.15530 -3.26526
v 4.16188 12.07182 -3.00963
v 4.18144 12.05862 -2.71453
v 4.28466 12.32135 -2.40777
v 4.09083 12.45209 -2.18865
v 3.83737 12.62305 -2.09268
v 3.57450 12.80036 -2.13886
v 3.35426 12.94891 -2.31804
v 3.22029 13.03927 -2.59474
v 3.19912 13.05356 -2.91415
v 3.29494 12.98892 -3.21301
v 3.48877 12.85818 -3.43213
v 3.74222 12.68723 -3.52810
v 4.00510 12.50992 -3.48192
v 4.22533 12.36137 -3.30274
v 4.35930 12.27100 -3.02604
v 4.38047 12.25672 -2.70663
v 4.40106 12.57519 -2.43842
v 4.22199 12.69598 -2.23598
v 3.98783 12.85392 -2.14731
v 3.74496 13.01773 -2.18997
v 3.54149 13.15497 -2.35552
v 3.41772 13.23846 -2.61115
v 3.39816 13.25165 -2.90625
v 3.48668 13.19194 -3.18236
v 3.66576 13.07115 -3.38480
v 3.89992 12.91321 -3.47347
v 4.14279 12.74940 -3.43081
v 4.34625 12.61216 -3.26526
v 4.47003 12.52867 -3.00963
v 4.48959 12.51548 -2.71453
v 4.42441 12.84119 -2.52570
v 4.28735 12.93364 -2.37076
v 4.10813 13.05453 -2.30289
v 3.92225 13.17990 -2.33554
v 3.76652 13.28494 -2.46225
v 3.67179 13.34884 -2.65790
v 3.65682 13.35894 -2.88376
v 3.72458 13.31324 -3.09508
v 3.86163 13.22079 -3.25002
v 4.04085 13.09991 -3.31789
v 4.22673 12.97453 -3.28524
v 4.38246 12.86949 -3.15853
v 4.47719 12.80559 -2.96288
v 4.49216 12.79549 -2.73702
v 4.35114 13.07887 -2.65631
v 4.27697 13.12891 -2.57246
v 4.17998 13.19433 -2.53573
v 4.07938 13.26218 -2.55341
v 3.99510 13.31903 -2.62198
v 3.94383 13.35361 -2.72786
v 3.93573 13.35908 -2.85010
v 3.97240 13.33434 -2.96447
v 4.04657 13.28431 -3.04832
v 4.14356 13.21889 -3.08505
v 4.24416 13.15103 -3.06737
v 4.32844 13.09419 -2.99880
v 4.37971 13.05961 -2.89292
v 4.38781 13.05414 -2.77068
v 4.19242 13.25205 -2.81039
v 2.74266 12.49297 -3.15958
v 2.96268 12.41067 -3.00550
v 2.88850 12.46070 -2.92165
v 2.79151 12.52612 -2.88492
v 2.69091 12.59398 -2.90259
v 2.60663 12.65083 -2.97116
v 2.55537 12.68541 -3.07705
v 2.54726 12.69087 -3.19929
v 2.58393 12.66614 -3.31365
v 2.65811 12.61611 -3.39751
v 2.75510 12.55068 -3.43423
v 2.85570 12.48283 -3.41656
v 2.93998 12.42598 -3.34799
v 2.99125 12.39140 -3.24211
v 2.99935 12.38594 -3.11987
v 3.21050 12.43177 -2.87488
v 3.07344 12.52422 -2.71995
v 2.89422 12.64511 -2.65208
v 2.70834 12.77048 -2.68473
v 2.55261 12.87552 -2.81143
v 2.45788 12.93942 -3.00709
v 2.44291 12.94952 -3.23295
v 2.51066 12.90382 -3.44427
v 2.64772 12.81137 -3.59921
v 2.82694 12.69049 -3.66708
v 3.01282 12.56511 -3.63442
v 3.16855 12.46007 -3.50772
v 3.26328 12.39617 -3.31207
v 3.27825 12.38607 -3.08621
v 3.44839 12.55307 -2.78761
v 3.26931 12.67386 -2.58517
v 3.03515 12.83180 -2.49650
v 2.79229 12.99562 -2.53916
v 2.58882 13.13286 -2.70471
v 2.46505 13.21634 -2.96034
v 2.44549 13.22954 -3.25544
v 2.53401 13.16983 -3.53155
v 2.71309 13.04904 -3.73399
v 2.94725 12.89109 -3.82266
v 3.19011 12.72728 -3.77999
v 3.39358 12.59004 -3.61445
v 3.51735 12.50655 -3.35882
v 3.53692 12.49336 -3.06372
v 3.64014 12.75609 -2.75696
v 3.44630 12.88683 -2.53784
v 3.19285 13.05778 -2.44187
v 2.92998 13.23510 -2.48805
v 2.70974 13.38365 -2.66723
v 2.57577 13.47401 -2.94393
v 2.55460 13.48829 -3.26334
v 2.65042 13.42366 -3.56220
v 2.84425 13.29292 -3.78131
v 3.09770 13.12196 -3.87729
v 3.36058 12.94465 -3.83111
v 3.58081 12.79610 -3.65193
v 3.71478 12.70574 -3.37523
v 3.73595 12.69146 -3.05582
v 3.75654 13.00992 -2.78761
v 3.57747 13.13071 -2.58517
v 3.34331 13.28865 -2.49650
v 3.10044 13.45247 -2.53916
v 2.89697 13.58971 -2.70471
v 2.77320 13.67320 -2.96034
v 2.75364 13.68639 -3.25544
v 2.84216 13.62668 -3.53155
v 3.02124 13.50589 -3.73399
v 3.25540 13.34795 -3.82266
v 3.49826 13.18413 -3.77999
v 3.70173 13.04689 -3.61445
v 3.82551 12.96341 -3.35882
v 3.84507 12.95021 -3.06372
v 3.77989 13.27593 -2.87488
v 3.64283 13.36838 -2.71995
v 3.46361 13.48926 -2.65208
v 3.27773 13.61464 -2.68473
v 3.12200 13.71968 -2.81143
v 3.02727 13.78358 -3.00709
v 3.01230 13.79367 -3.23295
v 3.08005 13.74797 -3.44427
v 3.21711 13.65553 -3.59921
v 3.39633 13.53464 -3.66708
v 3.58221 13.40926 -3.63442
v 3.73794 13.30422 -3.50772
v 3.83267 13.24033 -3.31207
v 3.84764 13.23023 -3.08621
v 3.70662 13.51361 -3.00550
v 3.63245 13.56364 -2.92165
v 3.53545 13.62906 -2.88492
v 3.43486 13.69692 -2.90259
v 3.35058 13.75377 -2.97116
v 3.29931 13.78835 -3.07705
v 3.29121 13.79381 -3.19929
v 3.32787 13.76908 -3.31365
v 3.40205 13.71905 -3.39751
v 3.49904 13.65362 -3.43423
v 3.59964 13.58577 -3.41656
v 3.68392 13.52892 -3.34799
v 3.73519 13.49434 -3.24211
v 3.74329 13.48888 -3.11987
v 3.54790 13.68678 -3.15958
f 1 2 10
f 1 10 9
f 2 3 11
f 2 11 10
f 3 4 12
f 3 12 11
f 4 5 13
f 4 13 12
f 5 6 14
f 5 14 13
f 6 7 15
f 6 15 14
f 7 8 16
f 7 16 15
f 8 1 9
f 8 9 16
f 9 10 18
f 9 18 17
f 10 11 19
f 10 19 18
f 11 12 20
f 11 20 19
f 12 13 21
f 12 21 20
f 13 14 22
f 13 22 21
f 14 15 23
f 14 23 22
f 15 16 24
f 15 24 23
f 16 9 17
f 16 17 24
f 17 18 26
f 17 26 25
f 18 19 27
f 18 27 26
f 19 20 28
f 19 28 27
f 20 21 29
f 20 29 28
f 21 22 30
f 21 30 29
f 22 23 31
f 22 31 30
f 23 24 32
f 23 32 31
f 24 17 25
f 24 25 32
f 25 26 34
f 25 34 33
f 26 27 35
f 26 35 34
f 27 28 36
f 27 36 35
f 28 29 37
f 28 37 36
f 29 30 38
f 29 38 37
f 30 31 39
f 30 39 38
f 31 32 40
f 31 40 39
f 32 25 33
f 32 33 40
f 33 34 42
f 33 42 41
f 34 35 43
f 34 43 42
f 35 36 44
f 35 44 43
f 36 37 45
f 36 45 44
f 37 38 46
f 37 46 45
f 38 39 47
f 38 47 46
f 39 40 48
f 39 48 47
f 40 33 41
f 40 41 48
f 41 42 50
f 41 50 49
f 42 43 51
f 42 51 50
f 43 44 52
f 43 52 51
f 44 45 53
f 44 53 52
f 45 46 54
f 45 54 53
f 46 47 55
f 46 55 54
f 47 48 56
f 47 56 55
f 48 41 49
f 48 49 56
f 49 50 58
f 49 58 57
f 50 51 59
f 50 59 58
f 51 52 60
f 51 60 59
f 52 53 61
f 52 61 60
f 53 54 62
f 53 62 61
f 54 55 63
f 54 63 62
f 55 56 64
f 55 64 63
f 56 49 57
f 56 57 64
f 57 58 66
f 57 66 65
f 58 59 67
f 58 67 66
f 59 60 68
f 59 68 67
f 60 61 69
f 60 69 68
f 61 62 70
f 61 70 69
f 62 63 71
f 62 71 70
f 63 64 72
f 63 72 71
f 64 57 65
f 64 65 72
f 65 66 74
f 65 74 73
f 66 67 75
f 66 75 74
f 67 68 76
f 67 76 75
f 68 69 77
f 68 77 76
f 69 70 78
f 69 78 77
f 70 71 79
f 70 79 78
f 71 72 80
f 71 80 79
f 72 65 73
f 72 73 80
f 73 74 82
f 73 82 81
f 74 75 83
f 74 83 82
f 75 76 84
f 75 84 83
f 76 77 85
f 76 85 84
f 77 78 86
f 77 86 85
f 78 79 87
f 78 87 86
f 79 80 88
f 79 88 87
f 80 73 81
f 80 81 88
f 81 82 90
f 81 90 89
f 82 83 91
f 82 91 90
f 83 84 92
f 83 92 91
f 84 85 93
f 84 93 92
f 85 86 94
f 85 94 93
f 86 87 95
f 86 95 94
f 87 88 96
f 87 96 95
f 88 81 89
f 88 89 96
f 89 90 98
f 89 98 97
f 90 91 99
f 90 99 98
f 91 92 100
f 91 100 99
f 92 93 101
f 92 101 100
f 93 94 102
f 93 102 101
f 94 95 103
f 94 103 102
f 95 96 104
f 95 104 103
f 96 89 97
f 96 97 104
f 97 98 106
f 97 106 105
f 98 99 107
f 98 107 106
f 99 100 108
f 99 108 107
f 100 101 109
f 100 109 108
f 101 102 110
f 101 110 109
f 102 103 111
f 102 111 110
f 103 104 112
f 103 112 111
f 104 97 105
f 104 105 112
f 105 106 114
f 105 114 113
f 106 107 115
f 106 115 114
f 107 108 116
f 107 116 115
f 108 109 117
f 108 117 116
f 109 110 118
f 109 118 117
f 110 111 119
f 110 119 118
f 111 112 120
f 111 120 119
f 112 105 113
f 112 113 120
f 113 114 122
f 113 122 121
f 114 115 123
f 114 123 122
f 115 116 124
f 115 124 123
f 116 117 125
f 116 125 124
f 117 118 126
f 117 126 125
f 118 119 127
f 118 127 126
f 119 120 128
f 119 128 127
f 120 113 121
f 120 121 128
f 121 122 130
f 121 130 129
f 122 123 131
f 122 131 130
f 123 124 132
f 123 132 131
f 124 125 133
f 124 133 132
f 125 126 134
f 125 134 133
f 126 127 135
f 126 135 134
f 127 128 136
f 127 136 135
f 128 121 129
f 128 129 136
f 129 130 138
f 129 138 137
f 130 131 139
f 130 139 138
f 131 132 140
f 131 140 139
f 132 133 141
f 132 141 140
f 133 134 142
f 133 142 141
f 134 135 143
f 134 143 142
f 135 136 144
f 135 144 143
f 136 129 137
f 136 137 144
f 137 138 146
f 137 146 145
f 138 139 147
f 138 147 146
f 139 140 148
f 139 148 147
f 140 141 149
f 140 149 148
f 141 142 150
f 141 150 149
f 142 143 151
f 142 151 150
f 143 144 152
f 143 152 151
f 144 137 145
f 144 145 152
f 145 146 154
f 145 154 153
f 146 147 155
f 146 155 154
f 147 148 156
f 147 156 155
f 148 149 157
f 148 157 156
f 149 150 158
f 149 158 157
f 150 151 159
f 150 159 158
f 151 152 160
f 151 160 159
f 152 145 153
f 152 153 160
f 153 154 162
f 153 162 161
f 154 155 163
f 154 163 162
f 155 156 164
f 155 164 163
f 156 157 165
f 156 165 164
f 157 158 166
f 157 166 165
f 158 159 167
f 158 167 166
f 159 160 168
f 159 168 167
f 160 153 161
f 160 161 168
f 161 162 170
f 161 170 169
f 162 163 171
f 162 171 170
f 163 164 172
f 163 172 171
f 164 165 173
f 164 173 172
f 165 166 174
f 165 174 173
f 166 167 175
f 166 175 174
f 167 168 176
f 167 176 175
f 168 161 169
f 168 169 176
f 169 170 178
f 169 178 177
f 170 171 179
f 170 179 178
f 171 172 180
f 171 180 179
f 172 173 181
f 172 181 180
f 173 174 182
f 173 182 181
f 174 175 183
f 174 183 182
f 175 176 184
f 175 184 183
f 176 169 177
f 176 177 184
f 177 178 186
f 177 186 185
f 178 179 187
f 178 187 186
f 179 180 188
f 179 188 187
f 180 181 189
f 180 189 188
f 181 182 190
f 181 190 189
f 182 183 191
f 182 191 190
f 183 184 192
f 183 192 191
f 184 177 185
f 184 185 192
f 185 186 194
f 185 194 193
f 186 187 195
f 186 195 194
f 187 188 196
f 187 196 195
f 188 189 197
f 188 197 196
f 189 190 198
f 189 198 197
f 190 191 199
f 190 199 198
f 191 192 200
f 191 200 199
f 192 185 193
f 192 193 200
f 193 194 202
f 193 202 201
f 194 195 203
f 194 203 202
f 195 196 204
f 195 204 203
f 196 197 205
f 196 205 204
f 197 198 206
f 197 206 205
f 198 199 207
f 198 207 206
f 199 200 208
f 199 208 207
f 200 193 201
f 200 201 208
f 201 202 210
f 201 210 209
f 202 203 211
f 202 211 210
f 203 204 212
f 203 212 211
f 204 205 213
f 204 213 212
f 205 206 214
f 205 214 213
f 206 207 215
f 206 215 214
f 207 208 216
f 207 216 215
f 208 201 209
f 208 209 216
f 209 210 218
f 209 218 217
f 210 211 219
f 210 219 218
f 211 212 220
f 211 220 219
f 212 213 221
f 212 221 220
f 213 214 222
f 213 222 221
f 214 215 223
f 214 223 222
f 215 216 224
f 215 224 223
f 216 209 217
f 216 217 224
f 217 218 226
f 217 226 225
f 218 219 227
f 218 227 226
f 219 220 228
f 219 228 227
f 220 221 229
f 220 229 228
f 221 222 230
f 221 230 229
f 222 223 231
f 222 231 230
f 223 224 232
f 223 232 231
f 224 217 225
f 224 225 232
f 225 226 234
f 225 234 233
f 226 227 235
f 226 235 234
f 227 228 236
f 227 236 235
f 228 229 237
f 228 237 236
f 229 230 238
f 229 238 237
f 230 231 239
f 230 239 238
f 231 232 240
f 231 240 239
f 232 225 233
f 232 233 240
f 233 234 242
f 233 242 241
f 234 235 243
f 234 243 242
f 235 236 244
f 235 244 243
f 236 237 245
f 236 245 244
f 237 238 246
f 237 246 245
f 238 239 247
f 238 247 246
f 239 240 248
f 239 248 247
f 240 233 241
f 240 241 248
f 241 242 250
f 241 250 249
f 242 243 251
f 242 251 250
f 243 244 252
f 243 252 251
f 244 245 253
f 244 253 252
f 245 246 254
f 245 254 253
f 246 247 255
f 246 255 254
f 247 248 256
f 247 256 255
f 248 241 249
f 248 249 256
f 249 250 258
f 249 258 257
f 250 251 259
f 250 259 258
f 251 252 260
f 251 260 259
f 252 253 261
f 252 261 260
f 253 254 262
f 253 262 261
f 254 255 263
f 254 263 262
f 255 256 264
f 255 264 263
f 256 249 257
f 256 257 264
f 257 258 266
f 257 266 265
f 258 259 267
f 258 267 266
f 259 260 268
f 259 268 267
f 260 261 269
f 260 269 268
f 261 262 270
f 261 270 269
f 262 263 271
f 262 271 270
f 263 264 272
f 263 272 271
f 264 257 265
f 264 265 272
f 265 266 274
f 265 274 273
f 266 267 275
f 266 275 274
f 267 268 276
f 267 276 275
f 268 269 277
f 268 277 276
f 269 270 278
f 269 278 277
f 270 271 279
f 270 279 278
f 271 272 280
f 271 280 279
f 272 265 273
f 272 273 280
f 273 274 282
f 273 282 281
f 274 275 283
f 274 283 282
f 275 276 284
f 275 284 283
f 276 277 285
f 276 285 284
f 277 278 286
f 277 286 285
f 278 279 287
f 278 287 286
f 279 280 288
f 279 288 287
f 280 273 281
f 280 281 288
f 281 282 290
f 281 290 289
f 282 283 291
f 282 291 290
f 283 284 292
f 283 292 291
f 284 285 293
f 284 293 292
f 285 286 294
f 285 294 293
f 286 287 295
f 286 295 294
f 287 288 296
f 287 296 295
f 288 281 289
f 288 289 296
f 289 290 298
f 289 298 297
f 290 291 299
f 290 299 298
f 291 292 300
f 291 300 299
f 292 293 301
f 292 301 300
f 293 294 302
f 293 302 301
f 294 295 303
f 294 303 302
f 295 296 304
f 295 304 303
f 296 289 297
f 296 297 304
f 297 298 306
f 297 306 305
f 298 299 307
f 298 307 306
f 299 300 308
f 299 308 307
f 300 301 309
f 300 309 308
f 301 302 310
f 301 310 309
f 302 303 311
f 302 311 310
f 303 304 312
f 303 312 311
f 304 297 305
f 304 305 312
f 305 306 314
f 305 314 313
f 306 307 315
f 306 315 314
f 307 308 316
f 307 316 315
f 308 309 317
f 308 317 316
f 309 310 318
f 309 318 317
f 310 311 319
f 310 319 318
f 311 312 320
f 311 320 319
f 312 305 313
f 312 313 320
f 313 314 322
f 313 322 321
f 314 315 323
f 314 323 322
f 315 316 324
f 315 324 323
f 316 317 325
f 316 325 324
f 317 318 326
f 317 326 325
f 318 319 327
f 318 327 326
f 319 320 328
f 319 328 327
f 320 313 321
f 320 321 328
f 321 322 330
f 321 330 329
f 322 323 331
f 322 331 330
f 323 324 332
f 323 332 331
f 324 325 333
f 324 333 332
f 325 326 334
f 325 334 333
f 326 327 335
f 326 335 334
f 327 328 336
f 327 336 335
f 328 321 329
f 328 329 336
f 329 330 338
f 329 338 337
f 330 331 339
f 330 339 338
f 331 332 340
f 331 340 339
f 332 333 341
f 332 341 340
f 333 334 342
f 333 342 341
f 334 335 343
f 334 343 342
f 335 336 344
f 335 344 343
f 336 329 337
f 336 337 344
f 337 338 346
f 337 346 345
f 338 339 347
f 338 347 346
f 339 340 348
f 339 348 347
f 340 341 349
f 340 349 348
f 341 342 350
f 341 350 349
f 342 343 351
f 342 351 350
f 343 344 352
f 343 352 351
f 344 337 345
f 344 345 352
f 345 346 354
f 345 354 353
f 346 347 355
f 346 355 354
f 347 348 356
f 347 356 355
f 348 349 357
f 348 357 356
f 349 350 358
f 349 358 357
f 350 351 359
f 350 359 358
f 351 352 360
f 351 360 359
f 352 345 353
f 352 353 360
f 353 354 362
f 353 362 361
f 354 355 363
f 354 363 362
f 355 356 364
f 355 364 363
f 356 357 365
f 356 365 364
f 357 358 366
f 357 366 365
f 358 359 367
f 358 367 366
f 359 360 368
f 359 368 367
f 360 353 361
f 360 361 368
f 361 362 370
f 361 370 369
f 362 363 371
f 362 371 370
f 363 364 372
f 363 372 371
f 364 365 373
f 364 373 372
f 365 366 374
f 365 374 373
f 366 367 375
f 366 375 374
f 367 368 376
f 367 376 375
f 368 361 369
f 368 369 376
f 369 370 378
f 369 378 377
f 370 371 379
f 370 379 378
f 371 372 380
f 371 380 379
f 372 373 381
f 372 381 380
f 373 374 382
f 373 382 381
f 374 375 383
f 374 383 382
f 375 376 384
f 375 384 383
f 376 369 377
f 376 377 384
f 377 378 386
f 377 386 385
f 378 379 387
f 378 387 386
f 379 380 388
f 379 388 387
f 380 381 389
f 380 389 388
f 381 382 390
f 381 390 389
f 382 383 391
f 382 391 390
f 383 384 392
f 383 392 391
f 384 377 385
f 384 385 392
f 385 386 394
f 385 394 393
f 386 387 395
f 386 395 394
f 387 388 396
f 387 396 395
f 388 389 397
f 388 397 396
f 389 390 398
f 389 398 397
f 390 391 399
f 390 399 398
f 391 392 400
f 391 400 399
f 392 385 393
f 392 393 400
f 393 394 402
f 393 402 401
f 394 395 403
f 394 403 402
f 395 396 404
f 395 404 403
f 396 397 405
f 396 405 404
f 397 398 406
f 397 406 405
f 398 399 407
f 398 407 406
f 399 400 408
f 399 408 407
f 400 393 401
f 400 401 408
f 401 402 410
f 401 410 409
f 402 403 411
f 402 411 410
f 403 404 412
f 403 412 411
f 404 405 413
f 404 413 412
f 405 406 414
f 405 414 413
f 406 407 415
f 406 415 414
f 407 408 416
f 407 416 415
f 408 401 409
f 408 409 416
f 409 410 418
f 409 418 417
f 410 411 419
f 410 419 418
f 411 412 420
f 411 420 419
f 412 413 421
f 412 421 420
f 413 414 422
f 413 422 421
f 414 415 423
f 414 423 422
f 415 416 424
f 415 424 423
f 416 409 417
f 416 417 424
f 417 418 426
f 417 426 425
f 418 419 427
f 418 427 426
f 419 420 428
f 419 428 427
f 420 421 429
f 420 429 428
f 421 422 430
f 421 430 429
f 422 423 431
f 422 431 430
f 423 424 432
f 423 432 431
f 424 417 425
f 424 425 432
f 425 426 434
f 425 434 433
f 426 427 435
f 426 435 434
f 427 428 436
f 427 436 435
f 428 429 437
f 428 437 436
f 429 430 438
f 429 438 437
f 430 431 439
f 430 439 438
f 431 432 440
f 431 440 439
f 432 425 433
f 432 433 440
f 433 434 442
f 433 442 441
f 434 435 443
f 434 443 442
f 435 436 444
f 435 444 443
f 436 437 445
f 436 445 444
f 437 438 446
f 437 446 445
f 438 439 447
f 438 447 446
f 439 440 448
f 439 448 447
f 440 433 441
f 440 441 448
f 441 442 450
f 441 450 449
f 442 443 451
f 442 451 450
f 443 444 452
f 443 452 451
f 444 445 453
f 444 453 452
f 445 446 454
f 445 454 453
f 446 447 455
f 446 455 454
f 447 448 456
f 447 456 455
f 448 441 449
f 448 449 456
f 449 450 458
f 449 458 457
f 450 451 459
f 450 459 458
f 451 452 460
f 451 460 459
f 452 453 461
f 452 461 460
f 453 454 462
f 453 462 461
f 454 455 463
f 454 463 462
f 455 456 464
f 455 464 463
f 456 449 457
f 456 457 464
f 457 458 466
f 457 466 465
f 458 459 467
f 458 467 466
f 459 460 468
f 459 468 467
f 460 461 469
f 460 469 468
f 461 462 470
f 461 470 469
f 462 463 471
f 462 471 470
f 463 464 472
f 463 472 471
f 464 457 465
f 464 465 472
f 465 466 474
f 465 474 473
f 466 467 475
f 466 475 474
f 467 468 476
f 467 476 475
f 468 469 477
f 468 477 476
f 469 470 478
f 469 478 477
f 470 471 479
f 470 479 478
f 471 472 480
f 471 480 479
f 472 465 473
f 472 473 480
f 473 474 482
f 473 482 481
f 474 475 483
f 474 483 482
f 475 476 484
f 475 484 483
f 476 477 485
f 476 485 484
f 477 478 486
f 477 486 485
f 478 479 487
f 478 487 486
f 479 480 488
f 479 488 487
f 480 473 481
f 480 481 488
f 481 482 490
f 481 490 489
f 482 483 491
f 482 491 490
f 483 484 492
f 483 492 491
f 484 485 493
f 484 493 492
f 485 486 494
f 485 494 493
f 486 487 495
f 486 495 494
f 487 488 496
f 487 496 495
f 488 481 489
f 488 489 496
f 489 490 498
f 489 498 497
f 490 491 499
f 490 499 498
f 491 492 500
f 491 500 499
f 492 493 501
f 492 501 500
f 493 494 502
f 493 502 501
f 494 495 503
f 494 503 502
f 495 496 504
f 495 504 503
f 496 489 497
f 496 497 504
f 497 498 506
f 497 506 505
f 498 499 507
f 498 507 506
f 499 500 508
f 499 508 507
f 500 501 509
f 500 509 508
f 501 502 510
f 501 510 509
f 502 503 511
f 502 511 510
f 503 504 512
f 503 512 511
f 504 497 505
f 504 505 512
f 505 506 514
f 505 514 513
f 506 507 515
f 506 515 514
f 507 508 516
f 507 516 515
f 508 509 517
f 508 517 516
f 509 510 518
f 509 518 517
f 510 511 519
f 510 519 518
f 511 512 520
f 511 520 519
f 512 505 513
f 512 513 520
f 513 514 522
f 513 522 521
f 514 515 523
f 514 523 522
f 515 516 524
f 515 524 523
f 516 517 525
f 516 525 524
f 517 518 526
f 517 526 525
f 518 519 527
f 518 527 526
f 519 520 528
f 519 528 527
f 520 513 521
f 520 521 528
f 521 522 530
f 521 530 529
f 522 523 531
f 522 531 530
f 523 524 532
f 523 532 531
f 524 525 533
f 524 533 532
f 525 526 534
f 525 534 533
f 526 527 535
f 526 535 534
f 527 528 536
f 527 536 535
f 528 521 529
f 528 529 536
f 529 530 538
f 529 538 537
f 530 531 539
f 530 539 538
f 531 532 540
f 531 540 539
f 532 533 541
f 532 541 540
f 533 534 542
f 533 542 541
f 534 535 543
f 534 543 542
f 535 536 544
f 535 544 543
f 536 529 537
f 536 537 544
f 537 538 546
f 537 546 545
f 538 539 547
f 538 547 546
f 539 540 548
f 539 548 547
f 540 541 549
f 540 549 548
f 541 542 550
f 541 550 549
f 542 543 551
f 542 551 550
f 543 544 552
f 543 552 551
f 544 537 545
f 544 545 552
f 545 546 554
f 545 554 553
f 546 547 555
f 546 555 554
f 547 548 556
f 547 556 555
f 548 549 557
f 548 557 556
f 549 550 558
f 549 558 557
f 550 551 559
f 550 559 558
f 551 552 560
f 551 560 559
f 552 545 553
f 552 553 560
f 553 554 562
f 553 562 561
f 554 555 563
f 554 563 562
f 555 556 564
f 555 564 563
f 556 557 565
f 556 565 564
f 557 558 566
f 557 566 565
f 558 559 567
f 558 567 566
f 559 560 568
f 559 568 567
f 560 553 561
f 560 561 568
f 561 562 570
f 561 570 569
f 562 563 571
f 562 571 570
f 563 564 572
f 563 572 571
f 564 565 573
f 564 573 572
f 565 566 574
f 565 574 573
f 566 567 575
f 566 575 574
f 567 568 576
f 567 576 575
f 568 561 569
f 568 569 576
f 569 570 578
f 569 578 577
f 570 571 579
f 570 579 578
f 571 572 580
f 571 580 579
f 572 573 581
f 572 581 580
f 573 574 582
f 573 582 581
f 574 575 583
f 574 583 582
f 575 576 584
f 575 584 583
f 576 569 577
f 576 577 584
f 585 2 1
f 586 577 578
f 585 3 2
f 586 578 579
f 585 4 3
f 586 579 580
f 585 5 4
f 586 580 581
f 585 6 5
f 586 581 582
f 585 7 6
f 586 582 583
f 585 8 7
f 586 583 584
f 585 1 8
f 586 584 577
f 587 589 588
f 593 594 595
f 587 590 589
f 593 595 596
f 587 591 590
f 593 596 597
f 587 592 591
f 593 597 598
f 587 588 594
f 587 594 593
f 588 589 595
f 588 595 594
f 589 590 596
f 589 596 595
f 590 591 597
f 590 597 596
f 591 592 598
f 591 598 597
f 592 587 593
f 592 593 598
f 599 600 614
f 599 614 613
f 627 600 599
f 628 613 614
f 600 601 615
f 600 615 614
f 627 601 600
f 628 614 615
f 601 602 616
f 601 616 615
f 627 602 601
f 628 615 616
f 602 603 617
f 602 617 616
f 627 603 602
f 628 616 617
f 603 604 618
f 603 618 617
f 627 604 603
f 628 617 618
f 604 605 619
f 604 619 618
f 627 605 604
f 628 618 619
f 605 606 620
f 605 620 619
f 627 606 605
f 628 619 620
f 606 607 621
f 606 621 620
f 627 607 606
f 628 620 621
f 607 608 622
f 607 622 621
f 627 608 607
f 628 621 622
f 608 609 623
f 608 623 622
f 627 609 608
f 628 622 623
f 609 610 624
f 609 624 623
f 627 610 609
f 628 623 624
f 610 611 625
f 610 625 624
f 627 611 610
f 628 624 625
f 611 612 626
f 611 626 625
f 627 612 611
f 628 625 626
f 612 599 613
f 612 613 626
f 627 599 612
f 628 626 613
f 629 631 630
f 629 632 631
f 629 633 632
f 629 634 633
f 629 635 634
f 629 636 635
f 629 637 636
f 629 638 637
f 629 639 638
f 629 640 639
f 629 641 640
f 629 642 641
f 629 643 642
f 629 630 643
f 630 631 645
f 630 645 644
f 631 632 646
f 631 646 645
f 632 633 647
f 632 647 646
f 633 634 648
f 633 648 647
f 634 635 649
f 634 649 648
f 635 636 650
f 635 650 649
f 636 637 651
f 636 651 650
f 637 638 652
f 637 652 651
f 638 639 653
f 638 653 652
f 639 640 654
f 639 654 653
f 640 641 655
f 640 655 654
f 641 642 656
f 641 656 655
f 642 643 657
f 642 657 656
f 643 630 644
f 643 644 657
f 644 645 659
f 644 659 658
f 645 646 660
f 645 660 659
f 646 647 661
f 646 661 660
f 647 648 662
f 647 662 661
f 648 649 663
f 648 663 662
f 649 650 664
f 649 664 663
f 650 651 665
f 650 665 664
f 651 652 666
f 651 666 665
f 652 653 667
f 652 667 666
f 653 654 668
f 653 668 667
f 654 655 669
f 654 669 668
f 655 656 670
f 655 670 669
f 656 657 671
f 656 671 670
f 657 644 658
f 657 658 671
f 658 659 673
f 658 673 672
f 659 660 674
f 659 674 673
f 660 661 675
f 660 675 674
f 661 662 676
f 661 676 675
f 662 663 677
f 662 677 676
f 663 664 678
f 663 678 677
f 664 665 679
f 664 679 678
f 665 666 680
f 665 680 679
f 666 667 681
f 666 681 680
f 667 668 682
f 667 682 681
f 668 669 683
f 668 683 682
f 669 670 684
f 669 684 683
f 670 671 685
f 670 685 684
f 671 658 672
f 671 672 685
f 672 673 687
f 672 687 686
f 673 674 688
f 673 688 687
f 674 675 689
f 674 689 688
f 675 676 690
f 675 690 689
f 676 677 691
f 676 691 690
f 677 678 692
f 677 692 691
f 678 679 693
f 678 693 692
f 679 680 694
f 679 694 693
f 680 681 695
f 680 695 694
f 681 682 696
f 681 696 695
f 682 683 697
f 682 697 696
f 683 684 698
f 683 698 697
f 684 685 699
f 684 699 698
f 685 672 686
f 685 686 699
f 686 687 701
f 686 701 700
f 687 688 702
f 687 702 701
f 688 689 703
f 688 703 702
f 689 690 704
f 689 704 703
f 690 691 705
f 690 705 704
f 691 692 706
f 691 706 705
f 692 693 707
f 692 707 706
f 693 694 708
f 693 708 707
f 694 695 709
f 694 709 708
f 695 696 710
f 695 710 709
f 696 697 711
f 696 711 710
f 697 698 712
f 697 712 711
f 698 699 713
f 698 713 712
f 699 686 700
f 699 700 713
f 700 701 715
f 700 715 714
f 701 702 716
f 701 716 715
f 702 703 717
f 702 717 716
f 703 704 718
f 703 718 717
f 704 705 719
f 704 719 718
f 705 706 720
f 705 720 719
f 706 707 721
f 706 721 720
f 707 708 722
f 707 722 721
f 708 709 723
f 708 723 722
f 709 710 724
f 709 724 723
f 710 711 725
f 710 725 724
f 711 712 726
f 711 726 725
f 712 713 727
f 712 727 726
f 713 700 714
f 713 714 727
f 714 715 728
f 715 716 728
f 716 717 728
f 717 718 728
f 718 719 728
f 719 720 728
f 720 721 728
f 721 722 728
f 722 723 728
f 723 724 728
f 724 725 728
f 725 726 728
f 726 727 728
f 727 714 728
f 729 731 730
f 729 732 731
f 729 733 732
f 729 734 733
f 729 735 734
f 729 736 735
f 729 737 736
f 729 738 737
f 729 739 738
f 729 740 739
f 729 741 740
f 729 742 741
f 729 743 742
f 729 730 743
f 730 731 745
f 730 745 744
f 731 732 746
f 731 746 745
f 732 733 747
f 732 747 746
f 733 734 748
f 733 748 747
f 734 735 749
f 734 749 748
f 735 736 750
f 735 750 749
f 736 737 751
f 736 751 750
f 737 738 752
f 737 752 751
f 738 739 753
f 738 753 752
f 739 740 754
f 739 754 753
f 740 741 755
f 740 755 754
f 741 742 756
f 741 756 755
f 742 743 757
f 742 757 756
f 743 730 744
f 743 744 757
f 744 745 759
f 744 759 758
f 745 746 760
f 745 760 759
f 746 747 761
f 746 761 760
f 747 748 762
f 747 762 761
f 748 749 763
f 748 763 762
f 749 750 764
f 749 764 763
f 750 751 765
f 750 765 764
f 751 752 766
f 751 766 765
f 752 753 767
f 752 767 766
f 753 754 768
f 753 768 767
f 754 755 769
f 754 769 768
f 755 756 770
f 755 770 769
f 756 757 771
f 756 771 770
f 757 744 758
f 757 758 771
f 758 759 773
f 758 773 772
f 759 760 774
f 759 774 773
f 760 761 775
f 760 775 774
f 761 762 776
f 761 776 775
f 762 763 777
f 762 777 776
f 763 764 778
f 763 778 777
f 764 765 779
f 764 779 778
f 765 766 780
f 765 780 779
f 766 767 781
f 766 781 780
f 767 768 782
f 767 782 781
f 768 769 783
f 768 783 782
f 769 770 784
f 769 784 783
f 770 771 785
f 770 785 784
f 771 758 772
f 771 772 785
f 772 773 787
f 772 787 786
f 773 774 788
f 773 788 787
f 774 775 789
f 774 789 788
f 775 776 790
f 775 790 789
f 776 777 791
f 776 791 790
f 777 778 792
f 777 792 791
f 778 779 793
f 778 793 792
f 779 780 794
f 779 794 793
f 780 781 795
f 780 795 794
f 781 782 796
f 781 796 795
f 782 783 797
f 782 797 796
f 783 784 798
f 783 798 797
f 784 785 799
f 784 799 798
f 785 772 786
f 785 786 799
f 786 787 801
f 786 801 800
f 787 788 802
f 787 802 801
f 788 789 803
f 788 803 802
f 789 790 804
f 789 804 803
f 790 791 805
f 790 805 804
f 791 792 806
f 791 806 805
f 792 793 807
f 792 807 806
f 793 794 808
f 793 808 807
f 794 795 809
f 794 809 808
f 795 796 810
f 795 810 809
f 796 797 811
f 796 811 810
f 797 798 812
f 797 812 811
f 798 799 813
f 798 813 812
f 799 786 800
f 799 800 813
f 800 801 815
f 800 815 814
f 801 802 816
f 801 816 815
f 802 803 817
f 802 817 816
f 803 804 818
f 803 818 817
f 804 805 819
f 804 819 818
f 805 806 820
f 805 820 819
f 806 807 821
f 806 821 820
f 807 808 822
f 807 822 821
f 808 809 823
f 808 823 822
f 809 810 824
f 809 824 823
f 810 811 825
f 810 825 824
f 811 812 826
f 811 826 825
f 812 813 827
f 812 827 826
f 813 800 814
f 813 814 827
f 814 815 828
f 815 816 828
f 816 817 828
f 817 818 828
f 818 819 828
f 819 820 828
f 820 821 828
f 821 822 828
f 822 823 828
f 823 824 828
f 824 825 828
f 825 826 828
f 826 827 828
f 827 814 828
f 829 830 844
f 829 844 843
f 857 830 829
f 858 843 844
f 830 831 845
f 830 845 844
f 857 831 830
f 858 844 845
f 831 832 846
f 831 846 845
f 857 832 831
f 858 845 846
f 832 833 847
f 832 847 846
f 857 833 832
f 858 846 847
f 833 834 848
f 833 848 847
f 857 834 833
f 858 847 848
f 834 835 849
f 834 849 848
f 857 835 834
f 858 848 849
f 835 836 850
f 835 850 849
f 857 836 835
f 858 849 850
f 836 837 851
f 836 851 850
f 857 837 836
f 858 850 851
f 837 838 852
f 837 852 851
f 857 838 837
f 858 851 852
f 838 839 853
f 838 853 852
f 857 839 838
f 858 852 853
f 839 840 854
f 839 854 853
f 857 840 839
f 858 853 854
f 840 841 855
f 840 855 854
f 857 841 840
f 858 854 855
f 841 842 856
f 841 856 855
f 857 842 841
f 858 855 856
f 842 829 843
f 842 843 856
f 857 829 842
f 858 856 843
f 859 861 860
f 859 862 861
f 859 863 862
f 859 864 863
f 859 865 864
f 859 866 865
f 859 867 866
f 859 868 867
f 859 869 868
f 859 870 869
f 859 871 870
f 859 872 871
f 859 873 872
f 859 860 873
f 860 861 875
f 860 875 874
f 861 862 876
f 861 876 875
f 862 863 877
f 862 877 876
f 863 864 878
f 863 878 877
f 864 865 879
f 864 879 878
f 865 866 880
f 865 880 879
f 866 867 881
f 866 881 880
f 867 868 882
f 867 882 881
f 868 869 883
f 868 883 882
f 869 870 884
f 869 884 883
f 870 871 885
f 870 885 884
f 871 872 886
f 871 886 885
f 872 873 887
f 872 887 886
f 873 860 874
f 873 874 887
f 874 875 889
f 874 889 888
f 875 876 890
f 875 890 889
f 876 877 891
f 876 891 890
f 877 878 892
f 877 892 891
f 878 879 893
f 878 893 892
f 879 880 894
f 879 894 893
f 880 881 895
f 880 895 894
f 881 882 896
f 881 896 895
f 882 883 897
f 882 897 896
f 883 884 898
f 883 898 897
f 884 885 899
f 884 899 898
f 885 886 900
f 885 900 899
f 886 887 901
f 886 901 900
f 887 874 888
f 887 888 901
f 888 889 903
f 888 903 902
f 889 890 904
f 889 904 903
f 890 891 905
f 890 905 904
f 891 892 906
f 891 906 905
f 892 893 907
f 892 907 906
f 893 894 908
f 893 908 907
f 894 895 909
f 894 909 908
f 895 896 910
f 895 910 909
f 896 897 911
f 896 911 910
f 897 898 912
f 897 912 911
f 898 899 913
f 898 913 912
f 899 900 914
f 899 914 913
f 900 901 915
f 900 915 914
f 901 888 902
f 901 902 915
f 902 903 917
f 902 917 916
f 903 904 918
f 903 918 917
f 904 905 919
f 904 919 918
f 905 906 920
f 905 920 919
f 906 907 921
f 906 921 920
f 907 908 922
f 907 922 921
f 908 909 923
f 908 923 922
f 909 910 924
f 909 924 923
f 910 911 925
f 910 925 924
f 911 912 926
f 911 926 925
f 912 913 927
f 912 927 926
f 913 914 928
f 913 928 927
f 914 915 929
f 914 929 928
f 915 902 916
f 915 916 929
f 916 917 931
f 916 931 930
f 917 918 932
f 917 932 931
f 918 919 933
f 918 933 932
f 919 920 934
f 919 934 933
f 920 921 935
f 920 935 934
f 921 922 936
f 921 936 935
f 922 923 937
f 922 937 936
f 923 924 938
f 923 938 937
f 924 925 939
f 924 939 938
f 925 926 940
f 925 940 939
f 926 927 941
f 926 941 940
f 927 928 942
f 927 942 941
f 928 929 943
f 928 943 942
f 929 916 930
f 929 930 943
f 930 931 945
f 930 945 944
f 931 932 946
f 931 946 945
f 932 933 947
f 932 947 946
f 933 934 948
f 933 948 947
f 934 935 949
f 934 949 948
f 935 936 950
f 935 950 949
f 936 937 951
f 936 951 950
f 937 938 952
f 937 952 951
f 938 939 953
f 938 953 952
f 939 940 954
f 939 954 953
f 940 941 955
f 940 955 954
f 941 942 956
f 941 956 955
f 942 943 957
f 942 957 956
f 943 930 944
f 943 944 957
f 944 945 958
f 945 946 958
f 946 947 958
f 947 948 958
f 948 949 958
f 949 950 958
f 950 951 958
f 951 952 958
f 952 953 958
f 953 954 958
f 954 955 958
f 955 956 958
f 956 957 958
f 957 944 958
f 959 961 960
f 959 962 961
f 959 963 962
f 959 964 963
f 959 965 964
f 959 966 965
f 959 967 966
f 959 968 967
f 959 969 968
f 959 970 969
f 959 971 970
f 959 972 971
f 959 973 972
f 959 960 973
f 960 961 975
f 960 975 974
f 961 962 976
f 961 976 975
f 962 963 977
f 962 977 976
f 963 964 978
f 963 978 977
f 964 965 979
f 964 979 978
f 965 966 980
f 965 980 979
f 966 967 981
f 966 981 980
f 967 968 982
f 967 982 981
f 968 969 983
f 968 983 982
f 969 970 984
f 969 984 983
f 970 971 985
f 970 985 984
f 971 972 986
f 971 986 985
f 972 973 987
f 972 987 986
f 973 960 974
f 973 974 987
f 974 975 989
f 974 989 988
f 975 976 990
f 975 990 989
f 976 977 991
f 976 991 990
f 977 978 992
f 977 992 991
f 978 979 993
f 978 993 992
f 979 980 994
f 979 994 993
f 980 981 995
f 980 995 994
f 981 982 996
f 981 996 995
f 982 983 997
f 982 997 996
f 983 984 998
f 983 998 997
f 984 985 999
f 984 999 998
f 985 986 1000
f 985 1000 999
f 986 987 1001
f 986 1001 1000
f 987 974 988
f 987 988 1001
f 988 989 1003
f 988 1003 1002
f 989 990 1004
f 989 1004 1003
f 990 991 1005
f 990 1005 1004
f 991 992 1006
f 991 1006 1005
f 992 993 1007
f 992 1007 1006
f 993 994 1008
f 993 1008 1007
f 994 995 1009
f 994 1009 1008
f 995 996 1010
f 995 1010 1009
f 996 997 1011
f 996 1011 1010
f 997 998 1012
f 997 1012 1011
f 998 999 1013
f 998 1013 1012
f 999 1000 1014
f 999 1014 1013
f 1000 1001 1015
f 1000 1015 1014
f 1001 988 1002
f 1001 1002 1015
f 1002 1003 1017
f 1002 1017 1016
f 1003 1004 1018
f 1003 1018 1017
f 1004 1005 1019
f 1004 1019 1018
f 1005 1006 1020
f 1005 1020 1019
f 1006 1007 1021
f 1006 1021 1020
f 1007 1008 1022
f 1007 1022 1021
f 1008 1009 1023
f 1008 1023 1022
f 1009 1010 1024
f 1009 1024 1023
f 1010 1011 1025
f 1010 1025 1024
f 1011 1012 1026
f 1011 1026 1025
f 1012 1013 1027
f 1012 1027 1026
f 1013 1014 1028
f 1013 1028 1027
f 1014 1015 1029
f 1014 1029 1028
f 1015 1002 1016
f 1015 1016 1029
f 1016 1017 1031
f 1016 1031 1030
f 1017 1018 1032
f 1017 1032 1031
f 1018 1019 1033
f 1018 1033 1032
f 1019 1020 1034
f 1019 1034 1033
f 1020 1021 1035
f 1020 1035 1034
f 1021 1022 1036
f 1021 1036 1035
f 1022 1023 1037
f 1022 1037 1036
f 1023 1024 1038
f 1023 1038 1037
f 1024 1025 1039
f 1024 1039 1038
f 1025 1026 1040
f 1025 1040 1039
f 1026 1027 1041
f 1026 1041 1040
f 1027 1028 1042
f 1027 1042 1041
f 1028 1029 1043
f 1028 1043 1042
f 1029 1016 1030
f 1029 1030 1043
f 1030 1031 1045
f 1030 1045 1044
f 1031 1032 1046
f 1031 1046 1045
f 1032 1033 1047
f 1032 1047 1046
f 1033 1034 1048
f 1033 1048 1047
f 1034 1035 1049
f 1034 1049 1048
f 1035 1036 1050
f 1035 1050 1049
f 1036 1037 1051
f 1036 1051 1050
f 1037 1038 1052
f 1037 1052 1051
f 1038 1039 1053
f 1038 1053 1052
f 1039 1040 1054
f 1039 1054 1053
f 1040 1041 1055
f 1040 1055 1054
f 1041 1042 1056
f 1041 1056 1055
f 1042 1043 1057
f 1042 1057 1056
f 1043 1030 1044
f 1043 1044 1057
f 1044 1045 1058
f 1045 1046 1058
f 1046 1047 1058
f 1047 1048 1058
f 1048 1049 1058
f 1049 1050 1058
f 1050 1051 1058
f 1051 1052 1058
f 1052 1053 1058
f 1053 1054 1058
f 1054 1055 1058
f 1055 1056 1058
f 1056 1057 1058
f 1057 1044 1058
f 1059 1060 1074
f 1059 1074 1073
f 1087 1060 1059
f 1088 1073 1074
f 1060 1061 1075
f 1060 1075 1074
f 1087 1061 1060
f 1088 1074 1075
f 1061 1062 1076
f 1061 1076 1075
f 1087 1062 1061
f 1088 1075 1076
f 1062 1063 1077
f 1062 1077 1076
f 1087 1063 1062
f 1088 1076 1077
f 1063 1064 1078
f 1063 1078 1077
f 1087 1064 1063
f 1088 1077 1078
f 1064 1065 1079
f 1064 1079 1078
f 1087 1065 1064
f 1088 1078 1079
f 1065 1066 1080
f 1065 1080 1079
f 1087 1066 1065
f 1088 1079 1080
f 1066 1067 1081
f 1066 1081 1080
f 1087 1067 1066
f 1088 1080 1081
f 1067 1068 1082
f 1067 1082 1081
f 1087 1068 1067
f 1088 1081 1082
f 1068 1069 1083
f 1068 1083 1082
f 1087 1069 1068
f 1088 1082 1083
f 1069 1070 1084
f 1069 1084 1083
f 1087 1070 1069
f 1088 1083 1084
f 1070 1071 1085
f 1070 1085 1084
f 1087 1071 1070
f 1088 1084 1085
f 1071 1072 1086
f 1071 1086 1085
f 1087 1072 1071
f 1088 1085 1086
f 1072 1059 1073
f 1072 1073 1086
f 1087 1059 1072
f 1088 1086 1073
f 1089 1091 1090
f 1089 1092 1091
f 1089 1093 1092
f 1089 1094 1093
f 1089 1095 1094
f 1089 1096 1095
f 1089 1097 1096
f 1089 1098 1097
f 1089 1099 1098
f 1089 1100 1099
f 1089 1101 1100
f 1089 1102 1101
f 1089 1103 1102
f 1089 1090 1103
f 1090 1091 1105
f 1090 1105 1104
f 1091 1092 1106
f 1091 1106 1105
f 1092 1093 1107
f 1092 1107 1106
f 1093 1094 1108
f 1093 1108 1107
f 1094 1095 1109
f 1094 1109 1108
f 1095 1096 1110
f 1095 1110 1109
f 1096 1097 1111
f 1096 1111 1110
f 1097 1098 1112
f 1097 1112 1111
f 1098 1099 1113
f 1098 1113 1112
f 1099 1100 1114
f 1099 1114 1113
f 1100 1101 1115
f 1100 1115 1114
f 1101 1102 1116
f 1101 1116 1115
f 1102 1103 1117
f 1102 1117 1116
f 1103 1090 1104
f 1103 1104 1117
f 1104 1105 1119
f 1104 1119 1118
f 1105 1106 1120
f 1105 1120 1119
f 1106 1107 1121
f 1106 1121 1120
f 1107 1108 1122
f 1107 1122 1121
f 1108 1109 1123
f 1108 1123 1122
f 1109 1110 1124
f 1109 1124 1123
f 1110 1111 1125
f 1110 1125 1124
f 1111 1112 1126
f 1111 1126 1125
f 1112 1113 1127
f 1112 1127 1126
f 1113 1114 1128
f 1113 1128 1127
f 1114 1115 1129
f 1114 1129 1128
f 1115 1116 1130
f 1115 1130 1129
f 1116 1117 1131
f 1116 1131 1130
f 1117 1104 1118
f 1117 1118 1131
f 1118 1119 1133
f 1118 1133 1132
f 1119 1120 1134
f 1119 1134 1133
f 1120 1121 1135
f 1120 1135 1134
f 1121 1122 1136
f 1121 1136 1135
f 1122 1123 1137
f 1122 1137 1136
f 1123 1124 1138
f 1123 1138 1137
f 1124 1125 1139
f 1124 1139 1138
f 1125 1126 1140
f 1125 1140 1139
f 1126 1127 1141
f 1126 1141 1140
f 1127 1128 1142
f 1127 1142 1141
f 1128 1129 1143
f 1128 1143 1142
f 1129 1130 1144
f 1129 1144 1143
f 1130 1131 1145
f 1130 1145 1144
f 1131 1118 1132
f 1131 1132 1145
f 1132 1133 1147
f 1132 1147 1146
f 1133 1134 1148
f 1133 1148 1147
f 1134 1135 1149
f 1134 1149 1148
f 1135 1136 1150
f 1135 1150 1149
f 1136 1137 1151
f 1136 1151 1150
f 1137 1138 1152
f 1137 1152 1151
f 1138 1139 1153
f 1138 1153 1152
f 1139 1140 1154
f 1139 1154 1153
f 1140 1141 1155
f 1140 1155 1154
f 1141 1142 1156
f 1141 1156 1155
f 1142 1143 1157
f 1142 1157 1156
f 1143 1144 1158
f 1143 1158 1157
f 1144 1145 1159
f 1144 1159 1158
f 1145 1132 1146
f 1145 1146 1159
f 1146 1147 1161
f 1146 1161 1160
f 1147 1148 1162
f 1147 1162 1161
f 1148 1149 1163
f 1148 1163 1162
f 1149 1150 1164
f 1149 1164 1163
f 1150 1151 1165
f 1150 1165 1164
f 1151 1152 1166
f 1151 1166 1165
f 1152 1153 1167
f 1152 1167 1166
f 1153 1154 1168
f 1153 1168 1167
f 1154 1155 1169
f 1154 1169 1168
f 1155 1156 1170
f 1155 1170 1169
f 1156 1157 1171
f 1156 1171 1170
f 1157 1158 1172
f 1157 1172 1171
f 1158 1159 1173
f 1158 1173 1172
f 1159 1146 1160
f 1159 1160 1173
f 1160 1161 1175
f 1160 1175 1174
f 1161 1162 1176
f 1161 1176 1175
f 1162 1163 1177
f 1162 1177 1176
f 1163 1164 1178
f 1163 1178 1177
f 1164 1165 1179
f 1164 1179 1178
f 1165 1166 1180
f 1165 1180 1179
f 1166 1167 1181
f 1166 1181 1180
f 1167 1168 1182
f 1167 1182 1181
f 1168 1169 1183
f 1168 1183 1182
f 1169 1170 1184
f 1169 1184 1183
f 1170 1171 1185
f 1170 1185 1184
f 1171 1172 1186
f 1171 1186 1185
f 1172 1173 1187
f 1172 1187 1186
f 1173 1160 1174
f 1173 1174 1187
f 1174 1175 1188
f 1175 1176 1188
f 1176 1177 1188
f 1177 1178 1188
f 1178 1179 1188
f 1179 1180 1188
f 1180 1181 1188
f 1181 1182 1188
f 1182 1183 1188
f 1183 1184 1188
f 1184 1185 1188
f 1185 1186 1188
f 1186 1187 1188
f 1187 1174 1188
f 1189 1191 1190
f 1189 1192 1191
f 1189 1193 1192
f 1189 1194 1193
f 1189 1195 1194
f 1189 1196 1195
f 1189 1197 1196
f 1189 1198 1197
f 1189 1199 1198
f 1189 1200 1199
f 1189 1201 1200
f 1189 1202 1201
f 1189 1203 1202
f 1189 1190 1203
f 1190 1191 1205
f 1190 1205 1204
f 1191 1192 1206
f 1191 1206 1205
f 1192 1193 1207
f 1192 1207 1206
f 1193 1194 1208
f 1193 1208 1207
f 1194 1195 1209
f 1194 1209 1208
f 1195 1196 1210
f 1195 1210 1209
f 1196 1197 1211
f 1196 1211 1210
f 1197 1198 1212
f 1197 1212 1211
f 1198 1199 1213
f 1198 1213 1212
f 1199 1200 1214
f 1199 1214 1213
f 1200 1201 1215
f 1200 1215 1214
f 1201 1202 1216
f 1201 1216 1215
f 1202 1203 1217
f 1202 1217 1216
f 1203 1190 1204
f 1203 1204 1217
f 1204 1205 1219
f 1204 1219 1218
f 1205 1206 1220
f 1205 1220 1219
f 1206 1207 1221
f 1206 1221 1220
f 1207 1208 1222
f 1207 1222 1221
f 1208 1209 1223
f 1208 1223 1222
f 1209 1210 1224
f 1209 1224 1223
f 1210 1211 1225
f 1210 1225 1224
f 1211 1212 1226
f 1211 1226 1225
f 1212 1213 1227
f 1212 1227 1226
f 1213 1214 1228
f 1213 1228 1227
f 1214 1215 1229
f 1214 1229 1228
f 1215 1216 1230
f 1215 1230 1229
f 1216 1217 1231
f 1216 1231 1230
f 1217 1204 1218
f 1217 1218 1231
f 1218 1219 1233
f 1218 1233 1232
f 1219 1220 1234
f 1219 1234 1233
f 1220 1221 1235
f 1220 1235 1234
f 1221 1222 1236
f 1221 1236 1235
f 1222 1223 1237
f 1222 1237 1236
f 1223 1224 1238
f 1223 1238 1237
f 1224 1225 1239
f 1224 1239 1238
f 1225 1226 1240
f 1225 1240 1239
f 1226 1227 1241
f 1226 1241 1240
f 1227 1228 1242
f 1227 1242 1241
f 1228 1229 1243
f 1228 1243 1242
f 1229 1230 1244
f 1229 1244 1243
f 1230 1231 1245
f 1230 1245 1244
f 1231 1218 1232
f 1231 1232 1245
f 1232 1233 1247
f 1232 1247 1246
f 1233 1234 1248
f 1233 1248 1247
f 1234 1235 1249
f 1234 1249 1248
f 1235 1236 1250
f 1235 1250 1249
f 1236 1237 1251
f 1236 1251 1250
f 1237 1238 1252
f 1237 1252 1251
f 1238 1239 1253
f 1238 1253 1252
f 1239 1240 1254
f 1239 1254 1253
f 1240 1241 1255
f 1240 1255 1254
f 1241 1242 1256
f 1241 1256 1255
f 1242 1243 1257
f 1242 1257 1256
f 1243 1244 1258
f 1243 1258 1257
f 1244 1245 1259
f 1244 1259 1258
f 1245 1232 1246
f 1245 1246 1259
f 1246 1247 1261
f 1246 1261 1260
f 1247 1248 1262
f 1247 1262 1261
f 1248 1249 1263
f 1248 1263 1262
f 1249 1250 1264
f 1249 1264 1263
f 1250 1251 1265
f 1250 1265 1264
f 1251 1252 1266
f 1251 1266 1265
f 1252 1253 1267
f 1252 1267 1266
f 1253 1254 1268
f 1253 1268 1267
f 1254 1255 1269
f 1254 1269 1268
f 1255 1256 1270
f 1255 1270 1269
f 1256 1257 1271
f 1256 1271 1270
f 1257 1258 1272
f 1257 1272 1271
f 1258 1259 1273
f 1258 1273 1272
f 1259 1246 1260
f 1259 1260 1273
f 1260 1261 1275
f 1260 1275 1274
f 1261 1262 1276
f 1261 1276 1275
f 1262 1263 1277
f 1262 1277 1276
f 1263 1264 1278
f 1263 1278 1277
f 1264 1265 1279
f 1264 1279 1278
f 1265 1266 1280
f 1265 1280 1279
f 1266 1267 1281
f 1266 1281 1280
f 1267 1268 1282
f 1267 1282 1281
f 1268 1269 1283
f 1268 1283 1282
f 1269 1270 1284
f 1269 1284 1283
f 1270 1271 1285
f 1270 1285 1284
f 1271 1272 1286
f 1271 1286 1285
f 1272 1273 1287
f 1272 1287 1286
f 1273 1260 1274
f 1273 1274 1287
f 1274 1275 1288
f 1275 1276 1288
f 1276 1277 1288
f 1277 1278 1288
f 1278 1279 1288
f 1279 1280 1288
f 1280 1281 1288
f 1281 1282 1288
f 1282 1283 1288
f 1283 1284 1288
f 1284 1285 1288
f 1285 1286 1288
f 1286 1287 1288
f 1287 1274 1288
f 1289 1290 1304
f 1289 1304 1303
f 1317 1290 1289
f 1318 1303 1304
f 1290 1291 1305
f 1290 1305 1304
f 1317 1291 1290
f 1318 1304 1305
f 1291 1292 1306
f 1291 1306 1305
f 1317 1292 1291
f 1318 1305 1306
f 1292 1293 1307
f 1292 1307 1306
f 1317 1293 1292
f 1318 1306 1307
f 1293 1294 1308
f 1293 1308 1307
f 1317 1294 1293
f 1318 1307 1308
f 1294 1295 1309
f 1294 1309 1308
f 1317 1295 1294
f 1318 1308 1309
f 1295 1296 1310
f 1295 1310 1309
f 1317 1296 1295
f 1318 1309 1310
f 1296 1297 1311
f 1296 1311 1310
f 1317 1297 1296
f 1318 1310 1311
f 1297 1298 1312
f 1297 1312 1311
f 1317 1298 1297
f 1318 1311 1312
f 1298 1299 1313
f 1298 1313 1312
f 1317 1299 1298
f 1318 1312 1313
f 1299 1300 1314
f 1299 1314 1313
f 1317 1300 1299
f 1318 1313 1314
f 1300 1301 1315
f 1300 1315 1314
f 1317 1301 1300
f 1318 1314 1315
f 1301 1302 1316
f 1301 1316 1315
f 1317 1302 1301
f 1318 1315 1316
f 1302 1289 1303
f 1302 1303 1316
f 1317 1289 1302
f 1318 1316 1303
f 1319 1321 1320
f 1319 1322 1321
f 1319 1323 1322
f 1319 1324 1323
f 1319 1325 1324
f 1319 1326 1325
f 1319 1327 1326
f 1319 1328 1327
f 1319 1329 1328
f 1319 1330 1329
f 1319 1331 1330
f 1319 1332 1331
f 1319 1333 1332
f 1319 1320 1333
f 1320 1321 1335
f 1320 1335 1334
f 1321 1322 1336
f 1321 1336 1335
f 1322 1323 1337
f 1322 1337 1336
f 1323 1324 1338
f 1323 1338 1337
f 1324 1325 1339
f 1324 1339 1338
f 1325 1326 1340
f 1325 1340 1339
f 1326 1327 1341
f 1326 1341 1340
f 1327 1328 1342
f 1327 1342 1341
f 1328 1329 1343
f 1328 1343 1342
f 1329 1330 1344
f 1329 1344 1343
f 1330 1331 1345
f 1330 1345 1344
f 1331 1332 1346
f 1331 1346 1345
f 1332 1333 1347
f 1332 1347 1346
f 1333 1320 1334
f 1333 1334 1347
f 1334 1335 1349
f 1334 1349 1348
f 1335 1336 1350
f 1335 1350 1349
f 1336 1337 1351
f 1336 1351 1350
f 1337 1338 1352
f 1337 1352 1351
f 1338 1339 1353
f 1338 1353 1352
f 1339 1340 1354
f 1339 1354 1353
f 1340 1341 1355
f 1340 1355 1354
f 1341 1342 1356
f 1341 1356 1355
f 1342 1343 1357
f 1342 1357 1356
f 1343 1344 1358
f 1343 1358 1357
f 1344 1345 1359
f 1344 1359 1358
f 1345 1346 1360
f 1345 1360 1359
f 1346 1347 1361
f 1346 1361 1360
f 1347 1334 1348
f 1347 1348 1361
f 1348 1349 1363
f 1348 1363 1362
f 1349 1350 1364
f 1349 1364 1363
f 1350 1351 1365
f 1350 1365 1364
f 1351 1352 1366
f 1351 1366 1365
f 1352 1353 1367
f 1352 1367 1366
f 1353 1354 1368
f 1353 1368 1367
f 1354 1355 1369
f 1354 1369 1368
f 1355 1356 1370
f 1355 1370 1369
f 1356 1357 1371
f 1356 1371 1370
f 1357 1358 1372
f 1357 1372 1371
f 1358 1359 1373
f 1358 1373 1372
f 1359 1360 1374
f 1359 1374 1373
f 1360 1361 1375
f 1360 1375 1374
f 1361 1348 1362
f 1361 1362 1375
f 1362 1363 1377
f 1362 1377 1376
f 1363 1364 1378
f 1363 1378 1377
f 1364 1365 1379
f 1364 1379 1378
f 1365 1366 1380
f 1365 1380 1379
f 1366 1367 1381
f 1366 1381 1380
f 1367 1368 1382
f 1367 1382 1381
f 1368 1369 1383
f 1368 1383 1382
f 1369 1370 1384
f 1369 1384 1383
f 1370 1371 1385
f 1370 1385 1384
f 1371 1372 1386
f 1371 1386 1385
f 1372 1373 1387
f 1372 1387 1386
f 1373 1374 1388
f 1373 1388 1387
f 1374 1375 1389
f 1374 1389 1388
f 1375 1362 1376
f 1375 1376 1389
f 1376 1377 1391
f 1376 1391 1390
f 1377 1378 1392
f 1377 1392 1391
f 1378 1379 1393
f 1378 1393 1392
f 1379 1380 1394
f 1379 1394 1393
f 1380 1381 1395
f 1380 1395 1394
f 1381 1382 1396
f 1381 1396 1395
f 1382 1383 1397
f 1382 1397 1396
f 1383 1384 1398
f 1383 1398 1397
f 1384 1385 1399
f 1384 1399 1398
f 1385 1386 1400
f 1385 1400 1399
f 1386 1387 1401
f 1386 1401 1400
f 1387 1388 1402
f 1387 1402 1401
f 1388 1389 1403
f 1388 1403 1402
f 1389 1376 1390
f 1389 1390 1403
f 1390 1391 1405
f 1390 1405 1404
f 1391 1392 1406
f 1391 1406 1405
f 1392 1393 1407
f 1392 1407 1406
f 1393 1394 1408
f 1393 1408 1407
f 1394 1395 1409
f 1394 1409 1408
f 1395 1396 1410
f 1395 1410 1409
f 1396 1397 1411
f 1396 1411 1410
f 1397 1398 1412
f 1397 1412 1411
f 1398 1399 1413
f 1398 1413 1412
f 1399 1400 1414
f 1399 1414 1413
f 1400 1401 1415
f 1400 1415 1414
f 1401 1402 1416
f 1401 1416 1415
f 1402 1403 1417
f 1402 1417 1416
f 1403 1390 1404
f 1403 1404 1417
f 1404 1405 1418
f 1405 1406 1418
f 1406 1407 1418
f 1407 1408 1418
f 1408 1409 1418
f 1409 1410 1418
f 1410 1411 1418
f 1411 1412 1418
f 1412 1413 1418
f 1413 1414 1418
f 1414 1415 1418
f 1415 1416 1418
f 1416 1417 1418
f 1417 1404 1418
f 1419 1421 1420
f 1419 1422 1421
f 1419 1423 1422
f 1419 1424 1423
f 1419 1425 1424
f 1419 1426 1425
f 1419 1427 1426
f 1419 1428 1427
f 1419 1429 1428
f 1419 1430 1429
f 1419 1431 1430
f 1419 1432 1431
f 1419 1433 1432
f 1419 1420 1433
f 1420 1421 1435
f 1420 1435 1434
f 1421 1422 1436
f 1421 1436 1435
f 1422 1423 1437
f 1422 1437 1436
f 1423 1424 1438
f 1423 1438 1437
f 1424 1425 1439
f 1424 1439 1438
f 1425 1426 1440
f 1425 1440 1439
f 1426 1427 1441
f 1426 1441 1440
f 1427 1428 1442
f 1427 1442 1441
f 1428 1429 1443
f 1428 1443 1442
f 1429 1430 1444
f 1429 1444 1443
f 1430 1431 1445
f 1430 1445 1444
f 1431 1432 1446
f 1431 1446 1445
f 1432 1433 1447
f 1432 1447 1446
f 1433 1420 1434
f 1433 1434 1447
f 1434 1435 1449
f 1434 1449 1448
f 1435 1436 1450
f 1435 1450 1449
f 1436 1437 1451
f 1436 1451 1450
f 1437 1438 1452
f 1437 1452 1451
f 1438 1439 1453
f 1438 1453 1452
f 1439 1440 1454
f 1439 1454 1453
f 1440 1441 1455
f 1440 1455 1454
f 1441 1442 1456
f 1441 1456 1455
f 1442 1443 1457
f 1442 1457 1456
f 1443 1444 1458
f 1443 1458 1457
f 1444 1445 1459
f 1444 1459 1458
f 1445 1446 1460
f 1445 1460 1459
f 1446 1447 1461
f 1446 1461 1460
f 1447 1434 1448
f 1447 1448 1461
f 1448 1449 1463
f 1448 1463 1462
f 1449 1450 1464
f 1449 1464 1463
f 1450 1451 1465
f 1450 1465 1464
f 1451 1452 1466
f 1451 1466 1465
f 1452 1453 1467
f 1452 1467 1466
f 1453 1454 1468
f 1453 1468 1467
f 1454 1455 1469
f 1454 1469 1468
f 1455 1456 1470
f 1455 1470 1469
f 1456 1457 1471
f 1456 1471 1470
f 1457 1458 1472
f 1457 1472 1471
f 1458 1459 1473
f 1458 1473 1472
f 1459 1460 1474
f 1459 1474 1473
f 1460 1461 1475
f 1460 1475 1474
f 1461 1448 1462
f 1461 1462 1475
f 1462 1463 1477
f 1462 1477 1476
f 1463 1464 1478
f 1463 1478 1477
f 1464 1465 1479
f 1464 1479 1478
f 1465 1466 1480
f 1465 1480 1479
f 1466 1467 1481
f 1466 1481 1480
f 1467 1468 1482
f 1467 1482 1481
f 1468 1469 1483
f 1468 1483 1482
f 1469 1470 1484
f 1469 1484 1483
f 1470 1471 1485
f 1470 1485 1484
f 1471 1472 1486
f 1471 1486 1485
f 1472 1473 1487
f 1472 1487 1486
f 1473 1474 1488
f 1473 1488 1487
f 1474 1475 1489
f 1474 1489 1488
f 1475 1462 1476
f 1475 1476 1489
f 1476 1477 1491
f 1476 1491 1490
f 1477 1478 1492
f 1477 1492 1491
f 1478 1479 1493
f 1478 1493 1492
f 1479 1480 1494
f 1479 1494 1493
f 1480 1481 1495
f 1480 1495 1494
f 1481 1482 1496
f 1481 1496 1495
f 1482 1483 1497
f 1482 1497 1496
f 1483 1484 1498
f 1483 1498 1497
f 1484 1485 1499
f 1484 1499 1498
f 1485 1486 1500
f 1485 1500 1499
f 1486 1487 1501
f 1486 1501 1500
f 1487 1488 1502
f 1487 1502 1501
f 1488 1489 1503
f 1488 1503 1502
f 1489 1476 1490
f 1489 1490 1503
f 1490 1491 1505
f 1490 1505 1504
f 1491 1492 1506
f 1491 1506 1505
f 1492 1493 1507
f 1492 1507 1506
f 1493 1494 1508
f 1493 1508 1507
f 1494 1495 1509
f 1494 1509 1508
f 1495 1496 1510
f 1495 1510 1509
f 1496 1497 1511
f 1496 1511 1510
f 1497 1498 1512
f 1497 1512 1511
f 1498 1499 1513
f 1498 1513 1512
f 1499 1500 1514
f 1499 1514 1513
f 1500 1501 1515
f 1500 1515 1514
f 1501 1502 1516
f 1501 1516 1515
f 1502 1503 1517
f 1502 1517 1516
f 1503 1490 1504
f 1503 1504 1517
f 1504 1505 1518
f 1505 1506 1518
f 1506 1507 1518
f 1507 1508 1518
f 1508 1509 1518
f 1509 1510 1518
f 1510 1511 1518
f 1511 1512 1518
f 1512 1513 1518
f 1513 1514 1518
f 1514 1515 1518
f 1515 1516 1518
f 1516 1517 1518
f 1517 1504 1518
f 1519 1520 1534
f 1519 1534 1533
f 1547 1520 1519
f 1548 1533 1534
f 1520 1521 1535
f 1520 1535 1534
f 1547 1521 1520
f 1548 1534 1535
f 1521 1522 1536
f 1521 1536 1535
f 1547 1522 1521
f 1548 1535 1536
f 1522 1523 1537
f 1522 1537 1536
f 1547 1523 1522
f 1548 1536 1537
f 1523 1524 1538
f 1523 1538 1537
f 1547 1524 1523
f 1548 1537 1538
f 1524 1525 1539
f 1524 1539 1538
f 1547 1525 1524
f 1548 1538 1539
f 1525 1526 1540
f 1525 1540 1539
f 1547 1526 1525
f 1548 1539 1540
f 1526 1527 1541
f 1526 1541 1540
f 1547 1527 1526
f 1548 1540 1541
f 1527 1528 1542
f 1527 1542 1541
f 1547 1528 1527
f 1548 1541 1542
f 1528 1529 1543
f 1528 1543 1542
f 1547 1529 1528
f 1548 1542 1543
f 1529 1530 1544
f 1529 1544 1543
f 1547 1530 1529
f 1548 1543 1544
f 1530 1531 1545
f 1530 1545 1544
f 1547 1531 1530
f 1548 1544 1545
f 1531 1532 1546
f 1531 1546 1545
f 1547 1532 1531
f 1548 1545 1546
f 1532 1519 1533
f 1532 1533 1546
f 1547 1519 1532
f 1548 1546 1533
f 1549 1551 1550
f 1549 1552 1551
f 1549 1553 1552
f 1549 1554 1553
f 1549 1555 1554
f 1549 1556 1555
f 1549 1557 1556
f 1549 1558 1557
f 1549 1559 1558
f 1549 1560 1559
f 1549 1561 1560
f 1549 1562 1561
f 1549 1563 1562
f 1549 1550 1563
f 1550 1551 1565
f 1550 1565 1564
f 1551 1552 1566
f 1551 1566 1565
f 1552 1553 1567
f 1552 1567 1566
f 1553 1554 1568
f 1553 1568 1567
f 1554 1555 1569
f 1554 1569 1568
f 1555 1556 1570
f 1555 1570 1569
f 1556 1557 1571
f 1556 1571 1570
f 1557 1558 1572
f 1557 1572 1571
f 1558 1559 1573
f 1558 1573 1572
f 1559 1560 1574
f 1559 1574 1573
f 1560 1561 1575
f 1560 1575 1574
f 1561 1562 1576
f 1561 1576 1575
f 1562 1563 1577
f 1562 1577 1576
f 1563 1550 1564
f 1563 1564 1577
f 1564 1565 1579
f 1564 1579 1578
f 1565 1566 1580
f 1565 1580 1579
f 1566 1567 1581
f 1566 1581 1580
f 1567 1568 1582
f 1567 1582 1581
f 1568 1569 1583
f 1568 1583 1582
f 1569 1570 1584
f 1569 1584 1583
f 1570 1571 1585
f 1570 1585 1584
f 1571 1572 1586
f 1571 1586 1585
f 1572 1573 1587
f 1572 1587 1586
f 1573 1574 1588
f 1573 1588 1587
f 1574 1575 1589
f 1574 1589 1588
f 1575 1576 1590
f 1575 1590 1589
f 1576 1577 1591
f 1576 1591 1590
f 1577 1564 1578
f 1577 1578 1591
f 1578 1579 1593
f 1578 1593 1592
f 1579 1580 1594
f 1579 1594 1593
f 1580 1581 1595
f 1580 1595 1594
f 1581 1582 1596
f 1581 1596 1595
f 1582 1583 1597
f 1582 1597 1596
f 1583 1584 1598
f 1583 1598 1597
f 1584 1585 1599
f 1584 1599 1598
f 1585 1586 1600
f 1585 1600 1599
f 1586 1587 1601
f 1586 1601 1600
f 1587 1588 1602
f 1587 1602 1601
f 1588 1589 1603
f 1588 1603 1602
f 1589 1590 1604
f 1589 1604 1603
f 1590 1591 1605
f 1590 1605 1604
f 1591 1578 1592
f 1591 1592 1605
f 1592 1593 1607
f 1592 1607 1606
f 1593 1594 1608
f 1593 1608 1607
f 1594 1595 1609
f 1594 1609 1608
f 1595 1596 1610
f 1595 1610 1609
f 1596 1597 1611
f 1596 1611 1610
f 1597 1598 1612
f 1597 1612 1611
f 1598 1599 1613
f 1598 1613 1612
f 1599 1600 1614
f 1599 1614 1613
f 1600 1601 1615
f 1600 1615 1614
f 1601 1602 1616
f 1601 1616 1615
f 1602 1603 1617
f 1602 1617 1616
f 1603 1604 1618
f 1603 1618 1617
f 1604 1605 1619
f 1604 1619 1618
f 1605 1592 1606
f 1605 1606 1619
f 1606 1607 1621
f 1606 1621 1620
f 1607 1608 1622
f 1607 1622 1621
f 1608 1609 1623
f 1608 1623 1622
f 1609 1610 1624
f 1609 1624 1623
f 1610 1611 1625
f 1610 1625 1624
f 1611 1612 1626
f 1611 1626 1625
f 1612 1613 1627
f 1612 1627 1626
f 1613 1614 1628
f 1613 1628 1627
f 1614 1615 1629
f 1614 1629 1628
f 1615 1616 1630
f 1615 1630 1629
f 1616 1617 1631
f 1616 1631 1630
f 1617 1618 1632
f 1617 1632 1631
f 1618 1619 1633
f 1618 1633 1632
f 1619 1606 1620
f 1619 1620 1633
f 1620 1621 1635
f 1620 1635 1634
f 1621 1622 1636
f 1621 1636 1635
f 1622 1623 1637
f 1622 1637 1636
f 1623 1624 1638
f 1623 1638 1637
f 1624 1625 1639
f 1624 1639 1638
f 1625 1626 1640
f 1625 1640 1639
f 1626 1627 1641
f 1626 1641 1640
f 1627 1628 1642
f 1627 1642 1641
f 1628 1629 1643
f 1628 1643 1642
f 1629 1630 1644
f 1629 1644 1643
f 1630 1631 1645
f 1630 1645 1644
f 1631 1632 1646
f 1631 1646 1645
f 1632 1633 1647
f 1632 1647 1646
f 1633 1620 1634
f 1633 1634 1647
f 1634 1635 1648
f 1635 1636 1648
f 1636 1637 1648
f 1637 1638 1648
f 1638 1639 1648
f 1639 1640 1648
f 1640 1641 1648
f 1641 1642 1648
f 1642 1643 1648
f 1643 1644 1648
f 1644 1645 1648
f 1645 1646 1648
f 1646 1647 1648
f 1647 1634 1648
f 1649 1651 1650
f 1649 1652 1651
f 1649 1653 1652
f 1649 1654 1653
f 1649 1655 1654
f 1649 1656 1655
f 1649 1657 1656
f 1649 1658 1657
f 1649 1659 1658
f 1649 1660 1659
f 1649 1661 1660
f 1649 1662 1661
f 1649 1663 1662
f 1649 1650 1663
f 1650 1651 1665
f 1650 1665 1664
f 1651 1652 1666
f 1651 1666 1665
f 1652 1653 1667
f 1652 1667 1666
f 1653 1654 1668
f 1653 1668 1667
f 1654 1655 1669
f 1654 1669 1668
f 1655 1656 1670
f 1655 1670 1669
f 1656 1657 1671
f 1656 1671 1670
f 1657 1658 1672
f 1657 1672 1671
f 1658 1659 1673
f 1658 1673 1672
f 1659 1660 1674
f 1659 1674 1673
f 1660 1661 1675
f 1660 1675 1674
f 1661 1662 1676
f 1661 1676 1675
f 1662 1663 1677
f 1662 1677 1676
f 1663 1650 1664
f 1663 1664 1677
f 1664 1665 1679
f 1664 1679 1678
f 1665 1666 1680
f 1665 1680 1679
f 1666 1667 1681
f 1666 1681 1680
f 1667 1668 1682
f 1667 1682 1681
f 1668 1669 1683
f 1668 1683 1682
f 1669 1670 1684
f 1669 1684 1683
f 1670 1671 1685
f 1670 1685 1684
f 1671 1672 1686
f 1671 1686 1685
f 1672 1673 1687
f 1672 1687 1686
f 1673 1674 1688
f 1673 1688 1687
f 1674 1675 1689
f 1674 1689 1688
f 1675 1676 1690
f 1675 1690 1689
f 1676 1677 1691
f 1676 1691 1690
f 1677 1664 1678
f 1677 1678 1691
f 1678 1679 1693
f 1678 1693 1692
f 1679 1680 1694
f 1679 1694 1693
f 1680 1681 1695
f 1680 1695 1694
f 1681 1682 1696
f 1681 1696 1695
f 1682 1683 1697
f 1682 1697 1696
f 1683 1684 1698
f 1683 1698 1697
f 1684 1685 1699
f 1684 1699 1698
f 1685 1686 1700
f 1685 1700 1699
f 1686 1687 1701
f 1686 1701 1700
f 1687 1688 1702
f 1687 1702 1701
f 1688 1689 1703
f 1688 1703 1702
f 1689 1690 1704
f 1689 1704 1703
f 1690 1691 1705
f 1690 1705 1704
f 1691 1678 1692
f 1691 1692 1705
f 1692 1693 1707
f 1692 1707 1706
f 1693 1694 1708
f 1693 1708 1707
f 1694 1695 1709
f 1694 1709 1708
f 1695 1696 1710
f 1695 1710 1709
f 1696 1697 1711
f 1696 1711 1710
f 1697 1698 1712
f 1697 1712 1711
f 1698 1699 1713
f 1698 1713 1712
f 1699 1700 1714
f 1699 1714 1713
f 1700 1701 1715
f 1700 1715 1714
f 1701 1702 1716
f 1701 1716 1715
f 1702 1703 1717
f 1702 1717 1716
f 1703 1704 1718
f 1703 1718 1717
f 1704 1705 1719
f 1704 1719 1718
f 1705 1692 1706
f 1705 1706 1719
f 1706 1707 1721
f 1706 1721 1720
f 1707 1708 1722
f 1707 1722 1721
f 1708 1709 1723
f 1708 1723 1722
f 1709 1710 1724
f 1709 1724 1723
f 1710 1711 1725
f 1710 1725 1724
f 1711 1712 1726
f 1711 1726 1725
f 1712 1713 1727
f 1712 1727 1726
f 1713 1714 1728
f 1713 1728 1727
f 1714 1715 1729
f 1714 1729 1728
f 1715 1716 1730
f 1715 1730 1729
f 1716 1717 1731
f 1716 1731 1730
f 1717 1718 1732
f 1717 1732 1731
f 1718 1719 1733
f 1718 1733 1732
f 1719 1706 1720
f 1719 1720 1733
f 1720 1721 1735
f 1720 1735 1734
f 1721 1722 1736
f 1721 1736 1735
f 1722 1723 1737
f 1722 1737 1736
f 1723 1724 1738
f 1723 1738 1737
f 1724 1725 1739
f 1724 1739 1738
f 1725 1726 1740
f 1725 1740 1739
f 1726 1727 1741
f 1726 1741 1740
f 1727 1728 1742
f 1727 1742 1741
f 1728 1729 1743
f 1728 1743 1742
f 1729 1730 1744
f 1729 1744 1743
f 1730 1731 1745
f 1730 1745 1744
f 1731 1732 1746
f 1731 1746 1745
f 1732 1733 1747
f 1732 1747 1746
f 1733 1720 1734
f 1733 1734 1747
f 1734 1735 1748
f 1735 1736 1748
f 1736 1737 1748
f 1737 1738 1748
f 1738 1739 1748
f 1739 1740 1748
f 1740 1741 1748
f 1741 1742 1748
f 1742 1743 1748
f 1743 1744 1748
f 1744 1745 1748
f 1745 1746 1748
f 1746 1747 1748
f 1747 1734 1748
f 1749 1750 1764
f 1749 1764 1763
f 1777 1750 1749
f 1778 1763 1764
f 1750 1751 1765
f 1750 1765 1764
f 1777 1751 1750
f 1778 1764 1765
f 1751 1752 1766
f 1751 1766 1765
f 1777 1752 1751
f 1778 1765 1766
f 1752 1753 1767
f 1752 1767 1766
f 1777 1753 1752
f 1778 1766 1767
f 1753 1754 1768
f 1753 1768 1767
f 1777 1754 1753
f 1778 1767 1768
f 1754 1755 1769
f 1754 1769 1768
f 1777 1755 1754
f 1778 1768 1769
f 1755 1756 1770
f 1755 1770 1769
f 1777 1756 1755
f 1778 1769 1770
f 1756 1757 1771
f 1756 1771 1770
f 1777 1757 1756
f 1778 1770 1771
f 1757 1758 1772
f 1757 1772 1771
f 1777 1758 1757
f 1778 1771 1772
f 1758 1759 1773
f 1758 1773 1772
f 1777 1759 1758
f 1778 1772 1773
f 1759 1760 1774
f 1759 1774 1773
f 1777 1760 1759
f 1778 1773 1774
f 1760 1761 1775
f 1760 1775 1774
f 1777 1761 1760
f 1778 1774 1775
f 1761 1762 1776
f 1761 1776 1775
f 1777 1762 1761
f 1778 1775 1776
f 1762 1749 1763
f 1762 1763 1776
f 1777 1749 1762
f 1778 1776 1763
f 1779 1781 1780
f 1779 1782 1781
f 1779 1783 1782
f 1779 1784 1783
f 1779 1785 1784
f 1779 1786 1785
f 1779 1787 1786
f 1779 1788 1787
f 1779 1789 1788
f 1779 1790 1789
f 1779 1791 1790
f 1779 1792 1791
f 1779 1793 1792
f 1779 1780 1793
f 1780 1781 1795
f 1780 1795 1794
f 1781 1782 1796
f 1781 1796 1795
f 1782 1783 1797
f 1782 1797 1796
f 1783 1784 1798
f 1783 1798 1797
f 1784 1785 1799
f 1784 1799 1798
f 1785 1786 1800
f 1785 1800 1799
f 1786 1787 1801
f 1786 1801 1800
f 1787 1788 1802
f 1787 1802 1801
f 1788 1789 1803
f 1788 1803 1802
f 1789 1790 1804
f 1789 1804 1803
f 1790 1791 1805
f 1790 1805 1804
f 1791 1792 1806
f 1791 1806 1805
f 1792 1793 1807
f 1792 1807 1806
f 1793 1780 1794
f 1793 1794 1807
f 1794 1795 1809
f 1794 1809 1808
f 1795 1796 1810
f 1795 1810 1809
f 1796 1797 1811
f 1796 1811 1810
f 1797 1798 1812
f 1797 1812 1811
f 1798 1799 1813
f 1798 1813 1812
f 1799 1800 1814
f 1799 1814 1813
f 1800 1801 1815
f 1800 1815 1814
f 1801 1802 1816
f 1801 1816 1815
f 1802 1803 1817
f 1802 1817 1816
f 1803 1804 1818
f 1803 1818 1817
f 1804 1805 1819
f 1804 1819 1818
f 1805 1806 1820
f 1805 1820 1819
f 1806 1807 1821
f 1806 1821 1820
f 1807 1794 1808
f 1807 1808 1821
f 1808 1809 1823
f 1808 1823 1822
f 1809 1810 1824
f 1809 1824 1823
f 1810 1811 1825
f 1810 1825 1824
f 1811 1812 1826
f 1811 1826 1825
f 1812 1813 1827
f 1812 1827 1826
f 1813 1814 1828
f 1813 1828 1827
f 1814 1815 1829
f 1814 1829 1828
f 1815 1816 1830
f 1815 1830 1829
f 1816 1817 1831
f 1816 1831 1830
f 1817 1818 1832
f 1817 1832 1831
f 1818 1819 1833
f 1818 1833 1832
f 1819 1820 1834
f 1819 1834 1833
f 1820 1821 1835
f 1820 1835 1834
f 1821 1808 1822
f 1821 1822 1835
f 1822 1823 1837
f 1822 1837 1836
f 1823 1824 1838
f 1823 1838 1837
f 1824 1825 1839
f 1824 1839 1838
f 1825 1826 1840
f 1825 1840 1839
f 1826 1827 1841
f 1826 1841 1840
f 1827 1828 1842
f 1827 1842 1841
f 1828 1829 1843
f 1828 1843 1842
f 1829 1830 1844
f 1829 1844 1843
f 1830 1831 1845
f 1830 1845 1844
f 1831 1832 1846
f 1831 1846 1845
f 1832 1833 1847
f 1832 1847 1846
f 1833 1834 1848
f 1833 1848 1847
f 1834 1835 1849
f 1834 1849 1848
f 1835 1822 1836
f 1835 1836 1849
f 1836 1837 1851
f 1836 1851 1850
f 1837 1838 1852
f 1837 1852 1851
f 1838 1839 1853
f 1838 1853 1852
f 1839 1840 1854
f 1839 1854 1853
f 1840 1841 1855
f 1840 1855 1854
f 1841 1842 1856
f 1841 1856 1855
f 1842 1843 1857
f 1842 1857 1856
f 1843 1844 1858
f 1843 1858 1857
f 1844 1845 1859
f 1844 1859 1858
f 1845 1846 1860
f 1845 1860 1859
f 1846 1847 1861
f 1846 1861 1860
f 1847 1848 1862
f 1847 1862 1861
f 1848 1849 1863
f 1848 1863 1862
f 1849 1836 1850
f 1849 1850 1863
f 1850 1851 1865
f 1850 1865 1864
f 1851 1852 1866
f 1851 1866 1865
f 1852 1853 1867
f 1852 1867 1866
f 1853 1854 1868
f 1853 1868 1867
f 1854 1855 1869
f 1854 1869 1868
f 1855 1856 1870
f 1855 1870 1869
f 1856 1857 1871
f 1856 1871 1870
f 1857 1858 1872
f 1857 1872 1871
f 1858 1859 1873
f 1858 1873 1872
f 1859 1860 1874
f 1859 1874 1873
f 1860 1861 1875
f 1860 1875 1874
f 1861 1862 1876
f 1861 1876 1875
f 1862 1863 1877
f 1862 1877 1876
f 1863 1850 1864
f 1863 1864 1877
f 1864 1865 1878
f 1865 1866 1878
f 1866 1867 1878
f 1867 1868 1878
f 1868 1869 1878
f 1869 1870 1878
f 1870 1871 1878
f 1871 1872 1878
f 1872 1873 1878
f 1873 1874 1878
f 1874 1875 1878
f 1875 1876 1878
f 1876 1877 1878
f 1877 1864 1878
f 1879 1881 1880
f 1879 1882 1881
f 1879 1883 1882
f 1879 1884 1883
f 1879 1885 1884
f 1879 1886 1885
f 1879 1887 1886
f 1879 1888 1887
f 1879 1889 1888
f 1879 1890 1889
f 1879 1891 1890
f 1879 1892 1891
f 1879 1893 1892
f 1879 1880 1893
f 1880 1881 1895
f 1880 1895 1894
f 1881 1882 1896
f 1881 1896 1895
f 1882 1883 1897
f 1882 1897 1896
f 1883 1884 1898
f 1883 1898 1897
f 1884 1885 1899
f 1884 1899 1898
f 1885 1886 1900
f 1885 1900 1899
f 1886 1887 1901
f 1886 1901 1900
f 1887 1888 1902
f 1887 1902 1901
f 1888 1889 1903
f 1888 1903 1902
f 1889 1890 1904
f 1889 1904 1903
f 1890 1891 1905
f 1890 1905 1904
f 1891 1892 1906
f 1891 1906 1905
f 1892 1893 1907
f 1892 1907 1906
f 1893 1880 1894
f 1893 1894 1907
f 1894 1895 1909
f 1894 1909 1908
f 1895 1896 1910
f 1895 1910 1909
f 1896 1897 1911
f 1896 1911 1910
f 1897 1898 1912
f 1897 1912 1911
f 1898 1899 1913
f 1898 1913 1912
f 1899 1900 1914
f 1899 1914 1913
f 1900 1901 1915
f 1900 1915 1914
f 1901 1902 1916
f 1901 1916 1915
f 1902 1903 1917
f 1902 1917 1916
f 1903 1904 1918
f 1903 1918 1917
f 1904 1905 1919
f 1904 1919 1918
f 1905 1906 1920
f 1905 1920 1919
f 1906 1907 1921
f 1906 1921 1920
f 1907 1894 1908
f 1907 1908 1921
f 1908 1909 1923
f 1908 1923 1922
f 1909 1910 1924
f 1909 1924 1923
f 1910 1911 1925
f 1910 1925 1924
f 1911 1912 1926
f 1911 1926 1925
f 1912 1913 1927
f 1912 1927 1926
f 1913 1914 1928
f 1913 1928 1927
f 1914 1915 1929
f 1914 1929 1928
f 1915 1916 1930
f 1915 1930 1929
f 1916 1917 1931
f 1916 1931 1930
f 1917 1918 1932
f 1917 1932 1931
f 1918 1919 1933
f 1918 1933 1932
f 1919 1920 1934
f 1919 1934 1933
f 1920 1921 1935
f 1920 1935 1934
f 1921 1908 1922
f 1921 1922 1935
f 1922 1923 1937
f 1922 1937 1936
f 1923 1924 1938
f 1923 1938 1937
f 1924 1925 1939
f 1924 1939 1938
f 1925 1926 1940
f 1925 1940 1939
f 1926 1927 1941
f 1926 1941 1940
f 1927 1928 1942
f 1927 1942 1941
f 1928 1929 1943
f 1928 1943 1942
f 1929 1930 1944
f 1929 1944 1943
f 1930 1931 1945
f 1930 1945 1944
f 1931 1932 1946
f 1931 1946 1945
f 1932 1933 1947
f 1932 1947 1946
f 1933 1934 1948
f 1933 1948 1947
f 1934 1935 1949
f 1934 1949 1948
f 1935 1922 1936
f 1935 1936 1949
f 1936 1937 1951
f 1936 1951 1950
f 1937 1938 1952
f 1937 1952 1951
f 1938 1939 1953
f 1938 1953 1952
f 1939 1940 1954
f 1939 1954 1953
f 1940 1941 1955
f 1940 1955 1954
f 1941 1942 1956
f 1941 1956 1955
f 1942 1943 1957
f 1942 1957 1956
f 1943 1944 1958
f 1943 1958 1957
f 1944 1945 1959
f 1944 1959 1958
f 1945 1946 1960
f 1945 1960 1959
f 1946 1947 1961
f 1946 1961 1960
f 1947 1948 1962
f 1947 1962 1961
f 1948 1949 1963
f 1948 1963 1962
f 1949 1936 1950
f 1949 1950 1963
f 1950 1951 1965
f 1950 1965 1964
f 1951 1952 1966
f 1951 1966 1965
f 1952 1953 1967
f 1952 1967 1966
f 1953 1954 1968
f 1953 1968 1967
f 1954 1955 1969
f 1954 1969 1968
f 1955 1956 1970
f 1955 1970 1969
f 1956 1957 1971
f 1956 1971 1970
f 1957 1958 1972
f 1957 1972 1971
f 1958 1959 1973
f 1958 1973 1972
f 1959 1960 1974
f 1959 1974 1973
f 1960 1961 1975
f 1960 1975 1974
f 1961 1962 1976
f 1961 1976 1975
f 1962 1963 1977
f 1962 1977 1976
f 1963 1950 1964
f 1963 1964 1977
f 1964 1965 1978
f 1965 1966 1978
f 1966 1967 1978
f 1967 1968 1978
f 1968 1969 1978
f 1969 1970 1978
f 1970 1971 1978
f 1971 1972 1978
f 1972 1973 1978
f 1973 1974 1978
f 1974 1975 1978
f 1975 1976 1978
f 1976 1977 1978
f 1977 1964 1978
f 1979 1980 1994
f 1979 1994 1993
f 2007 1980 1979
f 2008 1993 1994
f 1980 1981 1995
f 1980 1995 1994
f 2007 1981 1980
f 2008 1994 1995
f 1981 1982 1996
f 1981 1996 1995
f 2007 1982 1981
f 2008 1995 1996
f 1982 1983 1997
f 1982 1997 1996
f 2007 1983 1982
f 2008 1996 1997
f 1983 1984 1998
f 1983 1998 1997
f 2007 1984 1983
f 2008 1997 1998
f 1984 1985 1999
f 1984 1999 1998
f 2007 1985 1984
f 2008 1998 1999
f 1985 1986 2000
f 1985 2000 1999
f 2007 1986 1985
f 2008 1999 2000
f 1986 1987 2001
f 1986 2001 2000
f 2007 1987 1986
f 2008 2000 2001
f 1987 1988 2002
f 1987 2002 2001
f 2007 1988 1987
f 2008 2001 2002
f 1988 1989 2003
f 1988 2003 2002
f 2007 1989 1988
f 2008 2002 2003
f 1989 1990 2004
f 1989 2004 2003
f 2007 1990 1989
f 2008 2003 2004
f 1990 1991 2005
f 1990 2005 2004
f 2007 1991 1990
f 2008 2004 2005
f 1991 1992 2006
f 1991 2006 2005
f 2007 1992 1991
f 2008 2005 2006
f 1992 1979 1993
f 1992 1993 2006
f 2007 1979 1992
f 2008 2006 1993
f 2009 2011 2010
f 2009 2012 2011
f 2009 2013 2012
f 2009 2014 2013
f 2009 2015 2014
f 2009 2016 2015
f 2009 2017 2016
f 2009 2018 2017
f 2009 2019 2018
f 2009 2020 2019
f 2009 2021 2020
f 2009 2022 2021
f 2009 2023 2022
f 2009 2010 2023
f 2010 2011 2025
f 2010 2025 2024
f 2011 2012 2026
f 2011 2026 2025
f 2012 2013 2027
f 2012 2027 2026
f 2013 2014 2028
f 2013 2028 2027
f 2014 2015 2029
f 2014 2029 2028
f 2015 2016 2030
f 2015 2030 2029
f 2016 2017 2031
f 2016 2031 2030
f 2017 2018 2032
f 2017 2032 2031
f 2018 2019 2033
f 2018 2033 2032
f 2019 2020 2034
f 2019 2034 2033
f 2020 2021 2035
f 2020 2035 2034
f 2021 2022 2036
f 2021 2036 2035
f 2022 2023 2037
f 2022 2037 2036
f 2023 2010 2024
f 2023 2024 2037
f 2024 2025 2039
f 2024 2039 2038
f 2025 2026 2040
f 2025 2040 2039
f 2026 2027 2041
f 2026 2041 2040
f 2027 2028 2042
f 2027 2042 2041
f 2028 2029 2043
f 2028 2043 2042
f 2029 2030 2044
f 2029 2044 2043
f 2030 2031 2045
f 2030 2045 2044
f 2031 2032 2046
f 2031 2046 2045
f 2032 2033 2047
f 2032 2047 2046
f 2033 2034 2048
f 2033 2048 2047
f 2034 2035 2049
f 2034 2049 2048
f 2035 2036 2050
f 2035 2050 2049
f 2036 2037 2051
f 2036 2051 2050
f 2037 2024 2038
f 2037 2038 2051
f 2038 2039 2053
f 2038 2053 2052
f 2039 2040 2054
f 2039 2054 2053
f 2040 2041 2055
f 2040 2055 2054
f 2041 2042 2056
f 2041 2056 2055
f 2042 2043 2057
f 2042 2057 2056
f 2043 2044 2058
f 2043 2058 2057
f 2044 2045 2059
f 2044 2059 2058
f 2045 2046 2060
f 2045 2060 2059
f 2046 2047 2061
f 2046 2061 2060
f 2047 2048 2062
f 2047 2062 2061
f 2048 2049 2063
f 2048 2063 2062
f 2049 2050 2064
f 2049 2064 2063
f 2050 2051 2065
f 2050 2065 2064
f 2051 2038 2052
f 2051 2052 2065
f 2052 2053 2067
f 2052 2067 2066
f 2053 2054 2068
f 2053 2068 2067
f 2054 2055 2069
f 2054 2069 2068
f 2055 2056 2070
f 2055 2070 2069
f 2056 2057 2071
f 2056 2071 2070
f 2057 2058 2072
f 2057 2072 2071
f 2058 2059 2073
f 2058 2073 2072
f 2059 2060 2074
f 2059 2074 2073
f 2060 2061 2075
f 2060 2075 2074
f 2061 2062 2076
f 2061 2076 2075
f 2062 2063 2077
f 2062 2077 2076
f 2063 2064 2078
f 2063 2078 2077
f 2064 2065 2079
f 2064 2079 2078
f 2065 2052 2066
f 2065 2066 2079
f 2066 2067 2081
f 2066 2081 2080
f 2067 2068 2082
f 2067 2082 2081
f 2068 2069 2083
f 2068 2083 2082
f 2069 2070 2084
f 2069 2084 2083
f 2070 2071 2085
f 2070 2085 2084
f 2071 2072 2086
f 2071 2086 2085
f 2072 2073 2087
f 2072 2087 2086
f 2073 2074 2088
f 2073 2088 2087
f 2074 2075 2089
f 2074 2089 2088
f 2075 2076 2090
f 2075 2090 2089
f 2076 2077 2091
f 2076 2091 2090
f 2077 2078 2092
f 2077 2092 2091
f 2078 2079 2093
f 2078 2093 2092
f 2079 2066 2080
f 2079 2080 2093
f 2080 2081 2095
f 2080 2095 2094
f 2081 2082 2096
f 2081 2096 2095
f 2082 2083 2097
f 2082 2097 2096
f 2083 2084 2098
f 2083 2098 2097
f 2084 2085 2099
f 2084 2099 2098
f 2085 2086 2100
f 2085 2100 2099
f 2086 2087 2101
f 2086 2101 2100
f 2087 2088 2102
f 2087 2102 2101
f 2088 2089 2103
f 2088 2103 2102
f 2089 2090 2104
f 2089 2104 2103
f 2090 2091 2105
f 2090 2105 2104
f 2091 2092 2106
f 2091 2106 2105
f 2092 2093 2107
f 2092 2107 2106
f 2093 2080 2094
f 2093 2094 2107
f 2094 2095 2108
f 2095 2096 2108
f 2096 2097 2108
f 2097 2098 2108
f 2098 2099 2108
f 2099 2100 2108
f 2100 2101 2108
f 2101 2102 2108
f 2102 2103 2108
f 2103 2104 2108
f 2104 2105 2108
f 2105 2106 2108
f 2106 2107 2108
f 2107 2094 2108
f 2109 2111 2110
f 2109 2112 2111
f 2109 2113 2112
f 2109 2114 2113
f 2109 2115 2114
f 2109 2116 2115
f 2109 2117 2116
f 2109 2118 2117
f 2109 2119 2118
f 2109 2120 2119
f 2109 2121 2120
f 2109 2122 2121
f 2109 2123 2122
f 2109 2110 2123
f 2110 2111 2125
f 2110 2125 2124
f 2111 2112 2126
f 2111 2126 2125
f 2112 2113 2127
f 2112 2127 2126
f 2113 2114 2128
f 2113 2128 2127
f 2114 2115 2129
f 2114 2129 2128
f 2115 2116 2130
f 2115 2130 2129
f 2116 2117 2131
f 2116 2131 2130
f 2117 2118 2132
f 2117 2132 2131
f 2118 2119 2133
f 2118 2133 2132
f 2119 2120 2134
f 2119 2134 2133
f 2120 2121 2135
f 2120 2135 2134
f 2121 2122 2136
f 2121 2136 2135
f 2122 2123 2137
f 2122 2137 2136
f 2123 2110 2124
f 2123 2124 2137
f 2124 2125 2139
f 2124 2139 2138
f 2125 2126 2140
f 2125 2140 2139
f 2126 2127 2141
f 2126 2141 2140
f 2127 2128 2142
f 2127 2142 2141
f 2128 2129 2143
f 2128 2143 2142
f 2129 2130 2144
f 2129 2144 2143
f 2130 2131 2145
f 2130 2145 2144
f 2131 2132 2146
f 2131 2146 2145
f 2132 2133 2147
f 2132 2147 2146
f 2133 2134 2148
f 2133 2148 2147
f 2134 2135 2149
f 2134 2149 2148
f 2135 2136 2150
f 2135 2150 2149
f 2136 2137 2151
f 2136 2151 2150
f 2137 2124 2138
f 2137 2138 2151
f 2138 2139 2153
f 2138 2153 2152
f 2139 2140 2154
f 2139 2154 2153
f 2140 2141 2155
f 2140 2155 2154
f 2141 2142 2156
f 2141 2156 2155
f 2142 2143 2157
f 2142 2157 2156
f 2143 2144 2158
f 2143 2158 2157
f 2144 2145 2159
f 2144 2159 2158
f 2145 2146 2160
f 2145 2160 2159
f 2146 2147 2161
f 2146 2161 2160
f 2147 2148 2162
f 2147 2162 2161
f 2148 2149 2163
f 2148 2163 2162
f 2149 2150 2164
f 2149 2164 2163
f 2150 2151 2165
f 2150 2165 2164
f 2151 2138 2152
f 2151 2152 2165
f 2152 2153 2167
f 2152 2167 2166
f 2153 2154 2168
f 2153 2168 2167
f 2154 2155 2169
f 2154 2169 2168
f 2155 2156 2170
f 2155 2170 2169
f 2156 2157 2171
f 2156 2171 2170
f 2157 2158 2172
f 2157 2172 2171
f 2158 2159 2173
f 2158 2173 2172
f 2159 2160 2174
f 2159 2174 2173
f 2160 2161 2175
f 2160 2175 2174
f 2161 2162 2176
f 2161 2176 2175
f 2162 2163 2177
f 2162 2177 2176
f 2163 2164 2178
f 2163 2178 2177
f 2164 2165 2179
f 2164 2179 2178
f 2165 2152 2166
f 2165 2166 2179
f 2166 2167 2181
f 2166 2181 2180
f 2167 2168 2182
f 2167 2182 2181
f 2168 2169 2183
f 2168 2183 2182
f 2169 2170 2184
f 2169 2184 2183
f 2170 2171 2185
f 2170 2185 2184
f 2171 2172 2186
f 2171 2186 2185
f 2172 2173 2187
f 2172 2187 2186
f 2173 2174 2188
f 2173 2188 2187
f 2174 2175 2189
f 2174 2189 2188
f 2175 2176 2190
f 2175 2190 2189
f 2176 2177 2191
f 2176 2191 2190
f 2177 2178 2192
f 2177 2192 2191
f 2178 2179 2193
f 2178 2193 2192
f 2179 2166 2180
f 2179 2180 2193
f 2180 2181 2195
f 2180 2195 2194
f 2181 2182 2196
f 2181 2196 2195
f 2182 2183 2197
f 2182 2197 2196
f 2183 2184 2198
f 2183 2198 2197
f 2184 2185 2199
f 2184 2199 2198
f 2185 2186 2200
f 2185 2200 2199
f 2186 2187 2201
f 2186 2201 2200
f 2187 2188 2202
f 2187 2202 2201
f 2188 2189 2203
f 2188 2203 2202
f 2189 2190 2204
f 2189 2204 2203
f 2190 2191 2205
f 2190 2205 2204
f 2191 2192 2206
f 2191 2206 2205
f 2192 2193 2207
f 2192 2207 2206
f 2193 2180 2194
f 2193 2194 2207
f 2194 2195 2208
f 2195 2196 2208
f 2196 2197 2208
f 2197 2198 2208
f 2198 2199 2208
f 2199 2200 2208
f 2200 2201 2208
f 2201 2202 2208
f 2202 2203 2208
f 2203 2204 2208
f 2204 2205 2208
f 2205 2206 2208
f 2206 2207 2208
f 2207 2194 2208
f 2209 2210 2224
f 2209 2224 2223
f 2237 2210 2209
f 2238 2223 2224
f 2210 2211 2225
f 2210 2225 2224
f 2237 2211 2210
f 2238 2224 2225
f 2211 2212 2226
f 2211 2226 2225
f 2237 2212 2211
f 2238 2225 2226
f 2212 2213 2227
f 2212 2227 2226
f 2237 2213 2212
f 2238 2226 2227
f 2213 2214 2228
f 2213 2228 2227
f 2237 2214 2213
f 2238 2227 2228
f 2214 2215 2229
f 2214 2229 2228
f 2237 2215 2214
f 2238 2228 2229
f 2215 2216 2230
f 2215 2230 2229
f 2237 2216 2215
f 2238 2229 2230
f 2216 2217 2231
f 2216 2231 2230
f 2237 2217 2216
f 2238 2230 2231
f 2217 2218 2232
f 2217 2232 2231
f 2237 2218 2217
f 2238 2231 2232
f 2218 2219 2233
f 2218 2233 2232
f 2237 2219 2218
f 2238 2232 2233
f 2219 2220 2234
f 2219 2234 2233
f 2237 2220 2219
f 2238 2233 2234
f 2220 2221 2235
f 2220 2235 2234
f 2237 2221 2220
f 2238 2234 2235
f 2221 2222 2236
f 2221 2236 2235
f 2237 2222 2221
f 2238 2235 2236
f 2222 2209 2223
f 2222 2223 2236
f 2237 2209 2222
f 2238 2236 2223
f 2239 2241 2240
f 2239 2242 2241
f 2239 2243 2242
f 2239 2244 2243
f 2239 2245 2244
f 2239 2246 2245
f 2239 2247 2246
f 2239 2248 2247
f 2239 2249 2248
f 2239 2250 2249
f 2239 2251 2250
f 2239 2252 2251
f 2239 2253 2252
f 2239 2240 2253
f 2240 2241 2255
f 2240 2255 2254
f 2241 2242 2256
f 2241 2256 2255
f 2242 2243 2257
f 2242 2257 2256
f 2243 2244 2258
f 2243 2258 2257
f 2244 2245 2259
f 2244 2259 2258
f 2245 2246 2260
f 2245 2260 2259
f 2246 2247 2261
f 2246 2261 2260
f 2247 2248 2262
f 2247 2262 2261
f 2248 2249 2263
f 2248 2263 2262
f 2249 2250 2264
f 2249 2264 2263
f 2250 2251 2265
f 2250 2265 2264
f 2251 2252 2266
f 2251 2266 2265
f 2252 2253 2267
f 2252 2267 2266
f 2253 2240 2254
f 2253 2254 2267
f 2254 2255 2269
f 2254 2269 2268
f 2255 2256 2270
f 2255 2270 2269
f 2256 2257 2271
f 2256 2271 2270
f 2257 2258 2272
f 2257 2272 2271
f 2258 2259 2273
f 2258 2273 2272
f 2259 2260 2274
f 2259 2274 2273
f 2260 2261 2275
f 2260 2275 2274
f 2261 2262 2276
f 2261 2276 2275
f 2262 2263 2277
f 2262 2277 2276
f 2263 2264 2278
f 2263 2278 2277
f 2264 2265 2279
f 2264 2279 2278
f 2265 2266 2280
f 2265 2280 2279
f 2266 2267 2281
f 2266 2281 2280
f 2267 2254 2268
f 2267 2268 2281
f 2268 2269 2283
f 2268 2283 2282
f 2269 2270 2284
f 2269 2284 2283
f 2270 2271 2285
f 2270 2285 2284
f 2271 2272 2286
f 2271 2286 2285
f 2272 2273 2287
f 2272 2287 2286
f 2273 2274 2288
f 2273 2288 2287
f 2274 2275 2289
f 2274 2289 2288
f 2275 2276 2290
f 2275 2290 2289
f 2276 2277 2291
f 2276 2291 2290
f 2277 2278 2292
f 2277 2292 2291
f 2278 2279 2293
f 2278 2293 2292
f 2279 2280 2294
f 2279 2294 2293
f 2280 2281 2295
f 2280 2295 2294
f 2281 2268 2282
f 2281 2282 2295
f 2282 2283 2297
f 2282 2297 2296
f 2283 2284 2298
f 2283 2298 2297
f 2284 2285 2299
f 2284 2299 2298
f 2285 2286 2300
f 2285 2300 2299
f 2286 2287 2301
f 2286 2301 2300
f 2287 2288 2302
f 2287 2302 2301
f 2288 2289 2303
f 2288 2303 2302
f 2289 2290 2304
f 2289 2304 2303
f 2290 2291 2305
f 2290 2305 2304
f 2291 2292 2306
f 2291 2306 2305
f 2292 2293 2307
f 2292 2307 2306
f 2293 2294 2308
f 2293 2308 2307
f 2294 2295 2309
f 2294 2309 2308
f 2295 2282 2296
f 2295 2296 2309
f 2296 2297 2311
f 2296 2311 2310
f 2297 2298 2312
f 2297 2312 2311
f 2298 2299 2313
f 2298 2313 2312
f 2299 2300 2314
f 2299 2314 2313
f 2300 2301 2315
f 2300 2315 2314
f 2301 2302 2316
f 2301 2316 2315
f 2302 2303 2317
f 2302 2317 2316
f 2303 2304 2318
f 2303 2318 2317
f 2304 2305 2319
f 2304 2319 2318
f 2305 2306 2320
f 2305 2320 2319
f 2306 2307 2321
f 2306 2321 2320
f 2307 2308 2322
f 2307 2322 2321
f 2308 2309 2323
f 2308 2323 2322
f 2309 2296 2310
f 2309 2310 2323
f 2310 2311 2325
f 2310 2325 2324
f 2311 2312 2326
f 2311 2326 2325
f 2312 2313 2327
f 2312 2327 2326
f 2313 2314 2328
f 2313 2328 2327
f 2314 2315 2329
f 2314 2329 2328
f 2315 2316 2330
f 2315 2330 2329
f 2316 2317 2331
f 2316 2331 2330
f 2317 2318 2332
f 2317 2332 2331
f 2318 2319 2333
f 2318 2333 2332
f 2319 2320 2334
f 2319 2334 2333
f 2320 2321 2335
f 2320 2335 2334
f 2321 2322 2336
f 2321 2336 2335
f 2322 2323 2337
f 2322 2337 2336
f 2323 2310 2324
f 2323 2324 2337
f 2324 2325 2338
f 2325 2326 2338
f 2326 2327 2338
f 2327 2328 2338
f 2328 2329 2338
f 2329 2330 2338
f 2330 2331 2338
f 2331 2332 2338
f 2332 2333 2338
f 2333 2334 2338
f 2334 2335 2338
f 2335 2336 2338
f 2336 2337 2338
f 2337 2324 2338
f 2339 2341 2340
f 2339 2342 2341
f 2339 2343 2342
f 2339 2344 2343
f 2339 2345 2344
f 2339 2346 2345
f 2339 2347 2346
f 2339 2348 2347
f 2339 2349 2348
f 2339 2350 2349
f 2339 2351 2350
f 2339 2352 2351
f 2339 2353 2352
f 2339 2340 2353
f 2340 2341 2355
f 2340 2355 2354
f 2341 2342 2356
f 2341 2356 2355
f 2342 2343 2357
f 2342 2357 2356
f 2343 2344 2358
f 2343 2358 2357
f 2344 2345 2359
f 2344 2359 2358
f 2345 2346 2360
f 2345 2360 2359
f 2346 2347 2361
f 2346 2361 2360
f 2347 2348 2362
f 2347 2362 2361
f 2348 2349 2363
f 2348 2363 2362
f 2349 2350 2364
f 2349 2364 2363
f 2350 2351 2365
f 2350 2365 2364
f 2351 2352 2366
f 2351 2366 2365
f 2352 2353 2367
f 2352 2367 2366
f 2353 2340 2354
f 2353 2354 2367
f 2354 2355 2369
f 2354 2369 2368
f 2355 2356 2370
f 2355 2370 2369
f 2356 2357 2371
f 2356 2371 2370
f 2357 2358 2372
f 2357 2372 2371
f 2358 2359 2373
f 2358 2373 2372
f 2359 2360 2374
f 2359 2374 2373
f 2360 2361 2375
f 2360 2375 2374
f 2361 2362 2376
f 2361 2376 2375
f 2362 2363 2377
f 2362 2377 2376
f 2363 2364 2378
f 2363 2378 2377
f 2364 2365 2379
f 2364 2379 2378
f 2365 2366 2380
f 2365 2380 2379
f 2366 2367 2381
f 2366 2381 2380
f 2367 2354 2368
f 2367 2368 2381
f 2368 2369 2383
f 2368 2383 2382
f 2369 2370 2384
f 2369 2384 2383
f 2370 2371 2385
f 2370 2385 2384
f 2371 2372 2386
f 2371 2386 2385
f 2372 2373 2387
f 2372 2387 2386
f 2373 2374 2388
f 2373 2388 2387
f 2374 2375 2389
f 2374 2389 2388
f 2375 2376 2390
f 2375 2390 2389
f 2376 2377 2391
f 2376 2391 2390
f 2377 2378 2392
f 2377 2392 2391
f 2378 2379 2393
f 2378 2393 2392
f 2379 2380 2394
f 2379 2394 2393
f 2380 2381 2395
f 2380 2395 2394
f 2381 2368 2382
f 2381 2382 2395
f 2382 2383 2397
f 2382 2397 2396
f 2383 2384 2398
f 2383 2398 2397
f 2384 2385 2399
f 2384 2399 2398
f 2385 2386 2400
f 2385 2400 2399
f 2386 2387 2401
f 2386 2401 2400
f 2387 2388 2402
f 2387 2402 2401
f 2388 2389 2403
f 2388 2403 2402
f 2389 2390 2404
f 2389 2404 2403
f 2390 2391 2405
f 2390 2405 2404
f 2391 2392 2406
f 2391 2406 2405
f 2392 2393 2407
f 2392 2407 2406
f 2393 2394 2408
f 2393 2408 2407
f 2394 2395 2409
f 2394 2409 2408
f 2395 2382 2396
f 2395 2396 2409
f 2396 2397 2411
f 2396 2411 2410
f 2397 2398 2412
f 2397 2412 2411
f 2398 2399 2413
f 2398 2413 2412
f 2399 2400 2414
f 2399 2414 2413
f 2400 2401 2415
f 2400 2415 2414
f 2401 2402 2416
f 2401 2416 2415
f 2402 2403 2417
f 2402 2417 2416
f 2403 2404 2418
f 2403 2418 2417
f 2404 2405 2419
f 2404 2419 2418
f 2405 2406 2420
f 2405 2420 2419
f 2406 2407 2421
f 2406 2421 2420
f 2407 2408 2422
f 2407 2422 2421
f 2408 2409 2423
f 2408 2423 2422
f 2409 2396 2410
f 2409 2410 2423
f 2410 2411 2425
f 2410 2425 2424
f 2411 2412 2426
f 2411 2426 2425
f 2412 2413 2427
f 2412 2427 2426
f 2413 2414 2428
f 2413 2428 2427
f 2414 2415 2429
f 2414 2429 2428
f 2415 2416 2430
f 2415 2430 2429
f 2416 2417 2431
f 2416 2431 2430
f 2417 2418 2432
f 2417 2432 2431
f 2418 2419 2433
f 2418 2433 2432
f 2419 2420 2434
f 2419 2434 2433
f 2420 2421 2435
f 2420 2435 2434
f 2421 2422 2436
f 2421 2436 2435
f 2422 2423 2437
f 2422 2437 2436
f 2423 2410 2424
f 2423 2424 2437
f 2424 2425 2438
f 2425 2426 2438
f 2426 2427 2438
f 2427 2428 2438
f 2428 2429 2438
f 2429 2430 2438
f 2430 2431 2438
f 2431 2432 2438
f 2432 2433 2438
f 2433 2434 2438
f 2434 2435 2438
f 2435 2436 2438
f 2436 2437 2438
f 2437 2424 2438
f 2439 2440 2454
f 2439 2454 2453
f 2467 2440 2439
f 2468 2453 2454
f 2440 2441 2455
f 2440 2455 2454
f 2467 2441 2440
f 2468 2454 2455
f 2441 2442 2456
f 2441 2456 2455
f 2467 2442 2441
f 2468 2455 2456
f 2442 2443 2457
f 2442 2457 2456
f 2467 2443 2442
f 2468 2456 2457
f 2443 2444 2458
f 2443 2458 2457
f 2467 2444 2443
f 2468 2457 2458
f 2444 2445 2459
f 2444 2459 2458
f 2467 2445 2444
f 2468 2458 2459
f 2445 2446 2460
f 2445 2460 2459
f 2467 2446 2445
f 2468 2459 2460
f 2446 2447 2461
f 2446 2461 2460
f 2467 2447 2446
f 2468 2460 2461
f 2447 2448 2462
f 2447 2462 2461
f 2467 2448 2447
f 2468 2461 2462
f 2448 2449 2463
f 2448 2463 2462
f 2467 2449 2448
f 2468 2462 2463
f 2449 2450 2464
f 2449 2464 2463
f 2467 2450 2449
f 2468 2463 2464
f 2450 2451 2465
f 2450 2465 2464
f 2467 2451 2450
f 2468 2464 2465
f 2451 2452 2466
f 2451 2466 2465
f 2467 2452 2451
f 2468 2465 2466
f 2452 2439 2453
f 2452 2453 2466
f 2467 2439 2452
f 2468 2466 2453
f 2469 2471 2470
f 2469 2472 2471
f 2469 2473 2472
f 2469 2474 2473
f 2469 2475 2474
f 2469 2476 2475
f 2469 2477 2476
f 2469 2478 2477
f 2469 2479 2478
f 2469 2480 2479
f 2469 2481 2480
f 2469 2482 2481
f 2469 2483 2482
f 2469 2470 2483
f 2470 2471 2485
f 2470 2485 2484
f 2471 2472 2486
f 2471 2486 2485
f 2472 2473 2487
f 2472 2487 2486
f 2473 2474 2488
f 2473 2488 2487
f 2474 2475 2489
f 2474 2489 2488
f 2475 2476 2490
f 2475 2490 2489
f 2476 2477 2491
f 2476 2491 2490
f 2477 2478 2492
f 2477 2492 2491
f 2478 2479 2493
f 2478 2493 2492
f 2479 2480 2494
f 2479 2494 2493
f 2480 2481 2495
f 2480 2495 2494
f 2481 2482 2496
f 2481 2496 2495
f 2482 2483 2497
f 2482 2497 2496
f 2483 2470 2484
f 2483 2484 2497
f 2484 2485 2499
f 2484 2499 2498
f 2485 2486 2500
f 2485 2500 2499
f 2486 2487 2501
f 2486 2501 2500
f 2487 2488 2502
f 2487 2502 2501
f 2488 2489 2503
f 2488 2503 2502
f 2489 2490 2504
f 2489 2504 2503
f 2490 2491 2505
f 2490 2505 2504
f 2491 2492 2506
f 2491 2506 2505
f 2492 2493 2507
f 2492 2507 2506
f 2493 2494 2508
f 2493 2508 2507
f 2494 2495 2509
f 2494 2509 2508
f 2495 2496 2510
f 2495 2510 2509
f 2496 2497 2511
f 2496 2511 2510
f 2497 2484 2498
f 2497 2498 2511
f 2498 2499 2513
f 2498 2513 2512
f 2499 2500 2514
f 2499 2514 2513
f 2500 2501 2515
f 2500 2515 2514
f 2501 2502 2516
f 2501 2516 2515
f 2502 2503 2517
f 2502 2517 2516
f 2503 2504 2518
f 2503 2518 2517
f 2504 2505 2519
f 2504 2519 2518
f 2505 2506 2520
f 2505 2520 2519
f 2506 2507 2521
f 2506 2521 2520
f 2507 2508 2522
f 2507 2522 2521
f 2508 2509 2523
f 2508 2523 2522
f 2509 2510 2524
f 2509 2524 2523
f 2510 2511 2525
f 2510 2525 2524
f 2511 2498 2512
f 2511 2512 2525
f 2512 2513 2527
f 2512 2527 2526
f 2513 2514 2528
f 2513 2528 2527
f 2514 2515 2529
f 2514 2529 2528
f 2515 2516 2530
f 2515 2530 2529
f 2516 2517 2531
f 2516 2531 2530
f 2517 2518 2532
f 2517 2532 2531
f 2518 2519 2533
f 2518 2533 2532
f 2519 2520 2534
f 2519 2534 2533
f 2520 2521 2535
f 2520 2535 2534
f 2521 2522 2536
f 2521 2536 2535
f 2522 2523 2537
f 2522 2537 2536
f 2523 2524 2538
f 2523 2538 2537
f 2524 2525 2539
f 2524 2539 2538
f 2525 2512 2526
f 2525 2526 2539
f 2526 2527 2541
f 2526 2541 2540
f 2527 2528 2542
f 2527 2542 2541
f 2528 2529 2543
f 2528 2543 2542
f 2529 2530 2544
f 2529 2544 2543
f 2530 2531 2545
f 2530 2545 2544
f 2531 2532 2546
f 2531 2546 2545
f 2532 2533 2547
f 2532 2547 2546
f 2533 2534 2548
f 2533 2548 2547
f 2534 2535 2549
f 2534 2549 2548
f 2535 2536 2550
f 2535 2550 2549
f 2536 2537 2551
f 2536 2551 2550
f 2537 2538 2552
f 2537 2552 2551
f 2538 2539 2553
f 2538 2553 2552
f 2539 2526 2540
f 2539 2540 2553
f 2540 2541 2555
f 2540 2555 2554
f 2541 2542 2556
f 2541 2556 2555
f 2542 2543 2557
f 2542 2557 2556
f 2543 2544 2558
f 2543 2558 2557
f 2544 2545 2559
f 2544 2559 2558
f 2545 2546 2560
f 2545 2560 2559
f 2546 2547 2561
f 2546 2561 2560
f 2547 2548 2562
f 2547 2562 2561
f 2548 2549 2563
f 2548 2563 2562
f 2549 2550 2564
f 2549 2564 2563
f 2550 2551 2565
f 2550 2565 2564
f 2551 2552 2566
f 2551 2566 2565
f 2552 2553 2567
f 2552 2567 2566
f 2553 2540 2554
f 2553 2554 2567
f 2554 2555 2568
f 2555 2556 2568
f 2556 2557 2568
f 2557 2558 2568
f 2558 2559 2568
f 2559 2560 2568
f 2560 2561 2568
f 2561 2562 2568
f 2562 2563 2568
f 2563 2564 2568
f 2564 2565 2568
f 2565 2566 2568
f 2566 2567 2568
f 2567 2554 2568
f 2569 2571 2570
f 2569 2572 2571
f 2569 2573 2572
f 2569 2574 2573
f 2569 2575 2574
f 2569 2576 2575
f 2569 2577 2576
f 2569 2578 2577
f 2569 2579 2578
f 2569 2580 2579
f 2569 2581 2580
f 2569 2582 2581
f 2569 2583 2582
f 2569 2570 2583
f 2570 2571 2585
f 2570 2585 2584
f 2571 2572 2586
f 2571 2586 2585
f 2572 2573 2587
f 2572 2587 2586
f 2573 2574 2588
f 2573 2588 2587
f 2574 2575 2589
f 2574 2589 2588
f 2575 2576 2590
f 2575 2590 2589
f 2576 2577 2591
f 2576 2591 2590
f 2577 2578 2592
f 2577 2592 2591
f 2578 2579 2593
f 2578 2593 2592
f 2579 2580 2594
f 2579 2594 2593
f 2580 2581 2595
f 2580 2595 2594
f 2581 2582 2596
f 2581 2596 2595
f 2582 2583 2597
f 2582 2597 2596
f 2583 2570 2584
f 2583 2584 2597
f 2584 2585 2599
f 2584 2599 2598
f 2585 2586 2600
f 2585 2600 2599
f 2586 2587 2601
f 2586 2601 2600
f 2587 2588 2602
f 2587 2602 2601
f 2588 2589 2603
f 2588 2603 2602
f 2589 2590 2604
f 2589 2604 2603
f 2590 2591 2605
f 2590 2605 2604
f 2591 2592 2606
f 2591 2606 2605
f 2592 2593 2607
f 2592 2607 2606
f 2593 2594 2608
f 2593 2608 2607
f 2594 2595 2609
f 2594 2609 2608
f 2595 2596 2610
f 2595 2610 2609
f 2596 2597 2611
f 2596 2611 2610
f 2597 2584 2598
f 2597 2598 2611
f 2598 2599 2613
f 2598 2613 2612
f 2599 2600 2614
f 2599 2614 2613
f 2600 2601 2615
f 2600 2615 2614
f 2601 2602 2616
f 2601 2616 2615
f 2602 2603 2617
f 2602 2617 2616
f 2603 2604 2618
f 2603 2618 2617
f 2604 2605 2619
f 2604 2619 2618
f 2605 2606 2620
f 2605 2620 2619
f 2606 2607 2621
f 2606 2621 2620
f 2607 2608 2622
f 2607 2622 2621
f 2608 2609 2623
f 2608 2623 2622
f 2609 2610 2624
f 2609 2624 2623
f 2610 2611 2625
f 2610 2625 2624
f 2611 2598 2612
f 2611 2612 2625
f 2612 2613 2627
f 2612 2627 2626
f 2613 2614 2628
f 2613 2628 2627
f 2614 2615 2629
f 2614 2629 2628
f 2615 2616 2630
f 2615 2630 2629
f 2616 2617 2631
f 2616 2631 2630
f 2617 2618 2632
f 2617 2632 2631
f 2618 2619 2633
f 2618 2633 2632
f 2619 2620 2634
f 2619 2634 2633
f 2620 2621 2635
f 2620 2635 2634
f 2621 2622 2636
f 2621 2636 2635
f 2622 2623 2637
f 2622 2637 2636
f 2623 2624 2638
f 2623 2638 2637
f 2624 2625 2639
f 2624 2639 2638
f 2625 2612 2626
f 2625 2626 2639
f 2626 2627 2641
f 2626 2641 2640
f 2627 2628 2642
f 2627 2642 2641
f 2628 2629 2643
f 2628 2643 2642
f 2629 2630 2644
f 2629 2644 2643
f 2630 2631 2645
f 2630 2645 2644
f 2631 2632 2646
f 2631 2646 2645
f 2632 2633 2647
f 2632 2647 2646
f 2633 2634 2648
f 2633 2648 2647
f 2634 2635 2649
f 2634 2649 2648
f 2635 2636 2650
f 2635 2650 2649
f 2636 2637 2651
f 2636 2651 2650
f 2637 2638 2652
f 2637 2652 2651
f 2638 2639 2653
f 2638 2653 2652
f 2639 2626 2640
f 2639 2640 2653
f 2640 2641 2655
f 2640 2655 2654
f 2641 2642 2656
f 2641 2656 2655
f 2642 2643 2657
f 2642 2657 2656
f 2643 2644 2658
f 2643 2658 2657
f 2644 2645 2659
f 2644 2659 2658
f 2645 2646 2660
f 2645 2660 2659
f 2646 2647 2661
f 2646 2661 2660
f 2647 2648 2662
f 2647 2662 2661
f 2648 2649 2663
f 2648 2663 2662
f 2649 2650 2664
f 2649 2664 2663
f 2650 2651 2665
f 2650 2665 2664
f 2651 2652 2666
f 2651 2666 2665
f 2652 2653 2667
f 2652 2667 2666
f 2653 2640 2654
f 2653 2654 2667
f 2654 2655 2668
f 2655 2656 2668
f 2656 2657 2668
f 2657 2658 2668
f 2658 2659 2668
f 2659 2660 2668
f 2660 2661 2668
f 2661 2662 2668
f 2662 2663 2668
f 2663 2664 2668
f 2664 2665 2668
f 2665 2666 2668
f 2666 2667 2668
f 2667 2654 2668
f 2669 2670 2684
f 2669 2684 2683
f 2697 2670 2669
f 2698 2683 2684
f 2670 2671 2685
f 2670 2685 2684
f 2697 2671 2670
f 2698 2684 2685
f 2671 2672 2686
f 2671 2686 2685
f 2697 2672 2671
f 2698 2685 2686
f 2672 2673 2687
f 2672 2687 2686
f 2697 2673 2672
f 2698 2686 2687
f 2673 2674 2688
f 2673 2688 2687
f 2697 2674 2673
f 2698 2687 2688
f 2674 2675 2689
f 2674 2689 2688
f 2697 2675 2674
f 2698 2688 2689
f 2675 2676 2690
f 2675 2690 2689
f 2697 2676 2675
f 2698 2689 2690
f 2676 2677 2691
f 2676 2691 2690
f 2697 2677 2676
f 2698 2690 2691
f 2677 2678 2692
f 2677 2692 2691
f 2697 2678 2677
f 2698 2691 2692
f 2678 2679 2693
f 2678 2693 2692
f 2697 2679 2678
f 2698 2692 2693
f 2679 2680 2694
f 2679 2694 2693
f 2697 2680 2679
f 2698 2693 2694
f 2680 2681 2695
f 2680 2695 2694
f 2697 2681 2680
f 2698 2694 2695
f 2681 2682 2696
f 2681 2696 2695
f 2697 2682 2681
f 2698 2695 2696
f 2682 2669 2683
f 2682 2683 2696
f 2697 2669 2682
f 2698 2696 2683
f 2699 2701 2700
f 2699 2702 2701
f 2699 2703 2702
f 2699 2704 2703
f 2699 2705 2704
f 2699 2706 2705
f 2699 2707 2706
f 2699 2708 2707
f 2699 2709 2708
f 2699 2710 2709
f 2699 2711 2710
f 2699 2712 2711
f 2699 2713 2712
f 2699 2700 2713
f 2700 2701 2715
f 2700 2715 2714
f 2701 2702 2716
f 2701 2716 2715
f 2702 2703 2717
f 2702 2717 2716
f 2703 2704 2718
f 2703 2718 2717
f 2704 2705 2719
f 2704 2719 2718
f 2705 2706 2720
f 2705 2720 2719
f 2706 2707 2721
f 2706 2721 2720
f 2707 2708 2722
f 2707 2722 2721
f 2708 2709 2723
f 2708 2723 2722
f 2709 2710 2724
f 2709 2724 2723
f 2710 2711 2725
f 2710 2725 2724
f 2711 2712 2726
f 2711 2726 2725
f 2712 2713 2727
f 2712 2727 2726
f 2713 2700 2714
f 2713 2714 2727
f 2714 2715 2729
f 2714 2729 2728
f 2715 2716 2730
f 2715 2730 2729
f 2716 2717 2731
f 2716 2731 2730
f 2717 2718 2732
f 2717 2732 2731
f 2718 2719 2733
f 2718 2733 2732
f 2719 2720 2734
f 2719 2734 2733
f 2720 2721 2735
f 2720 2735 2734
f 2721 2722 2736
f 2721 2736 2735
f 2722 2723 2737
f 2722 2737 2736
f 2723 2724 2738
f 2723 2738 2737
f 2724 2725 2739
f 2724 2739 2738
f 2725 2726 2740
f 2725 2740 2739
f 2726 2727 2741
f 2726 2741 2740
f 2727 2714 2728
f 2727 2728 2741
f 2728 2729 2743
f 2728 2743 2742
f 2729 2730 2744
f 2729 2744 2743
f 2730 2731 2745
f 2730 2745 2744
f 2731 2732 2746
f 2731 2746 2745
f 2732 2733 2747
f 2732 2747 2746
f 2733 2734 2748
f 2733 2748 2747
f 2734 2735 2749
f 2734 2749 2748
f 2735 2736 2750
f 2735 2750 2749
f 2736 2737 2751
f 2736 2751 2750
f 2737 2738 2752
f 2737 2752 2751
f 2738 2739 2753
f 2738 2753 2752
f 2739 2740 2754
f 2739 2754 2753
f 2740 2741 2755
f 2740 2755 2754
f 2741 2728 2742
f 2741 2742 2755
f 2742 2743 2757
f 2742 2757 2756
f 2743 2744 2758
f 2743 2758 2757
f 2744 2745 2759
f 2744 2759 2758
f 2745 2746 2760
f 2745 2760 2759
f 2746 2747 2761
f 2746 2761 2760
f 2747 2748 2762
f 2747 2762 2761
f 2748 2749 2763
f 2748 2763 2762
f 2749 2750 2764
f 2749 2764 2763
f 2750 2751 2765
f 2750 2765 2764
f 2751 2752 2766
f 2751 2766 2765
f 2752 2753 2767
f 2752 2767 2766
f 2753 2754 2768
f 2753 2768 2767
f 2754 2755 2769
f 2754 2769 2768
f 2755 2742 2756
f 2755 2756 2769
f 2756 2757 2771
f 2756 2771 2770
f 2757 2758 2772
f 2757 2772 2771
f 2758 2759 2773
f 2758 2773 2772
f 2759 2760 2774
f 2759 2774 2773
f 2760 2761 2775
f 2760 2775 2774
f 2761 2762 2776
f 2761 2776 2775
f 2762 2763 2777
f 2762 2777 2776
f 2763 2764 2778
f 2763 2778 2777
f 2764 2765 2779
f 2764 2779 2778
f 2765 2766 2780
f 2765 2780 2779
f 2766 2767 2781
f 2766 2781 2780
f 2767 2768 2782
f 2767 2782 2781
f 2768 2769 2783
f 2768 2783 2782
f 2769 2756 2770
f 2769 2770 2783
f 2770 2771 2785
f 2770 2785 2784
f 2771 2772 2786
f 2771 2786 2785
f 2772 2773 2787
f 2772 2787 2786
f 2773 2774 2788
f 2773 2788 2787
f 2774 2775 2789
f 2774 2789 2788
f 2775 2776 2790
f 2775 2790 2789
f 2776 2777 2791
f 2776 2791 2790
f 2777 2778 2792
f 2777 2792 2791
f 2778 2779 2793
f 2778 2793 2792
f 2779 2780 2794
f 2779 2794 2793
f 2780 2781 2795
f 2780 2795 2794
f 2781 2782 2796
f 2781 2796 2795
f 2782 2783 2797
f 2782 2797 2796
f 2783 2770 2784
f 2783 2784 2797
f 2784 2785 2798
f 2785 2786 2798
f 2786 2787 2798
f 2787 2788 2798
f 2788 2789 2798
f 2789 2790 2798
f 2790 2791 2798
f 2791 2792 2798
f 2792 2793 2798
f 2793 2794 2798
f 2794 2795 2798
f 2795 2796 2798
f 2796 2797 2798
f 2797 2784 2798
f 2799 2801 2800
f 2799 2802 2801
f 2799 2803 2802
f 2799 2804 2803
f 2799 2805 2804
f 2799 2806 2805
f 2799 2807 2806
f 2799 2808 2807
f 2799 2809 2808
f 2799 2810 2809
f 2799 2811 2810
f 2799 2812 2811
f 2799 2813 2812
f 2799 2800 2813
f 2800 2801 2815
f 2800 2815 2814
f 2801 2802 2816
f 2801 2816 2815
f 2802 2803 2817
f 2802 2817 2816
f 2803 2804 2818
f 2803 2818 2817
f 2804 2805 2819
f 2804 2819 2818
f 2805 2806 2820
f 2805 2820 2819
f 2806 2807 2821
f 2806 2821 2820
f 2807 2808 2822
f 2807 2822 2821
f 2808 2809 2823
f 2808 2823 2822
f 2809 2810 2824
f 2809 2824 2823
f 2810 2811 2825
f 2810 2825 2824
f 2811 2812 2826
f 2811 2826 2825
f 2812 2813 2827
f 2812 2827 2826
f 2813 2800 2814
f 2813 2814 2827
f 2814 2815 2829
f 2814 2829 2828
f 2815 2816 2830
f 2815 2830 2829
f 2816 2817 2831
f 2816 2831 2830
f 2817 2818 2832
f 2817 2832 2831
f 2818 2819 2833
f 2818 2833 2832
f 2819 2820 2834
f 2819 2834 2833
f 2820 2821 2835
f 2820 2835 2834
f 2821 2822 2836
f 2821 2836 2835
f 2822 2823 2837
f 2822 2837 2836
f 2823 2824 2838
f 2823 2838 2837
f 2824 2825 2839
f 2824 2839 2838
f 2825 2826 2840
f 2825 2840 2839
f 2826 2827 2841
f 2826 2841 2840
f 2827 2814 2828
f 2827 2828 2841
f 2828 2829 2843
f 2828 2843 2842
f 2829 2830 2844
f 2829 2844 2843
f 2830 2831 2845
f 2830 2845 2844
f 2831 2832 2846
f 2831 2846 2845
f 2832 2833 2847
f 2832 2847 2846
f 2833 2834 2848
f 2833 2848 2847
f 2834 2835 2849
f 2834 2849 2848
f 2835 2836 2850
f 2835 2850 2849
f 2836 2837 2851
f 2836 2851 2850
f 2837 2838 2852
f 2837 2852 2851
f 2838 2839 2853
f 2838 2853 2852
f 2839 2840 2854
f 2839 2854 2853
f 2840 2841 2855
f 2840 2855 2854
f 2841 2828 2842
f 2841 2842 2855
f 2842 2843 2857
f 2842 2857 2856
f 2843 2844 2858
f 2843 2858 2857
f 2844 2845 2859
f 2844 2859 2858
f 2845 2846 2860
f 2845 2860 2859
f 2846 2847 2861
f 2846 2861 2860
f 2847 2848 2862
f 2847 2862 2861
f 2848 2849 2863
f 2848 2863 2862
f 2849 2850 2864
f 2849 2864 2863
f 2850 2851 2865
f 2850 2865 2864
f 2851 2852 2866
f 2851 2866 2865
f 2852 2853 2867
f 2852 2867 2866
f 2853 2854 2868
f 2853 2868 2867
f 2854 2855 2869
f 2854 2869 2868
f 2855 2842 2856
f 2855 2856 2869
f 2856 2857 2871
f 2856 2871 2870
f 2857 2858 2872
f 2857 2872 2871
f 2858 2859 2873
f 2858 2873 2872
f 2859 2860 2874
f 2859 2874 2873
f 2860 2861 2875
f 2860 2875 2874
f 2861 2862 2876
f 2861 2876 2875
f 2862 2863 2877
f 2862 2877 2876
f 2863 2864 2878
f 2863 2878 2877
f 2864 2865 2879
f 2864 2879 2878
f 2865 2866 2880
f 2865 2880 2879
f 2866 2867 2881
f 2866 2881 2880
f 2867 2868 2882
f 2867 2882 2881
f 2868 2869 2883
f 2868 2883 2882
f 2869 2856 2870
f 2869 2870 2883
f 2870 2871 2885
f 2870 2885 2884
f 2871 2872 2886
f 2871 2886 2885
f 2872 2873 2887
f 2872 2887 2886
f 2873 2874 2888
f 2873 2888 2887
f 2874 2875 2889
f 2874 2889 2888
f 2875 2876 2890
f 2875 2890 2889
f 2876 2877 2891
f 2876 2891 2890
f 2877 2878 2892
f 2877 2892 2891
f 2878 2879 2893
f 2878 2893 2892
f 2879 2880 2894
f 2879 2894 2893
f 2880 2881 2895
f 2880 2895 2894
f 2881 2882 2896
f 2881 2896 2895
f 2882 2883 2897
f 2882 2897 2896
f 2883 2870 2884
f 2883 2884 2897
f 2884 2885 2898
f 2885 2886 2898
f 2886 2887 2898
f 2887 2888 2898
f 2888 2889 2898
f 2889 2890 2898
f 2890 2891 2898
f 2891 2892 2898
f 2892 2893 2898
f 2893 2894 2898
f 2894 2895 2898
f 2895 2896 2898
f 2896 2897 2898
f 2897 2884 2898
f 2899 2900 2914
f 2899 2914 2913
f 2927 2900 2899
f 2928 2913 2914
f 2900 2901 2915
f 2900 2915 2914
f 2927 2901 2900
f 2928 2914 2915
f 2901 2902 2916
f 2901 2916 2915
f 2927 2902 2901
f 2928 2915 2916
f 2902 2903 2917
f 2902 2917 2916
f 2927 2903 2902
f 2928 2916 2917
f 2903 2904 2918
f 2903 2918 2917
f 2927 2904 2903
f 2928 2917 2918
f 2904 2905 2919
f 2904 2919 2918
f 2927 2905 2904
f 2928 2918 2919
f 2905 2906 2920
f 2905 2920 2919
f 2927 2906 2905
f 2928 2919 2920
f 2906 2907 2921
f 2906 2921 2920
f 2927 2907 2906
f 2928 2920 2921
f 2907 2908 2922
f 2907 2922 2921
f 2927 2908 2907
f 2928 2921 2922
f 2908 2909 2923
f 2908 2923 2922
f 2927 2909 2908
f 2928 2922 2923
f 2909 2910 2924
f 2909 2924 2923
f 2927 2910 2909
f 2928 2923 2924
f 2910 2911 2925
f 2910 2925 2924
f 2927 2911 2910
f 2928 2924 2925
f 2911 2912 2926
f 2911 2926 2925
f 2927 2912 2911
f 2928 2925 2926
f 2912 2899 2913
f 2912 2913 2926
f 2927 2899 2912
f 2928 2926 2913
f 2929 2931 2930
f 2929 2932 2931
f 2929 2933 2932
f 2929 2934 2933
f 2929 2935 2934
f 2929 2936 2935
f 2929 2937 2936
f 2929 2938 2937
f 2929 2939 2938
f 2929 2940 2939
f 2929 2941 2940
f 2929 2942 2941
f 2929 2943 2942
f 2929 2930 2943
f 2930 2931 2945
f 2930 2945 2944
f 2931 2932 2946
f 2931 2946 2945
f 2932 2933 2947
f 2932 2947 2946
f 2933 2934 2948
f 2933 2948 2947
f 2934 2935 2949
f 2934 2949 2948
f 2935 2936 2950
f 2935 2950 2949
f 2936 2937 2951
f 2936 2951 2950
f 2937 2938 2952
f 2937 2952 2951
f 2938 2939 2953
f 2938 2953 2952
f 2939 2940 2954
f 2939 2954 2953
f 2940 2941 2955
f 2940 2955 2954
f 2941 2942 2956
f 2941 2956 2955
f 2942 2943 2957
f 2942 2957 2956
f 2943 2930 2944
f 2943 2944 2957
f 2944 2945 2959
f 2944 2959 2958
f 2945 2946 2960
f 2945 2960 2959
f 2946 2947 2961
f 2946 2961 2960
f 2947 2948 2962
f 2947 2962 2961
f 2948 2949 2963
f 2948 2963 2962
f 2949 2950 2964
f 2949 2964 2963
f 2950 2951 2965
f 2950 2965 2964
f 2951 2952 2966
f 2951 2966 2965
f 2952 2953 2967
f 2952 2967 2966
f 2953 2954 2968
f 2953 2968 2967
f 2954 2955 2969
f 2954 2969 2968
f 2955 2956 2970
f 2955 2970 2969
f 2956 2957 2971
f 2956 2971 2970
f 2957 2944 2958
f 2957 2958 2971
f 2958 2959 2973
f 2958 2973 2972
f 2959 2960 2974
f 2959 2974 2973
f 2960 2961 2975
f 2960 2975 2974
f 2961 2962 2976
f 2961 2976 2975
f 2962 2963 2977
f 2962 2977 2976
f 2963 2964 2978
f 2963 2978 2977
f 2964 2965 2979
f 2964 2979 2978
f 2965 2966 2980
f 2965 2980 2979
f 2966 2967 2981
f 2966 2981 2980
f 2967 2968 2982
f 2967 2982 2981
f 2968 2969 2983
f 2968 2983 2982
f 2969 2970 2984
f 2969 2984 2983
f 2970 2971 2985
f 2970 2985 2984
f 2971 2958 2972
f 2971 2972 2985
f 2972 2973 2987
f 2972 2987 2986
f 2973 2974 2988
f 2973 2988 2987
f 2974 2975 2989
f 2974 2989 2988
f 2975 2976 2990
f 2975 2990 2989
f 2976 2977 2991
f 2976 2991 2990
f 2977 2978 2992
f 2977 2992 2991
f 2978 2979 2993
f 2978 2993 2992
f 2979 2980 2994
f 2979 2994 2993
f 2980 2981 2995
f 2980 2995 2994
f 2981 2982 2996
f 2981 2996 2995
f 2982 2983 2997
f 2982 2997 2996
f 2983 2984 2998
f 2983 2998 2997
f 2984 2985 2999
f 2984 2999 2998
f 2985 2972 2986
f 2985 2986 2999
f 2986 2987 3001
f 2986 3001 3000
f 2987 2988 3002
f 2987 3002 3001
f 2988 2989 3003
f 2988 3003 3002
f 2989 2990 3004
f 2989 3004 3003
f 2990 2991 3005
f 2990 3005 3004
f 2991 2992 3006
f 2991 3006 3005
f 2992 2993 3007
f 2992 3007 3006
f 2993 2994 3008
f 2993 3008 3007
f 2994 2995 3009
f 2994 3009 3008
f 2995 2996 3010
f 2995 3010 3009
f 2996 2997 3011
f 2996 3011 3010
f 2997 2998 3012
f 2997 3012 3011
f 2998 2999 3013
f 2998 3013 3012
f 2999 2986 3000
f 2999 3000 3013
f 3000 3001 3015
f 3000 3015 3014
f 3001 3002 3016
f 3001 3016 3015
f 3002 3003 3017
f 3002 3017 3016
f 3003 3004 3018
f 3003 3018 3017
f 3004 3005 3019
f 3004 3019 3018
f 3005 3006 3020
f 3005 3020 3019
f 3006 3007 3021
f 3006 3021 3020
f 3007 3008 3022
f 3007 3022 3021
f 3008 3009 3023
f 3008 3023 3022
f 3009 3010 3024
f 3009 3024 3023
f 3010 3011 3025
f 3010 3025 3024
f 3011 3012 3026
f 3011 3026 3025
f 3012 3013 3027
f 3012 3027 3026
f 3013 3000 3014
f 3013 3014 3027
f 3014 3015 3028
f 3015 3016 3028
f 3016 3017 3028
f 3017 3018 3028
f 3018 3019 3028
f 3019 3020 3028
f 3020 3021 3028
f 3021 3022 3028
f 3022 3023 3028
f 3023 3024 3028
f 3024 3025 3028
f 3025 3026 3028
f 3026 3027 3028
f 3027 3014 3028
f 3029 3031 3030
f 3029 3032 3031
f 3029 3033 3032
f 3029 3034 3033
f 3029 3035 3034
f 3029 3036 3035
f 3029 3037 3036
f 3029 3038 3037
f 3029 3039 3038
f 3029 3040 3039
f 3029 3041 3040
f 3029 3042 3041
f 3029 3043 3042
f 3029 3030 3043
f 3030 3031 3045
f 3030 3045 3044
f 3031 3032 3046
f 3031 3046 3045
f 3032 3033 3047
f 3032 3047 3046
f 3033 3034 3048
f 3033 3048 3047
f 3034 3035 3049
f 3034 3049 3048
f 3035 3036 3050
f 3035 3050 3049
f 3036 3037 3051
f 3036 3051 3050
f 3037 3038 3052
f 3037 3052 3051
f 3038 3039 3053
f 3038 3053 3052
f 3039 3040 3054
f 3039 3054 3053
f 3040 3041 3055
f 3040 3055 3054
f 3041 3042 3056
f 3041 3056 3055
f 3042 3043 3057
f 3042 3057 3056
f 3043 3030 3044
f 3043 3044 3057
f 3044 3045 3059
f 3044 3059 3058
f 3045 3046 3060
f 3045 3060 3059
f 3046 3047 3061
f 3046 3061 3060
f 3047 3048 3062
f 3047 3062 3061
f 3048 3049 3063
f 3048 3063 3062
f 3049 3050 3064
f 3049 3064 3063
f 3050 3051 3065
f 3050 3065 3064
f 3051 3052 3066
f 3051 3066 3065
f 3052 3053 3067
f 3052 3067 3066
f 3053 3054 3068
f 3053 3068 3067
f 3054 3055 3069
f 3054 3069 3068
f 3055 3056 3070
f 3055 3070 3069
f 3056 3057 3071
f 3056 3071 3070
f 3057 3044 3058
f 3057 3058 3071
f 3058 3059 3073
f 3058 3073 3072
f 3059 3060 3074
f 3059 3074 3073
f 3060 3061 3075
f 3060 3075 3074
f 3061 3062 3076
f 3061 3076 3075
f 3062 3063 3077
f 3062 3077 3076
f 3063 3064 3078
f 3063 3078 3077
f 3064 3065 3079
f 3064 3079 3078
f 3065 3066 3080
f 3065 3080 3079
f 3066 3067 3081
f 3066 3081 3080
f 3067 3068 3082
f 3067 3082 3081
f 3068 3069 3083
f 3068 3083 3082
f 3069 3070 3084
f 3069 3084 3083
f 3070 3071 3085
f 3070 3085 3084
f 3071 3058 3072
f 3071 3072 3085
f 3072 3073 3087
f 3072 3087 3086
f 3073 3074 3088
f 3073 3088 3087
f 3074 3075 3089
f 3074 3089 3088
f 3075 3076 3090
f 3075 3090 3089
f 3076 3077 3091
f 3076 3091 3090
f 3077 3078 3092
f 3077 3092 3091
f 3078 3079 3093
f 3078 3093 3092
f 3079 3080 3094
f 3079 3094 3093
f 3080 3081 3095
f 3080 3095 3094
f 3081 3082 3096
f 3081 3096 3095
f 3082 3083 3097
f 3082 3097 3096
f 3083 3084 3098
f 3083 3098 3097
f 3084 3085 3099
f 3084 3099 3098
f 3085 3072 3086
f 3085 3086 3099
f 3086 3087 3101
f 3086 3101 3100
f 3087 3088 3102
f 3087 3102 3101
f 3088 3089 3103
f 3088 3103 3102
f 3089 3090 3104
f 3089 3104 3103
f 3090 3091 3105
f 3090 3105 3104
f 3091 3092 3106
f 3091 3106 3105
f 3092 3093 3107
f 3092 3107 3106
f 3093 3094 3108
f 3093 3108 3107
f 3094 3095 3109
f 3094 3109 3108
f 3095 3096 3110
f 3095 3110 3109
f 3096 3097 3111
f 3096 3111 3110
f 3097 3098 3112
f 3097 3112 3111
f 3098 3099 3113
f 3098 3113 3112
f 3099 3086 3100
f 3099 3100 3113
f 3100 3101 3115
f 3100 3115 3114
f 3101 3102 3116
f 3101 3116 3115
f 3102 3103 3117
f 3102 3117 3116
f 3103 3104 3118
f 3103 3118 3117
f 3104 3105 3119
f 3104 3119 3118
f 3105 3106 3120
f 3105 3120 3119
f 3106 3107 3121
f 3106 3121 3120
f 3107 3108 3122
f 3107 3122 3121
f 3108 3109 3123
f 3108 3123 3122
f 3109 3110 3124
f 3109 3124 3123
f 3110 3111 3125
f 3110 3125 3124
f 3111 3112 3126
f 3111 3126 3125
f 3112 3113 3127
f 3112 3127 3126
f 3113 3100 3114
f 3113 3114 3127
f 3114 3115 3128
f 3115 3116 3128
f 3116 3117 3128
f 3117 3118 3128
f 3118 3119 3128
f 3119 3120 3128
f 3120 3121 3128
f 3121 3122 3128
f 3122 3123 3128
f 3123 3124 3128
f 3124 3125 3128
f 3125 3126 3128
f 3126 3127 3128
f 3127 3114 3128
f 3129 3130 3144
f 3129 3144 3143
f 3157 3130 3129
f 3158 3143 3144
f 3130 3131 3145
f 3130 3145 3144
f 3157 3131 3130
f 3158 3144 3145
f 3131 3132 3146
f 3131 3146 3145
f 3157 3132 3131
f 3158 3145 3146
f 3132 3133 3147
f 3132 3147 3146
f 3157 3133 3132
f 3158 3146 3147
f 3133 3134 3148
f 3133 3148 3147
f 3157 3134 3133
f 3158 3147 3148
f 3134 3135 3149
f 3134 3149 3148
f 3157 3135 3134
f 3158 3148 3149
f 3135 3136 3150
f 3135 3150 3149
f 3157 3136 3135
f 3158 3149 3150
f 3136 3137 3151
f 3136 3151 3150
f 3157 3137 3136
f 3158 3150 3151
f 3137 3138 3152
f 3137 3152 3151
f 3157 3138 3137
f 3158 3151 3152
f 3138 3139 3153
f 3138 3153 3152
f 3157 3139 3138
f 3158 3152 3153
f 3139 3140 3154
f 3139 3154 3153
f 3157 3140 3139
f 3158 3153 3154
f 3140 3141 3155
f 3140 3155 3154
f 3157 3141 3140
f 3158 3154 3155
f 3141 3142 3156
f 3141 3156 3155
f 3157 3142 3141
f 3158 3155 3156
f 3142 3129 3143
f 3142 3143 3156
f 3157 3129 3142
f 3158 3156 3143
f 3159 3161 3160
f 3159 3162 3161
f 3159 3163 3162
f 3159 3164 3163
f 3159 3165 3164
f 3159 3166 3165
f 3159 3167 3166
f 3159 3168 3167
f 3159 3169 3168
f 3159 3170 3169
f 3159 3171 3170
f 3159 3172 3171
f 3159 3173 3172
f 3159 3160 3173
f 3160 3161 3175
f 3160 3175 3174
f 3161 3162 3176
f 3161 3176 3175
f 3162 3163 3177
f 3162 3177 3176
f 3163 3164 3178
f 3163 3178 3177
f 3164 3165 3179
f 3164 3179 3178
f 3165 3166 3180
f 3165 3180 3179
f 3166 3167 3181
f 3166 3181 3180
f 3167 3168 3182
f 3167 3182 3181
f 3168 3169 3183
f 3168 3183 3182
f 3169 3170 3184
f 3169 3184 3183
f 3170 3171 3185
f 3170 3185 3184
f 3171 3172 3186
f 3171 3186 3185
f 3172 3173 3187
f 3172 3187 3186
f 3173 3160 3174
f 3173 3174 3187
f 3174 3175 3189
f 3174 3189 3188
f 3175 3176 3190
f 3175 3190 3189
f 3176 3177 3191
f 3176 3191 3190
f 3177 3178 3192
f 3177 3192 3191
f 3178 3179 3193
f 3178 3193 3192
f 3179 3180 3194
f 3179 3194 3193
f 3180 3181 3195
f 3180 3195 3194
f 3181 3182 3196
f 3181 3196 3195
f 3182 3183 3197
f 3182 3197 3196
f 3183 3184 3198
f 3183 3198 3197
f 3184 3185 3199
f 3184 3199 3198
f 3185 3186 3200
f 3185 3200 3199
f 3186 3187 3201
f 3186 3201 3200
f 3187 3174 3188
f 3187 3188 3201
f 3188 3189 3203
f 3188 3203 3202
f 3189 3190 3204
f 3189 3204 3203
f 3190 3191 3205
f 3190 3205 3204
f 3191 3192 3206
f 3191 3206 3205
f 3192 3193 3207
f 3192 3207 3206
f 3193 3194 3208
f 3193 3208 3207
f 3194 3195 3209
f 3194 3209 3208
f 3195 3196 3210
f 3195 3210 3209
f 3196 3197 3211
f 3196 3211 3210
f 3197 3198 3212
f 3197 3212 3211
f 3198 3199 3213
f 3198 3213 3212
f 3199 3200 3214
f 3199 3214 3213
f 3200 3201 3215
f 3200 3215 3214
f 3201 3188 3202
f 3201 3202 3215
f 3202 3203 3217
f 3202 3217 3216
f 3203 3204 3218
f 3203 3218 3217
f 3204 3205 3219
f 3204 3219 3218
f 3205 3206 3220
f 3205 3220 3219
f 3206 3207 3221
f 3206 3221 3220
f 3207 3208 3222
f 3207 3222 3221
f 3208 3209 3223
f 3208 3223 3222
f 3209 3210 3224
f 3209 3224 3223
f 3210 3211 3225
f 3210 3225 3224
f 3211 3212 3226
f 3211 3226 3225
f 3212 3213 3227
f 3212 3227 3226
f 3213 3214 3228
f 3213 3228 3227
f 3214 3215 3229
f 3214 3229 3228
f 3215 3202 3216
f 3215 3216 3229
f 3216 3217 3231
f 3216 3231 3230
f 3217 3218 3232
f 3217 3232 3231
f 3218 3219 3233
f 3218 3233 3232
f 3219 3220 3234
f 3219 3234 3233
f 3220 3221 3235
f 3220 3235 3234
f 3221 3222 3236
f 3221 3236 3235
f 3222 3223 3237
f 3222 3237 3236
f 3223 3224 3238
f 3223 3238 3237
f 3224 3225 3239
f 3224 3239 3238
f 3225 3226 3240
f 3225 3240 3239
f 3226 3227 3241
f 3226 3241 3240
f 3227 3228 3242
f 3227 3242 3241
f 3228 3229 3243
f 3228 3243 3242
f 3229 3216 3230
f 3229 3230 3243
f 3230 3231 3245
f 3230 3245 3244
f 3231 3232 3246
f 3231 3246 3245
f 3232 3233 3247
f 3232 3247 3246
f 3233 3234 3248
f 3233 3248 3247
f 3234 3235 3249
f 3234 3249 3248
f 3235 3236 3250
f 3235 3250 3249
f 3236 3237 3251
f 3236 3251 3250
f 3237 3238 3252
f 3237 3252 3251
f 3238 3239 3253
f 3238 3253 3252
f 3239 3240 3254
f 3239 3254 3253
f 3240 3241 3255
f 3240 3255 3254
f 3241 3242 3256
f 3241 3256 3255
f 3242 3243 3257
f 3242 3257 3256
f 3243 3230 3244
f 3243 3244 3257
f 3244 3245 3258
f 3245 3246 3258
f 3246 3247 3258
f 3247 3248 3258
f 3248 3249 3258
f 3249 3250 3258
f 3250 3251 3258
f 3251 3252 3258
f 3252 3253 3258
f 3253 3254 3258
f 3254 3255 3258
f 3255 3256 3258
f 3256 3257 3258
f 3257 3244 3258
f 3259 3261 3260
f 3259 3262 3261
f 3259 3263 3262
f 3259 3264 3263
f 3259 3265 3264
f 3259 3266 3265
f 3259 3267 3266
f 3259 3268 3267
f 3259 3269 3268
f 3259 3270 3269
f 3259 3271 3270
f 3259 3272 3271
f 3259 3273 3272
f 3259 3260 3273
f 3260 3261 3275
f 3260 3275 3274
f 3261 3262 3276
f 3261 3276 3275
f 3262 3263 3277
f 3262 3277 3276
f 3263 3264 3278
f 3263 3278 3277
f 3264 3265 3279
f 3264 3279 3278
f 3265 3266 3280
f 3265 3280 3279
f 3266 3267 3281
f 3266 3281 3280
f 3267 3268 3282
f 3267 3282 3281
f 3268 3269 3283
f 3268 3283 3282
f 3269 3270 3284
f 3269 3284 3283
f 3270 3271 3285
f 3270 3285 3284
f 3271 3272 3286
f 3271 3286 3285
f 3272 3273 3287
f 3272 3287 3286
f 3273 3260 3274
f 3273 3274 3287
f 3274 3275 3289
f 3274 3289 3288
f 3275 3276 3290
f 3275 3290 3289
f 3276 3277 3291
f 3276 3291 3290
f 3277 3278 3292
f 3277 3292 3291
f 3278 3279 3293
f 3278 3293 3292
f 3279 3280 3294
f 3279 3294 3293
f 3280 3281 3295
f 3280 3295 3294
f 3281 3282 3296
f 3281 3296 3295
f 3282 3283 3297
f 3282 3297 3296
f 3283 3284 3298
f 3283 3298 3297
f 3284 3285 3299
f 3284 3299 3298
f 3285 3286 3300
f 3285 3300 3299
f 3286 3287 3301
f 3286 3301 3300
f 3287 3274 3288
f 3287 3288 3301
f 3288 3289 3303
f 3288 3303 3302
f 3289 3290 3304
f 3289 3304 3303
f 3290 3291 3305
f 3290 3305 3304
f 3291 3292 3306
f 3291 3306 3305
f 3292 3293 3307
f 3292 3307 3306
f 3293 3294 3308
f 3293 3308 3307
f 3294 3295 3309
f 3294 3309 3308
f 3295 3296 3310
f 3295 3310 3309
f 3296 3297 3311
f 3296 3311 3310
f 3297 3298 3312
f 3297 3312 3311
f 3298 3299 3313
f 3298 3313 3312
f 3299 3300 3314
f 3299 3314 3313
f 3300 3301 3315
f 3300 3315 3314
f 3301 3288 3302
f 3301 3302 3315
f 3302 3303 3317
f 3302 3317 3316
f 3303 3304 3318
f 3303 3318 3317
f 3304 3305 3319
f 3304 3319 3318
f 3305 3306 3320
f 3305 3320 3319
f 3306 3307 3321
f 3306 3321 3320
f 3307 3308 3322
f 3307 3322 3321
f 3308 3309 3323
f 3308 3323 3322
f 3309 3310 3324
f 3309 3324 3323
f 3310 3311 3325
f 3310 3325 3324
f 3311 3312 3326
f 3311 3326 3325
f 3312 3313 3327
f 3312 3327 3326
f 3313 3314 3328
f 3313 3328 3327
f 3314 3315 3329
f 3314 3329 3328
f 3315 3302 3316
f 3315 3316 3329
f 3316 3317 3331
f 3316 3331 3330
f 3317 3318 3332
f 3317 3332 3331
f 3318 3319 3333
f 3318 3333 3332
f 3319 3320 3334
f 3319 3334 3333
f 3320 3321 3335
f 3320 3335 3334
f 3321 3322 3336
f 3321 3336 3335
f 3322 3323 3337
f 3322 3337 3336
f 3323 3324 3338
f 3323 3338 3337
f 3324 3325 3339
f 3324 3339 3338
f 3325 3326 3340
f 3325 3340 3339
f 3326 3327 3341
f 3326 3341 3340
f 3327 3328 3342
f 3327 3342 3341
f 3328 3329 3343
f 3328 3343 3342
f 3329 3316 3330
f 3329 3330 3343
f 3330 3331 3345
f 3330 3345 3344
f 3331 3332 3346
f 3331 3346 3345
f 3332 3333 3347
f 3332 3347 3346
f 3333 3334 3348
f 3333 3348 3347
f 3334 3335 3349
f 3334 3349 3348
f 3335 3336 3350
f 3335 3350 3349
f 3336 3337 3351
f 3336 3351 3350
f 3337 3338 3352
f 3337 3352 3351
f 3338 3339 3353
f 3338 3353 3352
f 3339 3340 3354
f 3339 3354 3353
f 3340 3341 3355
f 3340 3355 3354
f 3341 3342 3356
f 3341 3356 3355
f 3342 3343 3357
f 3342 3357 3356
f 3343 3330 3344
f 3343 3344 3357
f 3344 3345 3358
f 3345 3346 3358
f 3346 3347 3358
f 3347 3348 3358
f 3348 3349 3358
f 3349 3350 3358
f 3350 3351 3358
f 3351 3352 3358
f 3352 3353 3358
f 3353 3354 3358
f 3354 3355 3358
f 3355 3356 3358
f 3356 3357 3358
f 3357 3344 3358
f 3359 3360 3374
f 3359 3374 3373
f 3387 3360 3359
f 3388 3373 3374
f 3360 3361 3375
f 3360 3375 3374
f 3387 3361 3360
f 3388 3374 3375
f 3361 3362 3376
f 3361 3376 3375
f 3387 3362 3361
f 3388 3375 3376
f 3362 3363 3377
f 3362 3377 3376
f 3387 3363 3362
f 3388 3376 3377
f 3363 3364 3378
f 3363 3378 3377
f 3387 3364 3363
f 3388 3377 3378
f 3364 3365 3379
f 3364 3379 3378
f 3387 3365 3364
f 3388 3378 3379
f 3365 3366 3380
f 3365 3380 3379
f 3387 3366 3365
f 3388 3379 3380
f 3366 3367 3381
f 3366 3381 3380
f 3387 3367 3366
f 3388 3380 3381
f 3367 3368 3382
f 3367 3382 3381
f 3387 3368 3367
f 3388 3381 3382
f 3368 3369 3383
f 3368 3383 3382
f 3387 3369 3368
f 3388 3382 3383
f 3369 3370 3384
f 3369 3384 3383
f 3387 3370 3369
f 3388 3383 3384
f 3370 3371 3385
f 3370 3385 3384
f 3387 3371 3370
f 3388 3384 3385
f 3371 3372 3386
f 3371 3386 3385
f 3387 3372 3371
f 3388 3385 3386
f 3372 3359 3373
f 3372 3373 3386
f 3387 3359 3372
f 3388 3386 3373
f 3389 3391 3390
f 3389 3392 3391
f 3389 3393 3392
f 3389 3394 3393
f 3389 3395 3394
f 3389 3396 3395
f 3389 3397 3396
f 3389 3398 3397
f 3389 3399 3398
f 3389 3400 3399
f 3389 3401 3400
f 3389 3402 3401
f 3389 3403 3402
f 3389 3390 3403
f 3390 3391 3405
f 3390 3405 3404
f 3391 3392 3406
f 3391 3406 3405
f 3392 3393 3407
f 3392 3407 3406
f 3393 3394 3408
f 3393 3408 3407
f 3394 3395 3409
f 3394 3409 3408
f 3395 3396 3410
f 3395 3410 3409
f 3396 3397 3411
f 3396 3411 3410
f 3397 3398 3412
f 3397 3412 3411
f 3398 3399 3413
f 3398 3413 3412
f 3399 3400 3414
f 3399 3414 3413
f 3400 3401 3415
f 3400 3415 3414
f 3401 3402 3416
f 3401 3416 3415
f 3402 3403 3417
f 3402 3417 3416
f 3403 3390 3404
f 3403 3404 3417
f 3404 3405 3419
f 3404 3419 3418
f 3405 3406 3420
f 3405 3420 3419
f 3406 3407 3421
f 3406 3421 3420
f 3407 3408 3422
f 3407 3422 3421
f 3408 3409 3423
f 3408 3423 3422
f 3409 3410 3424
f 3409 3424 3423
f 3410 3411 3425
f 3410 3425 3424
f 3411 3412 3426
f 3411 3426 3425
f 3412 3413 3427
f 3412 3427 3426
f 3413 3414 3428
f 3413 3428 3427
f 3414 3415 3429
f 3414 3429 3428
f 3415 3416 3430
f 3415 3430 3429
f 3416 3417 3431
f 3416 3431 3430
f 3417 3404 3418
f 3417 3418 3431
f 3418 3419 3433
f 3418 3433 3432
f 3419 3420 3434
f 3419 3434 3433
f 3420 3421 3435
f 3420 3435 3434
f 3421 3422 3436
f 3421 3436 3435
f 3422 3423 3437
f 3422 3437 3436
f 3423 3424 3438
f 3423 3438 3437
f 3424 3425 3439
f 3424 3439 3438
f 3425 3426 3440
f 3425 3440 3439
f 3426 3427 3441
f 3426 3441 3440
f 3427 3428 3442
f 3427 3442 3441
f 3428 3429 3443
f 3428 3443 3442
f 3429 3430 3444
f 3429 3444 3443
f 3430 3431 3445
f 3430 3445 3444
f 3431 3418 3432
f 3431 3432 3445
f 3432 3433 3447
f 3432 3447 3446
f 3433 3434 3448
f 3433 3448 3447
f 3434 3435 3449
f 3434 3449 3448
f 3435 3436 3450
f 3435 3450 3449
f 3436 3437 3451
f 3436 3451 3450
f 3437 3438 3452
f 3437 3452 3451
f 3438 3439 3453
f 3438 3453 3452
f 3439 3440 3454
f 3439 3454 3453
f 3440 3441 3455
f 3440 3455 3454
f 3441 3442 3456
f 3441 3456 3455
f 3442 3443 3457
f 3442 3457 3456
f 3443 3444 3458
f 3443 3458 3457
f 3444 3445 3459
f 3444 3459 3458
f 3445 3432 3446
f 3445 3446 3459
f 3446 3447 3461
f 3446 3461 3460
f 3447 3448 3462
f 3447 3462 3461
f 3448 3449 3463
f 3448 3463 3462
f 3449 3450 3464
f 3449 3464 3463
f 3450 3451 3465
f 3450 3465 3464
f 3451 3452 3466
f 3451 3466 3465
f 3452 3453 3467
f 3452 3467 3466
f 3453 3454 3468
f 3453 3468 3467
f 3454 3455 3469
f 3454 3469 3468
f 3455 3456 3470
f 3455 3470 3469
f 3456 3457 3471
f 3456 3471 3470
f 3457 3458 3472
f 3457 3472 3471
f 3458 3459 3473
f 3458 3473 3472
f 3459 3446 3460
f 3459 3460 3473
f 3460 3461 3475
f 3460 3475 3474
f 3461 3462 3476
f 3461 3476 3475
f 3462 3463 3477
f 3462 3477 3476
f 3463 3464 3478
f 3463 3478 3477
f 3464 3465 3479
f 3464 3479 3478
f 3465 3466 3480
f 3465 3480 3479
f 3466 3467 3481
f 3466 3481 3480
f 3467 3468 3482
f 3467 3482 3481
f 3468 3469 3483
f 3468 3483 3482
f 3469 3470 3484
f 3469 3484 3483
f 3470 3471 3485
f 3470 3485 3484
f 3471 3472 3486
f 3471 3486 3485
f 3472 3473 3487
f 3472 3487 3486
f 3473 3460 3474
f 3473 3474 3487
f 3474 3475 3488
f 3475 3476 3488
f 3476 3477 3488
f 3477 3478 3488
f 3478 3479 3488
f 3479 3480 3488
f 3480 3481 3488
f 3481 3482 3488
f 3482 3483 3488
f 3483 3484 3488
f 3484 3485 3488
f 3485 3486 3488
f 3486 3487 3488
f 3487 3474 3488
f 3489 3491 3490
f 3489 3492 3491
f 3489 3493 3492
f 3489 3494 3493
f 3489 3495 3494
f 3489 3496 3495
f 3489 3497 3496
f 3489 3498 3497
f 3489 3499 3498
f 3489 3500 3499
f 3489 3501 3500
f 3489 3502 3501
f 3489 3503 3502
f 3489 3490 3503
f 3490 3491 3505
f 3490 3505 3504
f 3491 3492 3506
f 3491 3506 3505
f 3492 3493 3507
f 3492 3507 3506
f 3493 3494 3508
f 3493 3508 3507
f 3494 3495 3509
f 3494 3509 3508
f 3495 3496 3510
f 3495 3510 3509
f 3496 3497 3511
f 3496 3511 3510
f 3497 3498 3512
f 3497 3512 3511
f 3498 3499 3513
f 3498 3513 3512
f 3499 3500 3514
f 3499 3514 3513
f 3500 3501 3515
f 3500 3515 3514
f 3501 3502 3516
f 3501 3516 3515
f 3502 3503 3517
f 3502 3517 3516
f 3503 3490 3504
f 3503 3504 3517
f 3504 3505 3519
f 3504 3519 3518
f 3505 3506 3520
f 3505 3520 3519
f 3506 3507 3521
f 3506 3521 3520
f 3507 3508 3522
f 3507 3522 3521
f 3508 3509 3523
f 3508 3523 3522
f 3509 3510 3524
f 3509 3524 3523
f 3510 3511 3525
f 3510 3525 3524
f 3511 3512 3526
f 3511 3526 3525
f 3512 3513 3527
f 3512 3527 3526
f 3513 3514 3528
f 3513 3528 3527
f 3514 3515 3529
f 3514 3529 3528
f 3515 3516 3530
f 3515 3530 3529
f 3516 3517 3531
f 3516 3531 3530
f 3517 3504 3518
f 3517 3518 3531
f 3518 3519 3533
f 3518 3533 3532
f 3519 3520 3534
f 3519 3534 3533
f 3520 3521 3535
f 3520 3535 3534
f 3521 3522 3536
f 3521 3536 3535
f 3522 3523 3537
f 3522 3537 3536
f 3523 3524 3538
f 3523 3538 3537
f 3524 3525 3539
f 3524 3539 3538
f 3525 3526 3540
f 3525 3540 3539
f 3526 3527 3541
f 3526 3541 3540
f 3527 3528 3542
f 3527 3542 3541
f 3528 3529 3543
f 3528 3543 3542
f 3529 3530 3544
f 3529 3544 3543
f 3530 3531 3545
f 3530 3545 3544
f 3531 3518 3532
f 3531 3532 3545
f 3532 3533 3547
f 3532 3547 3546
f 3533 3534 3548
f 3533 3548 3547
f 3534 3535 3549
f 3534 3549 3548
f 3535 3536 3550
f 3535 3550 3549
f 3536 3537 3551
f 3536 3551 3550
f 3537 3538 3552
f 3537 3552 3551
f 3538 3539 3553
f 3538 3553 3552
f 3539 3540 3554
f 3539 3554 3553
f 3540 3541 3555
f 3540 3555 3554
f 3541 3542 3556
f 3541 3556 3555
f 3542 3543 3557
f 3542 3557 3556
f 3543 3544 3558
f 3543 3558 3557
f 3544 3545 3559
f 3544 3559 3558
f 3545 3532 3546
f 3545 3546 3559
f 3546 3547 3561
f 3546 3561 3560
f 3547 3548 3562
f 3547 3562 3561
f 3548 3549 3563
f 3548 3563 3562
f 3549 3550 3564
f 3549 3564 3563
f 3550 3551 3565
f 3550 3565 3564
f 3551 3552 3566
f 3551 3566 3565
f 3552 3553 3567
f 3552 3567 3566
f 3553 3554 3568
f 3553 3568 3567
f 3554 3555 3569
f 3554 3569 3568
f 3555 3556 3570
f 3555 3570 3569
f 3556 3557 3571
f 3556 3571 3570
f 3557 3558 3572
f 3557 3572 3571
f 3558 3559 3573
f 3558 3573 3572
f 3559 3546 3560
f 3559 3560 3573
f 3560 3561 3575
f 3560 3575 3574
f 3561 3562 3576
f 3561 3576 3575
f 3562 3563 3577
f 3562 3577 3576
f 3563 3564 3578
f 3563 3578 3577
f 3564 3565 3579
f 3564 3579 3578
f 3565 3566 3580
f 3565 3580 3579
f 3566 3567 3581
f 3566 3581 3580
f 3567 3568 3582
f 3567 3582 3581
f 3568 3569 3583
f 3568 3583 3582
f 3569 3570 3584
f 3569 3584 3583
f 3570 3571 3585
f 3570 3585 3584
f 3571 3572 3586
f 3571 3586 3585
f 3572 3573 3587
f 3572 3587 3586
f 3573 3560 3574
f 3573 3574 3587
f 3574 3575 3588
f 3575 3576 3588
f 3576 3577 3588
f 3577 3578 3588
f 3578 3579 3588
f 3579 3580 3588
f 3580 3581 3588
f 3581 3582 3588
f 3582 3583 3588
f 3583 3584 3588
f 3584 3585 3588
f 3585 3586 3588
f 3586 3587 3588
f 3587 3574 3588
f 3589 3590 3604
f 3589 3604 3603
f 3617 3590 3589
f 3618 3603 3604
f 3590 3591 3605
f 3590 3605 3604
f 3617 3591 3590
f 3618 3604 3605
f 3591 3592 3606
f 3591 3606 3605
f 3617 3592 3591
f 3618 3605 3606
f 3592 3593 3607
f 3592 3607 3606
f 3617 3593 3592
f 3618 3606 3607
f 3593 3594 3608
f 3593 3608 3607
f 3617 3594 3593
f 3618 3607 3608
f 3594 3595 3609
f 3594 3609 3608
f 3617 3595 3594
f 3618 3608 3609
f 3595 3596 3610
f 3595 3610 3609
f 3617 3596 3595
f 3618 3609 3610
f 3596 3597 3611
f 3596 3611 3610
f 3617 3597 3596
f 3618 3610 3611
f 3597 3598 3612
f 3597 3612 3611
f 3617 3598 3597
f 3618 3611 3612
f 3598 3599 3613
f 3598 3613 3612
f 3617 3599 3598
f 3618 3612 3613
f 3599 3600 3614
f 3599 3614 3613
f 3617 3600 3599
f 3618 3613 3614
f 3600 3601 3615
f 3600 3615 3614
f 3617 3601 3600
f 3618 3614 3615
f 3601 3602 3616
f 3601 3616 3615
f 3617 3602 3601
f 3618 3615 3616
f 3602 3589 3603
f 3602 3603 3616
f 3617 3589 3602
f 3618 3616 3603
f 3619 3621 3620
f 3619 3622 3621
f 3619 3623 3622
f 3619 3624 3623
f 3619 3625 3624
f 3619 3626 3625
f 3619 3627 3626
f 3619 3628 3627
f 3619 3629 3628
f 3619 3630 3629
f 3619 3631 3630
f 3619 3632 3631
f 3619 3633 3632
f 3619 3620 3633
f 3620 3621 3635
f 3620 3635 3634
f 3621 3622 3636
f 3621 3636 3635
f 3622 3623 3637
f 3622 3637 3636
f 3623 3624 3638
f 3623 3638 3637
f 3624 3625 3639
f 3624 3639 3638
f 3625 3626 3640
f 3625 3640 3639
f 3626 3627 3641
f 3626 3641 3640
f 3627 3628 3642
f 3627 3642 3641
f 3628 3629 3643
f 3628 3643 3642
f 3629 3630 3644
f 3629 3644 3643
f 3630 3631 3645
f 3630 3645 3644
f 3631 3632 3646
f 3631 3646 3645
f 3632 3633 3647
f 3632 3647 3646
f 3633 3620 3634
f 3633 3634 3647
f 3634 3635 3649
f 3634 3649 3648
f 3635 3636 3650
f 3635 3650 3649
f 3636 3637 3651
f 3636 3651 3650
f 3637 3638 3652
f 3637 3652 3651
f 3638 3639 3653
f 3638 3653 3652
f 3639 3640 3654
f 3639 3654 3653
f 3640 3641 3655
f 3640 3655 3654
f 3641 3642 3656
f 3641 3656 3655
f 3642 3643 3657
f 3642 3657 3656
f 3643 3644 3658
f 3643 3658 3657
f 3644 3645 3659
f 3644 3659 3658
f 3645 3646 3660
f 3645 3660 3659
f 3646 3647 3661
f 3646 3661 3660
f 3647 3634 3648
f 3647 3648 3661
f 3648 3649 3663
f 3648 3663 3662
f 3649 3650 3664
f 3649 3664 3663
f 3650 3651 3665
f 3650 3665 3664
f 3651 3652 3666
f 3651 3666 3665
f 3652 3653 3667
f 3652 3667 3666
f 3653 3654 3668
f 3653 3668 3667
f 3654 3655 3669
f 3654 3669 3668
f 3655 3656 3670
f 3655 3670 3669
f 3656 3657 3671
f 3656 3671 3670
f 3657 3658 3672
f 3657 3672 3671
f 3658 3659 3673
f 3658 3673 3672
f 3659 3660 3674
f 3659 3674 3673
f 3660 3661 3675
f 3660 3675 3674
f 3661 3648 3662
f 3661 3662 3675
f 3662 3663 3677
f 3662 3677 3676
f 3663 3664 3678
f 3663 3678 3677
f 3664 3665 3679
f 3664 3679 3678
f 3665 3666 3680
f 3665 3680 3679
f 3666 3667 3681
f 3666 3681 3680
f 3667 3668 3682
f 3667 3682 3681
f 3668 3669 3683
f 3668 3683 3682
f 3669 3670 3684
f 3669 3684 3683
f 3670 3671 3685
f 3670 3685 3684
f 3671 3672 3686
f 3671 3686 3685
f 3672 3673 3687
f 3672 3687 3686
f 3673 3674 3688
f 3673 3688 3687
f 3674 3675 3689
f 3674 3689 3688
f 3675 3662 3676
f 3675 3676 3689
f 3676 3677 3691
f 3676 3691 3690
f 3677 3678 3692
f 3677 3692 3691
f 3678 3679 3693
f 3678 3693 3692
f 3679 3680 3694
f 3679 3694 3693
f 3680 3681 3695
f 3680 3695 3694
f 3681 3682 3696
f 3681 3696 3695
f 3682 3683 3697
f 3682 3697 3696
f 3683 3684 3698
f 3683 3698 3697
f 3684 3685 3699
f 3684 3699 3698
f 3685 3686 3700
f 3685 3700 3699
f 3686 3687 3701
f 3686 3701 3700
f 3687 3688 3702
f 3687 3702 3701
f 3688 3689 3703
f 3688 3703 3702
f 3689 3676 3690
f 3689 3690 3703
f 3690 3691 3705
f 3690 3705 3704
f 3691 3692 3706
f 3691 3706 3705
f 3692 3693 3707
f 3692 3707 3706
f 3693 3694 3708
f 3693 3708 3707
f 3694 3695 3709
f 3694 3709 3708
f 3695 3696 3710
f 3695 3710 3709
f 3696 3697 3711
f 3696 3711 3710
f 3697 3698 3712
f 3697 3712 3711
f 3698 3699 3713
f 3698 3713 3712
f 3699 3700 3714
f 3699 3714 3713
f 3700 3701 3715
f 3700 3715 3714
f 3701 3702 3716
f 3701 3716 3715
f 3702 3703 3717
f 3702 3717 3716
f 3703 3690 3704
f 3703 3704 3717
f 3704 3705 3718
f 3705 3706 3718
f 3706 3707 3718
f 3707 3708 3718
f 3708 3709 3718
f 3709 3710 3718
f 3710 3711 3718
f 3711 3712 3718
f 3712 3713 3718
f 3713 3714 3718
f 3714 3715 3718
f 3715 3716 3718
f 3716 3717 3718
f 3717 3704 3718
f 3719 3721 3720
f 3719 3722 3721
f 3719 3723 3722
f 3719 3724 3723
f 3719 3725 3724
f 3719 3726 3725
f 3719 3727 3726
f 3719 3728 3727
f 3719 3729 3728
f 3719 3730 3729
f 3719 3731 3730
f 3719 3732 3731
f 3719 3733 3732
f 3719 3720 3733
f 3720 3721 3735
f 3720 3735 3734
f 3721 3722 3736
f 3721 3736 3735
f 3722 3723 3737
f 3722 3737 3736
f 3723 3724 3738
f 3723 3738 3737
f 3724 3725 3739
f 3724 3739 3738
f 3725 3726 3740
f 3725 3740 3739
f 3726 3727 3741
f 3726 3741 3740
f 3727 3728 3742
f 3727 3742 3741
f 3728 3729 3743
f 3728 3743 3742
f 3729 3730 3744
f 3729 3744 3743
f 3730 3731 3745
f 3730 3745 3744
f 3731 3732 3746
f 3731 3746 3745
f 3732 3733 3747
f 3732 3747 3746
f 3733 3720 3734
f 3733 3734 3747
f 3734 3735 3749
f 3734 3749 3748
f 3735 3736 3750
f 3735 3750 3749
f 3736 3737 3751
f 3736 3751 3750
f 3737 3738 3752
f 3737 3752 3751
f 3738 3739 3753
f 3738 3753 3752
f 3739 3740 3754
f 3739 3754 3753
f 3740 3741 3755
f 3740 3755 3754
f 3741 3742 3756
f 3741 3756 3755
f 3742 3743 3757
f 3742 3757 3756
f 3743 3744 3758
f 3743 3758 3757
f 3744 3745 3759
f 3744 3759 3758
f 3745 3746 3760
f 3745 3760 3759
f 3746 3747 3761
f 3746 3761 3760
f 3747 3734 3748
f 3747 3748 3761
f 3748 3749 3763
f 3748 3763 3762
f 3749 3750 3764
f 3749 3764 3763
f 3750 3751 3765
f 3750 3765 3764
f 3751 3752 3766
f 3751 3766 3765
f 3752 3753 3767
f 3752 3767 3766
f 3753 3754 3768
f 3753 3768 3767
f 3754 3755 3769
f 3754 3769 3768
f 3755 3756 3770
f 3755 3770 3769
f 3756 3757 3771
f 3756 3771 3770
f 3757 3758 3772
f 3757 3772 3771
f 3758 3759 3773
f 3758 3773 3772
f 3759 3760 3774
f 3759 3774 3773
f 3760 3761 3775
f 3760 3775 3774
f 3761 3748 3762
f 3761 3762 3775
f 3762 3763 3777
f 3762 3777 3776
f 3763 3764 3778
f 3763 3778 3777
f 3764 3765 3779
f 3764 3779 3778
f 3765 3766 3780
f 3765 3780 3779
f 3766 3767 3781
f 3766 3781 3780
f 3767 3768 3782
f 3767 3782 3781
f 3768 3769 3783
f 3768 3783 3782
f 3769 3770 3784
f 3769 3784 3783
f 3770 3771 3785
f 3770 3785 3784
f 3771 3772 3786
f 3771 3786 3785
f 3772 3773 3787
f 3772 3787 3786
f 3773 3774 3788
f 3773 3788 3787
f 3774 3775 3789
f 3774 3789 3788
f 3775 3762 3776
f 3775 3776 3789
f 3776 3777 3791
f 3776 3791 3790
f 3777 3778 3792
f 3777 3792 3791
f 3778 3779 3793
f 3778 3793 3792
f 3779 3780 3794
f 3779 3794 3793
f 3780 3781 3795
f 3780 3795 3794
f 3781 3782 3796
f 3781 3796 3795
f 3782 3783 3797
f 3782 3797 3796
f 3783 3784 3798
f 3783 3798 3797
f 3784 3785 3799
f 3784 3799 3798
f 3785 3786 3800
f 3785 3800 3799
f 3786 3787 3801
f 3786 3801 3800
f 3787 3788 3802
f 3787 3802 3801
f 3788 3789 3803
f 3788 3803 3802
f 3789 3776 3790
f 3789 3790 3803
f 3790 3791 3805
f 3790 3805 3804
f 3791 3792 3806
f 3791 3806 3805
f 3792 3793 3807
f 3792 3807 3806
f 3793 3794 3808
f 3793 3808 3807
f 3794 3795 3809
f 3794 3809 3808
f 3795 3796 3810
f 3795 3810 3809
f 3796 3797 3811
f 3796 3811 3810
f 3797 3798 3812
f 3797 3812 3811
f 3798 3799 3813
f 3798 3813 3812
f 3799 3800 3814
f 3799 3814 3813
f 3800 3801 3815
f 3800 3815 3814
f 3801 3802 3816
f 3801 3816 3815
f 3802 3803 3817
f 3802 3817 3816
f 3803 3790 3804
f 3803 3804 3817
f 3804 3805 3818
f 3805 3806 3818
f 3806 3807 3818
f 3807 3808 3818
f 3808 3809 3818
f 3809 3810 3818
f 3810 3811 3818
f 3811 3812 3818
f 3812 3813 3818
f 3813 3814 3818
f 3814 3815 3818
f 3815 3816 3818
f 3816 3817 3818
f 3817 3804 3818
f 3819 3820 3834
f 3819 3834 3833
f 3847 3820 3819
f 3848 3833 3834
f 3820 3821 3835
f 3820 3835 3834
f 3847 3821 3820
f 3848 3834 3835
f 3821 3822 3836
f 3821 3836 3835
f 3847 3822 3821
f 3848 3835 3836
f 3822 3823 3837
f 3822 3837 3836
f 3847 3823 3822
f 3848 3836 3837
f 3823 3824 3838
f 3823 3838 3837
f 3847 3824 3823
f 3848 3837 3838
f 3824 3825 3839
f 3824 3839 3838
f 3847 3825 3824
f 3848 3838 3839
f 3825 3826 3840
f 3825 3840 3839
f 3847 3826 3825
f 3848 3839 3840
f 3826 3827 3841
f 3826 3841 3840
f 3847 3827 3826
f 3848 3840 3841
f 3827 3828 3842
f 3827 3842 3841
f 3847 3828 3827
f 3848 3841 3842
f 3828 3829 3843
f 3828 3843 3842
f 3847 3829 3828
f 3848 3842 3843
f 3829 3830 3844
f 3829 3844 3843
f 3847 3830 3829
f 3848 3843 3844
f 3830 3831 3845
f 3830 3845 3844
f 3847 3831 3830
f 3848 3844 3845
f 3831 3832 3846
f 3831 3846 3845
f 3847 3832 3831
f 3848 3845 3846
f 3832 3819 3833
f 3832 3833 3846
f 3847 3819 3832
f 3848 3846 3833
f 3849 3851 3850
f 3849 3852 3851
f 3849 3853 3852
f 3849 3854 3853
f 3849 3855 3854
f 3849 3856 3855
f 3849 3857 3856
f 3849 3858 3857
f 3849 3859 3858
f 3849 3860 3859
f 3849 3861 3860
f 3849 3862 3861
f 3849 3863 3862
f 3849 3850 3863
f 3850 3851 3865
f 3850 3865 3864
f 3851 3852 3866
f 3851 3866 3865
f 3852 3853 3867
f 3852 3867 3866
f 3853 3854 3868
f 3853 3868 3867
f 3854 3855 3869
f 3854 3869 3868
f 3855 3856 3870
f 3855 3870 3869
f 3856 3857 3871
f 3856 3871 3870
f 3857 3858 3872
f 3857 3872 3871
f 3858 3859 3873
f 3858 3873 3872
f 3859 3860 3874
f 3859 3874 3873
f 3860 3861 3875
f 3860 3875 3874
f 3861 3862 3876
f 3861 3876 3875
f 3862 3863 3877
f 3862 3877 3876
f 3863 3850 3864
f 3863 3864 3877
f 3864 3865 3879
f 3864 3879 3878
f 3865 3866 3880
f 3865 3880 3879
f 3866 3867 3881
f 3866 3881 3880
f 3867 3868 3882
f 3867 3882 3881
f 3868 3869 3883
f 3868 3883 3882
f 3869 3870 3884
f 3869 3884 3883
f 3870 3871 3885
f 3870 3885 3884
f 3871 3872 3886
f 3871 3886 3885
f 3872 3873 3887
f 3872 3887 3886
f 3873 3874 3888
f 3873 3888 3887
f 3874 3875 3889
f 3874 3889 3888
f 3875 3876 3890
f 3875 3890 3889
f 3876 3877 3891
f 3876 3891 3890
f 3877 3864 3878
f 3877 3878 3891
f 3878 3879 3893
f 3878 3893 3892
f 3879 3880 3894
f 3879 3894 3893
f 3880 3881 3895
f 3880 3895 3894
f 3881 3882 3896
f 3881 3896 3895
f 3882 3883 3897
f 3882 3897 3896
f 3883 3884 3898
f 3883 3898 3897
f 3884 3885 3899
f 3884 3899 3898
f 3885 3886 3900
f 3885 3900 3899
f 3886 3887 3901
f 3886 3901 3900
f 3887 3888 3902
f 3887 3902 3901
f 3888 3889 3903
f 3888 3903 3902
f 3889 3890 3904
f 3889 3904 3903
f 3890 3891 3905
f 3890 3905 3904
f 3891 3878 3892
f 3891 3892 3905
f 3892 3893 3907
f 3892 3907 3906
f 3893 3894 3908
f 3893 3908 3907
f 3894 3895 3909
f 3894 3909 3908
f 3895 3896 3910
f 3895 3910 3909
f 3896 3897 3911
f 3896 3911 3910
f 3897 3898 3912
f 3897 3912 3911
f 3898 3899 3913
f 3898 3913 3912
f 3899 3900 3914
f 3899 3914 3913
f 3900 3901 3915
f 3900 3915 3914
f 3901 3902 3916
f 3901 3916 3915
f 3902 3903 3917
f 3902 3917 3916
f 3903 3904 3918
f 3903 3918 3917
f 3904 3905 3919
f 3904 3919 3918
f 3905 3892 3906
f 3905 3906 3919
f 3906 3907 3921
f 3906 3921 3920
f 3907 3908 3922
f 3907 3922 3921
f 3908 3909 3923
f 3908 3923 3922
f 3909 3910 3924
f 3909 3924 3923
f 3910 3911 3925
f 3910 3925 3924
f 3911 3912 3926
f 3911 3926 3925
f 3912 3913 3927
f 3912 3927 3926
f 3913 3914 3928
f 3913 3928 3927
f 3914 3915 3929
f 3914 3929 3928
f 3915 3916 3930
f 3915 3930 3929
f 3916 3917 3931
f 3916 3931 3930
f 3917 3918 3932
f 3917 3932 3931
f 3918 3919 3933
f 3918 3933 3932
f 3919 3906 3920
f 3919 3920 3933
f 3920 3921 3935
f 3920 3935 3934
f 3921 3922 3936
f 3921 3936 3935
f 3922 3923 3937
f 3922 3937 3936
f 3923 3924 3938
f 3923 3938 3937
f 3924 3925 3939
f 3924 3939 3938
f 3925 3926 3940
f 3925 3940 3939
f 3926 3927 3941
f 3926 3941 3940
f 3927 3928 3942
f 3927 3942 3941
f 3928 3929 3943
f 3928 3943 3942
f 3929 3930 3944
f 3929 3944 3943
f 3930 3931 3945
f 3930 3945 3944
f 3931 3932 3946
f 3931 3946 3945
f 3932 3933 3947
f 3932 3947 3946
f 3933 3920 3934
f 3933 3934 3947
f 3934 3935 3948
f 3935 3936 3948
f 3936 3937 3948
f 3937 3938 3948
f 3938 3939 3948
f 3939 3940 3948
f 3940 3941 3948
f 3941 3942 3948
f 3942 3943 3948
f 3943 3944 3948
f 3944 3945 3948
f 3945 3946 3948
f 3946 3947 3948
f 3947 3934 3948
f 3949 3951 3950
f 3949 3952 3951
f 3949 3953 3952
f 3949 3954 3953
f 3949 3955 3954
f 3949 3956 3955
f 3949 3957 3956
f 3949 3958 3957
f 3949 3959 3958
f 3949 3960 3959
f 3949 3961 3960
f 3949 3962 3961
f 3949 3963 3962
f 3949 3950 3963
f 3950 3951 3965
f 3950 3965 3964
f 3951 3952 3966
f 3951 3966 3965
f 3952 3953 3967
f 3952 3967 3966
f 3953 3954 3968
f 3953 3968 3967
f 3954 3955 3969
f 3954 3969 3968
f 3955 3956 3970
f 3955 3970 3969
f 3956 3957 3971
f 3956 3971 3970
f 3957 3958 3972
f 3957 3972 3971
f 3958 3959 3973
f 3958 3973 3972
f 3959 3960 3974
f 3959 3974 3973
f 3960 3961 3975
f 3960 3975 3974
f 3961 3962 3976
f 3961 3976 3975
f 3962 3963 3977
f 3962 3977 3976
f 3963 3950 3964
f 3963 3964 3977
f 3964 3965 3979
f 3964 3979 3978
f 3965 3966 3980
f 3965 3980 3979
f 3966 3967 3981
f 3966 3981 3980
f 3967 3968 3982
f 3967 3982 3981
f 3968 3969 3983
f 3968 3983 3982
f 3969 3970 3984
f 3969 3984 3983
f 3970 3971 3985
f 3970 3985 3984
f 3971 3972 3986
f 3971 3986 3985
f 3972 3973 3987
f 3972 3987 3986
f 3973 3974 3988
f 3973 3988 3987
f 3974 3975 3989
f 3974 3989 3988
f 3975 3976 3990
f 3975 3990 3989
f 3976 3977 3991
f 3976 3991 3990
f 3977 3964 3978
f 3977 3978 3991
f 3978 3979 3993
f 3978 3993 3992
f 3979 3980 3994
f 3979 3994 3993
f 3980 3981 3995
f 3980 3995 3994
f 3981 3982 3996
f 3981 3996 3995
f 3982 3983 3997
f 3982 3997 3996
f 3983 3984 3998
f 3983 3998 3997
f 3984 3985 3999
f 3984 3999 3998
f 3985 3986 4000
f 3985 4000 3999
f 3986 3987 4001
f 3986 4001 4000
f 3987 3988 4002
f 3987 4002 4001
f 3988 3989 4003
f 3988 4003 4002
f 3989 3990 4004
f 3989 4004 4003
f 3990 3991 4005
f 3990 4005 4004
f 3991 3978 3992
f 3991 3992 4005
f 3992 3993 4007
f 3992 4007 4006
f 3993 3994 4008
f 3993 4008 4007
f 3994 3995 4009
f 3994 4009 4008
f 3995 3996 4010
f 3995 4010 4009
f 3996 3997 4011
f 3996 4011 4010
f 3997 3998 4012
f 3997 4012 4011
f 3998 3999 4013
f 3998 4013 4012
f 3999 4000 4014
f 3999 4014 4013
f 4000 4001 4015
f 4000 4015 4014
f 4001 4002 4016
f 4001 4016 4015
f 4002 4003 4017
f 4002 4017 4016
f 4003 4004 4018
f 4003 4018 4017
f 4004 4005 4019
f 4004 4019 4018
f 4005 3992 4006
f 4005 4006 4019
f 4006 4007 4021
f 4006 4021 4020
f 4007 4008 4022
f 4007 4022 4021
f 4008 4009 4023
f 4008 4023 4022
f 4009 4010 4024
f 4009 4024 4023
f 4010 4011 4025
f 4010 4025 4024
f 4011 4012 4026
f 4011 4026 4025
f 4012 4013 4027
f 4012 4027 4026
f 4013 4014 4028
f 4013 4028 4027
f 4014 4015 4029
f 4014 4029 4028
f 4015 4016 4030
f 4015 4030 4029
f 4016 4017 4031
f 4016 4031 4030
f 4017 4018 4032
f 4017 4032 4031
f 4018 4019 4033
f 4018 4033 4032
f 4019 4006 4020
f 4019 4020 4033
f 4020 4021 4035
f 4020 4035 4034
f 4021 4022 4036
f 4021 4036 4035
f 4022 4023 4037
f 4022 4037 4036
f 4023 4024 4038
f 4023 4038 4037
f 4024 4025 4039
f 4024 4039 4038
f 4025 4026 4040
f 4025 4040 4039
f 4026 4027 4041
f 4026 4041 4040
f 4027 4028 4042
f 4027 4042 4041
f 4028 4029 4043
f 4028 4043 4042
f 4029 4030 4044
f 4029 4044 4043
f 4030 4031 4045
f 4030 4045 4044
f 4031 4032 4046
f 4031 4046 4045
f 4032 4033 4047
f 4032 4047 4046
f 4033 4020 4034
f 4033 4034 4047
f 4034 4035 4048
f 4035 4036 4048
f 4036 4037 4048
f 4037 4038 4048
f 4038 4039 4048
f 4039 4040 4048
f 4040 4041 4048
f 4041 4042 4048
f 4042 4043 4048
f 4043 4044 4048
f 4044 4045 4048
f 4045 4046 4048
f 4046 4047 4048
f 4047 4034 4048
f 4049 4050 4064
f 4049 4064 4063
f 4077 4050 4049
f 4078 4063 4064
f 4050 4051 4065
f 4050 4065 4064
f 4077 4051 4050
f 4078 4064 4065
f 4051 4052 4066
f 4051 4066 4065
f 4077 4052 4051
f 4078 4065 4066
f 4052 4053 4067
f 4052 4067 4066
f 4077 4053 4052
f 4078 4066 4067
f 4053 4054 4068
f 4053 4068 4067
f 4077 4054 4053
f 4078 4067 4068
f 4054 4055 4069
f 4054 4069 4068
f 4077 4055 4054
f 4078 4068 4069
f 4055 4056 4070
f 4055 4070 4069
f 4077 4056 4055
f 4078 4069 4070
f 4056 4057 4071
f 4056 4071 4070
f 4077 4057 4056
f 4078 4070 4071
f 4057 4058 4072
f 4057 4072 4071
f 4077 4058 4057
f 4078 4071 4072
f 4058 4059 4073
f 4058 4073 4072
f 4077 4059 4058
f 4078 4072 4073
f 4059 4060 4074
f 4059 4074 4073
f 4077 4060 4059
f 4078 4073 4074
f 4060 4061 4075
f 4060 4075 4074
f 4077 4061 4060
f 4078 4074 4075
f 4061 4062 4076
f 4061 4076 4075
f 4077 4062 4061
f 4078 4075 4076
f 4062 4049 4063
f 4062 4063 4076
f 4077 4049 4062
f 4078 4076 4063
f 4079 4081 4080
f 4079 4082 4081
f 4079 4083 4082
f 4079 4084 4083
f 4079 4085 4084
f 4079 4086 4085
f 4079 4087 4086
f 4079 4088 4087
f 4079 4089 4088
f 4079 4090 4089
f 4079 4091 4090
f 4079 4092 4091
f 4079 4093 4092
f 4079 4080 4093
f 4080 4081 4095
f 4080 4095 4094
f 4081 4082 4096
f 4081 4096 4095
f 4082 4083 4097
f 4082 4097 4096
f 4083 4084 4098
f 4083 4098 4097
f 4084 4085 4099
f 4084 4099 4098
f 4085 4086 4100
f 4085 4100 4099
f 4086 4087 4101
f 4086 4101 4100
f 4087 4088 4102
f 4087 4102 4101
f 4088 4089 4103
f 4088 4103 4102
f 4089 4090 4104
f 4089 4104 4103
f 4090 4091 4105
f 4090 4105 4104
f 4091 4092 4106
f 4091 4106 4105
f 4092 4093 4107
f 4092 4107 4106
f 4093 4080 4094
f 4093 4094 4107
f 4094 4095 4109
f 4094 4109 4108
f 4095 4096 4110
f 4095 4110 4109
f 4096 4097 4111
f 4096 4111 4110
f 4097 4098 4112
f 4097 4112 4111
f 4098 4099 4113
f 4098 4113 4112
f 4099 4100 4114
f 4099 4114 4113
f 4100 4101 4115
f 4100 4115 4114
f 4101 4102 4116
f 4101 4116 4115
f 4102 4103 4117
f 4102 4117 4116
f 4103 4104 4118
f 4103 4118 4117
f 4104 4105 4119
f 4104 4119 4118
f 4105 4106 4120
f 4105 4120 4119
f 4106 4107 4121
f 4106 4121 4120
f 4107 4094 4108
f 4107 4108 4121
f 4108 4109 4123
f 4108 4123 4122
f 4109 4110 4124
f 4109 4124 4123
f 4110 4111 4125
f 4110 4125 4124
f 4111 4112 4126
f 4111 4126 4125
f 4112 4113 4127
f 4112 4127 4126
f 4113 4114 4128
f 4113 4128 4127
f 4114 4115 4129
f 4114 4129 4128
f 4115 4116 4130
f 4115 4130 4129
f 4116 4117 4131
f 4116 4131 4130
f 4117 4118 4132
f 4117 4132 4131
f 4118 4119 4133
f 4118 4133 4132
f 4119 4120 4134
f 4119 4134 4133
f 4120 4121 4135
f 4120 4135 4134
f 4121 4108 4122
f 4121 4122 4135
f 4122 4123 4137
f 4122 4137 4136
f 4123 4124 4138
f 4123 4138 4137
f 4124 4125 4139
f 4124 4139 4138
f 4125 4126 4140
f 4125 4140 4139
f 4126 4127 4141
f 4126 4141 4140
f 4127 4128 4142
f 4127 4142 4141
f 4128 4129 4143
f 4128 4143 4142
f 4129 4130 4144
f 4129 4144 4143
f 4130 4131 4145
f 4130 4145 4144
f 4131 4132 4146
f 4131 4146 4145
f 4132 4133 4147
f 4132 4147 4146
f 4133 4134 4148
f 4133 4148 4147
f 4134 4135 4149
f 4134 4149 4148
f 4135 4122 4136
f 4135 4136 4149
f 4136 4137 4151
f 4136 4151 4150
f 4137 4138 4152
f 4137 4152 4151
f 4138 4139 4153
f 4138 4153 4152
f 4139 4140 4154
f 4139 4154 4153
f 4140 4141 4155
f 4140 4155 4154
f 4141 4142 4156
f 4141 4156 4155
f 4142 4143 4157
f 4142 4157 4156
f 4143 4144 4158
f 4143 4158 4157
f 4144 4145 4159
f 4144 4159 4158
f 4145 4146 4160
f 4145 4160 4159
f 4146 4147 4161
f 4146 4161 4160
f 4147 4148 4162
f 4147 4162 4161
f 4148 4149 4163
f 4148 4163 4162
f 4149 4136 4150
f 4149 4150 4163
f 4150 4151 4165
f 4150 4165 4164
f 4151 4152 4166
f 4151 4166 4165
f 4152 4153 4167
f 4152 4167 4166
f 4153 4154 4168
f 4153 4168 4167
f 4154 4155 4169
f 4154 4169 4168
f 4155 4156 4170
f 4155 4170 4169
f 4156 4157 4171
f 4156 4171 4170
f 4157 4158 4172
f 4157 4172 4171
f 4158 4159 4173
f 4158 4173 4172
f 4159 4160 4174
f 4159 4174 4173
f 4160 4161 4175
f 4160 4175 4174
f 4161 4162 4176
f 4161 4176 4175
f 4162 4163 4177
f 4162 4177 4176
f 4163 4150 4164
f 4163 4164 4177
f 4164 4165 4178
f 4165 4166 4178
f 4166 4167 4178
f 4167 4168 4178
f 4168 4169 4178
f 4169 4170 4178
f 4170 4171 4178
f 4171 4172 4178
f 4172 4173 4178
f 4173 4174 4178
f 4174 4175 4178
f 4175 4176 4178
f 4176 4177 4178
f 4177 4164 4178
f 4179 4181 4180
f 4179 4182 4181
f 4179 4183 4182
f 4179 4184 4183
f 4179 4185 4184
f 4179 4186 4185
f 4179 4187 4186
f 4179 4188 4187
f 4179 4189 4188
f 4179 4190 4189
f 4179 4191 4190
f 4179 4192 4191
f 4179 4193 4192
f 4179 4180 4193
f 4180 4181 4195
f 4180 4195 4194
f 4181 4182 4196
f 4181 4196 4195
f 4182 4183 4197
f 4182 4197 4196
f 4183 4184 4198
f 4183 4198 4197
f 4184 4185 4199
f 4184 4199 4198
f 4185 4186 4200
f 4185 4200 4199
f 4186 4187 4201
f 4186 4201 4200
f 4187 4188 4202
f 4187 4202 4201
f 4188 4189 4203
f 4188 4203 4202
f 4189 4190 4204
f 4189 4204 4203
f 4190 4191 4205
f 4190 4205 4204
f 4191 4192 4206
f 4191 4206 4205
f 4192 4193 4207
f 4192 4207 4206
f 4193 4180 4194
f 4193 4194 4207
f 4194 4195 4209
f 4194 4209 4208
f 4195 4196 4210
f 4195 4210 4209
f 4196 4197 4211
f 4196 4211 4210
f 4197 4198 4212
f 4197 4212 4211
f 4198 4199 4213
f 4198 4213 4212
f 4199 4200 4214
f 4199 4214 4213
f 4200 4201 4215
f 4200 4215 4214
f 4201 4202 4216
f 4201 4216 4215
f 4202 4203 4217
f 4202 4217 4216
f 4203 4204 4218
f 4203 4218 4217
f 4204 4205 4219
f 4204 4219 4218
f 4205 4206 4220
f 4205 4220 4219
f 4206 4207 4221
f 4206 4221 4220
f 4207 4194 4208
f 4207 4208 4221
f 4208 4209 4223
f 4208 4223 4222
f 4209 4210 4224
f 4209 4224 4223
f 4210 4211 4225
f 4210 4225 4224
f 4211 4212 4226
f 4211 4226 4225
f 4212 4213 4227
f 4212 4227 4226
f 4213 4214 4228
f 4213 4228 4227
f 4214 4215 4229
f 4214 4229 4228
f 4215 4216 4230
f 4215 4230 4229
f 4216 4217 4231
f 4216 4231 4230
f 4217 4218 4232
f 4217 4232 4231
f 4218 4219 4233
f 4218 4233 4232
f 4219 4220 4234
f 4219 4234 4233
f 4220 4221 4235
f 4220 4235 4234
f 4221 4208 4222
f 4221 4222 4235
f 4222 4223 4237
f 4222 4237 4236
f 4223 4224 4238
f 4223 4238 4237
f 4224 4225 4239
f 4224 4239 4238
f 4225 4226 4240
f 4225 4240 4239
f 4226 4227 4241
f 4226 4241 4240
f 4227 4228 4242
f 4227 4242 4241
f 4228 4229 4243
f 4228 4243 4242
f 4229 4230 4244
f 4229 4244 4243
f 4230 4231 4245
f 4230 4245 4244
f 4231 4232 4246
f 4231 4246 4245
f 4232 4233 4247
f 4232 4247 4246
f 4233 4234 4248
f 4233 4248 4247
f 4234 4235 4249
f 4234 4249 4248
f 4235 4222 4236
f 4235 4236 4249
f 4236 4237 4251
f 4236 4251 4250
f 4237 4238 4252
f 4237 4252 4251
f 4238 4239 4253
f 4238 4253 4252
f 4239 4240 4254
f 4239 4254 4253
f 4240 4241 4255
f 4240 4255 4254
f 4241 4242 4256
f 4241 4256 4255
f 4242 4243 4257
f 4242 4257 4256
f 4243 4244 4258
f 4243 4258 4257
f 4244 4245 4259
f 4244 4259 4258
f 4245 4246 4260
f 4245 4260 4259
f 4246 4247 4261
f 4246 4261 4260
f 4247 4248 4262
f 4247 4262 4261
f 4248 4249 4263
f 4248 4263 4262
f 4249 4236 4250
f 4249 4250 4263
f 4250 4251 4265
f 4250 4265 4264
f 4251 4252 4266
f 4251 4266 4265
f 4252 4253 4267
f 4252 4267 4266
f 4253 4254 4268
f 4253 4268 4267
f 4254 4255 4269
f 4254 4269 4268
f 4255 4256 4270
f 4255 4270 4269
f 4256 4257 4271
f 4256 4271 4270
f 4257 4258 4272
f 4257 4272 4271
f 4258 4259 4273
f 4258 4273 4272
f 4259 4260 4274
f 4259 4274 4273
f 4260 4261 4275
f 4260 4275 4274
f 4261 4262 4276
f 4261 4276 4275
f 4262 4263 4277
f 4262 4277 4276
f 4263 4250 4264
f 4263 4264 4277
f 4264 4265 4278
f 4265 4266 4278
f 4266 4267 4278
f 4267 4268 4278
f 4268 4269 4278
f 4269 4270 4278
f 4270 4271 4278
f 4271 4272 4278
f 4272 4273 4278
f 4273 4274 4278
f 4274 4275 4278
f 4275 4276 4278
f 4276 4277 4278
f 4277 4264 4278
f 4279 4281 4280
f 4285 4286 4287
f 4279 4282 4281
f 4285 4287 4288
f 4279 4283 4282
f 4285 4288 4289
f 4279 4284 4283
f 4285 4289 4290
f 4279 4280 4286
f 4279 4286 4285
f 4280 4281 4287
f 4280 4287 4286
f 4281 4282 4288
f 4281 4288 4287
f 4282 4283 4289
f 4282 4289 4288
f 4283 4284 4290
f 4283 4290 4289
f 4284 4279 4285
f 4284 4285 4290
f 4291 4292 4306
f 4291 4306 4305
f 4319 4292 4291
f 4320 4305 4306
f 4292 4293 4307
f 4292 4307 4306
f 4319 4293 4292
f 4320 4306 4307
f 4293 4294 4308
f 4293 4308 4307
f 4319 4294 4293
f 4320 4307 4308
f 4294 4295 4309
f 4294 4309 4308
f 4319 4295 4294
f 4320 4308 4309
f 4295 4296 4310
f 4295 4310 4309
f 4319 4296 4295
f 4320 4309 4310
f 4296 4297 4311
f 4296 4311 4310
f 4319 4297 4296
f 4320 4310 4311
f 4297 4298 4312
f 4297 4312 4311
f 4319 4298 4297
f 4320 4311 4312
f 4298 4299 4313
f 4298 4313 4312
f 4319 4299 4298
f 4320 4312 4313
f 4299 4300 4314
f 4299 4314 4313
f 4319 4300 4299
f 4320 4313 4314
f 4300 4301 4315
f 4300 4315 4314
f 4319 4301 4300
f 4320 4314 4315
f 4301 4302 4316
f 4301 4316 4315
f 4319 4302 4301
f 4320 4315 4316
f 4302 4303 4317
f 4302 4317 4316
f 4319 4303 4302
f 4320 4316 4317
f 4303 4304 4318
f 4303 4318 4317
f 4319 4304 4303
f 4320 4317 4318
f 4304 4291 4305
f 4304 4305 4318
f 4319 4291 4304
f 4320 4318 4305
f 4321 4323 4322
f 4321 4324 4323
f 4321 4325 4324
f 4321 4326 4325
f 4321 4327 4326
f 4321 4328 4327
f 4321 4329 4328
f 4321 4330 4329
f 4321 4331 4330
f 4321 4332 4331
f 4321 4333 4332
f 4321 4334 4333
f 4321 4335 4334
f 4321 4322 4335
f 4322 4323 4337
f 4322 4337 4336
f 4323 4324 4338
f 4323 4338 4337
f 4324 4325 4339
f 4324 4339 4338
f 4325 4326 4340
f 4325 4340 4339
f 4326 4327 4341
f 4326 4341 4340
f 4327 4328 4342
f 4327 4342 4341
f 4328 4329 4343
f 4328 4343 4342
f 4329 4330 4344
f 4329 4344 4343
f 4330 4331 4345
f 4330 4345 4344
f 4331 4332 4346
f 4331 4346 4345
f 4332 4333 4347
f 4332 4347 4346
f 4333 4334 4348
f 4333 4348 4347
f 4334 4335 4349
f 4334 4349 4348
f 4335 4322 4336
f 4335 4336 4349
f 4336 4337 4351
f 4336 4351 4350
f 4337 4338 4352
f 4337 4352 4351
f 4338 4339 4353
f 4338 4353 4352
f 4339 4340 4354
f 4339 4354 4353
f 4340 4341 4355
f 4340 4355 4354
f 4341 4342 4356
f 4341 4356 4355
f 4342 4343 4357
f 4342 4357 4356
f 4343 4344 4358
f 4343 4358 4357
f 4344 4345 4359
f 4344 4359 4358
f 4345 4346 4360
f 4345 4360 4359
f 4346 4347 4361
f 4346 4361 4360
f 4347 4348 4362
f 4347 4362 4361
f 4348 4349 4363
f 4348 4363 4362
f 4349 4336 4350
f 4349 4350 4363
f 4350 4351 4365
f 4350 4365 4364
f 4351 4352 4366
f 4351 4366 4365
f 4352 4353 4367
f 4352 4367 4366
f 4353 4354 4368
f 4353 4368 4367
f 4354 4355 4369
f 4354 4369 4368
f 4355 4356 4370
f 4355 4370 4369
f 4356 4357 4371
f 4356 4371 4370
f 4357 4358 4372
f 4357 4372 4371
f 4358 4359 4373
f 4358 4373 4372
f 4359 4360 4374
f 4359 4374 4373
f 4360 4361 4375
f 4360 4375 4374
f 4361 4362 4376
f 4361 4376 4375
f 4362 4363 4377
f 4362 4377 4376
f 4363 4350 4364
f 4363 4364 4377
f 4364 4365 4379
f 4364 4379 4378
f 4365 4366 4380
f 4365 4380 4379
f 4366 4367 4381
f 4366 4381 4380
f 4367 4368 4382
f 4367 4382 4381
f 4368 4369 4383
f 4368 4383 4382
f 4369 4370 4384
f 4369 4384 4383
f 4370 4371 4385
f 4370 4385 4384
f 4371 4372 4386
f 4371 4386 4385
f 4372 4373 4387
f 4372 4387 4386
f 4373 4374 4388
f 4373 4388 4387
f 4374 4375 4389
f 4374 4389 4388
f 4375 4376 4390
f 4375 4390 4389
f 4376 4377 4391
f 4376 4391 4390
f 4377 4364 4378
f 4377 4378 4391
f 4378 4379 4393
f 4378 4393 4392
f 4379 4380 4394
f 4379 4394 4393
f 4380 4381 4395
f 4380 4395 4394
f 4381 4382 4396
f 4381 4396 4395
f 4382 4383 4397
f 4382 4397 4396
f 4383 4384 4398
f 4383 4398 4397
f 4384 4385 4399
f 4384 4399 4398
f 4385 4386 4400
f 4385 4400 4399
f 4386 4387 4401
f 4386 4401 4400
f 4387 4388 4402
f 4387 4402 4401
f 4388 4389 4403
f 4388 4403 4402
f 4389 4390 4404
f 4389 4404 4403
f 4390 4391 4405
f 4390 4405 4404
f 4391 4378 4392
f 4391 4392 4405
f 4392 4393 4407
f 4392 4407 4406
f 4393 4394 4408
f 4393 4408 4407
f 4394 4395 4409
f 4394 4409 4408
f 4395 4396 4410
f 4395 4410 4409
f 4396 4397 4411
f 4396 4411 4410
f 4397 4398 4412
f 4397 4412 4411
f 4398 4399 4413
f 4398 4413 4412
f 4399 4400 4414
f 4399 4414 4413
f 4400 4401 4415
f 4400 4415 4414
f 4401 4402 4416
f 4401 4416 4415
f 4402 4403 4417
f 4402 4417 4416
f 4403 4404 4418
f 4403 4418 4417
f 4404 4405 4419
f 4404 4419 4418
f 4405 4392 4406
f 4405 4406 4419
f 4406 4407 4420
f 4407 4408 4420
f 4408 4409 4420
f 4409 4410 4420
f 4410 4411 4420
f 4411 4412 4420
f 4412 4413 4420
f 4413 4414 4420
f 4414 4415 4420
f 4415 4416 4420
f 4416 4417 4420
f 4417 4418 4420
f 4418 4419 4420
f 4419 4406 4420
f 4421 4423 4422
f 4421 4424 4423
f 4421 4425 4424
f 4421 4426 4425
f 4421 4427 4426
f 4421 4428 4427
f 4421 4429 4428
f 4421 4430 4429
f 4421 4431 4430
f 4421 4432 4431
f 4421 4433 4432
f 4421 4434 4433
f 4421 4435 4434
f 4421 4422 4435
f 4422 4423 4437
f 4422 4437 4436
f 4423 4424 4438
f 4423 4438 4437
f 4424 4425 4439
f 4424 4439 4438
f 4425 4426 4440
f 4425 4440 4439
f 4426 4427 4441
f 4426 4441 4440
f 4427 4428 4442
f 4427 4442 4441
f 4428 4429 4443
f 4428 4443 4442
f 4429 4430 4444
f 4429 4444 4443
f 4430 4431 4445
f 4430 4445 4444
f 4431 4432 4446
f 4431 4446 4445
f 4432 4433 4447
f 4432 4447 4446
f 4433 4434 4448
f 4433 4448 4447
f 4434 4435 4449
f 4434 4449 4448
f 4435 4422 4436
f 4435 4436 4449
f 4436 4437 4451
f 4436 4451 4450
f 4437 4438 4452
f 4437 4452 4451
f 4438 4439 4453
f 4438 4453 4452
f 4439 4440 4454
f 4439 4454 4453
f 4440 4441 4455
f 4440 4455 4454
f 4441 4442 4456
f 4441 4456 4455
f 4442 4443 4457
f 4442 4457 4456
f 4443 4444 4458
f 4443 4458 4457
f 4444 4445 4459
f 4444 4459 4458
f 4445 4446 4460
f 4445 4460 4459
f 4446 4447 4461
f 4446 4461 4460
f 4447 4448 4462
f 4447 4462 4461
f 4448 4449 4463
f 4448 4463 4462
f 4449 4436 4450
f 4449 4450 4463
f 4450 4451 4465
f 4450 4465 4464
f 4451 4452 4466
f 4451 4466 4465
f 4452 4453 4467
f 4452 4467 4466
f 4453 4454 4468
f 4453 4468 4467
f 4454 4455 4469
f 4454 4469 4468
f 4455 4456 4470
f 4455 4470 4469
f 4456 4457 4471
f 4456 4471 4470
f 4457 4458 4472
f 4457 4472 4471
f 4458 4459 4473
f 4458 4473 4472
f 4459 4460 4474
f 4459 4474 4473
f 4460 4461 4475
f 4460 4475 4474
f 4461 4462 4476
f 4461 4476 4475
f 4462 4463 4477
f 4462 4477 4476
f 4463 4450 4464
f 4463 4464 4477
f 4464 4465 4479
f 4464 4479 4478
f 4465 4466 4480
f 4465 4480 4479
f 4466 4467 4481
f 4466 4481 4480
f 4467 4468 4482
f 4467 4482 4481
f 4468 4469 4483
f 4468 4483 4482
f 4469 4470 4484
f 4469 4484 4483
f 4470 4471 4485
f 4470 4485 4484
f 4471 4472 4486
f 4471 4486 4485
f 4472 4473 4487
f 4472 4487 4486
f 4473 4474 4488
f 4473 4488 4487
f 4474 4475 4489
f 4474 4489 4488
f 4475 4476 4490
f 4475 4490 4489
f 4476 4477 4491
f 4476 4491 4490
f 4477 4464 4478
f 4477 4478 4491
f 4478 4479 4493
f 4478 4493 4492
f 4479 4480 4494
f 4479 4494 4493
f 4480 4481 4495
f 4480 4495 4494
f 4481 4482 4496
f 4481 4496 4495
f 4482 4483 4497
f 4482 4497 4496
f 4483 4484 4498
f 4483 4498 4497
f 4484 4485 4499
f 4484 4499 4498
f 4485 4486 4500
f 4485 4500 4499
f 4486 4487 4501
f 4486 4501 4500
f 4487 4488 4502
f 4487 4502 4501
f 4488 4489 4503
f 4488 4503 4502
f 4489 4490 4504
f 4489 4504 4503
f 4490 4491 4505
f 4490 4505 4504
f 4491 4478 4492
f 4491 4492 4505
f 4492 4493 4507
f 4492 4507 4506
f 4493 4494 4508
f 4493 4508 4507
f 4494 4495 4509
f 4494 4509 4508
f 4495 4496 4510
f 4495 4510 4509
f 4496 4497 4511
f 4496 4511 4510
f 4497 4498 4512
f 4497 4512 4511
f 4498 4499 4513
f 4498 4513 4512
f 4499 4500 4514
f 4499 4514 4513
f 4500 4501 4515
f 4500 4515 4514
f 4501 4502 4516
f 4501 4516 4515
f 4502 4503 4517
f 4502 4517 4516
f 4503 4504 4518
f 4503 4518 4517
f 4504 4505 4519
f 4504 4519 4518
f 4505 4492 4506
f 4505 4506 4519
f 4506 4507 4520
f 4507 4508 4520
f 4508 4509 4520
f 4509 4510 4520
f 4510 4511 4520
f 4511 4512 4520
f 4512 4513 4520
f 4513 4514 4520
f 4514 4515 4520
f 4515 4516 4520
f 4516 4517 4520
f 4517 4518 4520
f 4518 4519 4520
f 4519 4506 4520
f 4521 4522 4536
f 4521 4536 4535
f 4549 4522 4521
f 4550 4535 4536
f 4522 4523 4537
f 4522 4537 4536
f 4549 4523 4522
f 4550 4536 4537
f 4523 4524 4538
f 4523 4538 4537
f 4549 4524 4523
f 4550 4537 4538
f 4524 4525 4539
f 4524 4539 4538
f 4549 4525 4524
f 4550 4538 4539
f 4525 4526 4540
f 4525 4540 4539
f 4549 4526 4525
f 4550 4539 4540
f 4526 4527 4541
f 4526 4541 4540
f 4549 4527 4526
f 4550 4540 4541
f 4527 4528 4542
f 4527 4542 4541
f 4549 4528 4527
f 4550 4541 4542
f 4528 4529 4543
f 4528 4543 4542
f 4549 4529 4528
f 4550 4542 4543
f 4529 4530 4544
f 4529 4544 4543
f 4549 4530 4529
f 4550 4543 4544
f 4530 4531 4545
f 4530 4545 4544
f 4549 4531 4530
f 4550 4544 4545
f 4531 4532 4546
f 4531 4546 4545
f 4549 4532 4531
f 4550 4545 4546
f 4532 4533 4547
f 4532 4547 4546
f 4549 4533 4532
f 4550 4546 4547
f 4533 4534 4548
f 4533 4548 4547
f 4549 4534 4533
f 4550 4547 4548
f 4534 4521 4535
f 4534 4535 4548
f 4549 4521 4534
f 4550 4548 4535
f 4551 4553 4552
f 4551 4554 4553
f 4551 4555 4554
f 4551 4556 4555
f 4551 4557 4556
f 4551 4558 4557
f 4551 4559 4558
f 4551 4560 4559
f 4551 4561 4560
f 4551 4562 4561
f 4551 4563 4562
f 4551 4564 4563
f 4551 4565 4564
f 4551 4552 4565
f 4552 4553 4567
f 4552 4567 4566
f 4553 4554 4568
f 4553 4568 4567
f 4554 4555 4569
f 4554 4569 4568
f 4555 4556 4570
f 4555 4570 4569
f 4556 4557 4571
f 4556 4571 4570
f 4557 4558 4572
f 4557 4572 4571
f 4558 4559 4573
f 4558 4573 4572
f 4559 4560 4574
f 4559 4574 4573
f 4560 4561 4575
f 4560 4575 4574
f 4561 4562 4576
f 4561 4576 4575
f 4562 4563 4577
f 4562 4577 4576
f 4563 4564 4578
f 4563 4578 4577
f 4564 4565 4579
f 4564 4579 4578
f 4565 4552 4566
f 4565 4566 4579
f 4566 4567 4581
f 4566 4581 4580
f 4567 4568 4582
f 4567 4582 4581
f 4568 4569 4583
f 4568 4583 4582
f 4569 4570 4584
f 4569 4584 4583
f 4570 4571 4585
f 4570 4585 4584
f 4571 4572 4586
f 4571 4586 4585
f 4572 4573 4587
f 4572 4587 4586
f 4573 4574 4588
f 4573 4588 4587
f 4574 4575 4589
f 4574 4589 4588
f 4575 4576 4590
f 4575 4590 4589
f 4576 4577 4591
f 4576 4591 4590
f 4577 4578 4592
f 4577 4592 4591
f 4578 4579 4593
f 4578 4593 4592
f 4579 4566 4580
f 4579 4580 4593
f 4580 4581 4595
f 4580 4595 4594
f 4581 4582 4596
f 4581 4596 4595
f 4582 4583 4597
f 4582 4597 4596
f 4583 4584 4598
f 4583 4598 4597
f 4584 4585 4599
f 4584 4599 4598
f 4585 4586 4600
f 4585 4600 4599
f 4586 4587 4601
f 4586 4601 4600
f 4587 4588 4602
f 4587 4602 4601
f 4588 4589 4603
f 4588 4603 4602
f 4589 4590 4604
f 4589 4604 4603
f 4590 4591 4605
f 4590 4605 4604
f 4591 4592 4606
f 4591 4606 4605
f 4592 4593 4607
f 4592 4607 4606
f 4593 4580 4594
f 4593 4594 4607
f 4594 4595 4609
f 4594 4609 4608
f 4595 4596 4610
f 4595 4610 4609
f 4596 4597 4611
f 4596 4611 4610
f 4597 4598 4612
f 4597 4612 4611
f 4598 4599 4613
f 4598 4613 4612
f 4599 4600 4614
f 4599 4614 4613
f 4600 4601 4615
f 4600 4615 4614
f 4601 4602 4616
f 4601 4616 4615
f 4602 4603 4617
f 4602 4617 4616
f 4603 4604 4618
f 4603 4618 4617
f 4604 4605 4619
f 4604 4619 4618
f 4605 4606 4620
f 4605 4620 4619
f 4606 4607 4621
f 4606 4621 4620
f 4607 4594 4608
f 4607 4608 4621
f 4608 4609 4623
f 4608 4623 4622
f 4609 4610 4624
f 4609 4624 4623
f 4610 4611 4625
f 4610 4625 4624
f 4611 4612 4626
f 4611 4626 4625
f 4612 4613 4627
f 4612 4627 4626
f 4613 4614 4628
f 4613 4628 4627
f 4614 4615 4629
f 4614 4629 4628
f 4615 4616 4630
f 4615 4630 4629
f 4616 4617 4631
f 4616 4631 4630
f 4617 4618 4632
f 4617 4632 4631
f 4618 4619 4633
f 4618 4633 4632
f 4619 4620 4634
f 4619 4634 4633
f 4620 4621 4635
f 4620 4635 4634
f 4621 4608 4622
f 4621 4622 4635
f 4622 4623 4637
f 4622 4637 4636
f 4623 4624 4638
f 4623 4638 4637
f 4624 4625 4639
f 4624 4639 4638
f 4625 4626 4640
f 4625 4640 4639
f 4626 4627 4641
f 4626 4641 4640
f 4627 4628 4642
f 4627 4642 4641
f 4628 4629 4643
f 4628 4643 4642
f 4629 4630 4644
f 4629 4644 4643
f 4630 4631 4645
f 4630 4645 4644
f 4631 4632 4646
f 4631 4646 4645
f 4632 4633 4647
f 4632 4647 4646
f 4633 4634 4648
f 4633 4648 4647
f 4634 4635 4649
f 4634 4649 4648
f 4635 4622 4636
f 4635 4636 4649
f 4636 4637 4650
f 4637 4638 4650
f 4638 4639 4650
f 4639 4640 4650
f 4640 4641 4650
f 4641 4642 4650
f 4642 4643 4650
f 4643 4644 4650
f 4644 4645 4650
f 4645 4646 4650
f 4646 4647 4650
f 4647 4648 4650
f 4648 4649 4650
f 4649 4636 4650
f 4651 4653 4652
f 4651 4654 4653
f 4651 4655 4654
f 4651 4656 4655
f 4651 4657 4656
f 4651 4658 4657
f 4651 4659 4658
f 4651 4660 4659
f 4651 4661 4660
f 4651 4662 4661
f 4651 4663 4662
f 4651 4664 4663
f 4651 4665 4664
f 4651 4652 4665
f 4652 4653 4667
f 4652 4667 4666
f 4653 4654 4668
f 4653 4668 4667
f 4654 4655 4669
f 4654 4669 4668
f 4655 4656 4670
f 4655 4670 4669
f 4656 4657 4671
f 4656 4671 4670
f 4657 4658 4672
f 4657 4672 4671
f 4658 4659 4673
f 4658 4673 4672
f 4659 4660 4674
f 4659 4674 4673
f 4660 4661 4675
f 4660 4675 4674
f 4661 4662 4676
f 4661 4676 4675
f 4662 4663 4677
f 4662 4677 4676
f 4663 4664 4678
f 4663 4678 4677
f 4664 4665 4679
f 4664 4679 4678
f 4665 4652 4666
f 4665 4666 4679
f 4666 4667 4681
f 4666 4681 4680
f 4667 4668 4682
f 4667 4682 4681
f 4668 4669 4683
f 4668 4683 4682
f 4669 4670 4684
f 4669 4684 4683
f 4670 4671 4685
f 4670 4685 4684
f 4671 4672 4686
f 4671 4686 4685
f 4672 4673 4687
f 4672 4687 4686
f 4673 4674 4688
f 4673 4688 4687
f 4674 4675 4689
f 4674 4689 4688
f 4675 4676 4690
f 4675 4690 4689
f 4676 4677 4691
f 4676 4691 4690
f 4677 4678 4692
f 4677 4692 4691
f 4678 4679 4693
f 4678 4693 4692
f 4679 4666 4680
f 4679 4680 4693
f 4680 4681 4695
f 4680 4695 4694
f 4681 4682 4696
f 4681 4696 4695
f 4682 4683 4697
f 4682 4697 4696
f 4683 4684 4698
f 4683 4698 4697
f 4684 4685 4699
f 4684 4699 4698
f 4685 4686 4700
f 4685 4700 4699
f 4686 4687 4701
f 4686 4701 4700
f 4687 4688 4702
f 4687 4702 4701
f 4688 4689 4703
f 4688 4703 4702
f 4689 4690 4704
f 4689 4704 4703
f 4690 4691 4705
f 4690 4705 4704
f 4691 4692 4706
f 4691 4706 4705
f 4692 4693 4707
f 4692 4707 4706
f 4693 4680 4694
f 4693 4694 4707
f 4694 4695 4709
f 4694 4709 4708
f 4695 4696 4710
f 4695 4710 4709
f 4696 4697 4711
f 4696 4711 4710
f 4697 4698 4712
f 4697 4712 4711
f 4698 4699 4713
f 4698 4713 4712
f 4699 4700 4714
f 4699 4714 4713
f 4700 4701 4715
f 4700 4715 4714
f 4701 4702 4716
f 4701 4716 4715
f 4702 4703 4717
f 4702 4717 4716
f 4703 4704 4718
f 4703 4718 4717
f 4704 4705 4719
f 4704 4719 4718
f 4705 4706 4720
f 4705 4720 4719
f 4706 4707 4721
f 4706 4721 4720
f 4707 4694 4708
f 4707 4708 4721
f 4708 4709 4723
f 4708 4723 4722
f 4709 4710 4724
f 4709 4724 4723
f 4710 4711 4725
f 4710 4725 4724
f 4711 4712 4726
f 4711 4726 4725
f 4712 4713 4727
f 4712 4727 4726
f 4713 4714 4728
f 4713 4728 4727
f 4714 4715 4729
f 4714 4729 4728
f 4715 4716 4730
f 4715 4730 4729
f 4716 4717 4731
f 4716 4731 4730
f 4717 4718 4732
f 4717 4732 4731
f 4718 4719 4733
f 4718 4733 4732
f 4719 4720 4734
f 4719 4734 4733
f 4720 4721 4735
f 4720 4735 4734
f 4721 4708 4722
f 4721 4722 4735
f 4722 4723 4737
f 4722 4737 4736
f 4723 4724 4738
f 4723 4738 4737
f 4724 4725 4739
f 4724 4739 4738
f 4725 4726 4740
f 4725 4740 4739
f 4726 4727 4741
f 4726 4741 4740
f 4727 4728 4742
f 4727 4742 4741
f 4728 4729 4743
f 4728 4743 4742
f 4729 4730 4744
f 4729 4744 4743
f 4730 4731 4745
f 4730 4745 4744
f 4731 4732 4746
f 4731 4746 4745
f 4732 4733 4747
f 4732 4747 4746
f 4733 4734 4748
f 4733 4748 4747
f 4734 4735 4749
f 4734 4749 4748
f 4735 4722 4736
f 4735 4736 4749
f 4736 4737 4750
f 4737 4738 4750
f 4738 4739 4750
f 4739 4740 4750
f 4740 4741 4750
f 4741 4742 4750
f 4742 4743 4750
f 4743 4744 4750
f 4744 4745 4750
f 4745 4746 4750
f 4746 4747 4750
f 4747 4748 4750
f 4748 4749 4750
f 4749 4736 4750
f 4751 4752 4766
f 4751 4766 4765
f 4779 4752 4751
f 4780 4765 4766
f 4752 4753 4767
f 4752 4767 4766
f 4779 4753 4752
f 4780 4766 4767
f 4753 4754 4768
f 4753 4768 4767
f 4779 4754 4753
f 4780 4767 4768
f 4754 4755 4769
f 4754 4769 4768
f 4779 4755 4754
f 4780 4768 4769
f 4755 4756 4770
f 4755 4770 4769
f 4779 4756 4755
f 4780 4769 4770
f 4756 4757 4771
f 4756 4771 4770
f 4779 4757 4756
f 4780 4770 4771
f 4757 4758 4772
f 4757 4772 4771
f 4779 4758 4757
f 4780 4771 4772
f 4758 4759 4773
f 4758 4773 4772
f 4779 4759 4758
f 4780 4772 4773
f 4759 4760 4774
f 4759 4774 4773
f 4779 4760 4759
f 4780 4773 4774
f 4760 4761 4775
f 4760 4775 4774
f 4779 4761 4760
f 4780 4774 4775
f 4761 4762 4776
f 4761 4776 4775
f 4779 4762 4761
f 4780 4775 4776
f 4762 4763 4777
f 4762 4777 4776
f 4779 4763 4762
f 4780 4776 4777
f 4763 4764 4778
f 4763 4778 4777
f 4779 4764 4763
f 4780 4777 4778
f 4764 4751 4765
f 4764 4765 4778
f 4779 4751 4764
f 4780 4778 4765
f 4781 4783 4782
f 4781 4784 4783
f 4781 4785 4784
f 4781 4786 4785
f 4781 4787 4786
f 4781 4788 4787
f 4781 4789 4788
f 4781 4790 4789
f 4781 4791 4790
f 4781 4792 4791
f 4781 4793 4792
f 4781 4794 4793
f 4781 4795 4794
f 4781 4782 4795
f 4782 4783 4797
f 4782 4797 4796
f 4783 4784 4798
f 4783 4798 4797
f 4784 4785 4799
f 4784 4799 4798
f 4785 4786 4800
f 4785 4800 4799
f 4786 4787 4801
f 4786 4801 4800
f 4787 4788 4802
f 4787 4802 4801
f 4788 4789 4803
f 4788 4803 4802
f 4789 4790 4804
f 4789 4804 4803
f 4790 4791 4805
f 4790 4805 4804
f 4791 4792 4806
f 4791 4806 4805
f 4792 4793 4807
f 4792 4807 4806
f 4793 4794 4808
f 4793 4808 4807
f 4794 4795 4809
f 4794 4809 4808
f 4795 4782 4796
f 4795 4796 4809
f 4796 4797 4811
f 4796 4811 4810
f 4797 4798 4812
f 4797 4812 4811
f 4798 4799 4813
f 4798 4813 4812
f 4799 4800 4814
f 4799 4814 4813
f 4800 4801 4815
f 4800 4815 4814
f 4801 4802 4816
f 4801 4816 4815
f 4802 4803 4817
f 4802 4817 4816
f 4803 4804 4818
f 4803 4818 4817
f 4804 4805 4819
f 4804 4819 4818
f 4805 4806 4820
f 4805 4820 4819
f 4806 4807 4821
f 4806 4821 4820
f 4807 4808 4822
f 4807 4822 4821
f 4808 4809 4823
f 4808 4823 4822
f 4809 4796 4810
f 4809 4810 4823
f 4810 4811 4825
f 4810 4825 4824
f 4811 4812 4826
f 4811 4826 4825
f 4812 4813 4827
f 4812 4827 4826
f 4813 4814 4828
f 4813 4828 4827
f 4814 4815 4829
f 4814 4829 4828
f 4815 4816 4830
f 4815 4830 4829
f 4816 4817 4831
f 4816 4831 4830
f 4817 4818 4832
f 4817 4832 4831
f 4818 4819 4833
f 4818 4833 4832
f 4819 4820 4834
f 4819 4834 4833
f 4820 4821 4835
f 4820 4835 4834
f 4821 4822 4836
f 4821 4836 4835
f 4822 4823 4837
f 4822 4837 4836
f 4823 4810 4824
f 4823 4824 4837
f 4824 4825 4839
f 4824 4839 4838
f 4825 4826 4840
f 4825 4840 4839
f 4826 4827 4841
f 4826 4841 4840
f 4827 4828 4842
f 4827 4842 4841
f 4828 4829 4843
f 4828 4843 4842
f 4829 4830 4844
f 4829 4844 4843
f 4830 4831 4845
f 4830 4845 4844
f 4831 4832 4846
f 4831 4846 4845
f 4832 4833 4847
f 4832 4847 4846
f 4833 4834 4848
f 4833 4848 4847
f 4834 4835 4849
f 4834 4849 4848
f 4835 4836 4850
f 4835 4850 4849
f 4836 4837 4851
f 4836 4851 4850
f 4837 4824 4838
f 4837 4838 4851
f 4838 4839 4853
f 4838 4853 4852
f 4839 4840 4854
f 4839 4854 4853
f 4840 4841 4855
f 4840 4855 4854
f 4841 4842 4856
f 4841 4856 4855
f 4842 4843 4857
f 4842 4857 4856
f 4843 4844 4858
f 4843 4858 4857
f 4844 4845 4859
f 4844 4859 4858
f 4845 4846 4860
f 4845 4860 4859
f 4846 4847 4861
f 4846 4861 4860
f 4847 4848 4862
f 4847 4862 4861
f 4848 4849 4863
f 4848 4863 4862
f 4849 4850 4864
f 4849 4864 4863
f 4850 4851 4865
f 4850 4865 4864
f 4851 4838 4852
f 4851 4852 4865
f 4852 4853 4867
f 4852 4867 4866
f 4853 4854 4868
f 4853 4868 4867
f 4854 4855 4869
f 4854 4869 4868
f 4855 4856 4870
f 4855 4870 4869
f 4856 4857 4871
f 4856 4871 4870
f 4857 4858 4872
f 4857 4872 4871
f 4858 4859 4873
f 4858 4873 4872
f 4859 4860 4874
f 4859 4874 4873
f 4860 4861 4875
f 4860 4875 4874
f 4861 4862 4876
f 4861 4876 4875
f 4862 4863 4877
f 4862 4877 4876
f 4863 4864 4878
f 4863 4878 4877
f 4864 4865 4879
f 4864 4879 4878
f 4865 4852 4866
f 4865 4866 4879
f 4866 4867 4880
f 4867 4868 4880
f 4868 4869 4880
f 4869 4870 4880
f 4870 4871 4880
f 4871 4872 4880
f 4872 4873 4880
f 4873 4874 4880
f 4874 4875 4880
f 4875 4876 4880
f 4876 4877 4880
f 4877 4878 4880
f 4878 4879 4880
f 4879 4866 4880
f 4881 4883 4882
f 4881 4884 4883
f 4881 4885 4884
f 4881 4886 4885
f 4881 4887 4886
f 4881 4888 4887
f 4881 4889 4888
f 4881 4890 4889
f 4881 4891 4890
f 4881 4892 4891
f 4881 4893 4892
f 4881 4894 4893
f 4881 4895 4894
f 4881 4882 4895
f 4882 4883 4897
f 4882 4897 4896
f 4883 4884 4898
f 4883 4898 4897
f 4884 4885 4899
f 4884 4899 4898
f 4885 4886 4900
f 4885 4900 4899
f 4886 4887 4901
f 4886 4901 4900
f 4887 4888 4902
f 4887 4902 4901
f 4888 4889 4903
f 4888 4903 4902
f 4889 4890 4904
f 4889 4904 4903
f 4890 4891 4905
f 4890 4905 4904
f 4891 4892 4906
f 4891 4906 4905
f 4892 4893 4907
f 4892 4907 4906
f 4893 4894 4908
f 4893 4908 4907
f 4894 4895 4909
f 4894 4909 4908
f 4895 4882 4896
f 4895 4896 4909
f 4896 4897 4911
f 4896 4911 4910
f 4897 4898 4912
f 4897 4912 4911
f 4898 4899 4913
f 4898 4913 4912
f 4899 4900 4914
f 4899 4914 4913
f 4900 4901 4915
f 4900 4915 4914
f 4901 4902 4916
f 4901 4916 4915
f 4902 4903 4917
f 4902 4917 4916
f 4903 4904 4918
f 4903 4918 4917
f 4904 4905 4919
f 4904 4919 4918
f 4905 4906 4920
f 4905 4920 4919
f 4906 4907 4921
f 4906 4921 4920
f 4907 4908 4922
f 4907 4922 4921
f 4908 4909 4923
f 4908 4923 4922
f 4909 4896 4910
f 4909 4910 4923
f 4910 4911 4925
f 4910 4925 4924
f 4911 4912 4926
f 4911 4926 4925
f 4912 4913 4927
f 4912 4927 4926
f 4913 4914 4928
f 4913 4928 4927
f 4914 4915 4929
f 4914 4929 4928
f 4915 4916 4930
f 4915 4930 4929
f 4916 4917 4931
f 4916 4931 4930
f 4917 4918 4932
f 4917 4932 4931
f 4918 4919 4933
f 4918 4933 4932
f 4919 4920 4934
f 4919 4934 4933
f 4920 4921 4935
f 4920 4935 4934
f 4921 4922 4936
f 4921 4936 4935
f 4922 4923 4937
f 4922 4937 4936
f 4923 4910 4924
f 4923 4924 4937
f 4924 4925 4939
f 4924 4939 4938
f 4925 4926 4940
f 4925 4940 4939
f 4926 4927 4941
f 4926 4941 4940
f 4927 4928 4942
f 4927 4942 4941
f 4928 4929 4943
f 4928 4943 4942
f 4929 4930 4944
f 4929 4944 4943
f 4930 4931 4945
f 4930 4945 4944
f 4931 4932 4946
f 4931 4946 4945
f 4932 4933 4947
f 4932 4947 4946
f 4933 4934 4948
f 4933 4948 4947
f 4934 4935 4949
f 4934 4949 4948
f 4935 4936 4950
f 4935 4950 4949
f 4936 4937 4951
f 4936 4951 4950
f 4937 4924 4938
f 4937 4938 4951
f 4938 4939 4953
f 4938 4953 4952
f 4939 4940 4954
f 4939 4954 4953
f 4940 4941 4955
f 4940 4955 4954
f 4941 4942 4956
f 4941 4956 4955
f 4942 4943 4957
f 4942 4957 4956
f 4943 4944 4958
f 4943 4958 4957
f 4944 4945 4959
f 4944 4959 4958
f 4945 4946 4960
f 4945 4960 4959
f 4946 4947 4961
f 4946 4961 4960
f 4947 4948 4962
f 4947 4962 4961
f 4948 4949 4963
f 4948 4963 4962
f 4949 4950 4964
f 4949 4964 4963
f 4950 4951 4965
f 4950 4965 4964
f 4951 4938 4952
f 4951 4952 4965
f 4952 4953 4967
f 4952 4967 4966
f 4953 4954 4968
f 4953 4968 4967
f 4954 4955 4969
f 4954 4969 4968
f 4955 4956 4970
f 4955 4970 4969
f 4956 4957 4971
f 4956 4971 4970
f 4957 4958 4972
f 4957 4972 4971
f 4958 4959 4973
f 4958 4973 4972
f 4959 4960 4974
f 4959 4974 4973
f 4960 4961 4975
f 4960 4975 4974
f 4961 4962 4976
f 4961 4976 4975
f 4962 4963 4977
f 4962 4977 4976
f 4963 4964 4978
f 4963 4978 4977
f 4964 4965 4979
f 4964 4979 4978
f 4965 4952 4966
f 4965 4966 4979
f 4966 4967 4980
f 4967 4968 4980
f 4968 4969 4980
f 4969 4970 4980
f 4970 4971 4980
f 4971 4972 4980
f 4972 4973 4980
f 4973 4974 4980
f 4974 4975 4980
f 4975 4976 4980
f 4976 4977 4980
f 4977 4978 4980
f 4978 4979 4980
f 4979 4966 4980
f 4981 4982 4996
f 4981 4996 4995
f 5009 4982 4981
f 5010 4995 4996
f 4982 4983 4997
f 4982 4997 4996
f 5009 4983 4982
f 5010 4996 4997
f 4983 4984 4998
f 4983 4998 4997
f 5009 4984 4983
f 5010 4997 4998
f 4984 4985 4999
f 4984 4999 4998
f 5009 4985 4984
f 5010 4998 4999
f 4985 4986 5000
f 4985 5000 4999
f 5009 4986 4985
f 5010 4999 5000
f 4986 4987 5001
f 4986 5001 5000
f 5009 4987 4986
f 5010 5000 5001
f 4987 4988 5002
f 4987 5002 5001
f 5009 4988 4987
f 5010 5001 5002
f 4988 4989 5003
f 4988 5003 5002
f 5009 4989 4988
f 5010 5002 5003
f 4989 4990 5004
f 4989 5004 5003
f 5009 4990 4989
f 5010 5003 5004
f 4990 4991 5005
f 4990 5005 5004
f 5009 4991 4990
f 5010 5004 5005
f 4991 4992 5006
f 4991 5006 5005
f 5009 4992 4991
f 5010 5005 5006
f 4992 4993 5007
f 4992 5007 5006
f 5009 4993 4992
f 5010 5006 5007
f 4993 4994 5008
f 4993 5008 5007
f 5009 4994 4993
f 5010 5007 5008
f 4994 4981 4995
f 4994 4995 5008
f 5009 4981 4994
f 5010 5008 4995
f 5011 5013 5012
f 5011 5014 5013
f 5011 5015 5014
f 5011 5016 5015
f 5011 5017 5016
f 5011 5018 5017
f 5011 5019 5018
f 5011 5020 5019
f 5011 5021 5020
f 5011 5022 5021
f 5011 5023 5022
f 5011 5024 5023
f 5011 5025 5024
f 5011 5012 5025
f 5012 5013 5027
f 5012 5027 5026
f 5013 5014 5028
f 5013 5028 5027
f 5014 5015 5029
f 5014 5029 5028
f 5015 5016 5030
f 5015 5030 5029
f 5016 5017 5031
f 5016 5031 5030
f 5017 5018 5032
f 5017 5032 5031
f 5018 5019 5033
f 5018 5033 5032
f 5019 5020 5034
f 5019 5034 5033
f 5020 5021 5035
f 5020 5035 5034
f 5021 5022 5036
f 5021 5036 5035
f 5022 5023 5037
f 5022 5037 5036
f 5023 5024 5038
f 5023 5038 5037
f 5024 5025 5039
f 5024 5039 5038
f 5025 5012 5026
f 5025 5026 5039
f 5026 5027 5041
f 5026 5041 5040
f 5027 5028 5042
f 5027 5042 5041
f 5028 5029 5043
f 5028 5043 5042
f 5029 5030 5044
f 5029 5044 5043
f 5030 5031 5045
f 5030 5045 5044
f 5031 5032 5046
f 5031 5046 5045
f 5032 5033 5047
f 5032 5047 5046
f 5033 5034 5048
f 5033 5048 5047
f 5034 5035 5049
f 5034 5049 5048
f 5035 5036 5050
f 5035 5050 5049
f 5036 5037 5051
f 5036 5051 5050
f 5037 5038 5052
f 5037 5052 5051
f 5038 5039 5053
f 5038 5053 5052
f 5039 5026 5040
f 5039 5040 5053
f 5040 5041 5055
f 5040 5055 5054
f 5041 5042 5056
f 5041 5056 5055
f 5042 5043 5057
f 5042 5057 5056
f 5043 5044 5058
f 5043 5058 5057
f 5044 5045 5059
f 5044 5059 5058
f 5045 5046 5060
f 5045 5060 5059
f 5046 5047 5061
f 5046 5061 5060
f 5047 5048 5062
f 5047 5062 5061
f 5048 5049 5063
f 5048 5063 5062
f 5049 5050 5064
f 5049 5064 5063
f 5050 5051 5065
f 5050 5065 5064
f 5051 5052 5066
f 5051 5066 5065
f 5052 5053 5067
f 5052 5067 5066
f 5053 5040 5054
f 5053 5054 5067
f 5054 5055 5069
f 5054 5069 5068
f 5055 5056 5070
f 5055 5070 5069
f 5056 5057 5071
f 5056 5071 5070
f 5057 5058 5072
f 5057 5072 5071
f 5058 5059 5073
f 5058 5073 5072
f 5059 5060 5074
f 5059 5074 5073
f 5060 5061 5075
f 5060 5075 5074
f 5061 5062 5076
f 5061 5076 5075
f 5062 5063 5077
f 5062 5077 5076
f 5063 5064 5078
f 5063 5078 5077
f 5064 5065 5079
f 5064 5079 5078
f 5065 5066 5080
f 5065 5080 5079
f 5066 5067 5081
f 5066 5081 5080
f 5067 5054 5068
f 5067 5068 5081
f 5068 5069 5083
f 5068 5083 5082
f 5069 5070 5084
f 5069 5084 5083
f 5070 5071 5085
f 5070 5085 5084
f 5071 5072 5086
f 5071 5086 5085
f 5072 5073 5087
f 5072 5087 5086
f 5073 5074 5088
f 5073 5088 5087
f 5074 5075 5089
f 5074 5089 5088
f 5075 5076 5090
f 5075 5090 5089
f 5076 5077 5091
f 5076 5091 5090
f 5077 5078 5092
f 5077 5092 5091
f 5078 5079 5093
f 5078 5093 5092
f 5079 5080 5094
f 5079 5094 5093
f 5080 5081 5095
f 5080 5095 5094
f 5081 5068 5082
f 5081 5082 5095
f 5082 5083 5097
f 5082 5097 5096
f 5083 5084 5098
f 5083 5098 5097
f 5084 5085 5099
f 5084 5099 5098
f 5085 5086 5100
f 5085 5100 5099
f 5086 5087 5101
f 5086 5101 5100
f 5087 5088 5102
f 5087 5102 5101
f 5088 5089 5103
f 5088 5103 5102
f 5089 5090 5104
f 5089 5104 5103
f 5090 5091 5105
f 5090 5105 5104
f 5091 5092 5106
f 5091 5106 5105
f 5092 5093 5107
f 5092 5107 5106
f 5093 5094 5108
f 5093 5108 5107
f 5094 5095 5109
f 5094 5109 5108
f 5095 5082 5096
f 5095 5096 5109
f 5096 5097 5110
f 5097 5098 5110
f 5098 5099 5110
f 5099 5100 5110
f 5100 5101 5110
f 5101 5102 5110
f 5102 5103 5110
f 5103 5104 5110
f 5104 5105 5110
f 5105 5106 5110
f 5106 5107 5110
f 5107 5108 5110
f 5108 5109 5110
f 5109 5096 5110
f 5111 5113 5112
f 5111 5114 5113
f 5111 5115 5114
f 5111 5116 5115
f 5111 5117 5116
f 5111 5118 5117
f 5111 5119 5118
f 5111 5120 5119
f 5111 5121 5120
f 5111 5122 5121
f 5111 5123 5122
f 5111 5124 5123
f 5111 5125 5124
f 5111 5112 5125
f 5112 5113 5127
f 5112 5127 5126
f 5113 5114 5128
f 5113 5128 5127
f 5114 5115 5129
f 5114 5129 5128
f 5115 5116 5130
f 5115 5130 5129
f 5116 5117 5131
f 5116 5131 5130
f 5117 5118 5132
f 5117 5132 5131
f 5118 5119 5133
f 5118 5133 5132
f 5119 5120 5134
f 5119 5134 5133
f 5120 5121 5135
f 5120 5135 5134
f 5121 5122 5136
f 5121 5136 5135
f 5122 5123 5137
f 5122 5137 5136
f 5123 5124 5138
f 5123 5138 5137
f 5124 5125 5139
f 5124 5139 5138
f 5125 5112 5126
f 5125 5126 5139
f 5126 5127 5141
f 5126 5141 5140
f 5127 5128 5142
f 5127 5142 5141
f 5128 5129 5143
f 5128 5143 5142
f 5129 5130 5144
f 5129 5144 5143
f 5130 5131 5145
f 5130 5145 5144
f 5131 5132 5146
f 5131 5146 5145
f 5132 5133 5147
f 5132 5147 5146
f 5133 5134 5148
f 5133 5148 5147
f 5134 5135 5149
f 5134 5149 5148
f 5135 5136 5150
f 5135 5150 5149
f 5136 5137 5151
f 5136 5151 5150
f 5137 5138 5152
f 5137 5152 5151
f 5138 5139 5153
f 5138 5153 5152
f 5139 5126 5140
f 5139 5140 5153
f 5140 5141 5155
f 5140 5155 5154
f 5141 5142 5156
f 5141 5156 5155
f 5142 5143 5157
f 5142 5157 5156
f 5143 5144 5158
f 5143 5158 5157
f 5144 5145 5159
f 5144 5159 5158
f 5145 5146 5160
f 5145 5160 5159
f 5146 5147 5161
f 5146 5161 5160
f 5147 5148 5162
f 5147 5162 5161
f 5148 5149 5163
f 5148 5163 5162
f 5149 5150 5164
f 5149 5164 5163
f 5150 5151 5165
f 5150 5165 5164
f 5151 5152 5166
f 5151 5166 5165
f 5152 5153 5167
f 5152 5167 5166
f 5153 5140 5154
f 5153 5154 5167
f 5154 5155 5169
f 5154 5169 5168
f 5155 5156 5170
f 5155 5170 5169
f 5156 5157 5171
f 5156 5171 5170
f 5157 5158 5172
f 5157 5172 5171
f 5158 5159 5173
f 5158 5173 5172
f 5159 5160 5174
f 5159 5174 5173
f 5160 5161 5175
f 5160 5175 5174
f 5161 5162 5176
f 5161 5176 5175
f 5162 5163 5177
f 5162 5177 5176
f 5163 5164 5178
f 5163 5178 5177
f 5164 5165 5179
f 5164 5179 5178
f 5165 5166 5180
f 5165 5180 5179
f 5166 5167 5181
f 5166 5181 5180
f 5167 5154 5168
f 5167 5168 5181
f 5168 5169 5183
f 5168 5183 5182
f 5169 5170 5184
f 5169 5184 5183
f 5170 5171 5185
f 5170 5185 5184
f 5171 5172 5186
f 5171 5186 5185
f 5172 5173 5187
f 5172 5187 5186
f 5173 5174 5188
f 5173 5188 5187
f 5174 5175 5189
f 5174 5189 5188
f 5175 5176 5190
f 5175 5190 5189
f 5176 5177 5191
f 5176 5191 5190
f 5177 5178 5192
f 5177 5192 5191
f 5178 5179 5193
f 5178 5193 5192
f 5179 5180 5194
f 5179 5194 5193
f 5180 5181 5195
f 5180 5195 5194
f 5181 5168 5182
f 5181 5182 5195
f 5182 5183 5197
f 5182 5197 5196
f 5183 5184 5198
f 5183 5198 5197
f 5184 5185 5199
f 5184 5199 5198
f 5185 5186 5200
f 5185 5200 5199
f 5186 5187 5201
f 5186 5201 5200
f 5187 5188 5202
f 5187 5202 5201
f 5188 5189 5203
f 5188 5203 5202
f 5189 5190 5204
f 5189 5204 5203
f 5190 5191 5205
f 5190 5205 5204
f 5191 5192 5206
f 5191 5206 5205
f 5192 5193 5207
f 5192 5207 5206
f 5193 5194 5208
f 5193 5208 5207
f 5194 5195 5209
f 5194 5209 5208
f 5195 5182 5196
f 5195 5196 5209
f 5196 5197 5210
f 5197 5198 5210
f 5198 5199 5210
f 5199 5200 5210
f 5200 5201 5210
f 5201 5202 5210
f 5202 5203 5210
f 5203 5204 5210
f 5204 5205 5210
f 5205 5206 5210
f 5206 5207 5210
f 5207 5208 5210
f 5208 5209 5210
f 5209 5196 5210
f 5211 5212 5226
f 5211 5226 5225
f 5239 5212 5211
f 5240 5225 5226
f 5212 5213 5227
f 5212 5227 5226
f 5239 5213 5212
f 5240 5226 5227
f 5213 5214 5228
f 5213 5228 5227
f 5239 5214 5213
f 5240 5227 5228
f 5214 5215 5229
f 5214 5229 5228
f 5239 5215 5214
f 5240 5228 5229
f 5215 5216 5230
f 5215 5230 5229
f 5239 5216 5215
f 5240 5229 5230
f 5216 5217 5231
f 5216 5231 5230
f 5239 5217 5216
f 5240 5230 5231
f 5217 5218 5232
f 5217 5232 5231
f 5239 5218 5217
f 5240 5231 5232
f 5218 5219 5233
f 5218 5233 5232
f 5239 5219 5218
f 5240 5232 5233
f 5219 5220 5234
f 5219 5234 5233
f 5239 5220 5219
f 5240 5233 5234
f 5220 5221 5235
f 5220 5235 5234
f 5239 5221 5220
f 5240 5234 5235
f 5221 5222 5236
f 5221 5236 5235
f 5239 5222 5221
f 5240 5235 5236
f 5222 5223 5237
f 5222 5237 5236
f 5239 5223 5222
f 5240 5236 5237
f 5223 5224 5238
f 5223 5238 5237
f 5239 5224 5223
f 5240 5237 5238
f 5224 5211 5225
f 5224 5225 5238
f 5239 5211 5224
f 5240 5238 5225
f 5241 5243 5242
f 5241 5244 5243
f 5241 5245 5244
f 5241 5246 5245
f 5241 5247 5246
f 5241 5248 5247
f 5241 5249 5248
f 5241 5250 5249
f 5241 5251 5250
f 5241 5252 5251
f 5241 5253 5252
f 5241 5254 5253
f 5241 5255 5254
f 5241 5242 5255
f 5242 5243 5257
f 5242 5257 5256
f 5243 5244 5258
f 5243 5258 5257
f 5244 5245 5259
f 5244 5259 5258
f 5245 5246 5260
f 5245 5260 5259
f 5246 5247 5261
f 5246 5261 5260
f 5247 5248 5262
f 5247 5262 5261
f 5248 5249 5263
f 5248 5263 5262
f 5249 5250 5264
f 5249 5264 5263
f 5250 5251 5265
f 5250 5265 5264
f 5251 5252 5266
f 5251 5266 5265
f 5252 5253 5267
f 5252 5267 5266
f 5253 5254 5268
f 5253 5268 5267
f 5254 5255 5269
f 5254 5269 5268
f 5255 5242 5256
f 5255 5256 5269
f 5256 5257 5271
f 5256 5271 5270
f 5257 5258 5272
f 5257 5272 5271
f 5258 5259 5273
f 5258 5273 5272
f 5259 5260 5274
f 5259 5274 5273
f 5260 5261 5275
f 5260 5275 5274
f 5261 5262 5276
f 5261 5276 5275
f 5262 5263 5277
f 5262 5277 5276
f 5263 5264 5278
f 5263 5278 5277
f 5264 5265 5279
f 5264 5279 5278
f 5265 5266 5280
f 5265 5280 5279
f 5266 5267 5281
f 5266 5281 5280
f 5267 5268 5282
f 5267 5282 5281
f 5268 5269 5283
f 5268 5283 5282
f 5269 5256 5270
f 5269 5270 5283
f 5270 5271 5285
f 5270 5285 5284
f 5271 5272 5286
f 5271 5286 5285
f 5272 5273 5287
f 5272 5287 5286
f 5273 5274 5288
f 5273 5288 5287
f 5274 5275 5289
f 5274 5289 5288
f 5275 5276 5290
f 5275 5290 5289
f 5276 5277 5291
f 5276 5291 5290
f 5277 5278 5292
f 5277 5292 5291
f 5278 5279 5293
f 5278 5293 5292
f 5279 5280 5294
f 5279 5294 5293
f 5280 5281 5295
f 5280 5295 5294
f 5281 5282 5296
f 5281 5296 5295
f 5282 5283 5297
f 5282 5297 5296
f 5283 5270 5284
f 5283 5284 5297
f 5284 5285 5299
f 5284 5299 5298
f 5285 5286 5300
f 5285 5300 5299
f 5286 5287 5301
f 5286 5301 5300
f 5287 5288 5302
f 5287 5302 5301
f 5288 5289 5303
f 5288 5303 5302
f 5289 5290 5304
f 5289 5304 5303
f 5290 5291 5305
f 5290 5305 5304
f 5291 5292 5306
f 5291 5306 5305
f 5292 5293 5307
f 5292 5307 5306
f 5293 5294 5308
f 5293 5308 5307
f 5294 5295 5309
f 5294 5309 5308
f 5295 5296 5310
f 5295 5310 5309
f 5296 5297 5311
f 5296 5311 5310
f 5297 5284 5298
f 5297 5298 5311
f 5298 5299 5313
f 5298 5313 5312
f 5299 5300 5314
f 5299 5314 5313
f 5300 5301 5315
f 5300 5315 5314
f 5301 5302 5316
f 5301 5316 5315
f 5302 5303 5317
f 5302 5317 5316
f 5303 5304 5318
f 5303 5318 5317
f 5304 5305 5319
f 5304 5319 5318
f 5305 5306 5320
f 5305 5320 5319
f 5306 5307 5321
f 5306 5321 5320
f 5307 5308 5322
f 5307 5322 5321
f 5308 5309 5323
f 5308 5323 5322
f 5309 5310 5324
f 5309 5324 5323
f 5310 5311 5325
f 5310 5325 5324
f 5311 5298 5312
f 5311 5312 5325
f 5312 5313 5327
f 5312 5327 5326
f 5313 5314 5328
f 5313 5328 5327
f 5314 5315 5329
f 5314 5329 5328
f 5315 5316 5330
f 5315 5330 5329
f 5316 5317 5331
f 5316 5331 5330
f 5317 5318 5332
f 5317 5332 5331
f 5318 5319 5333
f 5318 5333 5332
f 5319 5320 5334
f 5319 5334 5333
f 5320 5321 5335
f 5320 5335 5334
f 5321 5322 5336
f 5321 5336 5335
f 5322 5323 5337
f 5322 5337 5336
f 5323 5324 5338
f 5323 5338 5337
f 5324 5325 5339
f 5324 5339 5338
f 5325 5312 5326
f 5325 5326 5339
f 5326 5327 5340
f 5327 5328 5340
f 5328 5329 5340
f 5329 5330 5340
f 5330 5331 5340
f 5331 5332 5340
f 5332 5333 5340
f 5333 5334 5340
f 5334 5335 5340
f 5335 5336 5340
f 5336 5337 5340
f 5337 5338 5340
f 5338 5339 5340
f 5339 5326 5340
f 5341 5343 5342
f 5341 5344 5343
f 5341 5345 5344
f 5341 5346 5345
f 5341 5347 5346
f 5341 5348 5347
f 5341 5349 5348
f 5341 5350 5349
f 5341 5351 5350
f 5341 5352 5351
f 5341 5353 5352
f 5341 5354 5353
f 5341 5355 5354
f 5341 5342 5355
f 5342 5343 5357
f 5342 5357 5356
f 5343 5344 5358
f 5343 5358 5357
f 5344 5345 5359
f 5344 5359 5358
f 5345 5346 5360
f 5345 5360 5359
f 5346 5347 5361
f 5346 5361 5360
f 5347 5348 5362
f 5347 5362 5361
f 5348 5349 5363
f 5348 5363 5362
f 5349 5350 5364
f 5349 5364 5363
f 5350 5351 5365
f 5350 5365 5364
f 5351 5352 5366
f 5351 5366 5365
f 5352 5353 5367
f 5352 5367 5366
f 5353 5354 5368
f 5353 5368 5367
f 5354 5355 5369
f 5354 5369 5368
f 5355 5342 5356
f 5355 5356 5369
f 5356 5357 5371
f 5356 5371 5370
f 5357 5358 5372
f 5357 5372 5371
f 5358 5359 5373
f 5358 5373 5372
f 5359 5360 5374
f 5359 5374 5373
f 5360 5361 5375
f 5360 5375 5374
f 5361 5362 5376
f 5361 5376 5375
f 5362 5363 5377
f 5362 5377 5376
f 5363 5364 5378
f 5363 5378 5377
f 5364 5365 5379
f 5364 5379 5378
f 5365 5366 5380
f 5365 5380 5379
f 5366 5367 5381
f 5366 5381 5380
f 5367 5368 5382
f 5367 5382 5381
f 5368 5369 5383
f 5368 5383 5382
f 5369 5356 5370
f 5369 5370 5383
f 5370 5371 5385
f 5370 5385 5384
f 5371 5372 5386
f 5371 5386 5385
f 5372 5373 5387
f 5372 5387 5386
f 5373 5374 5388
f 5373 5388 5387
f 5374 5375 5389
f 5374 5389 5388
f 5375 5376 5390
f 5375 5390 5389
f 5376 5377 5391
f 5376 5391 5390
f 5377 5378 5392
f 5377 5392 5391
f 5378 5379 5393
f 5378 5393 5392
f 5379 5380 5394
f 5379 5394 5393
f 5380 5381 5395
f 5380 5395 5394
f 5381 5382 5396
f 5381 5396 5395
f 5382 5383 5397
f 5382 5397 5396
f 5383 5370 5384
f 5383 5384 5397
f 5384 5385 5399
f 5384 5399 5398
f 5385 5386 5400
f 5385 5400 5399
f 5386 5387 5401
f 5386 5401 5400
f 5387 5388 5402
f 5387 5402 5401
f 5388 5389 5403
f 5388 5403 5402
f 5389 5390 5404
f 5389 5404 5403
f 5390 5391 5405
f 5390 5405 5404
f 5391 5392 5406
f 5391 5406 5405
f 5392 5393 5407
f 5392 5407 5406
f 5393 5394 5408
f 5393 5408 5407
f 5394 5395 5409
f 5394 5409 5408
f 5395 5396 5410
f 5395 5410 5409
f 5396 5397 5411
f 5396 5411 5410
f 5397 5384 5398
f 5397 5398 5411
f 5398 5399 5413
f 5398 5413 5412
f 5399 5400 5414
f 5399 5414 5413
f 5400 5401 5415
f 5400 5415 5414
f 5401 5402 5416
f 5401 5416 5415
f 5402 5403 5417
f 5402 5417 5416
f 5403 5404 5418
f 5403 5418 5417
f 5404 5405 5419
f 5404 5419 5418
f 5405 5406 5420
f 5405 5420 5419
f 5406 5407 5421
f 5406 5421 5420
f 5407 5408 5422
f 5407 5422 5421
f 5408 5409 5423
f 5408 5423 5422
f 5409 5410 5424
f 5409 5424 5423
f 5410 5411 5425
f 5410 5425 5424
f 5411 5398 5412
f 5411 5412 5425
f 5412 5413 5427
f 5412 5427 5426
f 5413 5414 5428
f 5413 5428 5427
f 5414 5415 5429
f 5414 5429 5428
f 5415 5416 5430
f 5415 5430 5429
f 5416 5417 5431
f 5416 5431 5430
f 5417 5418 5432
f 5417 5432 5431
f 5418 5419 5433
f 5418 5433 5432
f 5419 5420 5434
f 5419 5434 5433
f 5420 5421 5435
f 5420 5435 5434
f 5421 5422 5436
f 5421 5436 5435
f 5422 5423 5437
f 5422 5437 5436
f 5423 5424 5438
f 5423 5438 5437
f 5424 5425 5439
f 5424 5439 5438
f 5425 5412 5426
f 5425 5426 5439
f 5426 5427 5440
f 5427 5428 5440
f 5428 5429 5440
f 5429 5430 5440
f 5430 5431 5440
f 5431 5432 5440
f 5432 5433 5440
f 5433 5434 5440
f 5434 5435 5440
f 5435 5436 5440
f 5436 5437 5440
f 5437 5438 5440
f 5438 5439 5440
f 5439 5426 5440
f 5441 5442 5456
f 5441 5456 5455
f 5469 5442 5441
f 5470 5455 5456
f 5442 5443 5457
f 5442 5457 5456
f 5469 5443 5442
f 5470 5456 5457
f 5443 5444 5458
f 5443 5458 5457
f 5469 5444 5443
f 5470 5457 5458
f 5444 5445 5459
f 5444 5459 5458
f 5469 5445 5444
f 5470 5458 5459
f 5445 5446 5460
f 5445 5460 5459
f 5469 5446 5445
f 5470 5459 5460
f 5446 5447 5461
f 5446 5461 5460
f 5469 5447 5446
f 5470 5460 5461
f 5447 5448 5462
f 5447 5462 5461
f 5469 5448 5447
f 5470 5461 5462
f 5448 5449 5463
f 5448 5463 5462
f 5469 5449 5448
f 5470 5462 5463
f 5449 5450 5464
f 5449 5464 5463
f 5469 5450 5449
f 5470 5463 5464
f 5450 5451 5465
f 5450 5465 5464
f 5469 5451 5450
f 5470 5464 5465
f 5451 5452 5466
f 5451 5466 5465
f 5469 5452 5451
f 5470 5465 5466
f 5452 5453 5467
f 5452 5467 5466
f 5469 5453 5452
f 5470 5466 5467
f 5453 5454 5468
f 5453 5468 5467
f 5469 5454 5453
f 5470 5467 5468
f 5454 5441 5455
f 5454 5455 5468
f 5469 5441 5454
f 5470 5468 5455
f 5471 5473 5472
f 5471 5474 5473
f 5471 5475 5474
f 5471 5476 5475
f 5471 5477 5476
f 5471 5478 5477
f 5471 5479 5478
f 5471 5480 5479
f 5471 5481 5480
f 5471 5482 5481
f 5471 5483 5482
f 5471 5484 5483
f 5471 5485 5484
f 5471 5472 5485
f 5472 5473 5487
f 5472 5487 5486
f 5473 5474 5488
f 5473 5488 5487
f 5474 5475 5489
f 5474 5489 5488
f 5475 5476 5490
f 5475 5490 5489
f 5476 5477 5491
f 5476 5491 5490
f 5477 5478 5492
f 5477 5492 5491
f 5478 5479 5493
f 5478 5493 5492
f 5479 5480 5494
f 5479 5494 5493
f 5480 5481 5495
f 5480 5495 5494
f 5481 5482 5496
f 5481 5496 5495
f 5482 5483 5497
f 5482 5497 5496
f 5483 5484 5498
f 5483 5498 5497
f 5484 5485 5499
f 5484 5499 5498
f 5485 5472 5486
f 5485 5486 5499
f 5486 5487 5501
f 5486 5501 5500
f 5487 5488 5502
f 5487 5502 5501
f 5488 5489 5503
f 5488 5503 5502
f 5489 5490 5504
f 5489 5504 5503
f 5490 5491 5505
f 5490 5505 5504
f 5491 5492 5506
f 5491 5506 5505
f 5492 5493 5507
f 5492 5507 5506
f 5493 5494 5508
f 5493 5508 5507
f 5494 5495 5509
f 5494 5509 5508
f 5495 5496 5510
f 5495 5510 5509
f 5496 5497 5511
f 5496 5511 5510
f 5497 5498 5512
f 5497 5512 5511
f 5498 5499 5513
f 5498 5513 5512
f 5499 5486 5500
f 5499 5500 5513
f 5500 5501 5515
f 5500 5515 5514
f 5501 5502 5516
f 5501 5516 5515
f 5502 5503 5517
f 5502 5517 5516
f 5503 5504 5518
f 5503 5518 5517
f 5504 5505 5519
f 5504 5519 5518
f 5505 5506 5520
f 5505 5520 5519
f 5506 5507 5521
f 5506 5521 5520
f 5507 5508 5522
f 5507 5522 5521
f 5508 5509 5523
f 5508 5523 5522
f 5509 5510 5524
f 5509 5524 5523
f 5510 5511 5525
f 5510 5525 5524
f 5511 5512 5526
f 5511 5526 5525
f 5512 5513 5527
f 5512 5527 5526
f 5513 5500 5514
f 5513 5514 5527
f 5514 5515 5529
f 5514 5529 5528
f 5515 5516 5530
f 5515 5530 5529
f 5516 5517 5531
f 5516 5531 5530
f 5517 5518 5532
f 5517 5532 5531
f 5518 5519 5533
f 5518 5533 5532
f 5519 5520 5534
f 5519 5534 5533
f 5520 5521 5535
f 5520 5535 5534
f 5521 5522 5536
f 5521 5536 5535
f 5522 5523 5537
f 5522 5537 5536
f 5523 5524 5538
f 5523 5538 5537
f 5524 5525 5539
f 5524 5539 5538
f 5525 5526 5540
f 5525 5540 5539
f 5526 5527 5541
f 5526 5541 5540
f 5527 5514 5528
f 5527 5528 5541
f 5528 5529 5543
f 5528 5543 5542
f 5529 5530 5544
f 5529 5544 5543
f 5530 5531 5545
f 5530 5545 5544
f 5531 5532 5546
f 5531 5546 5545
f 5532 5533 5547
f 5532 5547 5546
f 5533 5534 5548
f 5533 5548 5547
f 5534 5535 5549
f 5534 5549 5548
f 5535 5536 5550
f 5535 5550 5549
f 5536 5537 5551
f 5536 5551 5550
f 5537 5538 5552
f 5537 5552 5551
f 5538 5539 5553
f 5538 5553 5552
f 5539 5540 5554
f 5539 5554 5553
f 5540 5541 5555
f 5540 5555 5554
f 5541 5528 5542
f 5541 5542 5555
f 5542 5543 5557
f 5542 5557 5556
f 5543 5544 5558
f 5543 5558 5557
f 5544 5545 5559
f 5544 5559 5558
f 5545 5546 5560
f 5545 5560 5559
f 5546 5547 5561
f 5546 5561 5560
f 5547 5548 5562
f 5547 5562 5561
f 5548 5549 5563
f 5548 5563 5562
f 5549 5550 5564
f 5549 5564 5563
f 5550 5551 5565
f 5550 5565 5564
f 5551 5552 5566
f 5551 5566 5565
f 5552 5553 5567
f 5552 5567 5566
f 5553 5554 5568
f 5553 5568 5567
f 5554 5555 5569
f 5554 5569 5568
f 5555 5542 5556
f 5555 5556 5569
f 5556 5557 5570
f 5557 5558 5570
f 5558 5559 5570
f 5559 5560 5570
f 5560 5561 5570
f 5561 5562 5570
f 5562 5563 5570
f 5563 5564 5570
f 5564 5565 5570
f 5565 5566 5570
f 5566 5567 5570
f 5567 5568 5570
f 5568 5569 5570
f 5569 5556 5570
f 5571 5573 5572
f 5571 5574 5573
f 5571 5575 5574
f 5571 5576 5575
f 5571 5577 5576
f 5571 5578 5577
f 5571 5579 5578
f 5571 5580 5579
f 5571 5581 5580
f 5571 5582 5581
f 5571 5583 5582
f 5571 5584 5583
f 5571 5585 5584
f 5571 5572 5585
f 5572 5573 5587
f 5572 5587 5586
f 5573 5574 5588
f 5573 5588 5587
f 5574 5575 5589
f 5574 5589 5588
f 5575 5576 5590
f 5575 5590 5589
f 5576 5577 5591
f 5576 5591 5590
f 5577 5578 5592
f 5577 5592 5591
f 5578 5579 5593
f 5578 5593 5592
f 5579 5580 5594
f 5579 5594 5593
f 5580 5581 5595
f 5580 5595 5594
f 5581 5582 5596
f 5581 5596 5595
f 5582 5583 5597
f 5582 5597 5596
f 5583 5584 5598
f 5583 5598 5597
f 5584 5585 5599
f 5584 5599 5598
f 5585 5572 5586
f 5585 5586 5599
f 5586 5587 5601
f 5586 5601 5600
f 5587 5588 5602
f 5587 5602 5601
f 5588 5589 5603
f 5588 5603 5602
f 5589 5590 5604
f 5589 5604 5603
f 5590 5591 5605
f 5590 5605 5604
f 5591 5592 5606
f 5591 5606 5605
f 5592 5593 5607
f 5592 5607 5606
f 5593 5594 5608
f 5593 5608 5607
f 5594 5595 5609
f 5594 5609 5608
f 5595 5596 5610
f 5595 5610 5609
f 5596 5597 5611
f 5596 5611 5610
f 5597 5598 5612
f 5597 5612 5611
f 5598 5599 5613
f 5598 5613 5612
f 5599 5586 5600
f 5599 5600 5613
f 5600 5601 5615
f 5600 5615 5614
f 5601 5602 5616
f 5601 5616 5615
f 5602 5603 5617
f 5602 5617 5616
f 5603 5604 5618
f 5603 5618 5617
f 5604 5605 5619
f 5604 5619 5618
f 5605 5606 5620
f 5605 5620 5619
f 5606 5607 5621
f 5606 5621 5620
f 5607 5608 5622
f 5607 5622 5621
f 5608 5609 5623
f 5608 5623 5622
f 5609 5610 5624
f 5609 5624 5623
f 5610 5611 5625
f 5610 5625 5624
f 5611 5612 5626
f 5611 5626 5625
f 5612 5613 5627
f 5612 5627 5626
f 5613 5600 5614
f 5613 5614 5627
f 5614 5615 5629
f 5614 5629 5628
f 5615 5616 5630
f 5615 5630 5629
f 5616 5617 5631
f 5616 5631 5630
f 5617 5618 5632
f 5617 5632 5631
f 5618 5619 5633
f 5618 5633 5632
f 5619 5620 5634
f 5619 5634 5633
f 5620 5621 5635
f 5620 5635 5634
f 5621 5622 5636
f 5621 5636 5635
f 5622 5623 5637
f 5622 5637 5636
f 5623 5624 5638
f 5623 5638 5637
f 5624 5625 5639
f 5624 5639 5638
f 5625 5626 5640
f 5625 5640 5639
f 5626 5627 5641
f 5626 5641 5640
f 5627 5614 5628
f 5627 5628 5641
f 5628 5629 5643
f 5628 5643 5642
f 5629 5630 5644
f 5629 5644 5643
f 5630 5631 5645
f 5630 5645 5644
f 5631 5632 5646
f 5631 5646 5645
f 5632 5633 5647
f 5632 5647 5646
f 5633 5634 5648
f 5633 5648 5647
f 5634 5635 5649
f 5634 5649 5648
f 5635 5636 5650
f 5635 5650 5649
f 5636 5637 5651
f 5636 5651 5650
f 5637 5638 5652
f 5637 5652 5651
f 5638 5639 5653
f 5638 5653 5652
f 5639 5640 5654
f 5639 5654 5653
f 5640 5641 5655
f 5640 5655 5654
f 5641 5628 5642
f 5641 5642 5655
f 5642 5643 5657
f 5642 5657 5656
f 5643 5644 5658
f 5643 5658 5657
f 5644 5645 5659
f 5644 5659 5658
f 5645 5646 5660
f 5645 5660 5659
f 5646 5647 5661
f 5646 5661 5660
f 5647 5648 5662
f 5647 5662 5661
f 5648 5649 5663
f 5648 5663 5662
f 5649 5650 5664
f 5649 5664 5663
f 5650 5651 5665
f 5650 5665 5664
f 5651 5652 5666
f 5651 5666 5665
f 5652 5653 5667
f 5652 5667 5666
f 5653 5654 5668
f 5653 5668 5667
f 5654 5655 5669
f 5654 5669 5668
f 5655 5642 5656
f 5655 5656 5669
f 5656 5657 5670
f 5657 5658 5670
f 5658 5659 5670
f 5659 5660 5670
f 5660 5661 5670
f 5661 5662 5670
f 5662 5663 5670
f 5663 5664 5670
f 5664 5665 5670
f 5665 5666 5670
f 5666 5667 5670
f 5667 5668 5670
f 5668 5669 5670
f 5669 5656 5670
f 5671 5672 5686
f 5671 5686 5685
f 5699 5672 5671
f 5700 5685 5686
f 5672 5673 5687
f 5672 5687 5686
f 5699 5673 5672
f 5700 5686 5687
f 5673 5674 5688
f 5673 5688 5687
f 5699 5674 5673
f 5700 5687 5688
f 5674 5675 5689
f 5674 5689 5688
f 5699 5675 5674
f 5700 5688 5689
f 5675 5676 5690
f 5675 5690 5689
f 5699 5676 5675
f 5700 5689 5690
f 5676 5677 5691
f 5676 5691 5690
f 5699 5677 5676
f 5700 5690 5691
f 5677 5678 5692
f 5677 5692 5691
f 5699 5678 5677
f 5700 5691 5692
f 5678 5679 5693
f 5678 5693 5692
f 5699 5679 5678
f 5700 5692 5693
f 5679 5680 5694
f 5679 5694 5693
f 5699 5680 5679
f 5700 5693 5694
f 5680 5681 5695
f 5680 5695 5694
f 5699 5681 5680
f 5700 5694 5695
f 5681 5682 5696
f 5681 5696 5695
f 5699 5682 5681
f 5700 5695 5696
f 5682 5683 5697
f 5682 5697 5696
f 5699 5683 5682
f 5700 5696 5697
f 5683 5684 5698
f 5683 5698 5697
f 5699 5684 5683
f 5700 5697 5698
f 5684 5671 5685
f 5684 5685 5698
f 5699 5671 5684
f 5700 5698 5685
f 5701 5703 5702
f 5701 5704 5703
f 5701 5705 5704
f 5701 5706 5705
f 5701 5707 5706
f 5701 5708 5707
f 5701 5709 5708
f 5701 5710 5709
f 5701 5711 5710
f 5701 5712 5711
f 5701 5713 5712
f 5701 5714 5713
f 5701 5715 5714
f 5701 5702 5715
f 5702 5703 5717
f 5702 5717 5716
f 5703 5704 5718
f 5703 5718 5717
f 5704 5705 5719
f 5704 5719 5718
f 5705 5706 5720
f 5705 5720 5719
f 5706 5707 5721
f 5706 5721 5720
f 5707 5708 5722
f 5707 5722 5721
f 5708 5709 5723
f 5708 5723 5722
f 5709 5710 5724
f 5709 5724 5723
f 5710 5711 5725
f 5710 5725 5724
f 5711 5712 5726
f 5711 5726 5725
f 5712 5713 5727
f 5712 5727 5726
f 5713 5714 5728
f 5713 5728 5727
f 5714 5715 5729
f 5714 5729 5728
f 5715 5702 5716
f 5715 5716 5729
f 5716 5717 5731
f 5716 5731 5730
f 5717 5718 5732
f 5717 5732 5731
f 5718 5719 5733
f 5718 5733 5732
f 5719 5720 5734
f 5719 5734 5733
f 5720 5721 5735
f 5720 5735 5734
f 5721 5722 5736
f 5721 5736 5735
f 5722 5723 5737
f 5722 5737 5736
f 5723 5724 5738
f 5723 5738 5737
f 5724 5725 5739
f 5724 5739 5738
f 5725 5726 5740
f 5725 5740 5739
f 5726 5727 5741
f 5726 5741 5740
f 5727 5728 5742
f 5727 5742 5741
f 5728 5729 5743
f 5728 5743 5742
f 5729 5716 5730
f 5729 5730 5743
f 5730 5731 5745
f 5730 5745 5744
f 5731 5732 5746
f 5731 5746 5745
f 5732 5733 5747
f 5732 5747 5746
f 5733 5734 5748
f 5733 5748 5747
f 5734 5735 5749
f 5734 5749 5748
f 5735 5736 5750
f 5735 5750 5749
f 5736 5737 5751
f 5736 5751 5750
f 5737 5738 5752
f 5737 5752 5751
f 5738 5739 5753
f 5738 5753 5752
f 5739 5740 5754
f 5739 5754 5753
f 5740 5741 5755
f 5740 5755 5754
f 5741 5742 5756
f 5741 5756 5755
f 5742 5743 5757
f 5742 5757 5756
f 5743 5730 5744
f 5743 5744 5757
f 5744 5745 5759
f 5744 5759 5758
f 5745 5746 5760
f 5745 5760 5759
f 5746 5747 5761
f 5746 5761 5760
f 5747 5748 5762
f 5747 5762 5761
f 5748 5749 5763
f 5748 5763 5762
f 5749 5750 5764
f 5749 5764 5763
f 5750 5751 5765
f 5750 5765 5764
f 5751 5752 5766
f 5751 5766 5765
f 5752 5753 5767
f 5752 5767 5766
f 5753 5754 5768
f 5753 5768 5767
f 5754 5755 5769
f 5754 5769 5768
f 5755 5756 5770
f 5755 5770 5769
f 5756 5757 5771
f 5756 5771 5770
f 5757 5744 5758
f 5757 5758 5771
f 5758 5759 5773
f 5758 5773 5772
f 5759 5760 5774
f 5759 5774 5773
f 5760 5761 5775
f 5760 5775 5774
f 5761 5762 5776
f 5761 5776 5775
f 5762 5763 5777
f 5762 5777 5776
f 5763 5764 5778
f 5763 5778 5777
f 5764 5765 5779
f 5764 5779 5778
f 5765 5766 5780
f 5765 5780 5779
f 5766 5767 5781
f 5766 5781 5780
f 5767 5768 5782
f 5767 5782 5781
f 5768 5769 5783
f 5768 5783 5782
f 5769 5770 5784
f 5769 5784 5783
f 5770 5771 5785
f 5770 5785 5784
f 5771 5758 5772
f 5771 5772 5785
f 5772 5773 5787
f 5772 5787 5786
f 5773 5774 5788
f 5773 5788 5787
f 5774 5775 5789
f 5774 5789 5788
f 5775 5776 5790
f 5775 5790 5789
f 5776 5777 5791
f 5776 5791 5790
f 5777 5778 5792
f 5777 5792 5791
f 5778 5779 5793
f 5778 5793 5792
f 5779 5780 5794
f 5779 5794 5793
f 5780 5781 5795
f 5780 5795 5794
f 5781 5782 5796
f 5781 5796 5795
f 5782 5783 5797
f 5782 5797 5796
f 5783 5784 5798
f 5783 5798 5797
f 5784 5785 5799
f 5784 5799 5798
f 5785 5772 5786
f 5785 5786 5799
f 5786 5787 5800
f 5787 5788 5800
f 5788 5789 5800
f 5789 5790 5800
f 5790 5791 5800
f 5791 5792 5800
f 5792 5793 5800
f 5793 5794 5800
f 5794 5795 5800
f 5795 5796 5800
f 5796 5797 5800
f 5797 5798 5800
f 5798 5799 5800
f 5799 5786 5800
f 5801 5803 5802
f 5801 5804 5803
f 5801 5805 5804
f 5801 5806 5805
f 5801 5807 5806
f 5801 5808 5807
f 5801 5809 5808
f 5801 5810 5809
f 5801 5811 5810
f 5801 5812 5811
f 5801 5813 5812
f 5801 5814 5813
f 5801 5815 5814
f 5801 5802 5815
f 5802 5803 5817
f 5802 5817 5816
f 5803 5804 5818
f 5803 5818 5817
f 5804 5805 5819
f 5804 5819 5818
f 5805 5806 5820
f 5805 5820 5819
f 5806 5807 5821
f 5806 5821 5820
f 5807 5808 5822
f 5807 5822 5821
f 5808 5809 5823
f 5808 5823 5822
f 5809 5810 5824
f 5809 5824 5823
f 5810 5811 5825
f 5810 5825 5824
f 5811 5812 5826
f 5811 5826 5825
f 5812 5813 5827
f 5812 5827 5826
f 5813 5814 5828
f 5813 5828 5827
f 5814 5815 5829
f 5814 5829 5828
f 5815 5802 5816
f 5815 5816 5829
f 5816 5817 5831
f 5816 5831 5830
f 5817 5818 5832
f 5817 5832 5831
f 5818 5819 5833
f 5818 5833 5832
f 5819 5820 5834
f 5819 5834 5833
f 5820 5821 5835
f 5820 5835 5834
f 5821 5822 5836
f 5821 5836 5835
f 5822 5823 5837
f 5822 5837 5836
f 5823 5824 5838
f 5823 5838 5837
f 5824 5825 5839
f 5824 5839 5838
f 5825 5826 5840
f 5825 5840 5839
f 5826 5827 5841
f 5826 5841 5840
f 5827 5828 5842
f 5827 5842 5841
f 5828 5829 5843
f 5828 5843 5842
f 5829 5816 5830
f 5829 5830 5843
f 5830 5831 5845
f 5830 5845 5844
f 5831 5832 5846
f 5831 5846 5845
f 5832 5833 5847
f 5832 5847 5846
f 5833 5834 5848
f 5833 5848 5847
f 5834 5835 5849
f 5834 5849 5848
f 5835 5836 5850
f 5835 5850 5849
f 5836 5837 5851
f 5836 5851 5850
f 5837 5838 5852
f 5837 5852 5851
f 5838 5839 5853
f 5838 5853 5852
f 5839 5840 5854
f 5839 5854 5853
f 5840 5841 5855
f 5840 5855 5854
f 5841 5842 5856
f 5841 5856 5855
f 5842 5843 5857
f 5842 5857 5856
f 5843 5830 5844
f 5843 5844 5857
f 5844 5845 5859
f 5844 5859 5858
f 5845 5846 5860
f 5845 5860 5859
f 5846 5847 5861
f 5846 5861 5860
f 5847 5848 5862
f 5847 5862 5861
f 5848 5849 5863
f 5848 5863 5862
f 5849 5850 5864
f 5849 5864 5863
f 5850 5851 5865
f 5850 5865 5864
f 5851 5852 5866
f 5851 5866 5865
f 5852 5853 5867
f 5852 5867 5866
f 5853 5854 5868
f 5853 5868 5867
f 5854 5855 5869
f 5854 5869 5868
f 5855 5856 5870
f 5855 5870 5869
f 5856 5857 5871
f 5856 5871 5870
f 5857 5844 5858
f 5857 5858 5871
f 5858 5859 5873
f 5858 5873 5872
f 5859 5860 5874
f 5859 5874 5873
f 5860 5861 5875
f 5860 5875 5874
f 5861 5862 5876
f 5861 5876 5875
f 5862 5863 5877
f 5862 5877 5876
f 5863 5864 5878
f 5863 5878 5877
f 5864 5865 5879
f 5864 5879 5878
f 5865 5866 5880
f 5865 5880 5879
f 5866 5867 5881
f 5866 5881 5880
f 5867 5868 5882
f 5867 5882 5881
f 5868 5869 5883
f 5868 5883 5882
f 5869 5870 5884
f 5869 5884 5883
f 5870 5871 5885
f 5870 5885 5884
f 5871 5858 5872
f 5871 5872 5885
f 5872 5873 5887
f 5872 5887 5886
f 5873 5874 5888
f 5873 5888 5887
f 5874 5875 5889
f 5874 5889 5888
f 5875 5876 5890
f 5875 5890 5889
f 5876 5877 5891
f 5876 5891 5890
f 5877 5878 5892
f 5877 5892 5891
f 5878 5879 5893
f 5878 5893 5892
f 5879 5880 5894
f 5879 5894 5893
f 5880 5881 5895
f 5880 5895 5894
f 5881 5882 5896
f 5881 5896 5895
f 5882 5883 5897
f 5882 5897 5896
f 5883 5884 5898
f 5883 5898 5897
f 5884 5885 5899
f 5884 5899 5898
f 5885 5872 5886
f 5885 5886 5899
f 5886 5887 5900
f 5887 5888 5900
f 5888 5889 5900
f 5889 5890 5900
f 5890 5891 5900
f 5891 5892 5900
f 5892 5893 5900
f 5893 5894 5900
f 5894 5895 5900
f 5895 5896 5900
f 5896 5897 5900
f 5897 5898 5900
f 5898 5899 5900
f 5899 5886 5900
f 5901 5902 5916
f 5901 5916 5915
f 5929 5902 5901
f 5930 5915 5916
f 5902 5903 5917
f 5902 5917 5916
f 5929 5903 5902
f 5930 5916 5917
f 5903 5904 5918
f 5903 5918 5917
f 5929 5904 5903
f 5930 5917 5918
f 5904 5905 5919
f 5904 5919 5918
f 5929 5905 5904
f 5930 5918 5919
f 5905 5906 5920
f 5905 5920 5919
f 5929 5906 5905
f 5930 5919 5920
f 5906 5907 5921
f 5906 5921 5920
f 5929 5907 5906
f 5930 5920 5921
f 5907 5908 5922
f 5907 5922 5921
f 5929 5908 5907
f 5930 5921 5922
f 5908 5909 5923
f 5908 5923 5922
f 5929 5909 5908
f 5930 5922 5923
f 5909 5910 5924
f 5909 5924 5923
f 5929 5910 5909
f 5930 5923 5924
f 5910 5911 5925
f 5910 5925 5924
f 5929 5911 5910
f 5930 5924 5925
f 5911 5912 5926
f 5911 5926 5925
f 5929 5912 5911
f 5930 5925 5926
f 5912 5913 5927
f 5912 5927 5926
f 5929 5913 5912
f 5930 5926 5927
f 5913 5914 5928
f 5913 5928 5927
f 5929 5914 5913
f 5930 5927 5928
f 5914 5901 5915
f 5914 5915 5928
f 5929 5901 5914
f 5930 5928 5915
f 5931 5933 5932
f 5931 5934 5933
f 5931 5935 5934
f 5931 5936 5935
f 5931 5937 5936
f 5931 5938 5937
f 5931 5939 5938
f 5931 5940 5939
f 5931 5941 5940
f 5931 5942 5941
f 5931 5943 5942
f 5931 5944 5943
f 5931 5945 5944
f 5931 5932 5945
f 5932 5933 5947
f 5932 5947 5946
f 5933 5934 5948
f 5933 5948 5947
f 5934 5935 5949
f 5934 5949 5948
f 5935 5936 5950
f 5935 5950 5949
f 5936 5937 5951
f 5936 5951 5950
f 5937 5938 5952
f 5937 5952 5951
f 5938 5939 5953
f 5938 5953 5952
f 5939 5940 5954
f 5939 5954 5953
f 5940 5941 5955
f 5940 5955 5954
f 5941 5942 5956
f 5941 5956 5955
f 5942 5943 5957
f 5942 5957 5956
f 5943 5944 5958
f 5943 5958 5957
f 5944 5945 5959
f 5944 5959 5958
f 5945 5932 5946
f 5945 5946 5959
f 5946 5947 5961
f 5946 5961 5960
f 5947 5948 5962
f 5947 5962 5961
f 5948 5949 5963
f 5948 5963 5962
f 5949 5950 5964
f 5949 5964 5963
f 5950 5951 5965
f 5950 5965 5964
f 5951 5952 5966
f 5951 5966 5965
f 5952 5953 5967
f 5952 5967 5966
f 5953 5954 5968
f 5953 5968 5967
f 5954 5955 5969
f 5954 5969 5968
f 5955 5956 5970
f 5955 5970 5969
f 5956 5957 5971
f 5956 5971 5970
f 5957 5958 5972
f 5957 5972 5971
f 5958 5959 5973
f 5958 5973 5972
f 5959 5946 5960
f 5959 5960 5973
f 5960 5961 5975
f 5960 5975 5974
f 5961 5962 5976
f 5961 5976 5975
f 5962 5963 5977
f 5962 5977 5976
f 5963 5964 5978
f 5963 5978 5977
f 5964 5965 5979
f 5964 5979 5978
f 5965 5966 5980
f 5965 5980 5979
f 5966 5967 5981
f 5966 5981 5980
f 5967 5968 5982
f 5967 5982 5981
f 5968 5969 5983
f 5968 5983 5982
f 5969 5970 5984
f 5969 5984 5983
f 5970 5971 5985
f 5970 5985 5984
f 5971 5972 5986
f 5971 5986 5985
f 5972 5973 5987
f 5972 5987 5986
f 5973 5960 5974
f 5973 5974 5987
f 5974 5975 5989
f 5974 5989 5988
f 5975 5976 5990
f 5975 5990 5989
f 5976 5977 5991
f 5976 5991 5990
f 5977 5978 5992
f 5977 5992 5991
f 5978 5979 5993
f 5978 5993 5992
f 5979 5980 5994
f 5979 5994 5993
f 5980 5981 5995
f 5980 5995 5994
f 5981 5982 5996
f 5981 5996 5995
f 5982 5983 5997
f 5982 5997 5996
f 5983 5984 5998
f 5983 5998 5997
f 5984 5985 5999
f 5984 5999 5998
f 5985 5986 6000
f 5985 6000 5999
f 5986 5987 6001
f 5986 6001 6000
f 5987 5974 5988
f 5987 5988 6001
f 5988 5989 6003
f 5988 6003 6002
f 5989 5990 6004
f 5989 6004 6003
f 5990 5991 6005
f 5990 6005 6004
f 5991 5992 6006
f 5991 6006 6005
f 5992 5993 6007
f 5992 6007 6006
f 5993 5994 6008
f 5993 6008 6007
f 5994 5995 6009
f 5994 6009 6008
f 5995 5996 6010
f 5995 6010 6009
f 5996 5997 6011
f 5996 6011 6010
f 5997 5998 6012
f 5997 6012 6011
f 5998 5999 6013
f 5998 6013 6012
f 5999 6000 6014
f 5999 6014 6013
f 6000 6001 6015
f 6000 6015 6014
f 6001 5988 6002
f 6001 6002 6015
f 6002 6003 6017
f 6002 6017 6016
f 6003 6004 6018
f 6003 6018 6017
f 6004 6005 6019
f 6004 6019 6018
f 6005 6006 6020
f 6005 6020 6019
f 6006 6007 6021
f 6006 6021 6020
f 6007 6008 6022
f 6007 6022 6021
f 6008 6009 6023
f 6008 6023 6022
f 6009 6010 6024
f 6009 6024 6023
f 6010 6011 6025
f 6010 6025 6024
f 6011 6012 6026
f 6011 6026 6025
f 6012 6013 6027
f 6012 6027 6026
f 6013 6014 6028
f 6013 6028 6027
f 6014 6015 6029
f 6014 6029 6028
f 6015 6002 6016
f 6015 6016 6029
f 6016 6017 6030
f 6017 6018 6030
f 6018 6019 6030
f 6019 6020 6030
f 6020 6021 6030
f 6021 6022 6030
f 6022 6023 6030
f 6023 6024 6030
f 6024 6025 6030
f 6025 6026 6030
f 6026 6027 6030
f 6027 6028 6030
f 6028 6029 6030
f 6029 6016 6030
f 6031 6033 6032
f 6031 6034 6033
f 6031 6035 6034
f 6031 6036 6035
f 6031 6037 6036
f 6031 6038 6037
f 6031 6039 6038
f 6031 6040 6039
f 6031 6041 6040
f 6031 6042 6041
f 6031 6043 6042
f 6031 6044 6043
f 6031 6045 6044
f 6031 6032 6045
f 6032 6033 6047
f 6032 6047 6046
f 6033 6034 6048
f 6033 6048 6047
f 6034 6035 6049
f 6034 6049 6048
f 6035 6036 6050
f 6035 6050 6049
f 6036 6037 6051
f 6036 6051 6050
f 6037 6038 6052
f 6037 6052 6051
f 6038 6039 6053
f 6038 6053 6052
f 6039 6040 6054
f 6039 6054 6053
f 6040 6041 6055
f 6040 6055 6054
f 6041 6042 6056
f 6041 6056 6055
f 6042 6043 6057
f 6042 6057 6056
f 6043 6044 6058
f 6043 6058 6057
f 6044 6045 6059
f 6044 6059 6058
f 6045 6032 6046
f 6045 6046 6059
f 6046 6047 6061
f 6046 6061 6060
f 6047 6048 6062
f 6047 6062 6061
f 6048 6049 6063
f 6048 6063 6062
f 6049 6050 6064
f 6049 6064 6063
f 6050 6051 6065
f 6050 6065 6064
f 6051 6052 6066
f 6051 6066 6065
f 6052 6053 6067
f 6052 6067 6066
f 6053 6054 6068
f 6053 6068 6067
f 6054 6055 6069
f 6054 6069 6068
f 6055 6056 6070
f 6055 6070 6069
f 6056 6057 6071
f 6056 6071 6070
f 6057 6058 6072
f 6057 6072 6071
f 6058 6059 6073
f 6058 6073 6072
f 6059 6046 6060
f 6059 6060 6073
f 6060 6061 6075
f 6060 6075 6074
f 6061 6062 6076
f 6061 6076 6075
f 6062 6063 6077
f 6062 6077 6076
f 6063 6064 6078
f 6063 6078 6077
f 6064 6065 6079
f 6064 6079 6078
f 6065 6066 6080
f 6065 6080 6079
f 6066 6067 6081
f 6066 6081 6080
f 6067 6068 6082
f 6067 6082 6081
f 6068 6069 6083
f 6068 6083 6082
f 6069 6070 6084
f 6069 6084 6083
f 6070 6071 6085
f 6070 6085 6084
f 6071 6072 6086
f 6071 6086 6085
f 6072 6073 6087
f 6072 6087 6086
f 6073 6060 6074
f 6073 6074 6087
f 6074 6075 6089
f 6074 6089 6088
f 6075 6076 6090
f 6075 6090 6089
f 6076 6077 6091
f 6076 6091 6090
f 6077 6078 6092
f 6077 6092 6091
f 6078 6079 6093
f 6078 6093 6092
f 6079 6080 6094
f 6079 6094 6093
f 6080 6081 6095
f 6080 6095 6094
f 6081 6082 6096
f 6081 6096 6095
f 6082 6083 6097
f 6082 6097 6096
f 6083 6084 6098
f 6083 6098 6097
f 6084 6085 6099
f 6084 6099 6098
f 6085 6086 6100
f 6085 6100 6099
f 6086 6087 6101
f 6086 6101 6100
f 6087 6074 6088
f 6087 6088 6101
f 6088 6089 6103
f 6088 6103 6102
f 6089 6090 6104
f 6089 6104 6103
f 6090 6091 6105
f 6090 6105 6104
f 6091 6092 6106
f 6091 6106 6105
f 6092 6093 6107
f 6092 6107 6106
f 6093 6094 6108
f 6093 6108 6107
f 6094 6095 6109
f 6094 6109 6108
f 6095 6096 6110
f 6095 6110 6109
f 6096 6097 6111
f 6096 6111 6110
f 6097 6098 6112
f 6097 6112 6111
f 6098 6099 6113
f 6098 6113 6112
f 6099 6100 6114
f 6099 6114 6113
f 6100 6101 6115
f 6100 6115 6114
f 6101 6088 6102
f 6101 6102 6115
f 6102 6103 6117
f 6102 6117 6116
f 6103 6104 6118
f 6103 6118 6117
f 6104 6105 6119
f 6104 6119 6118
f 6105 6106 6120
f 6105 6120 6119
f 6106 6107 6121
f 6106 6121 6120
f 6107 6108 6122
f 6107 6122 6121
f 6108 6109 6123
f 6108 6123 6122
f 6109 6110 6124
f 6109 6124 6123
f 6110 6111 6125
f 6110 6125 6124
f 6111 6112 6126
f 6111 6126 6125
f 6112 6113 6127
f 6112 6127 6126
f 6113 6114 6128
f 6113 6128 6127
f 6114 6115 6129
f 6114 6129 6128
f 6115 6102 6116
f 6115 6116 6129
f 6116 6117 6130
f 6117 6118 6130
f 6118 6119 6130
f 6119 6120 6130
f 6120 6121 6130
f 6121 6122 6130
f 6122 6123 6130
f 6123 6124 6130
f 6124 6125 6130
f 6125 6126 6130
f 6126 6127 6130
f 6127 6128 6130
f 6128 6129 6130
f 6129 6116 6130
f 6131 6132 6146
f 6131 6146 6145
f 6159 6132 6131
f 6160 6145 6146
f 6132 6133 6147
f 6132 6147 6146
f 6159 6133 6132
f 6160 6146 6147
f 6133 6134 6148
f 6133 6148 6147
f 6159 6134 6133
f 6160 6147 6148
f 6134 6135 6149
f 6134 6149 6148
f 6159 6135 6134
f 6160 6148 6149
f 6135 6136 6150
f 6135 6150 6149
f 6159 6136 6135
f 6160 6149 6150
f 6136 6137 6151
f 6136 6151 6150
f 6159 6137 6136
f 6160 6150 6151
f 6137 6138 6152
f 6137 6152 6151
f 6159 6138 6137
f 6160 6151 6152
f 6138 6139 6153
f 6138 6153 6152
f 6159 6139 6138
f 6160 6152 6153
f 6139 6140 6154
f 6139 6154 6153
f 6159 6140 6139
f 6160 6153 6154
f 6140 6141 6155
f 6140 6155 6154
f 6159 6141 6140
f 6160 6154 6155
f 6141 6142 6156
f 6141 6156 6155
f 6159 6142 6141
f 6160 6155 6156
f 6142 6143 6157
f 6142 6157 6156
f 6159 6143 6142
f 6160 6156 6157
f 6143 6144 6158
f 6143 6158 6157
f 6159 6144 6143
f 6160 6157 6158
f 6144 6131 6145
f 6144 6145 6158
f 6159 6131 6144
f 6160 6158 6145
f 6161 6163 6162
f 6161 6164 6163
f 6161 6165 6164
f 6161 6166 6165
f 6161 6167 6166
f 6161 6168 6167
f 6161 6169 6168
f 6161 6170 6169
f 6161 6171 6170
f 6161 6172 6171
f 6161 6173 6172
f 6161 6174 6173
f 6161 6175 6174
f 6161 6162 6175
f 6162 6163 6177
f 6162 6177 6176
f 6163 6164 6178
f 6163 6178 6177
f 6164 6165 6179
f 6164 6179 6178
f 6165 6166 6180
f 6165 6180 6179
f 6166 6167 6181
f 6166 6181 6180
f 6167 6168 6182
f 6167 6182 6181
f 6168 6169 6183
f 6168 6183 6182
f 6169 6170 6184
f 6169 6184 6183
f 6170 6171 6185
f 6170 6185 6184
f 6171 6172 6186
f 6171 6186 6185
f 6172 6173 6187
f 6172 6187 6186
f 6173 6174 6188
f 6173 6188 6187
f 6174 6175 6189
f 6174 6189 6188
f 6175 6162 6176
f 6175 6176 6189
f 6176 6177 6191
f 6176 6191 6190
f 6177 6178 6192
f 6177 6192 6191
f 6178 6179 6193
f 6178 6193 6192
f 6179 6180 6194
f 6179 6194 6193
f 6180 6181 6195
f 6180 6195 6194
f 6181 6182 6196
f 6181 6196 6195
f 6182 6183 6197
f 6182 6197 6196
f 6183 6184 6198
f 6183 6198 6197
f 6184 6185 6199
f 6184 6199 6198
f 6185 6186 6200
f 6185 6200 6199
f 6186 6187 6201
f 6186 6201 6200
f 6187 6188 6202
f 6187 6202 6201
f 6188 6189 6203
f 6188 6203 6202
f 6189 6176 6190
f 6189 6190 6203
f 6190 6191 6205
f 6190 6205 6204
f 6191 6192 6206
f 6191 6206 6205
f 6192 6193 6207
f 6192 6207 6206
f 6193 6194 6208
f 6193 6208 6207
f 6194 6195 6209
f 6194 6209 6208
f 6195 6196 6210
f 6195 6210 6209
f 6196 6197 6211
f 6196 6211 6210
f 6197 6198 6212
f 6197 6212 6211
f 6198 6199 6213
f 6198 6213 6212
f 6199 6200 6214
f 6199 6214 6213
f 6200 6201 6215
f 6200 6215 6214
f 6201 6202 6216
f 6201 6216 6215
f 6202 6203 6217
f 6202 6217 6216
f 6203 6190 6204
f 6203 6204 6217
f 6204 6205 6219
f 6204 6219 6218
f 6205 6206 6220
f 6205 6220 6219
f 6206 6207 6221
f 6206 6221 6220
f 6207 6208 6222
f 6207 6222 6221
f 6208 6209 6223
f 6208 6223 6222
f 6209 6210 6224
f 6209 6224 6223
f 6210 6211 6225
f 6210 6225 6224
f 6211 6212 6226
f 6211 6226 6225
f 6212 6213 6227
f 6212 6227 6226
f 6213 6214 6228
f 6213 6228 6227
f 6214 6215 6229
f 6214 6229 6228
f 6215 6216 6230
f 6215 6230 6229
f 6216 6217 6231
f 6216 6231 6230
f 6217 6204 6218
f 6217 6218 6231
f 6218 6219 6233
f 6218 6233 6232
f 6219 6220 6234
f 6219 6234 6233
f 6220 6221 6235
f 6220 6235 6234
f 6221 6222 6236
f 6221 6236 6235
f 6222 6223 6237
f 6222 6237 6236
f 6223 6224 6238
f 6223 6238 6237
f 6224 6225 6239
f 6224 6239 6238
f 6225 6226 6240
f 6225 6240 6239
f 6226 6227 6241
f 6226 6241 6240
f 6227 6228 6242
f 6227 6242 6241
f 6228 6229 6243
f 6228 6243 6242
f 6229 6230 6244
f 6229 6244 6243
f 6230 6231 6245
f 6230 6245 6244
f 6231 6218 6232
f 6231 6232 6245
f 6232 6233 6247
f 6232 6247 6246
f 6233 6234 6248
f 6233 6248 6247
f 6234 6235 6249
f 6234 6249 6248
f 6235 6236 6250
f 6235 6250 6249
f 6236 6237 6251
f 6236 6251 6250
f 6237 6238 6252
f 6237 6252 6251
f 6238 6239 6253
f 6238 6253 6252
f 6239 6240 6254
f 6239 6254 6253
f 6240 6241 6255
f 6240 6255 6254
f 6241 6242 6256
f 6241 6256 6255
f 6242 6243 6257
f 6242 6257 6256
f 6243 6244 6258
f 6243 6258 6257
f 6244 6245 6259
f 6244 6259 6258
f 6245 6232 6246
f 6245 6246 6259
f 6246 6247 6260
f 6247 6248 6260
f 6248 6249 6260
f 6249 6250 6260
f 6250 6251 6260
f 6251 6252 6260
f 6252 6253 6260
f 6253 6254 6260
f 6254 6255 6260
f 6255 6256 6260
f 6256 6257 6260
f 6257 6258 6260
f 6258 6259 6260
f 6259 6246 6260
f 6261 6263 6262
f 6261 6264 6263
f 6261 6265 6264
f 6261 6266 6265
f 6261 6267 6266
f 6261 6268 6267
f 6261 6269 6268
f 6261 6270 6269
f 6261 6271 6270
f 6261 6272 6271
f 6261 6273 6272
f 6261 6274 6273
f 6261 6275 6274
f 6261 6262 6275
f 6262 6263 6277
f 6262 6277 6276
f 6263 6264 6278
f 6263 6278 6277
f 6264 6265 6279
f 6264 6279 6278
f 6265 6266 6280
f 6265 6280 6279
f 6266 6267 6281
f 6266 6281 6280
f 6267 6268 6282
f 6267 6282 6281
f 6268 6269 6283
f 6268 6283 6282
f 6269 6270 6284
f 6269 6284 6283
f 6270 6271 6285
f 6270 6285 6284
f 6271 6272 6286
f 6271 6286 6285
f 6272 6273 6287
f 6272 6287 6286
f 6273 6274 6288
f 6273 6288 6287
f 6274 6275 6289
f 6274 6289 6288
f 6275 6262 6276
f 6275 6276 6289
f 6276 6277 6291
f 6276 6291 6290
f 6277 6278 6292
f 6277 6292 6291
f 6278 6279 6293
f 6278 6293 6292
f 6279 6280 6294
f 6279 6294 6293
f 6280 6281 6295
f 6280 6295 6294
f 6281 6282 6296
f 6281 6296 6295
f 6282 6283 6297
f 6282 6297 6296
f 6283 6284 6298
f 6283 6298 6297
f 6284 6285 6299
f 6284 6299 6298
f 6285 6286 6300
f 6285 6300 6299
f 6286 6287 6301
f 6286 6301 6300
f 6287 6288 6302
f 6287 6302 6301
f 6288 6289 6303
f 6288 6303 6302
f 6289 6276 6290
f 6289 6290 6303
f 6290 6291 6305
f 6290 6305 6304
f 6291 6292 6306
f 6291 6306 6305
f 6292 6293 6307
f 6292 6307 6306
f 6293 6294 6308
f 6293 6308 6307
f 6294 6295 6309
f 6294 6309 6308
f 6295 6296 6310
f 6295 6310 6309
f 6296 6297 6311
f 6296 6311 6310
f 6297 6298 6312
f 6297 6312 6311
f 6298 6299 6313
f 6298 6313 6312
f 6299 6300 6314
f 6299 6314 6313
f 6300 6301 6315
f 6300 6315 6314
f 6301 6302 6316
f 6301 6316 6315
f 6302 6303 6317
f 6302 6317 6316
f 6303 6290 6304
f 6303 6304 6317
f 6304 6305 6319
f 6304 6319 6318
f 6305 6306 6320
f 6305 6320 6319
f 6306 6307 6321
f 6306 6321 6320
f 6307 6308 6322
f 6307 6322 6321
f 6308 6309 6323
f 6308 6323 6322
f 6309 6310 6324
f 6309 6324 6323
f 6310 6311 6325
f 6310 6325 6324
f 6311 6312 6326
f 6311 6326 6325
f 6312 6313 6327
f 6312 6327 6326
f 6313 6314 6328
f 6313 6328 6327
f 6314 6315 6329
f 6314 6329 6328
f 6315 6316 6330
f 6315 6330 6329
f 6316 6317 6331
f 6316 6331 6330
f 6317 6304 6318
f 6317 6318 6331
f 6318 6319 6333
f 6318 6333 6332
f 6319 6320 6334
f 6319 6334 6333
f 6320 6321 6335
f 6320 6335 6334
f 6321 6322 6336
f 6321 6336 6335
f 6322 6323 6337
f 6322 6337 6336
f 6323 6324 6338
f 6323 6338 6337
f 6324 6325 6339
f 6324 6339 6338
f 6325 6326 6340
f 6325 6340 6339
f 6326 6327 6341
f 6326 6341 6340
f 6327 6328 6342
f 6327 6342 6341
f 6328 6329 6343
f 6328 6343 6342
f 6329 6330 6344
f 6329 6344 6343
f 6330 6331 6345
f 6330 6345 6344
f 6331 6318 6332
f 6331 6332 6345
f 6332 6333 6347
f 6332 6347 6346
f 6333 6334 6348
f 6333 6348 6347
f 6334 6335 6349
f 6334 6349 6348
f 6335 6336 6350
f 6335 6350 6349
f 6336 6337 6351
f 6336 6351 6350
f 6337 6338 6352
f 6337 6352 6351
f 6338 6339 6353
f 6338 6353 6352
f 6339 6340 6354
f 6339 6354 6353
f 6340 6341 6355
f 6340 6355 6354
f 6341 6342 6356
f 6341 6356 6355
f 6342 6343 6357
f 6342 6357 6356
f 6343 6344 6358
f 6343 6358 6357
f 6344 6345 6359
f 6344 6359 6358
f 6345 6332 6346
f 6345 6346 6359
f 6346 6347 6360
f 6347 6348 6360
f 6348 6349 6360
f 6349 6350 6360
f 6350 6351 6360
f 6351 6352 6360
f 6352 6353 6360
f 6353 6354 6360
f 6354 6355 6360
f 6355 6356 6360
f 6356 6357 6360
f 6357 6358 6360
f 6358 6359 6360
f 6359 6346 6360
f 6361 6362 6376
f 6361 6376 6375
f 6389 6362 6361
f 6390 6375 6376
f 6362 6363 6377
f 6362 6377 6376
f 6389 6363 6362
f 6390 6376 6377
f 6363 6364 6378
f 6363 6378 6377
f 6389 6364 6363
f 6390 6377 6378
f 6364 6365 6379
f 6364 6379 6378
f 6389 6365 6364
f 6390 6378 6379
f 6365 6366 6380
f 6365 6380 6379
f 6389 6366 6365
f 6390 6379 6380
f 6366 6367 6381
f 6366 6381 6380
f 6389 6367 6366
f 6390 6380 6381
f 6367 6368 6382
f 6367 6382 6381
f 6389 6368 6367
f 6390 6381 6382
f 6368 6369 6383
f 6368 6383 6382
f 6389 6369 6368
f 6390 6382 6383
f 6369 6370 6384
f 6369 6384 6383
f 6389 6370 6369
f 6390 6383 6384
f 6370 6371 6385
f 6370 6385 6384
f 6389 6371 6370
f 6390 6384 6385
f 6371 6372 6386
f 6371 6386 6385
f 6389 6372 6371
f 6390 6385 6386
f 6372 6373 6387
f 6372 6387 6386
f 6389 6373 6372
f 6390 6386 6387
f 6373 6374 6388
f 6373 6388 6387
f 6389 6374 6373
f 6390 6387 6388
f 6374 6361 6375
f 6374 6375 6388
f 6389 6361 6374
f 6390 6388 6375
f 6391 6393 6392
f 6391 6394 6393
f 6391 6395 6394
f 6391 6396 6395
f 6391 6397 6396
f 6391 6398 6397
f 6391 6399 6398
f 6391 6400 6399
f 6391 6401 6400
f 6391 6402 6401
f 6391 6403 6402
f 6391 6404 6403
f 6391 6405 6404
f 6391 6392 6405
f 6392 6393 6407
f 6392 6407 6406
f 6393 6394 6408
f 6393 6408 6407
f 6394 6395 6409
f 6394 6409 6408
f 6395 6396 6410
f 6395 6410 6409
f 6396 6397 6411
f 6396 6411 6410
f 6397 6398 6412
f 6397 6412 6411
f 6398 6399 6413
f 6398 6413 6412
f 6399 6400 6414
f 6399 6414 6413
f 6400 6401 6415
f 6400 6415 6414
f 6401 6402 6416
f 6401 6416 6415
f 6402 6403 6417
f 6402 6417 6416
f 6403 6404 6418
f 6403 6418 6417
f 6404 6405 6419
f 6404 6419 6418
f 6405 6392 6406
f 6405 6406 6419
f 6406 6407 6421
f 6406 6421 6420
f 6407 6408 6422
f 6407 6422 6421
f 6408 6409 6423
f 6408 6423 6422
f 6409 6410 6424
f 6409 6424 6423
f 6410 6411 6425
f 6410 6425 6424
f 6411 6412 6426
f 6411 6426 6425
f 6412 6413 6427
f 6412 6427 6426
f 6413 6414 6428
f 6413 6428 6427
f 6414 6415 6429
f 6414 6429 6428
f 6415 6416 6430
f 6415 6430 6429
f 6416 6417 6431
f 6416 6431 6430
f 6417 6418 6432
f 6417 6432 6431
f 6418 6419 6433
f 6418 6433 6432
f 6419 6406 6420
f 6419 6420 6433
f 6420 6421 6435
f 6420 6435 6434
f 6421 6422 6436
f 6421 6436 6435
f 6422 6423 6437
f 6422 6437 6436
f 6423 6424 6438
f 6423 6438 6437
f 6424 6425 6439
f 6424 6439 6438
f 6425 6426 6440
f 6425 6440 6439
f 6426 6427 6441
f 6426 6441 6440
f 6427 6428 6442
f 6427 6442 6441
f 6428 6429 6443
f 6428 6443 6442
f 6429 6430 6444
f 6429 6444 6443
f 6430 6431 6445
f 6430 6445 6444
f 6431 6432 6446
f 6431 6446 6445
f 6432 6433 6447
f 6432 6447 6446
f 6433 6420 6434
f 6433 6434 6447
f 6434 6435 6449
f 6434 6449 6448
f 6435 6436 6450
f 6435 6450 6449
f 6436 6437 6451
f 6436 6451 6450
f 6437 6438 6452
f 6437 6452 6451
f 6438 6439 6453
f 6438 6453 6452
f 6439 6440 6454
f 6439 6454 6453
f 6440 6441 6455
f 6440 6455 6454
f 6441 6442 6456
f 6441 6456 6455
f 6442 6443 6457
f 6442 6457 6456
f 6443 6444 6458
f 6443 6458 6457
f 6444 6445 6459
f 6444 6459 6458
f 6445 6446 6460
f 6445 6460 6459
f 6446 6447 6461
f 6446 6461 6460
f 6447 6434 6448
f 6447 6448 6461
f 6448 6449 6463
f 6448 6463 6462
f 6449 6450 6464
f 6449 6464 6463
f 6450 6451 6465
f 6450 6465 6464
f 6451 6452 6466
f 6451 6466 6465
f 6452 6453 6467
f 6452 6467 6466
f 6453 6454 6468
f 6453 6468 6467
f 6454 6455 6469
f 6454 6469 6468
f 6455 6456 6470
f 6455 6470 6469
f 6456 6457 6471
f 6456 6471 6470
f 6457 6458 6472
f 6457 6472 6471
f 6458 6459 6473
f 6458 6473 6472
f 6459 6460 6474
f 6459 6474 6473
f 6460 6461 6475
f 6460 6475 6474
f 6461 6448 6462
f 6461 6462 6475
f 6462 6463 6477
f 6462 6477 6476
f 6463 6464 6478
f 6463 6478 6477
f 6464 6465 6479
f 6464 6479 6478
f 6465 6466 6480
f 6465 6480 6479
f 6466 6467 6481
f 6466 6481 6480
f 6467 6468 6482
f 6467 6482 6481
f 6468 6469 6483
f 6468 6483 6482
f 6469 6470 6484
f 6469 6484 6483
f 6470 6471 6485
f 6470 6485 6484
f 6471 6472 6486
f 6471 6486 6485
f 6472 6473 6487
f 6472 6487 6486
f 6473 6474 6488
f 6473 6488 6487
f 6474 6475 6489
f 6474 6489 6488
f 6475 6462 6476
f 6475 6476 6489
f 6476 6477 6490
f 6477 6478 6490
f 6478 6479 6490
f 6479 6480 6490
f 6480 6481 6490
f 6481 6482 6490
f 6482 6483 6490
f 6483 6484 6490
f 6484 6485 6490
f 6485 6486 6490
f 6486 6487 6490
f 6487 6488 6490
f 6488 6489 6490
f 6489 6476 6490
f 6491 6493 6492
f 6491 6494 6493
f 6491 6495 6494
f 6491 6496 6495
f 6491 6497 6496
f 6491 6498 6497
f 6491 6499 6498
f 6491 6500 6499
f 6491 6501 6500
f 6491 6502 6501
f 6491 6503 6502
f 6491 6504 6503
f 6491 6505 6504
f 6491 6492 6505
f 6492 6493 6507
f 6492 6507 6506
f 6493 6494 6508
f 6493 6508 6507
f 6494 6495 6509
f 6494 6509 6508
f 6495 6496 6510
f 6495 6510 6509
f 6496 6497 6511
f 6496 6511 6510
f 6497 6498 6512
f 6497 6512 6511
f 6498 6499 6513
f 6498 6513 6512
f 6499 6500 6514
f 6499 6514 6513
f 6500 6501 6515
f 6500 6515 6514
f 6501 6502 6516
f 6501 6516 6515
f 6502 6503 6517
f 6502 6517 6516
f 6503 6504 6518
f 6503 6518 6517
f 6504 6505 6519
f 6504 6519 6518
f 6505 6492 6506
f 6505 6506 6519
f 6506 6507 6521
f 6506 6521 6520
f 6507 6508 6522
f 6507 6522 6521
f 6508 6509 6523
f 6508 6523 6522
f 6509 6510 6524
f 6509 6524 6523
f 6510 6511 6525
f 6510 6525 6524
f 6511 6512 6526
f 6511 6526 6525
f 6512 6513 6527
f 6512 6527 6526
f 6513 6514 6528
f 6513 6528 6527
f 6514 6515 6529
f 6514 6529 6528
f 6515 6516 6530
f 6515 6530 6529
f 6516 6517 6531
f 6516 6531 6530
f 6517 6518 6532
f 6517 6532 6531
f 6518 6519 6533
f 6518 6533 6532
f 6519 6506 6520
f 6519 6520 6533
f 6520 6521 6535
f 6520 6535 6534
f 6521 6522 6536
f 6521 6536 6535
f 6522 6523 6537
f 6522 6537 6536
f 6523 6524 6538
f 6523 6538 6537
f 6524 6525 6539
f 6524 6539 6538
f 6525 6526 6540
f 6525 6540 6539
f 6526 6527 6541
f 6526 6541 6540
f 6527 6528 6542
f 6527 6542 6541
f 6528 6529 6543
f 6528 6543 6542
f 6529 6530 6544
f 6529 6544 6543
f 6530 6531 6545
f 6530 6545 6544
f 6531 6532 6546
f 6531 6546 6545
f 6532 6533 6547
f 6532 6547 6546
f 6533 6520 6534
f 6533 6534 6547
f 6534 6535 6549
f 6534 6549 6548
f 6535 6536 6550
f 6535 6550 6549
f 6536 6537 6551
f 6536 6551 6550
f 6537 6538 6552
f 6537 6552 6551
f 6538 6539 6553
f 6538 6553 6552
f 6539 6540 6554
f 6539 6554 6553
f 6540 6541 6555
f 6540 6555 6554
f 6541 6542 6556
f 6541 6556 6555
f 6542 6543 6557
f 6542 6557 6556
f 6543 6544 6558
f 6543 6558 6557
f 6544 6545 6559
f 6544 6559 6558
f 6545 6546 6560
f 6545 6560 6559
f 6546 6547 6561
f 6546 6561 6560
f 6547 6534 6548
f 6547 6548 6561
f 6548 6549 6563
f 6548 6563 6562
f 6549 6550 6564
f 6549 6564 6563
f 6550 6551 6565
f 6550 6565 6564
f 6551 6552 6566
f 6551 6566 6565
f 6552 6553 6567
f 6552 6567 6566
f 6553 6554 6568
f 6553 6568 6567
f 6554 6555 6569
f 6554 6569 6568
f 6555 6556 6570
f 6555 6570 6569
f 6556 6557 6571
f 6556 6571 6570
f 6557 6558 6572
f 6557 6572 6571
f 6558 6559 6573
f 6558 6573 6572
f 6559 6560 6574
f 6559 6574 6573
f 6560 6561 6575
f 6560 6575 6574
f 6561 6548 6562
f 6561 6562 6575
f 6562 6563 6577
f 6562 6577 6576
f 6563 6564 6578
f 6563 6578 6577
f 6564 6565 6579
f 6564 6579 6578
f 6565 6566 6580
f 6565 6580 6579
f 6566 6567 6581
f 6566 6581 6580
f 6567 6568 6582
f 6567 6582 6581
f 6568 6569 6583
f 6568 6583 6582
f 6569 6570 6584
f 6569 6584 6583
f 6570 6571 6585
f 6570 6585 6584
f 6571 6572 6586
f 6571 6586 6585
f 6572 6573 6587
f 6572 6587 6586
f 6573 6574 6588
f 6573 6588 6587
f 6574 6575 6589
f 6574 6589 6588
f 6575 6562 6576
f 6575 6576 6589
f 6576 6577 6590
f 6577 6578 6590
f 6578 6579 6590
f 6579 6580 6590
f 6580 6581 6590
f 6581 6582 6590
f 6582 6583 6590
f 6583 6584 6590
f 6584 6585 6590
f 6585 6586 6590
f 6586 6587 6590
f 6587 6588 6590
f 6588 6589 6590
f 6589 6576 6590
f 6591 6592 6606
f 6591 6606 6605
f 6619 6592 6591
f 6620 6605 6606
f 6592 6593 6607
f 6592 6607 6606
f 6619 6593 6592
f 6620 6606 6607
f 6593 6594 6608
f 6593 6608 6607
f 6619 6594 6593
f 6620 6607 6608
f 6594 6595 6609
f 6594 6609 6608
f 6619 6595 6594
f 6620 6608 6609
f 6595 6596 6610
f 6595 6610 6609
f 6619 6596 6595
f 6620 6609 6610
f 6596 6597 6611
f 6596 6611 6610
f 6619 6597 6596
f 6620 6610 6611
f 6597 6598 6612
f 6597 6612 6611
f 6619 6598 6597
f 6620 6611 6612
f 6598 6599 6613
f 6598 6613 6612
f 6619 6599 6598
f 6620 6612 6613
f 6599 6600 6614
f 6599 6614 6613
f 6619 6600 6599
f 6620 6613 6614
f 6600 6601 6615
f 6600 6615 6614
f 6619 6601 6600
f 6620 6614 6615
f 6601 6602 6616
f 6601 6616 6615
f 6619 6602 6601
f 6620 6615 6616
f 6602 6603 6617
f 6602 6617 6616
f 6619 6603 6602
f 6620 6616 6617
f 6603 6604 6618
f 6603 6618 6617
f 6619 6604 6603
f 6620 6617 6618
f 6604 6591 6605
f 6604 6605 6618
f 6619 6591 6604
f 6620 6618 6605
f 6621 6623 6622
f 6621 6624 6623
f 6621 6625 6624
f 6621 6626 6625
f 6621 6627 6626
f 6621 6628 6627
f 6621 6629 6628
f 6621 6630 6629
f 6621 6631 6630
f 6621 6632 6631
f 6621 6633 6632
f 6621 6634 6633
f 6621 6635 6634
f 6621 6622 6635
f 6622 6623 6637
f 6622 6637 6636
f 6623 6624 6638
f 6623 6638 6637
f 6624 6625 6639
f 6624 6639 6638
f 6625 6626 6640
f 6625 6640 6639
f 6626 6627 6641
f 6626 6641 6640
f 6627 6628 6642
f 6627 6642 6641
f 6628 6629 6643
f 6628 6643 6642
f 6629 6630 6644
f 6629 6644 6643
f 6630 6631 6645
f 6630 6645 6644
f 6631 6632 6646
f 6631 6646 6645
f 6632 6633 6647
f 6632 6647 6646
f 6633 6634 6648
f 6633 6648 6647
f 6634 6635 6649
f 6634 6649 6648
f 6635 6622 6636
f 6635 6636 6649
f 6636 6637 6651
f 6636 6651 6650
f 6637 6638 6652
f 6637 6652 6651
f 6638 6639 6653
f 6638 6653 6652
f 6639 6640 6654
f 6639 6654 6653
f 6640 6641 6655
f 6640 6655 6654
f 6641 6642 6656
f 6641 6656 6655
f 6642 6643 6657
f 6642 6657 6656
f 6643 6644 6658
f 6643 6658 6657
f 6644 6645 6659
f 6644 6659 6658
f 6645 6646 6660
f 6645 6660 6659
f 6646 6647 6661
f 6646 6661 6660
f 6647 6648 6662
f 6647 6662 6661
f 6648 6649 6663
f 6648 6663 6662
f 6649 6636 6650
f 6649 6650 6663
f 6650 6651 6665
f 6650 6665 6664
f 6651 6652 6666
f 6651 6666 6665
f 6652 6653 6667
f 6652 6667 6666
f 6653 6654 6668
f 6653 6668 6667
f 6654 6655 6669
f 6654 6669 6668
f 6655 6656 6670
f 6655 6670 6669
f 6656 6657 6671
f 6656 6671 6670
f 6657 6658 6672
f 6657 6672 6671
f 6658 6659 6673
f 6658 6673 6672
f 6659 6660 6674
f 6659 6674 6673
f 6660 6661 6675
f 6660 6675 6674
f 6661 6662 6676
f 6661 6676 6675
f 6662 6663 6677
f 6662 6677 6676
f 6663 6650 6664
f 6663 6664 6677
f 6664 6665 6679
f 6664 6679 6678
f 6665 6666 6680
f 6665 6680 6679
f 6666 6667 6681
f 6666 6681 6680
f 6667 6668 6682
f 6667 6682 6681
f 6668 6669 6683
f 6668 6683 6682
f 6669 6670 6684
f 6669 6684 6683
f 6670 6671 6685
f 6670 6685 6684
f 6671 6672 6686
f 6671 6686 6685
f 6672 6673 6687
f 6672 6687 6686
f 6673 6674 6688
f 6673 6688 6687
f 6674 6675 6689
f 6674 6689 6688
f 6675 6676 6690
f 6675 6690 6689
f 6676 6677 6691
f 6676 6691 6690
f 6677 6664 6678
f 6677 6678 6691
f 6678 6679 6693
f 6678 6693 6692
f 6679 6680 6694
f 6679 6694 6693
f 6680 6681 6695
f 6680 6695 6694
f 6681 6682 6696
f 6681 6696 6695
f 6682 6683 6697
f 6682 6697 6696
f 6683 6684 6698
f 6683 6698 6697
f 6684 6685 6699
f 6684 6699 6698
f 6685 6686 6700
f 6685 6700 6699
f 6686 6687 6701
f 6686 6701 6700
f 6687 6688 6702
f 6687 6702 6701
f 6688 6689 6703
f 6688 6703 6702
f 6689 6690 6704
f 6689 6704 6703
f 6690 6691 6705
f 6690 6705 6704
f 6691 6678 6692
f 6691 6692 6705
f 6692 6693 6707
f 6692 6707 6706
f 6693 6694 6708
f 6693 6708 6707
f 6694 6695 6709
f 6694 6709 6708
f 6695 6696 6710
f 6695 6710 6709
f 6696 6697 6711
f 6696 6711 6710
f 6697 6698 6712
f 6697 6712 6711
f 6698 6699 6713
f 6698 6713 6712
f 6699 6700 6714
f 6699 6714 6713
f 6700 6701 6715
f 6700 6715 6714
f 6701 6702 6716
f 6701 6716 6715
f 6702 6703 6717
f 6702 6717 6716
f 6703 6704 6718
f 6703 6718 6717
f 6704 6705 6719
f 6704 6719 6718
f 6705 6692 6706
f 6705 6706 6719
f 6706 6707 6720
f 6707 6708 6720
f 6708 6709 6720
f 6709 6710 6720
f 6710 6711 6720
f 6711 6712 6720
f 6712 6713 6720
f 6713 6714 6720
f 6714 6715 6720
f 6715 6716 6720
f 6716 6717 6720
f 6717 6718 6720
f 6718 6719 6720
f 6719 6706 6720
f 6721 6723 6722
f 6721 6724 6723
f 6721 6725 6724
f 6721 6726 6725
f 6721 6727 6726
f 6721 6728 6727
f 6721 6729 6728
f 6721 6730 6729
f 6721 6731 6730
f 6721 6732 6731
f 6721 6733 6732
f 6721 6734 6733
f 6721 6735 6734
f 6721 6722 6735
f 6722 6723 6737
f 6722 6737 6736
f 6723 6724 6738
f 6723 6738 6737
f 6724 6725 6739
f 6724 6739 6738
f 6725 6726 6740
f 6725 6740 6739
f 6726 6727 6741
f 6726 6741 6740
f 6727 6728 6742
f 6727 6742 6741
f 6728 6729 6743
f 6728 6743 6742
f 6729 6730 6744
f 6729 6744 6743
f 6730 6731 6745
f 6730 6745 6744
f 6731 6732 6746
f 6731 6746 6745
f 6732 6733 6747
f 6732 6747 6746
f 6733 6734 6748
f 6733 6748 6747
f 6734 6735 6749
f 6734 6749 6748
f 6735 6722 6736
f 6735 6736 6749
f 6736 6737 6751
f 6736 6751 6750
f 6737 6738 6752
f 6737 6752 6751
f 6738 6739 6753
f 6738 6753 6752
f 6739 6740 6754
f 6739 6754 6753
f 6740 6741 6755
f 6740 6755 6754
f 6741 6742 6756
f 6741 6756 6755
f 6742 6743 6757
f 6742 6757 6756
f 6743 6744 6758
f 6743 6758 6757
f 6744 6745 6759
f 6744 6759 6758
f 6745 6746 6760
f 6745 6760 6759
f 6746 6747 6761
f 6746 6761 6760
f 6747 6748 6762
f 6747 6762 6761
f 6748 6749 6763
f 6748 6763 6762
f 6749 6736 6750
f 6749 6750 6763
f 6750 6751 6765
f 6750 6765 6764
f 6751 6752 6766
f 6751 6766 6765
f 6752 6753 6767
f 6752 6767 6766
f 6753 6754 6768
f 6753 6768 6767
f 6754 6755 6769
f 6754 6769 6768
f 6755 6756 6770
f 6755 6770 6769
f 6756 6757 6771
f 6756 6771 6770
f 6757 6758 6772
f 6757 6772 6771
f 6758 6759 6773
f 6758 6773 6772
f 6759 6760 6774
f 6759 6774 6773
f 6760 6761 6775
f 6760 6775 6774
f 6761 6762 6776
f 6761 6776 6775
f 6762 6763 6777
f 6762 6777 6776
f 6763 6750 6764
f 6763 6764 6777
f 6764 6765 6779
f 6764 6779 6778
f 6765 6766 6780
f 6765 6780 6779
f 6766 6767 6781
f 6766 6781 6780
f 6767 6768 6782
f 6767 6782 6781
f 6768 6769 6783
f 6768 6783 6782
f 6769 6770 6784
f 6769 6784 6783
f 6770 6771 6785
f 6770 6785 6784
f 6771 6772 6786
f 6771 6786 6785
f 6772 6773 6787
f 6772 6787 6786
f 6773 6774 6788
f 6773 6788 6787
f 6774 6775 6789
f 6774 6789 6788
f 6775 6776 6790
f 6775 6790 6789
f 6776 6777 6791
f 6776 6791 6790
f 6777 6764 6778
f 6777 6778 6791
f 6778 6779 6793
f 6778 6793 6792
f 6779 6780 6794
f 6779 6794 6793
f 6780 6781 6795
f 6780 6795 6794
f 6781 6782 6796
f 6781 6796 6795
f 6782 6783 6797
f 6782 6797 6796
f 6783 6784 6798
f 6783 6798 6797
f 6784 6785 6799
f 6784 6799 6798
f 6785 6786 6800
f 6785 6800 6799
f 6786 6787 6801
f 6786 6801 6800
f 6787 6788 6802
f 6787 6802 6801
f 6788 6789 6803
f 6788 6803 6802
f 6789 6790 6804
f 6789 6804 6803
f 6790 6791 6805
f 6790 6805 6804
f 6791 6778 6792
f 6791 6792 6805
f 6792 6793 6807
f 6792 6807 6806
f 6793 6794 6808
f 6793 6808 6807
f 6794 6795 6809
f 6794 6809 6808
f 6795 6796 6810
f 6795 6810 6809
f 6796 6797 6811
f 6796 6811 6810
f 6797 6798 6812
f 6797 6812 6811
f 6798 6799 6813
f 6798 6813 6812
f 6799 6800 6814
f 6799 6814 6813
f 6800 6801 6815
f 6800 6815 6814
f 6801 6802 6816
f 6801 6816 6815
f 6802 6803 6817
f 6802 6817 6816
f 6803 6804 6818
f 6803 6818 6817
f 6804 6805 6819
f 6804 6819 6818
f 6805 6792 6806
f 6805 6806 6819
f 6806 6807 6820
f 6807 6808 6820
f 6808 6809 6820
f 6809 6810 6820
f 6810 6811 6820
f 6811 6812 6820
f 6812 6813 6820
f 6813 6814 6820
f 6814 6815 6820
f 6815 6816 6820
f 6816 6817 6820
f 6817 6818 6820
f 6818 6819 6820
f 6819 6806 6820
f 6821 6822 6836
f 6821 6836 6835
f 6849 6822 6821
f 6850 6835 6836
f 6822 6823 6837
f 6822 6837 6836
f 6849 6823 6822
f 6850 6836 6837
f 6823 6824 6838
f 6823 6838 6837
f 6849 6824 6823
f 6850 6837 6838
f 6824 6825 6839
f 6824 6839 6838
f 6849 6825 6824
f 6850 6838 6839
f 6825 6826 6840
f 6825 6840 6839
f 6849 6826 6825
f 6850 6839 6840
f 6826 6827 6841
f 6826 6841 6840
f 6849 6827 6826
f 6850 6840 6841
f 6827 6828 6842
f 6827 6842 6841
f 6849 6828 6827
f 6850 6841 6842
f 6828 6829 6843
f 6828 6843 6842
f 6849 6829 6828
f 6850 6842 6843
f 6829 6830 6844
f 6829 6844 6843
f 6849 6830 6829
f 6850 6843 6844
f 6830 6831 6845
f 6830 6845 6844
f 6849 6831 6830
f 6850 6844 6845
f 6831 6832 6846
f 6831 6846 6845
f 6849 6832 6831
f 6850 6845 6846
f 6832 6833 6847
f 6832 6847 6846
f 6849 6833 6832
f 6850 6846 6847
f 6833 6834 6848
f 6833 6848 6847
f 6849 6834 6833
f 6850 6847 6848
f 6834 6821 6835
f 6834 6835 6848
f 6849 6821 6834
f 6850 6848 6835
f 6851 6853 6852
f 6851 6854 6853
f 6851 6855 6854
f 6851 6856 6855
f 6851 6857 6856
f 6851 6858 6857
f 6851 6859 6858
f 6851 6860 6859
f 6851 6861 6860
f 6851 6862 6861
f 6851 6863 6862
f 6851 6864 6863
f 6851 6865 6864
f 6851 6852 6865
f 6852 6853 6867
f 6852 6867 6866
f 6853 6854 6868
f 6853 6868 6867
f 6854 6855 6869
f 6854 6869 6868
f 6855 6856 6870
f 6855 6870 6869
f 6856 6857 6871
f 6856 6871 6870
f 6857 6858 6872
f 6857 6872 6871
f 6858 6859 6873
f 6858 6873 6872
f 6859 6860 6874
f 6859 6874 6873
f 6860 6861 6875
f 6860 6875 6874
f 6861 6862 6876
f 6861 6876 6875
f 6862 6863 6877
f 6862 6877 6876
f 6863 6864 6878
f 6863 6878 6877
f 6864 6865 6879
f 6864 6879 6878
f 6865 6852 6866
f 6865 6866 6879
f 6866 6867 6881
f 6866 6881 6880
f 6867 6868 6882
f 6867 6882 6881
f 6868 6869 6883
f 6868 6883 6882
f 6869 6870 6884
f 6869 6884 6883
f 6870 6871 6885
f 6870 6885 6884
f 6871 6872 6886
f 6871 6886 6885
f 6872 6873 6887
f 6872 6887 6886
f 6873 6874 6888
f 6873 6888 6887
f 6874 6875 6889
f 6874 6889 6888
f 6875 6876 6890
f 6875 6890 6889
f 6876 6877 6891
f 6876 6891 6890
f 6877 6878 6892
f 6877 6892 6891
f 6878 6879 6893
f 6878 6893 6892
f 6879 6866 6880
f 6879 6880 6893
f 6880 6881 6895
f 6880 6895 6894
f 6881 6882 6896
f 6881 6896 6895
f 6882 6883 6897
f 6882 6897 6896
f 6883 6884 6898
f 6883 6898 6897
f 6884 6885 6899
f 6884 6899 6898
f 6885 6886 6900
f 6885 6900 6899
f 6886 6887 6901
f 6886 6901 6900
f 6887 6888 6902
f 6887 6902 6901
f 6888 6889 6903
f 6888 6903 6902
f 6889 6890 6904
f 6889 6904 6903
f 6890 6891 6905
f 6890 6905 6904
f 6891 6892 6906
f 6891 6906 6905
f 6892 6893 6907
f 6892 6907 6906
f 6893 6880 6894
f 6893 6894 6907
f 6894 6895 6909
f 6894 6909 6908
f 6895 6896 6910
f 6895 6910 6909
f 6896 6897 6911
f 6896 6911 6910
f 6897 6898 6912
f 6897 6912 6911
f 6898 6899 6913
f 6898 6913 6912
f 6899 6900 6914
f 6899 6914 6913
f 6900 6901 6915
f 6900 6915 6914
f 6901 6902 6916
f 6901 6916 6915
f 6902 6903 6917
f 6902 6917 6916
f 6903 6904 6918
f 6903 6918 6917
f 6904 6905 6919
f 6904 6919 6918
f 6905 6906 6920
f 6905 6920 6919
f 6906 6907 6921
f 6906 6921 6920
f 6907 6894 6908
f 6907 6908 6921
f 6908 6909 6923
f 6908 6923 6922
f 6909 6910 6924
f 6909 6924 6923
f 6910 6911 6925
f 6910 6925 6924
f 6911 6912 6926
f 6911 6926 6925
f 6912 6913 6927
f 6912 6927 6926
f 6913 6914 6928
f 6913 6928 6927
f 6914 6915 6929
f 6914 6929 6928
f 6915 6916 6930
f 6915 6930 6929
f 6916 6917 6931
f 6916 6931 6930
f 6917 6918 6932
f 6917 6932 6931
f 6918 6919 6933
f 6918 6933 6932
f 6919 6920 6934
f 6919 6934 6933
f 6920 6921 6935
f 6920 6935 6934
f 6921 6908 6922
f 6921 6922 6935
f 6922 6923 6937
f 6922 6937 6936
f 6923 6924 6938
f 6923 6938 6937
f 6924 6925 6939
f 6924 6939 6938
f 6925 6926 6940
f 6925 6940 6939
f 6926 6927 6941
f 6926 6941 6940
f 6927 6928 6942
f 6927 6942 6941
f 6928 6929 6943
f 6928 6943 6942
f 6929 6930 6944
f 6929 6944 6943
f 6930 6931 6945
f 6930 6945 6944
f 6931 6932 6946
f 6931 6946 6945
f 6932 6933 6947
f 6932 6947 6946
f 6933 6934 6948
f 6933 6948 6947
f 6934 6935 6949
f 6934 6949 6948
f 6935 6922 6936
f 6935 6936 6949
f 6936 6937 6950
f 6937 6938 6950
f 6938 6939 6950
f 6939 6940 6950
f 6940 6941 6950
f 6941 6942 6950
f 6942 6943 6950
f 6943 6944 6950
f 6944 6945 6950
f 6945 6946 6950
f 6946 6947 6950
f 6947 6948 6950
f 6948 6949 6950
f 6949 6936 6950
f 6951 6953 6952
f 6951 6954 6953
f 6951 6955 6954
f 6951 6956 6955
f 6951 6957 6956
f 6951 6958 6957
f 6951 6959 6958
f 6951 6960 6959
f 6951 6961 6960
f 6951 6962 6961
f 6951 6963 6962
f 6951 6964 6963
f 6951 6965 6964
f 6951 6952 6965
f 6952 6953 6967
f 6952 6967 6966
f 6953 6954 6968
f 6953 6968 6967
f 6954 6955 6969
f 6954 6969 6968
f 6955 6956 6970
f 6955 6970 6969
f 6956 6957 6971
f 6956 6971 6970
f 6957 6958 6972
f 6957 6972 6971
f 6958 6959 6973
f 6958 6973 6972
f 6959 6960 6974
f 6959 6974 6973
f 6960 6961 6975
f 6960 6975 6974
f 6961 6962 6976
f 6961 6976 6975
f 6962 6963 6977
f 6962 6977 6976
f 6963 6964 6978
f 6963 6978 6977
f 6964 6965 6979
f 6964 6979 6978
f 6965 6952 6966
f 6965 6966 6979
f 6966 6967 6981
f 6966 6981 6980
f 6967 6968 6982
f 6967 6982 6981
f 6968 6969 6983
f 6968 6983 6982
f 6969 6970 6984
f 6969 6984 6983
f 6970 6971 6985
f 6970 6985 6984
f 6971 6972 6986
f 6971 6986 6985
f 6972 6973 6987
f 6972 6987 6986
f 6973 6974 6988
f 6973 6988 6987
f 6974 6975 6989
f 6974 6989 6988
f 6975 6976 6990
f 6975 6990 6989
f 6976 6977 6991
f 6976 6991 6990
f 6977 6978 6992
f 6977 6992 6991
f 6978 6979 6993
f 6978 6993 6992
f 6979 6966 6980
f 6979 6980 6993
f 6980 6981 6995
f 6980 6995 6994
f 6981 6982 6996
f 6981 6996 6995
f 6982 6983 6997
f 6982 6997 6996
f 6983 6984 6998
f 6983 6998 6997
f 6984 6985 6999
f 6984 6999 6998
f 6985 6986 7000
f 6985 7000 6999
f 6986 6987 7001
f 6986 7001 7000
f 6987 6988 7002
f 6987 7002 7001
f 6988 6989 7003
f 6988 7003 7002
f 6989 6990 7004
f 6989 7004 7003
f 6990 6991 7005
f 6990 7005 7004
f 6991 6992 7006
f 6991 7006 7005
f 6992 6993 7007
f 6992 7007 7006
f 6993 6980 6994
f 6993 6994 7007
f 6994 6995 7009
f 6994 7009 7008
f 6995 6996 7010
f 6995 7010 7009
f 6996 6997 7011
f 6996 7011 7010
f 6997 6998 7012
f 6997 7012 7011
f 6998 6999 7013
f 6998 7013 7012
f 6999 7000 7014
f 6999 7014 7013
f 7000 7001 7015
f 7000 7015 7014
f 7001 7002 7016
f 7001 7016 7015
f 7002 7003 7017
f 7002 7017 7016
f 7003 7004 7018
f 7003 7018 7017
f 7004 7005 7019
f 7004 7019 7018
f 7005 7006 7020
f 7005 7020 7019
f 7006 7007 7021
f 7006 7021 7020
f 7007 6994 7008
f 7007 7008 7021
f 7008 7009 7023
f 7008 7023 7022
f 7009 7010 7024
f 7009 7024 7023
f 7010 7011 7025
f 7010 7025 7024
f 7011 7012 7026
f 7011 7026 7025
f 7012 7013 7027
f 7012 7027 7026
f 7013 7014 7028
f 7013 7028 7027
f 7014 7015 7029
f 7014 7029 7028
f 7015 7016 7030
f 7015 7030 7029
f 7016 7017 7031
f 7016 7031 7030
f 7017 7018 7032
f 7017 7032 7031
f 7018 7019 7033
f 7018 7033 7032
f 7019 7020 7034
f 7019 7034 7033
f 7020 7021 7035
f 7020 7035 7034
f 7021 7008 7022
f 7021 7022 7035
f 7022 7023 7037
f 7022 7037 7036
f 7023 7024 7038
f 7023 7038 7037
f 7024 7025 7039
f 7024 7039 7038
f 7025 7026 7040
f 7025 7040 7039
f 7026 7027 7041
f 7026 7041 7040
f 7027 7028 7042
f 7027 7042 7041
f 7028 7029 7043
f 7028 7043 7042
f 7029 7030 7044
f 7029 7044 7043
f 7030 7031 7045
f 7030 7045 7044
f 7031 7032 7046
f 7031 7046 7045
f 7032 7033 7047
f 7032 7047 7046
f 7033 7034 7048
f 7033 7048 7047
f 7034 7035 7049
f 7034 7049 7048
f 7035 7022 7036
f 7035 7036 7049
f 7036 7037 7050
f 7037 7038 7050
f 7038 7039 7050
f 7039 7040 7050
f 7040 7041 7050
f 7041 7042 7050
f 7042 7043 7050
f 7043 7044 7050
f 7044 7045 7050
f 7045 7046 7050
f 7046 7047 7050
f 7047 7048 7050
f 7048 7049 7050
f 7049 7036 7050
f 7051 7052 7066
f 7051 7066 7065
f 7079 7052 7051
f 7080 7065 7066
f 7052 7053 7067
f 7052 7067 7066
f 7079 7053 7052
f 7080 7066 7067
f 7053 7054 7068
f 7053 7068 7067
f 7079 7054 7053
f 7080 7067 7068
f 7054 7055 7069
f 7054 7069 7068
f 7079 7055 7054
f 7080 7068 7069
f 7055 7056 7070
f 7055 7070 7069
f 7079 7056 7055
f 7080 7069 7070
f 7056 7057 7071
f 7056 7071 7070
f 7079 7057 7056
f 7080 7070 7071
f 7057 7058 7072
f 7057 7072 7071
f 7079 7058 7057
f 7080 7071 7072
f 7058 7059 7073
f 7058 7073 7072
f 7079 7059 7058
f 7080 7072 7073
f 7059 7060 7074
f 7059 7074 7073
f 7079 7060 7059
f 7080 7073 7074
f 7060 7061 7075
f 7060 7075 7074
f 7079 7061 7060
f 7080 7074 7075
f 7061 7062 7076
f 7061 7076 7075
f 7079 7062 7061
f 7080 7075 7076
f 7062 7063 7077
f 7062 7077 7076
f 7079 7063 7062
f 7080 7076 7077
f 7063 7064 7078
f 7063 7078 7077
f 7079 7064 7063
f 7080 7077 7078
f 7064 7051 7065
f 7064 7065 7078
f 7079 7051 7064
f 7080 7078 7065
f 7081 7083 7082
f 7081 7084 7083
f 7081 7085 7084
f 7081 7086 7085
f 7081 7087 7086
f 7081 7088 7087
f 7081 7089 7088
f 7081 7090 7089
f 7081 7091 7090
f 7081 7092 7091
f 7081 7093 7092
f 7081 7094 7093
f 7081 7095 7094
f 7081 7082 7095
f 7082 7083 7097
f 7082 7097 7096
f 7083 7084 7098
f 7083 7098 7097
f 7084 7085 7099
f 7084 7099 7098
f 7085 7086 7100
f 7085 7100 7099
f 7086 7087 7101
f 7086 7101 7100
f 7087 7088 7102
f 7087 7102 7101
f 7088 7089 7103
f 7088 7103 7102
f 7089 7090 7104
f 7089 7104 7103
f 7090 7091 7105
f 7090 7105 7104
f 7091 7092 7106
f 7091 7106 7105
f 7092 7093 7107
f 7092 7107 7106
f 7093 7094 7108
f 7093 7108 7107
f 7094 7095 7109
f 7094 7109 7108
f 7095 7082 7096
f 7095 7096 7109
f 7096 7097 7111
f 7096 7111 7110
f 7097 7098 7112
f 7097 7112 7111
f 7098 7099 7113
f 7098 7113 7112
f 7099 7100 7114
f 7099 7114 7113
f 7100 7101 7115
f 7100 7115 7114
f 7101 7102 7116
f 7101 7116 7115
f 7102 7103 7117
f 7102 7117 7116
f 7103 7104 7118
f 7103 7118 7117
f 7104 7105 7119
f 7104 7119 7118
f 7105 7106 7120
f 7105 7120 7119
f 7106 7107 7121
f 7106 7121 7120
f 7107 7108 7122
f 7107 7122 7121
f 7108 7109 7123
f 7108 7123 7122
f 7109 7096 7110
f 7109 7110 7123
f 7110 7111 7125
f 7110 7125 7124
f 7111 7112 7126
f 7111 7126 7125
f 7112 7113 7127
f 7112 7127 7126
f 7113 7114 7128
f 7113 7128 7127
f 7114 7115 7129
f 7114 7129 7128
f 7115 7116 7130
f 7115 7130 7129
f 7116 7117 7131
f 7116 7131 7130
f 7117 7118 7132
f 7117 7132 7131
f 7118 7119 7133
f 7118 7133 7132
f 7119 7120 7134
f 7119 7134 7133
f 7120 7121 7135
f 7120 7135 7134
f 7121 7122 7136
f 7121 7136 7135
f 7122 7123 7137
f 7122 7137 7136
f 7123 7110 7124
f 7123 7124 7137
f 7124 7125 7139
f 7124 7139 7138
f 7125 7126 7140
f 7125 7140 7139
f 7126 7127 7141
f 7126 7141 7140
f 7127 7128 7142
f 7127 7142 7141
f 7128 7129 7143
f 7128 7143 7142
f 7129 7130 7144
f 7129 7144 7143
f 7130 7131 7145
f 7130 7145 7144
f 7131 7132 7146
f 7131 7146 7145
f 7132 7133 7147
f 7132 7147 7146
f 7133 7134 7148
f 7133 7148 7147
f 7134 7135 7149
f 7134 7149 7148
f 7135 7136 7150
f 7135 7150 7149
f 7136 7137 7151
f 7136 7151 7150
f 7137 7124 7138
f 7137 7138 7151
f 7138 7139 7153
f 7138 7153 7152
f 7139 7140 7154
f 7139 7154 7153
f 7140 7141 7155
f 7140 7155 7154
f 7141 7142 7156
f 7141 7156 7155
f 7142 7143 7157
f 7142 7157 7156
f 7143 7144 7158
f 7143 7158 7157
f 7144 7145 7159
f 7144 7159 7158
f 7145 7146 7160
f 7145 7160 7159
f 7146 7147 7161
f 7146 7161 7160
f 7147 7148 7162
f 7147 7162 7161
f 7148 7149 7163
f 7148 7163 7162
f 7149 7150 7164
f 7149 7164 7163
f 7150 7151 7165
f 7150 7165 7164
f 7151 7138 7152
f 7151 7152 7165
f 7152 7153 7167
f 7152 7167 7166
f 7153 7154 7168
f 7153 7168 7167
f 7154 7155 7169
f 7154 7169 7168
f 7155 7156 7170
f 7155 7170 7169
f 7156 7157 7171
f 7156 7171 7170
f 7157 7158 7172
f 7157 7172 7171
f 7158 7159 7173
f 7158 7173 7172
f 7159 7160 7174
f 7159 7174 7173
f 7160 7161 7175
f 7160 7175 7174
f 7161 7162 7176
f 7161 7176 7175
f 7162 7163 7177
f 7162 7177 7176
f 7163 7164 7178
f 7163 7178 7177
f 7164 7165 7179
f 7164 7179 7178
f 7165 7152 7166
f 7165 7166 7179
f 7166 7167 7180
f 7167 7168 7180
f 7168 7169 7180
f 7169 7170 7180
f 7170 7171 7180
f 7171 7172 7180
f 7172 7173 7180
f 7173 7174 7180
f 7174 7175 7180
f 7175 7176 7180
f 7176 7177 7180
f 7177 7178 7180
f 7178 7179 7180
f 7179 7166 7180
f 7181 7183 7182
f 7181 7184 7183
f 7181 7185 7184
f 7181 7186 7185
f 7181 7187 7186
f 7181 7188 7187
f 7181 7189 7188
f 7181 7190 7189
f 7181 7191 7190
f 7181 7192 7191
f 7181 7193 7192
f 7181 7194 7193
f 7181 7195 7194
f 7181 7182 7195
f 7182 7183 7197
f 7182 7197 7196
f 7183 7184 7198
f 7183 7198 7197
f 7184 7185 7199
f 7184 7199 7198
f 7185 7186 7200
f 7185 7200 7199
f 7186 7187 7201
f 7186 7201 7200
f 7187 7188 7202
f 7187 7202 7201
f 7188 7189 7203
f 7188 7203 7202
f 7189 7190 7204
f 7189 7204 7203
f 7190 7191 7205
f 7190 7205 7204
f 7191 7192 7206
f 7191 7206 7205
f 7192 7193 7207
f 7192 7207 7206
f 7193 7194 7208
f 7193 7208 7207
f 7194 7195 7209
f 7194 7209 7208
f 7195 7182 7196
f 7195 7196 7209
f 7196 7197 7211
f 7196 7211 7210
f 7197 7198 7212
f 7197 7212 7211
f 7198 7199 7213
f 7198 7213 7212
f 7199 7200 7214
f 7199 7214 7213
f 7200 7201 7215
f 7200 7215 7214
f 7201 7202 7216
f 7201 7216 7215
f 7202 7203 7217
f 7202 7217 7216
f 7203 7204 7218
f 7203 7218 7217
f 7204 7205 7219
f 7204 7219 7218
f 7205 7206 7220
f 7205 7220 7219
f 7206 7207 7221
f 7206 7221 7220
f 7207 7208 7222
f 7207 7222 7221
f 7208 7209 7223
f 7208 7223 7222
f 7209 7196 7210
f 7209 7210 7223
f 7210 7211 7225
f 7210 7225 7224
f 7211 7212 7226
f 7211 7226 7225
f 7212 7213 7227
f 7212 7227 7226
f 7213 7214 7228
f 7213 7228 7227
f 7214 7215 7229
f 7214 7229 7228
f 7215 7216 7230
f 7215 7230 7229
f 7216 7217 7231
f 7216 7231 7230
f 7217 7218 7232
f 7217 7232 7231
f 7218 7219 7233
f 7218 7233 7232
f 7219 7220 7234
f 7219 7234 7233
f 7220 7221 7235
f 7220 7235 7234
f 7221 7222 7236
f 7221 7236 7235
f 7222 7223 7237
f 7222 7237 7236
f 7223 7210 7224
f 7223 7224 7237
f 7224 7225 7239
f 7224 7239 7238
f 7225 7226 7240
f 7225 7240 7239
f 7226 7227 7241
f 7226 7241 7240
f 7227 7228 7242
f 7227 7242 7241
f 7228 7229 7243
f 7228 7243 7242
f 7229 7230 7244
f 7229 7244 7243
f 7230 7231 7245
f 7230 7245 7244
f 7231 7232 7246
f 7231 7246 7245
f 7232 7233 7247
f 7232 7247 7246
f 7233 7234 7248
f 7233 7248 7247
f 7234 7235 7249
f 7234 7249 7248
f 7235 7236 7250
f 7235 7250 7249
f 7236 7237 7251
f 7236 7251 7250
f 7237 7224 7238
f 7237 7238 7251
f 7238 7239 7253
f 7238 7253 7252
f 7239 7240 7254
f 7239 7254 7253
f 7240 7241 7255
f 7240 7255 7254
f 7241 7242 7256
f 7241 7256 7255
f 7242 7243 7257
f 7242 7257 7256
f 7243 7244 7258
f 7243 7258 7257
f 7244 7245 7259
f 7244 7259 7258
f 7245 7246 7260
f 7245 7260 7259
f 7246 7247 7261
f 7246 7261 7260
f 7247 7248 7262
f 7247 7262 7261
f 7248 7249 7263
f 7248 7263 7262
f 7249 7250 7264
f 7249 7264 7263
f 7250 7251 7265
f 7250 7265 7264
f 7251 7238 7252
f 7251 7252 7265
f 7252 7253 7267
f 7252 7267 7266
f 7253 7254 7268
f 7253 7268 7267
f 7254 7255 7269
f 7254 7269 7268
f 7255 7256 7270
f 7255 7270 7269
f 7256 7257 7271
f 7256 7271 7270
f 7257 7258 7272
f 7257 7272 7271
f 7258 7259 7273
f 7258 7273 7272
f 7259 7260 7274
f 7259 7274 7273
f 7260 7261 7275
f 7260 7275 7274
f 7261 7262 7276
f 7261 7276 7275
f 7262 7263 7277
f 7262 7277 7276
f 7263 7264 7278
f 7263 7278 7277
f 7264 7265 7279
f 7264 7279 7278
f 7265 7252 7266
f 7265 7266 7279
f 7266 7267 7280
f 7267 7268 7280
f 7268 7269 7280
f 7269 7270 7280
f 7270 7271 7280
f 7271 7272 7280
f 7272 7273 7280
f 7273 7274 7280
f 7274 7275 7280
f 7275 7276 7280
f 7276 7277 7280
f 7277 7278 7280
f 7278 7279 7280
f 7279 7266 7280
f 7281 7282 7296
f 7281 7296 7295
f 7309 7282 7281
f 7310 7295 7296
f 7282 7283 7297
f 7282 7297 7296
f 7309 7283 7282
f 7310 7296 7297
f 7283 7284 7298
f 7283 7298 7297
f 7309 7284 7283
f 7310 7297 7298
f 7284 7285 7299
f 7284 7299 7298
f 7309 7285 7284
f 7310 7298 7299
f 7285 7286 7300
f 7285 7300 7299
f 7309 7286 7285
f 7310 7299 7300
f 7286 7287 7301
f 7286 7301 7300
f 7309 7287 7286
f 7310 7300 7301
f 7287 7288 7302
f 7287 7302 7301
f 7309 7288 7287
f 7310 7301 7302
f 7288 7289 7303
f 7288 7303 7302
f 7309 7289 7288
f 7310 7302 7303
f 7289 7290 7304
f 7289 7304 7303
f 7309 7290 7289
f 7310 7303 7304
f 7290 7291 7305
f 7290 7305 7304
f 7309 7291 7290
f 7310 7304 7305
f 7291 7292 7306
f 7291 7306 7305
f 7309 7292 7291
f 7310 7305 7306
f 7292 7293 7307
f 7292 7307 7306
f 7309 7293 7292
f 7310 7306 7307
f 7293 7294 7308
f 7293 7308 7307
f 7309 7294 7293
f 7310 7307 7308
f 7294 7281 7295
f 7294 7295 7308
f 7309 7281 7294
f 7310 7308 7295
f 7311 7313 7312
f 7311 7314 7313
f 7311 7315 7314
f 7311 7316 7315
f 7311 7317 7316
f 7311 7318 7317
f 7311 7319 7318
f 7311 7320 7319
f 7311 7321 7320
f 7311 7322 7321
f 7311 7323 7322
f 7311 7324 7323
f 7311 7325 7324
f 7311 7312 7325
f 7312 7313 7327
f 7312 7327 7326
f 7313 7314 7328
f 7313 7328 7327
f 7314 7315 7329
f 7314 7329 7328
f 7315 7316 7330
f 7315 7330 7329
f 7316 7317 7331
f 7316 7331 7330
f 7317 7318 7332
f 7317 7332 7331
f 7318 7319 7333
f 7318 7333 7332
f 7319 7320 7334
f 7319 7334 7333
f 7320 7321 7335
f 7320 7335 7334
f 7321 7322 7336
f 7321 7336 7335
f 7322 7323 7337
f 7322 7337 7336
f 7323 7324 7338
f 7323 7338 7337
f 7324 7325 7339
f 7324 7339 7338
f 7325 7312 7326
f 7325 7326 7339
f 7326 7327 7341
f 7326 7341 7340
f 7327 7328 7342
f 7327 7342 7341
f 7328 7329 7343
f 7328 7343 7342
f 7329 7330 7344
f 7329 7344 7343
f 7330 7331 7345
f 7330 7345 7344
f 7331 7332 7346
f 7331 7346 7345
f 7332 7333 7347
f 7332 7347 7346
f 7333 7334 7348
f 7333 7348 7347
f 7334 7335 7349
f 7334 7349 7348
f 7335 7336 7350
f 7335 7350 7349
f 7336 7337 7351
f 7336 7351 7350
f 7337 7338 7352
f 7337 7352 7351
f 7338 7339 7353
f 7338 7353 7352
f 7339 7326 7340
f 7339 7340 7353
f 7340 7341 7355
f 7340 7355 7354
f 7341 7342 7356
f 7341 7356 7355
f 7342 7343 7357
f 7342 7357 7356
f 7343 7344 7358
f 7343 7358 7357
f 7344 7345 7359
f 7344 7359 7358
f 7345 7346 7360
f 7345 7360 7359
f 7346 7347 7361
f 7346 7361 7360
f 7347 7348 7362
f 7347 7362 7361
f 7348 7349 7363
f 7348 7363 7362
f 7349 7350 7364
f 7349 7364 7363
f 7350 7351 7365
f 7350 7365 7364
f 7351 7352 7366
f 7351 7366 7365
f 7352 7353 7367
f 7352 7367 7366
f 7353 7340 7354
f 7353 7354 7367
f 7354 7355 7369
f 7354 7369 7368
f 7355 7356 7370
f 7355 7370 7369
f 7356 7357 7371
f 7356 7371 7370
f 7357 7358 7372
f 7357 7372 7371
f 7358 7359 7373
f 7358 7373 7372
f 7359 7360 7374
f 7359 7374 7373
f 7360 7361 7375
f 7360 7375 7374
f 7361 7362 7376
f 7361 7376 7375
f 7362 7363 7377
f 7362 7377 7376
f 7363 7364 7378
f 7363 7378 7377
f 7364 7365 7379
f 7364 7379 7378
f 7365 7366 7380
f 7365 7380 7379
f 7366 7367 7381
f 7366 7381 7380
f 7367 7354 7368
f 7367 7368 7381
f 7368 7369 7383
f 7368 7383 7382
f 7369 7370 7384
f 7369 7384 7383
f 7370 7371 7385
f 7370 7385 7384
f 7371 7372 7386
f 7371 7386 7385
f 7372 7373 7387
f 7372 7387 7386
f 7373 7374 7388
f 7373 7388 7387
f 7374 7375 7389
f 7374 7389 7388
f 7375 7376 7390
f 7375 7390 7389
f 7376 7377 7391
f 7376 7391 7390
f 7377 7378 7392
f 7377 7392 7391
f 7378 7379 7393
f 7378 7393 7392
f 7379 7380 7394
f 7379 7394 7393
f 7380 7381 7395
f 7380 7395 7394
f 7381 7368 7382
f 7381 7382 7395
f 7382 7383 7397
f 7382 7397 7396
f 7383 7384 7398
f 7383 7398 7397
f 7384 7385 7399
f 7384 7399 7398
f 7385 7386 7400
f 7385 7400 7399
f 7386 7387 7401
f 7386 7401 7400
f 7387 7388 7402
f 7387 7402 7401
f 7388 7389 7403
f 7388 7403 7402
f 7389 7390 7404
f 7389 7404 7403
f 7390 7391 7405
f 7390 7405 7404
f 7391 7392 7406
f 7391 7406 7405
f 7392 7393 7407
f 7392 7407 7406
f 7393 7394 7408
f 7393 7408 7407
f 7394 7395 7409
f 7394 7409 7408
f 7395 7382 7396
f 7395 7396 7409
f 7396 7397 7410
f 7397 7398 7410
f 7398 7399 7410
f 7399 7400 7410
f 7400 7401 7410
f 7401 7402 7410
f 7402 7403 7410
f 7403 7404 7410
f 7404 7405 7410
f 7405 7406 7410
f 7406 7407 7410
f 7407 7408 7410
f 7408 7409 7410
f 7409 7396 7410
f 7411 7413 7412
f 7411 7414 7413
f 7411 7415 7414
f 7411 7416 7415
f 7411 7417 7416
f 7411 7418 7417
f 7411 7419 7418
f 7411 7420 7419
f 7411 7421 7420
f 7411 7422 7421
f 7411 7423 7422
f 7411 7424 7423
f 7411 7425 7424
f 7411 7412 7425
f 7412 7413 7427
f 7412 7427 7426
f 7413 7414 7428
f 7413 7428 7427
f 7414 7415 7429
f 7414 7429 7428
f 7415 7416 7430
f 7415 7430 7429
f 7416 7417 7431
f 7416 7431 7430
f 7417 7418 7432
f 7417 7432 7431
f 7418 7419 7433
f 7418 7433 7432
f 7419 7420 7434
f 7419 7434 7433
f 7420 7421 7435
f 7420 7435 7434
f 7421 7422 7436
f 7421 7436 7435
f 7422 7423 7437
f 7422 7437 7436
f 7423 7424 7438
f 7423 7438 7437
f 7424 7425 7439
f 7424 7439 7438
f 7425 7412 7426
f 7425 7426 7439
f 7426 7427 7441
f 7426 7441 7440
f 7427 7428 7442
f 7427 7442 7441
f 7428 7429 7443
f 7428 7443 7442
f 7429 7430 7444
f 7429 7444 7443
f 7430 7431 7445
f 7430 7445 7444
f 7431 7432 7446
f 7431 7446 7445
f 7432 7433 7447
f 7432 7447 7446
f 7433 7434 7448
f 7433 7448 7447
f 7434 7435 7449
f 7434 7449 7448
f 7435 7436 7450
f 7435 7450 7449
f 7436 7437 7451
f 7436 7451 7450
f 7437 7438 7452
f 7437 7452 7451
f 7438 7439 7453
f 7438 7453 7452
f 7439 7426 7440
f 7439 7440 7453
f 7440 7441 7455
f 7440 7455 7454
f 7441 7442 7456
f 7441 7456 7455
f 7442 7443 7457
f 7442 7457 7456
f 7443 7444 7458
f 7443 7458 7457
f 7444 7445 7459
f 7444 7459 7458
f 7445 7446 7460
f 7445 7460 7459
f 7446 7447 7461
f 7446 7461 7460
f 7447 7448 7462
f 7447 7462 7461
f 7448 7449 7463
f 7448 7463 7462
f 7449 7450 7464
f 7449 7464 7463
f 7450 7451 7465
f 7450 7465 7464
f 7451 7452 7466
f 7451 7466 7465
f 7452 7453 7467
f 7452 7467 7466
f 7453 7440 7454
f 7453 7454 7467
f 7454 7455 7469
f 7454 7469 7468
f 7455 7456 7470
f 7455 7470 7469
f 7456 7457 7471
f 7456 7471 7470
f 7457 7458 7472
f 7457 7472 7471
f 7458 7459 7473
f 7458 7473 7472
f 7459 7460 7474
f 7459 7474 7473
f 7460 7461 7475
f 7460 7475 7474
f 7461 7462 7476
f 7461 7476 7475
f 7462 7463 7477
f 7462 7477 7476
f 7463 7464 7478
f 7463 7478 7477
f 7464 7465 7479
f 7464 7479 7478
f 7465 7466 7480
f 7465 7480 7479
f 7466 7467 7481
f 7466 7481 7480
f 7467 7454 7468
f 7467 7468 7481
f 7468 7469 7483
f 7468 7483 7482
f 7469 7470 7484
f 7469 7484 7483
f 7470 7471 7485
f 7470 7485 7484
f 7471 7472 7486
f 7471 7486 7485
f 7472 7473 7487
f 7472 7487 7486
f 7473 7474 7488
f 7473 7488 7487
f 7474 7475 7489
f 7474 7489 7488
f 7475 7476 7490
f 7475 7490 7489
f 7476 7477 7491
f 7476 7491 7490
f 7477 7478 7492
f 7477 7492 7491
f 7478 7479 7493
f 7478 7493 7492
f 7479 7480 7494
f 7479 7494 7493
f 7480 7481 7495
f 7480 7495 7494
f 7481 7468 7482
f 7481 7482 7495
f 7482 7483 7497
f 7482 7497 7496
f 7483 7484 7498
f 7483 7498 7497
f 7484 7485 7499
f 7484 7499 7498
f 7485 7486 7500
f 7485 7500 7499
f 7486 7487 7501
f 7486 7501 7500
f 7487 7488 7502
f 7487 7502 7501
f 7488 7489 7503
f 7488 7503 7502
f 7489 7490 7504
f 7489 7504 7503
f 7490 7491 7505
f 7490 7505 7504
f 7491 7492 7506
f 7491 7506 7505
f 7492 7493 7507
f 7492 7507 7506
f 7493 7494 7508
f 7493 7508 7507
f 7494 7495 7509
f 7494 7509 7508
f 7495 7482 7496
f 7495 7496 7509
f 7496 7497 7510
f 7497 7498 7510
f 7498 7499 7510
f 7499 7500 7510
f 7500 7501 7510
f 7501 7502 7510
f 7502 7503 7510
f 7503 7504 7510
f 7504 7505 7510
f 7505 7506 7510
f 7506 7507 7510
f 7507 7508 7510
f 7508 7509 7510
f 7509 7496 7510
f 7511 7512 7526
f 7511 7526 7525
f 7539 7512 7511
f 7540 7525 7526
f 7512 7513 7527
f 7512 7527 7526
f 7539 7513 7512
f 7540 7526 7527
f 7513 7514 7528
f 7513 7528 7527
f 7539 7514 7513
f 7540 7527 7528
f 7514 7515 7529
f 7514 7529 7528
f 7539 7515 7514
f 7540 7528 7529
f 7515 7516 7530
f 7515 7530 7529
f 7539 7516 7515
f 7540 7529 7530
f 7516 7517 7531
f 7516 7531 7530
f 7539 7517 7516
f 7540 7530 7531
f 7517 7518 7532
f 7517 7532 7531
f 7539 7518 7517
f 7540 7531 7532
f 7518 7519 7533
f 7518 7533 7532
f 7539 7519 7518
f 7540 7532 7533
f 7519 7520 7534
f 7519 7534 7533
f 7539 7520 7519
f 7540 7533 7534
f 7520 7521 7535
f 7520 7535 7534
f 7539 7521 7520
f 7540 7534 7535
f 7521 7522 7536
f 7521 7536 7535
f 7539 7522 7521
f 7540 7535 7536
f 7522 7523 7537
f 7522 7537 7536
f 7539 7523 7522
f 7540 7536 7537
f 7523 7524 7538
f 7523 7538 7537
f 7539 7524 7523
f 7540 7537 7538
f 7524 7511 7525
f 7524 7525 7538
f 7539 7511 7524
f 7540 7538 7525
f 7541 7543 7542
f 7541 7544 7543
f 7541 7545 7544
f 7541 7546 7545
f 7541 7547 7546
f 7541 7548 7547
f 7541 7549 7548
f 7541 7550 7549
f 7541 7551 7550
f 7541 7552 7551
f 7541 7553 7552
f 7541 7554 7553
f 7541 7555 7554
f 7541 7542 7555
f 7542 7543 7557
f 7542 7557 7556
f 7543 7544 7558
f 7543 7558 7557
f 7544 7545 7559
f 7544 7559 7558
f 7545 7546 7560
f 7545 7560 7559
f 7546 7547 7561
f 7546 7561 7560
f 7547 7548 7562
f 7547 7562 7561
f 7548 7549 7563
f 7548 7563 7562
f 7549 7550 7564
f 7549 7564 7563
f 7550 7551 7565
f 7550 7565 7564
f 7551 7552 7566
f 7551 7566 7565
f 7552 7553 7567
f 7552 7567 7566
f 7553 7554 7568
f 7553 7568 7567
f 7554 7555 7569
f 7554 7569 7568
f 7555 7542 7556
f 7555 7556 7569
f 7556 7557 7571
f 7556 7571 7570
f 7557 7558 7572
f 7557 7572 7571
f 7558 7559 7573
f 7558 7573 7572
f 7559 7560 7574
f 7559 7574 7573
f 7560 7561 7575
f 7560 7575 7574
f 7561 7562 7576
f 7561 7576 7575
f 7562 7563 7577
f 7562 7577 7576
f 7563 7564 7578
f 7563 7578 7577
f 7564 7565 7579
f 7564 7579 7578
f 7565 7566 7580
f 7565 7580 7579
f 7566 7567 7581
f 7566 7581 7580
f 7567 7568 7582
f 7567 7582 7581
f 7568 7569 7583
f 7568 7583 7582
f 7569 7556 7570
f 7569 7570 7583
f 7570 7571 7585
f 7570 7585 7584
f 7571 7572 7586
f 7571 7586 7585
f 7572 7573 7587
f 7572 7587 7586
f 7573 7574 7588
f 7573 7588 7587
f 7574 7575 7589
f 7574 7589 7588
f 7575 7576 7590
f 7575 7590 7589
f 7576 7577 7591
f 7576 7591 7590
f 7577 7578 7592
f 7577 7592 7591
f 7578 7579 7593
f 7578 7593 7592
f 7579 7580 7594
f 7579 7594 7593
f 7580 7581 7595
f 7580 7595 7594
f 7581 7582 7596
f 7581 7596 7595
f 7582 7583 7597
f 7582 7597 7596
f 7583 7570 7584
f 7583 7584 7597
f 7584 7585 7599
f 7584 7599 7598
f 7585 7586 7600
f 7585 7600 7599
f 7586 7587 7601
f 7586 7601 7600
f 7587 7588 7602
f 7587 7602 7601
f 7588 7589 7603
f 7588 7603 7602
f 7589 7590 7604
f 7589 7604 7603
f 7590 7591 7605
f 7590 7605 7604
f 7591 7592 7606
f 7591 7606 7605
f 7592 7593 7607
f 7592 7607 7606
f 7593 7594 7608
f 7593 7608 7607
f 7594 7595 7609
f 7594 7609 7608
f 7595 7596 7610
f 7595 7610 7609
f 7596 7597 7611
f 7596 7611 7610
f 7597 7584 7598
f 7597 7598 7611
f 7598 7599 7613
f 7598 7613 7612
f 7599 7600 7614
f 7599 7614 7613
f 7600 7601 7615
f 7600 7615 7614
f 7601 7602 7616
f 7601 7616 7615
f 7602 7603 7617
f 7602 7617 7616
f 7603 7604 7618
f 7603 7618 7617
f 7604 7605 7619
f 7604 7619 7618
f 7605 7606 7620
f 7605 7620 7619
f 7606 7607 7621
f 7606 7621 7620
f 7607 7608 7622
f 7607 7622 7621
f 7608 7609 7623
f 7608 7623 7622
f 7609 7610 7624
f 7609 7624 7623
f 7610 7611 7625
f 7610 7625 7624
f 7611 7598 7612
f 7611 7612 7625
f 7612 7613 7627
f 7612 7627 7626
f 7613 7614 7628
f 7613 7628 7627
f 7614 7615 7629
f 7614 7629 7628
f 7615 7616 7630
f 7615 7630 7629
f 7616 7617 7631
f 7616 7631 7630
f 7617 7618 7632
f 7617 7632 7631
f 7618 7619 7633
f 7618 7633 7632
f 7619 7620 7634
f 7619 7634 7633
f 7620 7621 7635
f 7620 7635 7634
f 7621 7622 7636
f 7621 7636 7635
f 7622 7623 7637
f 7622 7637 7636
f 7623 7624 7638
f 7623 7638 7637
f 7624 7625 7639
f 7624 7639 7638
f 7625 7612 7626
f 7625 7626 7639
f 7626 7627 7640
f 7627 7628 7640
f 7628 7629 7640
f 7629 7630 7640
f 7630 7631 7640
f 7631 7632 7640
f 7632 7633 7640
f 7633 7634 7640
f 7634 7635 7640
f 7635 7636 7640
f 7636 7637 7640
f 7637 7638 7640
f 7638 7639 7640
f 7639 7626 7640
f 7641 7643 7642
f 7641 7644 7643
f 7641 7645 7644
f 7641 7646 7645
f 7641 7647 7646
f 7641 7648 7647
f 7641 7649 7648
f 7641 7650 7649
f 7641 7651 7650
f 7641 7652 7651
f 7641 7653 7652
f 7641 7654 7653
f 7641 7655 7654
f 7641 7642 7655
f 7642 7643 7657
f 7642 7657 7656
f 7643 7644 7658
f 7643 7658 7657
f 7644 7645 7659
f 7644 7659 7658
f 7645 7646 7660
f 7645 7660 7659
f 7646 7647 7661
f 7646 7661 7660
f 7647 7648 7662
f 7647 7662 7661
f 7648 7649 7663
f 7648 7663 7662
f 7649 7650 7664
f 7649 7664 7663
f 7650 7651 7665
f 7650 7665 7664
f 7651 7652 7666
f 7651 7666 7665
f 7652 7653 7667
f 7652 7667 7666
f 7653 7654 7668
f 7653 7668 7667
f 7654 7655 7669
f 7654 7669 7668
f 7655 7642 7656
f 7655 7656 7669
f 7656 7657 7671
f 7656 7671 7670
f 7657 7658 7672
f 7657 7672 7671
f 7658 7659 7673
f 7658 7673 7672
f 7659 7660 7674
f 7659 7674 7673
f 7660 7661 7675
f 7660 7675 7674
f 7661 7662 7676
f 7661 7676 7675
f 7662 7663 7677
f 7662 7677 7676
f 7663 7664 7678
f 7663 7678 7677
f 7664 7665 7679
f 7664 7679 7678
f 7665 7666 7680
f 7665 7680 7679
f 7666 7667 7681
f 7666 7681 7680
f 7667 7668 7682
f 7667 7682 7681
f 7668 7669 7683
f 7668 7683 7682
f 7669 7656 7670
f 7669 7670 7683
f 7670 7671 7685
f 7670 7685 7684
f 7671 7672 7686
f 7671 7686 7685
f 7672 7673 7687
f 7672 7687 7686
f 7673 7674 7688
f 7673 7688 7687
f 7674 7675 7689
f 7674 7689 7688
f 7675 7676 7690
f 7675 7690 7689
f 7676 7677 7691
f 7676 7691 7690
f 7677 7678 7692
f 7677 7692 7691
f 7678 7679 7693
f 7678 7693 7692
f 7679 7680 7694
f 7679 7694 7693
f 7680 7681 7695
f 7680 7695 7694
f 7681 7682 7696
f 7681 7696 7695
f 7682 7683 7697
f 7682 7697 7696
f 7683 7670 7684
f 7683 7684 7697
f 7684 7685 7699
f 7684 7699 7698
f 7685 7686 7700
f 7685 7700 7699
f 7686 7687 7701
f 7686 7701 7700
f 7687 7688 7702
f 7687 7702 7701
f 7688 7689 7703
f 7688 7703 7702
f 7689 7690 7704
f 7689 7704 7703
f 7690 7691 7705
f 7690 7705 7704
f 7691 7692 7706
f 7691 7706 7705
f 7692 7693 7707
f 7692 7707 7706
f 7693 7694 7708
f 7693 7708 7707
f 7694 7695 7709
f 7694 7709 7708
f 7695 7696 7710
f 7695 7710 7709
f 7696 7697 7711
f 7696 7711 7710
f 7697 7684 7698
f 7697 7698 7711
f 7698 7699 7713
f 7698 7713 7712
f 7699 7700 7714
f 7699 7714 7713
f 7700 7701 7715
f 7700 7715 7714
f 7701 7702 7716
f 7701 7716 7715
f 7702 7703 7717
f 7702 7717 7716
f 7703 7704 7718
f 7703 7718 7717
f 7704 7705 7719
f 7704 7719 7718
f 7705 7706 7720
f 7705 7720 7719
f 7706 7707 7721
f 7706 7721 7720
f 7707 7708 7722
f 7707 7722 7721
f 7708 7709 7723
f 7708 7723 7722
f 7709 7710 7724
f 7709 7724 7723
f 7710 7711 7725
f 7710 7725 7724
f 7711 7698 7712
f 7711 7712 7725
f 7712 7713 7727
f 7712 7727 7726
f 7713 7714 7728
f 7713 7728 7727
f 7714 7715 7729
f 7714 7729 7728
f 7715 7716 7730
f 7715 7730 7729
f 7716 7717 7731
f 7716 7731 7730
f 7717 7718 7732
f 7717 7732 7731
f 7718 7719 7733
f 7718 7733 7732
f 7719 7720 7734
f 7719 7734 7733
f 7720 7721 7735
f 7720 7735 7734
f 7721 7722 7736
f 7721 7736 7735
f 7722 7723 7737
f 7722 7737 7736
f 7723 7724 7738
f 7723 7738 7737
f 7724 7725 7739
f 7724 7739 7738
f 7725 7712 7726
f 7725 7726 7739
f 7726 7727 7740
f 7727 7728 7740
f 7728 7729 7740
f 7729 7730 7740
f 7730 7731 7740
f 7731 7732 7740
f 7732 7733 7740
f 7733 7734 7740
f 7734 7735 7740
f 7735 7736 7740
f 7736 7737 7740
f 7737 7738 7740
f 7738 7739 7740
f 7739 7726 7740
f 7741 7742 7756
f 7741 7756 7755
f 7769 7742 7741
f 7770 7755 7756
f 7742 7743 7757
f 7742 7757 7756
f 7769 7743 7742
f 7770 7756 7757
f 7743 7744 7758
f 7743 7758 7757
f 7769 7744 7743
f 7770 7757 7758
f 7744 7745 7759
f 7744 7759 7758
f 7769 7745 7744
f 7770 7758 7759
f 7745 7746 7760
f 7745 7760 7759
f 7769 7746 7745
f 7770 7759 7760
f 7746 7747 7761
f 7746 7761 7760
f 7769 7747 7746
f 7770 7760 7761
f 7747 7748 7762
f 7747 7762 7761
f 7769 7748 7747
f 7770 7761 7762
f 7748 7749 7763
f 7748 7763 7762
f 7769 7749 7748
f 7770 7762 7763
f 7749 7750 7764
f 7749 7764 7763
f 7769 7750 7749
f 7770 7763 7764
f 7750 7751 7765
f 7750 7765 7764
f 7769 7751 7750
f 7770 7764 7765
f 7751 7752 7766
f 7751 7766 7765
f 7769 7752 7751
f 7770 7765 7766
f 7752 7753 7767
f 7752 7767 7766
f 7769 7753 7752
f 7770 7766 7767
f 7753 7754 7768
f 7753 7768 7767
f 7769 7754 7753
f 7770 7767 7768
f 7754 7741 7755
f 7754 7755 7768
f 7769 7741 7754
f 7770 7768 7755
f 7771 7773 7772
f 7771 7774 7773
f 7771 7775 7774
f 7771 7776 7775
f 7771 7777 7776
f 7771 7778 7777
f 7771 7779 7778
f 7771 7780 7779
f 7771 7781 7780
f 7771 7782 7781
f 7771 7783 7782
f 7771 7784 7783
f 7771 7785 7784
f 7771 7772 7785
f 7772 7773 7787
f 7772 7787 7786
f 7773 7774 7788
f 7773 7788 7787
f 7774 7775 7789
f 7774 7789 7788
f 7775 7776 7790
f 7775 7790 7789
f 7776 7777 7791
f 7776 7791 7790
f 7777 7778 7792
f 7777 7792 7791
f 7778 7779 7793
f 7778 7793 7792
f 7779 7780 7794
f 7779 7794 7793
f 7780 7781 7795
f 7780 7795 7794
f 7781 7782 7796
f 7781 7796 7795
f 7782 7783 7797
f 7782 7797 7796
f 7783 7784 7798
f 7783 7798 7797
f 7784 7785 7799
f 7784 7799 7798
f 7785 7772 7786
f 7785 7786 7799
f 7786 7787 7801
f 7786 7801 7800
f 7787 7788 7802
f 7787 7802 7801
f 7788 7789 7803
f 7788 7803 7802
f 7789 7790 7804
f 7789 7804 7803
f 7790 7791 7805
f 7790 7805 7804
f 7791 7792 7806
f 7791 7806 7805
f 7792 7793 7807
f 7792 7807 7806
f 7793 7794 7808
f 7793 7808 7807
f 7794 7795 7809
f 7794 7809 7808
f 7795 7796 7810
f 7795 7810 7809
f 7796 7797 7811
f 7796 7811 7810
f 7797 7798 7812
f 7797 7812 7811
f 7798 7799 7813
f 7798 7813 7812
f 7799 7786 7800
f 7799 7800 7813
f 7800 7801 7815
f 7800 7815 7814
f 7801 7802 7816
f 7801 7816 7815
f 7802 7803 7817
f 7802 7817 7816
f 7803 7804 7818
f 7803 7818 7817
f 7804 7805 7819
f 7804 7819 7818
f 7805 7806 7820
f 7805 7820 7819
f 7806 7807 7821
f 7806 7821 7820
f 7807 7808 7822
f 7807 7822 7821
f 7808 7809 7823
f 7808 7823 7822
f 7809 7810 7824
f 7809 7824 7823
f 7810 7811 7825
f 7810 7825 7824
f 7811 7812 7826
f 7811 7826 7825
f 7812 7813 7827
f 7812 7827 7826
f 7813 7800 7814
f 7813 7814 7827
f 7814 7815 7829
f 7814 7829 7828
f 7815 7816 7830
f 7815 7830 7829
f 7816 7817 7831
f 7816 7831 7830
f 7817 7818 7832
f 7817 7832 7831
f 7818 7819 7833
f 7818 7833 7832
f 7819 7820 7834
f 7819 7834 7833
f 7820 7821 7835
f 7820 7835 7834
f 7821 7822 7836
f 7821 7836 7835
f 7822 7823 7837
f 7822 7837 7836
f 7823 7824 7838
f 7823 7838 7837
f 7824 7825 7839
f 7824 7839 7838
f 7825 7826 7840
f 7825 7840 7839
f 7826 7827 7841
f 7826 7841 7840
f 7827 7814 7828
f 7827 7828 7841
f 7828 7829 7843
f 7828 7843 7842
f 7829 7830 7844
f 7829 7844 7843
f 7830 7831 7845
f 7830 7845 7844
f 7831 7832 7846
f 7831 7846 7845
f 7832 7833 7847
f 7832 7847 7846
f 7833 7834 7848
f 7833 7848 7847
f 7834 7835 7849
f 7834 7849 7848
f 7835 7836 7850
f 7835 7850 7849
f 7836 7837 7851
f 7836 7851 7850
f 7837 7838 7852
f 7837 7852 7851
f 7838 7839 7853
f 7838 7853 7852
f 7839 7840 7854
f 7839 7854 7853
f 7840 7841 7855
f 7840 7855 7854
f 7841 7828 7842
f 7841 7842 7855
f 7842 7843 7857
f 7842 7857 7856
f 7843 7844 7858
f 7843 7858 7857
f 7844 7845 7859
f 7844 7859 7858
f 7845 7846 7860
f 7845 7860 7859
f 7846 7847 7861
f 7846 7861 7860
f 7847 7848 7862
f 7847 7862 7861
f 7848 7849 7863
f 7848 7863 7862
f 7849 7850 7864
f 7849 7864 7863
f 7850 7851 7865
f 7850 7865 7864
f 7851 7852 7866
f 7851 7866 7865
f 7852 7853 7867
f 7852 7867 7866
f 7853 7854 7868
f 7853 7868 7867
f 7854 7855 7869
f 7854 7869 7868
f 7855 7842 7856
f 7855 7856 7869
f 7856 7857 7870
f 7857 7858 7870
f 7858 7859 7870
f 7859 7860 7870
f 7860 7861 7870
f 7861 7862 7870
f 7862 7863 7870
f 7863 7864 7870
f 7864 7865 7870
f 7865 7866 7870
f 7866 7867 7870
f 7867 7868 7870
f 7868 7869 7870
f 7869 7856 7870
f 7871 7873 7872
f 7871 7874 7873
f 7871 7875 7874
f 7871 7876 7875
f 7871 7877 7876
f 7871 7878 7877
f 7871 7879 7878
f 7871 7880 7879
f 7871 7881 7880
f 7871 7882 7881
f 7871 7883 7882
f 7871 7884 7883
f 7871 7885 7884
f 7871 7872 7885
f 7872 7873 7887
f 7872 7887 7886
f 7873 7874 7888
f 7873 7888 7887
f 7874 7875 7889
f 7874 7889 7888
f 7875 7876 7890
f 7875 7890 7889
f 7876 7877 7891
f 7876 7891 7890
f 7877 7878 7892
f 7877 7892 7891
f 7878 7879 7893
f 7878 7893 7892
f 7879 7880 7894
f 7879 7894 7893
f 7880 7881 7895
f 7880 7895 7894
f 7881 7882 7896
f 7881 7896 7895
f 7882 7883 7897
f 7882 7897 7896
f 7883 7884 7898
f 7883 7898 7897
f 7884 7885 7899
f 7884 7899 7898
f 7885 7872 7886
f 7885 7886 7899
f 7886 7887 7901
f 7886 7901 7900
f 7887 7888 7902
f 7887 7902 7901
f 7888 7889 7903
f 7888 7903 7902
f 7889 7890 7904
f 7889 7904 7903
f 7890 7891 7905
f 7890 7905 7904
f 7891 7892 7906
f 7891 7906 7905
f 7892 7893 7907
f 7892 7907 7906
f 7893 7894 7908
f 7893 7908 7907
f 7894 7895 7909
f 7894 7909 7908
f 7895 7896 7910
f 7895 7910 7909
f 7896 7897 7911
f 7896 7911 7910
f 7897 7898 7912
f 7897 7912 7911
f 7898 7899 7913
f 7898 7913 7912
f 7899 7886 7900
f 7899 7900 7913
f 7900 7901 7915
f 7900 7915 7914
f 7901 7902 7916
f 7901 7916 7915
f 7902 7903 7917
f 7902 7917 7916
f 7903 7904 7918
f 7903 7918 7917
f 7904 7905 7919
f 7904 7919 7918
f 7905 7906 7920
f 7905 7920 7919
f 7906 7907 7921
f 7906 7921 7920
f 7907 7908 7922
f 7907 7922 7921
f 7908 7909 7923
f 7908 7923 7922
f 7909 7910 7924
f 7909 7924 7923
f 7910 7911 7925
f 7910 7925 7924
f 7911 7912 7926
f 7911 7926 7925
f 7912 7913 7927
f 7912 7927 7926
f 7913 7900 7914
f 7913 7914 7927
f 7914 7915 7929
f 7914 7929 7928
f 7915 7916 7930
f 7915 7930 7929
f 7916 7917 7931
f 7916 7931 7930
f 7917 7918 7932
f 7917 7932 7931
f 7918 7919 7933
f 7918 7933 7932
f 7919 7920 7934
f 7919 7934 7933
f 7920 7921 7935
f 7920 7935 7934
f 7921 7922 7936
f 7921 7936 7935
f 7922 7923 7937
f 7922 7937 7936
f 7923 7924 7938
f 7923 7938 7937
f 7924 7925 7939
f 7924 7939 7938
f 7925 7926 7940
f 7925 7940 7939
f 7926 7927 7941
f 7926 7941 7940
f 7927 7914 7928
f 7927 7928 7941
f 7928 7929 7943
f 7928 7943 7942
f 7929 7930 7944
f 7929 7944 7943
f 7930 7931 7945
f 7930 7945 7944
f 7931 7932 7946
f 7931 7946 7945
f 7932 7933 7947
f 7932 7947 7946
f 7933 7934 7948
f 7933 7948 7947
f 7934 7935 7949
f 7934 7949 7948
f 7935 7936 7950
f 7935 7950 7949
f 7936 7937 7951
f 7936 7951 7950
f 7937 7938 7952
f 7937 7952 7951
f 7938 7939 7953
f 7938 7953 7952
f 7939 7940 7954
f 7939 7954 7953
f 7940 7941 7955
f 7940 7955 7954
f 7941 7928 7942
f 7941 7942 7955
f 7942 7943 7957
f 7942 7957 7956
f 7943 7944 7958
f 7943 7958 7957
f 7944 7945 7959
f 7944 7959 7958
f 7945 7946 7960
f 7945 7960 7959
f 7946 7947 7961
f 7946 7961 7960
f 7947 7948 7962
f 7947 7962 7961
f 7948 7949 7963
f 7948 7963 7962
f 7949 7950 7964
f 7949 7964 7963
f 7950 7951 7965
f 7950 7965 7964
f 7951 7952 7966
f 7951 7966 7965
f 7952 7953 7967
f 7952 7967 7966
f 7953 7954 7968
f 7953 7968 7967
f 7954 7955 7969
f 7954 7969 7968
f 7955 7942 7956
f 7955 7956 7969
f 7956 7957 7970
f 7957 7958 7970
f 7958 7959 7970
f 7959 7960 7970
f 7960 7961 7970
f 7961 7962 7970
f 7962 7963 7970
f 7963 7964 7970
f 7964 7965 7970
f 7965 7966 7970
f 7966 7967 7970
f 7967 7968 7970
f 7968 7969 7970
f 7969 7956 7970
