solid OpenSCAD_Model
  facet normal 0.0641568 0.249238 0.966315
    outer loop
      vertex -28.7672 17.118 13.3147
      vertex -29.0186 14.6471 13.9687
      vertex -28.054 14.3988 13.9687
    endloop
  endfacet
  facet normal -0.974661 0.049355 0.218175
    outer loop
      vertex -46.8185 7.86543 5.65403
      vertex -46.9636 5 5.65403
      vertex -46.6733 5 6.9509
    endloop
  endfacet
  facet normal 0.483447 0.126808 0.86614
    outer loop
      vertex -18.1916 11.3298 11.5935
      vertex -19.1731 8.75433 12.5184
      vertex -17.6542 9.28099 11.5935
    endloop
  endfacet
  facet normal -0.506836 -0.0256716 0.86166
    outer loop
      vertex -41.2089 5 12.5184
      vertex -42.7813 5 11.5935
      vertex -41.113 3.10664 12.5184
    endloop
  endfacet
  facet normal -0.0503729 0.114669 -0.992126
    outer loop
      vertex -31.2692 8.96528 -4.80785
      vertex -31.4143 11.8307 -4.4693
      vertex -30.8584 9.14574 -4.80785
    endloop
  endfacet
  facet normal -0.128454 0.499012 -0.857022
    outer loop
      vertex -31.6683 21.399 -1.59346
      vertex -33.6584 22.669 -0.555702
      vertex -31.845 23.1358 -0.555702
    endloop
  endfacet
  facet normal 0.703443 -0.108149 -0.702475
    outer loop
      vertex -15.2727 -0.10681 0.577112
      vertex -16.3467 0.265595 -0.555702
      vertex -15.9859 2.61237 -0.555702
    endloop
  endfacet
  facet normal -0.81693 0.0413696 0.575251
    outer loop
      vertex -45.9601 7.71918 8.21439
      vertex -46.0978 5 8.21439
      vertex -45.1164 7.57544 9.42289
    endloop
  endfacet
  facet normal 0.157421 0.138708 0.977742
    outer loop
      vertex -24.6833 11.8804 13.9687
      vertex -26.6734 10.6103 14.4693
      vertex -26.136 10.0004 14.4693
    endloop
  endfacet
  facet normal 0.0431939 0.509219 0.859552
    outer loop
      vertex -28.155 23.1358 10.5557
      vertex -30 23.2923 10.5557
      vertex -28.3317 21.399 11.5935
    endloop
  endfacet
  facet normal -0.585979 0.516347 0.624511
    outer loop
      vertex -39.7997 21.5275 8.21439
      vertex -41.3829 19.7308 8.21439
      vertex -40.7811 18.9521 9.42289
    endloop
  endfacet
  facet normal -0.0305865 -0.118824 0.992444
    outer loop
      vertex -30.8584 0.854259 14.8079
      vertex -31.4143 -1.83071 14.4693
      vertex -30.4329 0.744731 14.8079
    endloop
  endfacet
  facet normal -0.0151131 0.0587113 -0.998161
    outer loop
      vertex -30.2878 6.38984 -4.97859
      vertex -30.8584 9.14574 -4.80785
      vertex -30.4329 9.25527 -4.80785
    endloop
  endfacet
  facet normal -0.803884 0.54476 0.23876
    outer loop
      vertex -41.9951 20.523 5.65403
      vertex -43.4581 18.3641 5.65403
      vertex -43.2279 18.1354 6.9509
    endloop
  endfacet
  facet normal -0.864286 -0.446217 0.232163
    outer loop
      vertex -44.4395 -5.78864 6.9509
      vertex -44.6909 -5.97645 5.65403
      vertex -43.2279 -8.13541 6.9509
    endloop
  endfacet
  facet normal 0.501077 0.441496 -0.744314
    outer loop
      vertex -20.0051 17.9346 -0.555702
      vertex -21.3952 19.5123 -0.555702
      vertex -19.2189 18.9521 0.577112
    endloop
  endfacet
  facet normal 0.576706 0.666921 -0.471833
    outer loop
      vertex -20.2003 21.5275 1.7856
      vertex -21.6633 23.6865 3.0491
      vertex -19.8499 22.1184 3.0491
    endloop
  endfacet
  facet normal 0.105569 -0.240303 -0.96494
    outer loop
      vertex -27.5555 -6.80607 -3.3147
      vertex -28.054 -4.3988 -3.96873
      vertex -26.3857 -6.29216 -3.3147
    endloop
  endfacet
  facet normal 0.404759 0.0622083 -0.912305
    outer loop
      vertex -20.6361 6.59536 -3.3147
      vertex -20.8771 8.16343 -3.3147
      vertex -19.1731 8.75433 -2.5184
    endloop
  endfacet
  facet normal -0.215563 0.837434 -0.502231
    outer loop
      vertex -34.1664 25.1226 1.7856
      vertex -34.3154 25.842 3.0491
      vertex -32.1012 25.6542 1.7856
    endloop
  endfacet
  facet normal 0.40474 -0.0622236 0.912312
    outer loop
      vertex -18.887 3.10664 12.5184
      vertex -20.6361 3.40464 13.3147
      vertex -19.1731 1.24567 12.5184
    endloop
  endfacet
  facet normal 0.316237 -0.0486137 0.947434
    outer loop
      vertex -22.5454 3.72993 13.9687
      vertex -22.7373 2.4816 13.9687
      vertex -20.8771 1.83657 13.3147
    endloop
  endfacet
  facet normal -0.585981 -0.516341 -0.624514
    outer loop
      vertex -39.7997 -11.5275 1.7856
      vertex -41.3829 -9.73077 1.7856
      vertex -40.7811 -8.95207 0.577112
    endloop
  endfacet
  facet normal -0.157421 0.138708 0.977742
    outer loop
      vertex -33.3266 10.6103 14.4693
      vertex -35.3167 11.8804 13.9687
      vertex -33.864 10.0004 14.4693
    endloop
  endfacet
  facet normal -0.909074 -0.0460282 0.414085
    outer loop
      vertex -45.9601 2.28082 8.21439
      vertex -46.6733 5 6.9509
      vertex -46.5307 2.1836 6.9509
    endloop
  endfacet
  facet normal -0.0831879 0.323176 0.942675
    outer loop
      vertex -31.2328 17.118 13.3147
      vertex -32.9011 19.0113 12.5184
      vertex -32.4445 16.8061 13.3147
    endloop
  endfacet
  facet normal 0.277145 0.244205 -0.929276
    outer loop
      vertex -22.0741 15.257 -2.5184
      vertex -23.3216 13.6426 -3.3147
      vertex -23.1765 16.5081 -2.5184
    endloop
  endfacet
  facet normal 0.518655 -0.267781 -0.811967
    outer loop
      vertex -17.7587 -4.14616 -0.555702
      vertex -19.8599 -5.0692 -1.59346
      vertex -18.9311 -3.27024 -1.59346
    endloop
  endfacet
  facet normal -0.0811989 -0.957352 0.277279
    outer loop
      vertex -32.1763 -16.3927 6.9509
      vertex -32.2142 -16.7651 5.65403
      vertex -30 -16.9529 5.65403
    endloop
  endfacet
  facet normal 0.864289 0.446213 0.23216
    outer loop
      vertex -15.3091 15.9764 5.65403
      vertex -16.7721 18.1354 6.9509
      vertex -15.5605 15.7886 6.9509
    endloop
  endfacet
  facet normal -0.357456 -0.413383 0.83746
    outer loop
      vertex -37.7807 -8.12244 11.5935
      vertex -38.6048 -9.51228 10.5557
      vertex -36.3906 -9.32447 11.5935
    endloop
  endfacet
  facet normal 0.753986 0.287321 0.590721
    outer loop
      vertex -16.0589 15.4162 8.21439
      vertex -16.7959 14.8656 9.42289
      vertex -15.9138 12.5508 9.42289
    endloop
  endfacet
  facet normal -0.132835 0.153613 -0.979162
    outer loop
      vertex -33.3266 10.6103 -4.4693
      vertex -34.5772 12.7196 -3.96873
      vertex -33.7595 13.4267 -3.96873
    endloop
  endfacet
  facet normal 0.128461 -0.499023 0.857014
    outer loop
      vertex -26.692 -10.9769 11.5935
      vertex -28.3317 -11.399 11.5935
      vertex -26.3416 -12.669 10.5557
    endloop
  endfacet
  facet normal 0.314571 0.213176 0.924987
    outer loop
      vertex -22.0741 15.257 12.5184
      vertex -22.507 12.4406 13.3147
      vertex -21.1074 13.8305 12.5184
    endloop
  endfacet
  facet normal 0.710523 0.36685 0.600481
    outer loop
      vertex -17.2287 17.682 8.21439
      vertex -17.9039 17.0116 9.42289
      vertex -16.7959 14.8656 9.42289
    endloop
  endfacet
  facet normal 0.806636 0.123985 0.577898
    outer loop
      vertex -14.4507 10.3918 8.21439
      vertex -15.2727 10.1068 9.42289
      vertex -14.0399 7.71918 8.21439
    endloop
  endfacet
  facet normal 0.964267 0.148217 0.219593
    outer loop
      vertex -13.1815 7.86543 5.65403
      vertex -13.8948 10.5846 6.9509
      vertex -13.4693 7.8164 6.9509
    endloop
  endfacet
  facet normal 0.214982 -0.189439 0.958069
    outer loop
      vertex -24.6833 -1.8804 13.9687
      vertex -25.4228 -2.71961 13.9687
      vertex -23.3216 -3.64264 13.3147
    endloop
  endfacet
  facet normal -0.803851 -0.54478 0.238825
    outer loop
      vertex -41.7898 -10.2574 6.9509
      vertex -43.2279 -8.13541 6.9509
      vertex -41.9951 -10.523 5.65403
    endloop
  endfacet
  facet normal -0.964267 -0.148217 0.219593
    outer loop
      vertex -46.5307 2.1836 6.9509
      vertex -46.8185 2.13457 5.65403
      vertex -46.1052 -0.58461 6.9509
    endloop
  endfacet
  facet normal 0.30206 0.68761 -0.660267
    outer loop
      vertex -24.1653 23.2293 0.577112
      vertex -26.0538 24.0589 0.577112
      vertex -25.8336 25.1226 1.7856
    endloop
  endfacet
  facet normal 0.215563 0.837434 -0.502231
    outer loop
      vertex -25.8336 25.1226 1.7856
      vertex -27.8988 25.6542 1.7856
      vertex -25.6846 25.842 3.0491
    endloop
  endfacet
  facet normal -0.470817 0.73769 0.483886
    outer loop
      vertex -36.1604 24.2467 8.21439
      vertex -38.3367 23.6865 6.9509
      vertex -38.0489 23.0414 8.21439
    endloop
  endfacet
  facet normal -0.499071 0.0766943 -0.863161
    outer loop
      vertex -41.113 6.89336 -2.5184
      vertex -42.6719 7.15897 -1.59346
      vertex -42.3458 9.28099 -1.59346
    endloop
  endfacet
  facet normal -0.799266 0.41265 -0.436914
    outer loop
      vertex -42.7713 17.682 1.7856
      vertex -43.9411 15.4162 1.7856
      vertex -43.2279 18.1354 3.0491
    endloop
  endfacet
  facet normal -0.0812055 -0.957354 0.277269
    outer loop
      vertex -30 -16.5773 6.9509
      vertex -32.1763 -16.3927 6.9509
      vertex -30 -16.9529 5.65403
    endloop
  endfacet
  facet normal 0.66641 -0.587211 0.459436
    outer loop
      vertex -18.6171 -9.73077 8.21439
      vertex -20.2003 -11.5275 8.21439
      vertex -19.8499 -12.1184 6.9509
    endloop
  endfacet
  facet normal 0.586015 -0.51634 -0.624484
    outer loop
      vertex -20.2003 -11.5275 1.7856
      vertex -20.7183 -10.6538 0.577112
      vertex -19.2189 -8.95207 0.577112
    endloop
  endfacet
  facet normal -0.357446 -0.41337 -0.837471
    outer loop
      vertex -37.0675 -10.8416 -0.555702
      vertex -38.6048 -9.51228 -0.555702
      vertex -36.3906 -9.32447 -1.59346
    endloop
  endfacet
  facet normal 0.501078 -0.441501 0.74431
    outer loop
      vertex -19.2189 -8.95207 9.42289
      vertex -21.3952 -9.51228 10.5557
      vertex -20.7183 -10.6538 9.42289
    endloop
  endfacet
  facet normal 0.473709 -0.321032 0.820084
    outer loop
      vertex -19.8599 -5.0692 11.5935
      vertex -20.9623 -6.69588 11.5935
      vertex -18.786 -6.13566 10.5557
    endloop
  endfacet
  facet normal 0.290156 0.110568 0.950571
    outer loop
      vertex -21.8207 11.1113 13.3147
      vertex -23.4884 9.86518 13.9687
      vertex -23.0534 8.72364 13.9687
    endloop
  endfacet
  facet normal 0.703442 0.108149 0.702476
    outer loop
      vertex -15.2727 10.1068 9.42289
      vertex -16.3467 9.7344 10.5557
      vertex -15.9859 7.38763 10.5557
    endloop
  endfacet
  facet normal -0.117541 0.0796716 -0.989867
    outer loop
      vertex -32.6312 7.6128 -4.80785
      vertex -34.3353 9.30496 -4.4693
      vertex -32.3451 8.03489 -4.80785
    endloop
  endfacet
  facet normal -0.0625716 0.7377 -0.672223
    outer loop
      vertex -31.9901 24.5624 0.577112
      vertex -32.1012 25.6542 1.7856
      vertex -30 24.7312 0.577112
    endloop
  endfacet
  facet normal -0.581423 0.152502 -0.799181
    outer loop
      vertex -42.3458 9.28099 -1.59346
      vertex -43.6533 9.7344 -0.555702
      vertex -43.059 12.0002 -0.555702
    endloop
  endfacet
  facet normal -0.287284 0.450158 -0.845474
    outer loop
      vertex -36.3906 19.3245 -1.59346
      vertex -37.0675 20.8416 -0.555702
      vertex -35.4092 21.8999 -0.555702
    endloop
  endfacet
  facet normal -0.314571 0.213176 0.924987
    outer loop
      vertex -37.9259 15.257 12.5184
      vertex -38.8926 13.8305 12.5184
      vertex -37.493 12.4406 13.3147
    endloop
  endfacet
  facet normal -0.269643 0.139213 0.952844
    outer loop
      vertex -37.493 12.4406 13.3147
      vertex -38.1793 11.1113 13.3147
      vertex -36.5116 9.86518 13.9687
    endloop
  endfacet
  facet normal 0.654734 0.443687 0.611936
    outer loop
      vertex -17.2287 17.682 8.21439
      vertex -19.2189 18.9521 9.42289
      vertex -17.9039 17.0116 9.42289
    endloop
  endfacet
  facet normal 0.727183 0.640731 -0.246309
    outer loop
      vertex -18.0049 20.523 4.34597
      vertex -19.8499 22.1184 3.0491
      vertex -19.6732 22.4164 4.34597
    endloop
  endfacet
  facet normal 0.181651 0.210064 0.960664
    outer loop
      vertex -25.2777 15.585 13.3147
      vertex -26.2405 13.4267 13.9687
      vertex -25.4228 12.7196 13.9687
    endloop
  endfacet
  facet normal 0.89861 0.138123 0.41644
    outer loop
      vertex -13.8948 10.5846 6.9509
      vertex -14.4507 10.3918 8.21439
      vertex -14.0399 7.71918 8.21439
    endloop
  endfacet
  facet normal 0.349605 0.79586 -0.494352
    outer loop
      vertex -23.8396 24.2467 1.7856
      vertex -25.6846 25.842 3.0491
      vertex -23.6194 24.9348 3.0491
    endloop
  endfacet
  facet normal 0.215586 0.837407 -0.502268
    outer loop
      vertex -25.6846 25.842 3.0491
      vertex -27.8988 25.6542 1.7856
      vertex -27.8237 26.3927 3.0491
    endloop
  endfacet
  facet normal 0.292836 -0.338658 0.89418
    outer loop
      vertex -23.1765 -6.50807 12.5184
      vertex -24.3956 -7.56222 12.5184
      vertex -23.6094 -9.32447 11.5935
    endloop
  endfacet
  facet normal 0.357456 -0.413382 0.837461
    outer loop
      vertex -21.3952 -9.51228 10.5557
      vertex -23.6094 -9.32447 11.5935
      vertex -22.9325 -10.8416 10.5557
    endloop
  endfacet
  facet normal -0.898607 0.138125 0.416445
    outer loop
      vertex -46.1052 10.5846 6.9509
      vertex -46.5307 7.8164 6.9509
      vertex -45.9601 7.71918 8.21439
    endloop
  endfacet
  facet normal -0.61383 0.316926 0.723029
    outer loop
      vertex -42.0961 17.0116 9.42289
      vertex -43.2041 14.8656 9.42289
      vertex -41.214 16.1357 10.5557
    endloop
  endfacet
  facet normal -0.39073 0.264794 -0.881598
    outer loop
      vertex -37.9259 15.257 -2.5184
      vertex -40.1401 15.0692 -1.59346
      vertex -39.0377 16.6959 -1.59346
    endloop
  endfacet
  facet normal -0.562889 0.381448 -0.733249
    outer loop
      vertex -41.214 16.1357 -0.555702
      vertex -42.0961 17.0116 0.577112
      vertex -40.7811 18.9521 0.577112
    endloop
  endfacet
  facet normal -0.518672 0.267822 0.811943
    outer loop
      vertex -41.214 16.1357 10.5557
      vertex -42.2413 14.1462 10.5557
      vertex -40.1401 15.0692 11.5935
    endloop
  endfacet
  facet normal -0.740285 -0.501673 0.447552
    outer loop
      vertex -42.7713 -7.682 8.21439
      vertex -43.2279 -8.13541 6.9509
      vertex -41.3829 -9.73077 8.21439
    endloop
  endfacet
  facet normal -0.964267 0.148217 0.219593
    outer loop
      vertex -46.1052 10.5846 6.9509
      vertex -46.8185 7.86543 5.65403
      vertex -46.5307 7.8164 6.9509
    endloop
  endfacet
  facet normal -0.974661 -0.049355 0.218175
    outer loop
      vertex -46.6733 5 6.9509
      vertex -46.9636 5 5.65403
      vertex -46.8185 2.13457 5.65403
    endloop
  endfacet
  facet normal 0.0279211 -0.3292 -0.943847
    outer loop
      vertex -28.7672 -7.11798 -3.3147
      vertex -30 -9.50561 -2.5184
      vertex -30 -7.22254 -3.3147
    endloop
  endfacet
  facet normal -0.345901 -0.54197 -0.765912
    outer loop
      vertex -35.8347 -13.2293 0.577112
      vertex -37.6234 -12.0877 0.577112
      vertex -37.0675 -10.8416 -0.555702
    endloop
  endfacet
  facet normal -0.269654 0.139219 -0.95284
    outer loop
      vertex -36.5116 9.86518 -3.96873
      vertex -38.1793 11.1113 -3.3147
      vertex -37.493 12.4406 -3.3147
    endloop
  endfacet
  facet normal 0.429192 -0.221591 -0.875609
    outer loop
      vertex -19.8599 -5.0692 -1.59346
      vertex -20.2928 -2.2528 -2.5184
      vertex -18.9311 -3.27024 -1.59346
    endloop
  endfacet
  facet normal -0.654066 -0.249245 -0.714196
    outer loop
      vertex -43.2041 -4.8656 0.577112
      vertex -44.0862 -2.5508 0.577112
      vertex -42.2413 -4.14616 -0.555702
    endloop
  endfacet
  facet normal -0.727183 -0.640731 -0.246309
    outer loop
      vertex -40.3268 -12.4164 4.34597
      vertex -41.9951 -10.523 4.34597
      vertex -40.1501 -12.1184 3.0491
    endloop
  endfacet
  facet normal -0.408981 -0.640803 0.649697
    outer loop
      vertex -35.8347 -13.2293 9.42289
      vertex -38.0489 -13.0414 8.21439
      vertex -36.1604 -14.2467 8.21439
    endloop
  endfacet
  facet normal -0.390717 -0.264789 0.881605
    outer loop
      vertex -37.9259 -5.25701 12.5184
      vertex -40.1401 -5.0692 11.5935
      vertex -39.0377 -6.69588 11.5935
    endloop
  endfacet
  facet normal -0.654054 -0.249218 0.714216
    outer loop
      vertex -43.059 -2.00017 10.5557
      vertex -44.0862 -2.5508 9.42289
      vertex -42.2413 -4.14616 10.5557
    endloop
  endfacet
  facet normal -0.357456 -0.413382 0.837461
    outer loop
      vertex -36.3906 -9.32447 11.5935
      vertex -38.6048 -9.51228 10.5557
      vertex -37.0675 -10.8416 10.5557
    endloop
  endfacet
  facet normal 0.964267 -0.148217 -0.219593
    outer loop
      vertex -13.1815 2.13457 4.34597
      vertex -13.8948 -0.58461 3.0491
      vertex -13.4693 2.1836 3.0491
    endloop
  endfacet
  facet normal 0.710519 -0.366849 -0.600487
    outer loop
      vertex -17.2287 -7.682 1.7856
      vertex -17.9039 -7.01159 0.577112
      vertex -16.7959 -4.8656 0.577112
    endloop
  endfacet
  facet normal 0.411312 -0.0208317 -0.911257
    outer loop
      vertex -18.887 3.10664 -2.5184
      vertex -20.6361 3.40464 -3.3147
      vertex -20.5553 5 -3.3147
    endloop
  endfacet
  facet normal 0.666405 0.587217 -0.459434
    outer loop
      vertex -18.6171 19.7308 1.7856
      vertex -20.2003 21.5275 1.7856
      vertex -19.8499 22.1184 3.0491
    endloop
  endfacet
  facet normal 0.727183 -0.640731 -0.246309
    outer loop
      vertex -19.6732 -12.4164 4.34597
      vertex -19.8499 -12.1184 3.0491
      vertex -18.0049 -10.523 4.34597
    endloop
  endfacet
  facet normal 0.632588 -0.731557 0.254277
    outer loop
      vertex -19.6732 -12.4164 5.65403
      vertex -21.6633 -13.6865 6.9509
      vertex -21.5182 -14.0118 5.65403
    endloop
  endfacet
  facet normal 0.599221 -0.0920849 0.79527
    outer loop
      vertex -17.3281 2.84103 11.5935
      vertex -17.6542 0.719009 11.5935
      vertex -15.9859 2.61237 10.5557
    endloop
  endfacet
  facet normal 0.806635 -0.123984 0.5779
    outer loop
      vertex -14.0399 2.28082 8.21439
      vertex -15.2727 -0.10681 9.42289
      vertex -14.4507 -0.391838 8.21439
    endloop
  endfacet
  facet normal 0.608105 -0.0308141 0.793259
    outer loop
      vertex -17.2187 5 11.5935
      vertex -17.3281 2.84103 11.5935
      vertex -15.9859 2.61237 10.5557
    endloop
  endfacet
  facet normal 0.244462 0.165673 0.955401
    outer loop
      vertex -23.3216 13.6426 13.3147
      vertex -24.6833 11.8804 13.9687
      vertex -22.507 12.4406 13.3147
    endloop
  endfacet
  facet normal 0.483447 -0.126809 0.86614
    outer loop
      vertex -17.6542 0.719009 11.5935
      vertex -19.1731 1.24567 12.5184
      vertex -18.1916 -1.32977 11.5935
    endloop
  endfacet
  facet normal 0.70347 -0.108131 0.702451
    outer loop
      vertex -14.8836 2.42456 9.42289
      vertex -15.9859 2.61237 10.5557
      vertex -15.2727 -0.10681 9.42289
    endloop
  endfacet
  facet normal 0.0581874 -0.0394404 0.997526
    outer loop
      vertex -27.3688 2.3872 14.8079
      vertex -29.2138 3.98257 14.9786
      vertex -27.6549 1.96511 14.8079
    endloop
  endfacet
  facet normal 0.0758887 0.0116341 0.997048
    outer loop
      vertex -26.7965 6.11085 14.8079
      vertex -28.926 5.37241 14.9786
      vertex -28.8977 5.18781 14.9786
    endloop
  endfacet
  facet normal -0.387342 0.881766 -0.269173
    outer loop
      vertex -34.3154 25.842 3.0491
      vertex -36.3806 24.9348 3.0491
      vertex -34.3905 26.2049 4.34597
    endloop
  endfacet
  facet normal -0.0641596 0.249248 -0.966312
    outer loop
      vertex -30.9814 14.6471 -3.96873
      vertex -31.946 14.3988 -3.96873
      vertex -31.2328 17.118 -3.3147
    endloop
  endfacet
  facet normal -0.224882 -0.0589977 -0.972598
    outer loop
      vertex -35.0485 2.29379 -4.4693
      vertex -37.2627 2.4816 -3.96873
      vertex -35.2783 3.16972 -4.4693
    endloop
  endfacet
  facet normal -0.0523957 0.617729 -0.784643
    outer loop
      vertex -31.845 23.1358 -0.555702
      vertex -31.9901 24.5624 0.577112
      vertex -30 24.7312 0.577112
    endloop
  endfacet
  facet normal 0.419811 0.369928 0.828801
    outer loop
      vertex -21.3952 19.5123 10.5557
      vertex -22.2193 18.1224 11.5935
      vertex -20.9623 16.6959 11.5935
    endloop
  endfacet
  facet normal -0.888554 0.458772 0
    outer loop
      vertex -44.6909 15.9764 4.34597
      vertex -43.4581 18.3641 5.65403
      vertex -43.4581 18.3641 4.34597
    endloop
  endfacet
  facet normal -0.888554 0.458772 0
    outer loop
      vertex -43.4581 18.3641 5.65403
      vertex -44.6909 15.9764 4.34597
      vertex -44.6909 15.9764 5.65403
    endloop
  endfacet
  facet normal 0.171411 0.390192 0.904637
    outer loop
      vertex -25.1088 20.2814 11.5935
      vertex -26.692 20.9769 11.5935
      vertex -25.7105 18.4014 12.5184
    endloop
  endfacet
  facet normal 0.61383 0.316926 0.723029
    outer loop
      vertex -17.9039 17.0116 9.42289
      vertex -18.786 16.1357 10.5557
      vertex -16.7959 14.8656 9.42289
    endloop
  endfacet
  facet normal 0.239713 0.931253 0.274418
    outer loop
      vertex -27.7858 26.7651 5.65403
      vertex -27.8237 26.3927 6.9509
      vertex -25.6095 26.2049 5.65403
    endloop
  endfacet
  facet normal 0.519139 0.813497 0.262139
    outer loop
      vertex -23.5083 25.2818 5.65403
      vertex -23.6194 24.9348 6.9509
      vertex -21.6633 23.6865 6.9509
    endloop
  endfacet
  facet normal 0.215002 0.189427 -0.958066
    outer loop
      vertex -23.3216 13.6426 -3.3147
      vertex -25.4228 12.7196 -3.96873
      vertex -24.2504 14.6968 -3.3147
    endloop
  endfacet
  facet normal 0.187524 0.293822 -0.937285
    outer loop
      vertex -25.2777 15.585 -3.3147
      vertex -25.7105 18.4014 -2.5184
      vertex -24.3956 17.5622 -2.5184
    endloop
  endfacet
  facet normal 0.785814 0.206131 -0.583101
    outer loop
      vertex -15.2727 10.1068 0.577112
      vertex -15.9138 12.5508 0.577112
      vertex -15.1276 12.9722 1.7856
    endloop
  endfacet
  facet normal 0.562889 0.381448 -0.733249
    outer loop
      vertex -18.786 16.1357 -0.555702
      vertex -19.2189 18.9521 0.577112
      vertex -17.9039 17.0116 0.577112
    endloop
  endfacet
  facet normal 0.740291 0.501669 -0.447546
    outer loop
      vertex -17.2287 17.682 1.7856
      vertex -18.6171 19.7308 1.7856
      vertex -16.7721 18.1354 3.0491
    endloop
  endfacet
  facet normal 0.0812055 0.957354 0.277269
    outer loop
      vertex -30 26.9529 5.65403
      vertex -30 26.5773 6.9509
      vertex -27.8237 26.3927 6.9509
    endloop
  endfacet
  facet normal 0.864286 -0.446217 0.232163
    outer loop
      vertex -15.5605 -5.78864 6.9509
      vertex -16.7721 -8.13541 6.9509
      vertex -15.3091 -5.97645 5.65403
    endloop
  endfacet
  facet normal 0.909052 0.0460347 0.414131
    outer loop
      vertex -13.3266 5 6.9509
      vertex -14.0399 7.71918 8.21439
      vertex -13.9022 5 8.21439
    endloop
  endfacet
  facet normal 0.179235 -0.121464 0.976279
    outer loop
      vertex -24.0348 -0.923462 13.9687
      vertex -25.6647 0.695041 14.4693
      vertex -24.6833 -1.8804 13.9687
    endloop
  endfacet
  facet normal 0.683828 0.179362 0.707254
    outer loop
      vertex -15.9138 12.5508 9.42289
      vertex -16.941 12.0002 10.5557
      vertex -16.3467 9.7344 10.5557
    endloop
  endfacet
  facet normal 0.753997 0.287315 -0.590711
    outer loop
      vertex -15.9138 12.5508 0.577112
      vertex -16.0589 15.4162 1.7856
      vertex -15.1276 12.9722 1.7856
    endloop
  endfacet
  facet normal 0.473706 0.321026 0.820088
    outer loop
      vertex -18.786 16.1357 10.5557
      vertex -20.9623 16.6959 11.5935
      vertex -19.8599 15.0692 11.5935
    endloop
  endfacet
  facet normal 0.750299 0.661099 0
    outer loop
      vertex -18.0049 20.523 5.65403
      vertex -19.6732 22.4164 4.34597
      vertex -19.6732 22.4164 5.65403
    endloop
  endfacet
  facet normal 0.750299 0.661099 0
    outer loop
      vertex -19.6732 22.4164 4.34597
      vertex -18.0049 20.523 5.65403
      vertex -18.0049 20.523 4.34597
    endloop
  endfacet
  facet normal 0.23463 0.36763 -0.899887
    outer loop
      vertex -24.3956 17.5622 -2.5184
      vertex -25.7105 18.4014 -2.5184
      vertex -23.6094 19.3245 -1.59346
    endloop
  endfacet
  facet normal -0.104437 0.405673 -0.908032
    outer loop
      vertex -31.4631 19.3815 -2.5184
      vertex -32.9011 19.0113 -2.5184
      vertex -31.6683 21.399 -1.59346
    endloop
  endfacet
  facet normal 0.51914 0.813497 -0.262137
    outer loop
      vertex -21.6633 23.6865 3.0491
      vertex -23.5083 25.2818 4.34597
      vertex -21.5182 24.0118 4.34597
    endloop
  endfacet
  facet normal -0.0625964 0.737676 -0.672247
    outer loop
      vertex -30 24.7312 0.577112
      vertex -32.1012 25.6542 1.7856
      vertex -30 25.8325 1.7856
    endloop
  endfacet
  facet normal 0.155615 0.604526 -0.781237
    outer loop
      vertex -26.3416 22.669 -0.555702
      vertex -28.155 23.1358 -0.555702
      vertex -28.0099 24.5624 0.577112
    endloop
  endfacet
  facet normal 0.129945 0.0670865 0.989249
    outer loop
      vertex -25.6647 9.30496 14.4693
      vertex -27.3688 7.6128 14.8079
      vertex -27.1278 7.14599 14.8079
    endloop
  endfacet
  facet normal -0.236728 -0.0119849 0.971502
    outer loop
      vertex -35.4645 5 14.4693
      vertex -37.5189 5 13.9687
      vertex -37.4546 3.72993 13.9687
    endloop
  endfacet
  facet normal -0.844519 -0.32181 -0.42805
    outer loop
      vertex -43.9411 -5.41623 1.7856
      vertex -45.4042 -3.25727 3.0491
      vertex -44.8724 -2.97224 1.7856
    endloop
  endfacet
  facet normal -0.473709 -0.321032 0.820084
    outer loop
      vertex -40.1401 -5.0692 11.5935
      vertex -41.214 -6.13566 10.5557
      vertex -39.0377 -6.69588 11.5935
    endloop
  endfacet
  facet normal -0.506836 0.0256716 0.86166
    outer loop
      vertex -41.113 6.89336 12.5184
      vertex -42.7813 5 11.5935
      vertex -41.2089 5 12.5184
    endloop
  endfacet
  facet normal -0.654731 -0.443695 0.611934
    outer loop
      vertex -40.7811 -8.95207 9.42289
      vertex -42.7713 -7.682 8.21439
      vertex -41.3829 -9.73077 8.21439
    endloop
  endfacet
  facet normal -0.70347 -0.108131 0.702451
    outer loop
      vertex -44.0141 2.61237 10.5557
      vertex -45.1164 2.42456 9.42289
      vertex -44.7273 -0.10681 9.42289
    endloop
  endfacet
  facet normal -0.964266 -0.148214 0.219597
    outer loop
      vertex -46.1052 -0.58461 6.9509
      vertex -46.8185 2.13457 5.65403
      vertex -46.3856 -0.681828 5.65403
    endloop
  endfacet
  facet normal -0.181635 -0.210073 -0.960665
    outer loop
      vertex -34.7223 -5.58503 -3.3147
      vertex -35.7496 -4.6968 -3.3147
      vertex -34.5772 -2.71961 -3.96873
    endloop
  endfacet
  facet normal -0.357446 -0.413372 -0.83747
    outer loop
      vertex -36.3906 -9.32447 -1.59346
      vertex -38.6048 -9.51228 -0.555702
      vertex -37.7807 -8.12244 -1.59346
    endloop
  endfacet
  facet normal -0.654732 0.443689 -0.611937
    outer loop
      vertex -40.7811 18.9521 0.577112
      vertex -42.7713 17.682 1.7856
      vertex -41.3829 19.7308 1.7856
    endloop
  endfacet
  facet normal 0.128454 0.499012 -0.857022
    outer loop
      vertex -26.3416 22.669 -0.555702
      vertex -28.3317 21.399 -1.59346
      vertex -28.155 23.1358 -0.555702
    endloop
  endfacet
  facet normal -0.683806 0.179373 0.707273
    outer loop
      vertex -44.0862 12.5508 9.42289
      vertex -44.7273 10.1068 9.42289
      vertex -43.6533 9.7344 10.5557
    endloop
  endfacet
  facet normal -0.232758 0.0357808 0.971876
    outer loop
      vertex -37.2627 7.5184 13.9687
      vertex -37.4546 6.27007 13.9687
      vertex -35.4177 5.92304 14.4693
    endloop
  endfacet
  facet normal -0.51914 0.813497 0.262137
    outer loop
      vertex -36.4917 25.2818 5.65403
      vertex -38.4818 24.0118 5.65403
      vertex -38.3367 23.6865 6.9509
    endloop
  endfacet
  facet normal -0.877305 0.230101 0.421177
    outer loop
      vertex -45.4042 13.2573 6.9509
      vertex -46.1052 10.5846 6.9509
      vertex -44.8724 12.9722 8.21439
    endloop
  endfacet
  facet normal -0.713225 -0.0361149 0.700004
    outer loop
      vertex -44.135 5 10.5557
      vertex -45.1164 2.42456 9.42289
      vertex -44.0141 2.61237 10.5557
    endloop
  endfacet
  facet normal -0.581433 0.152509 0.799173
    outer loop
      vertex -41.8084 11.3298 11.5935
      vertex -43.059 12.0002 10.5557
      vertex -42.3458 9.28099 11.5935
    endloop
  endfacet
  facet normal -0.816924 -0.0413626 0.57526
    outer loop
      vertex -45.2468 5 9.42289
      vertex -46.0978 5 8.21439
      vertex -45.1164 2.42456 9.42289
    endloop
  endfacet
  facet normal -0.974664 -0.0493492 0.218162
    outer loop
      vertex -46.6733 5 6.9509
      vertex -46.8185 2.13457 5.65403
      vertex -46.5307 2.1836 6.9509
    endloop
  endfacet
  facet normal -0.99872 -0.0505733 0
    outer loop
      vertex -46.8185 2.13457 4.34597
      vertex -46.9636 5 5.65403
      vertex -46.9636 5 4.34597
    endloop
  endfacet
  facet normal -0.99872 -0.0505733 0
    outer loop
      vertex -46.9636 5 5.65403
      vertex -46.8185 2.13457 4.34597
      vertex -46.8185 2.13457 5.65403
    endloop
  endfacet
  facet normal -0.943039 -0.24738 0.222442
    outer loop
      vertex -46.1052 -0.58461 6.9509
      vertex -46.3856 -0.681828 5.65403
      vertex -45.6723 -3.40101 5.65403
    endloop
  endfacet
  facet normal 0.136744 -0.311268 -0.940433
    outer loop
      vertex -27.0989 -9.01134 -2.5184
      vertex -27.5555 -6.80607 -3.3147
      vertex -26.3857 -6.29216 -3.3147
    endloop
  endfacet
  facet normal 0.391665 -0.102732 -0.914355
    outer loop
      vertex -19.1731 1.24567 -2.5184
      vertex -21.2742 0.322634 -3.3147
      vertex -20.8771 1.83657 -3.3147
    endloop
  endfacet
  facet normal -0.0523957 -0.617729 -0.784643
    outer loop
      vertex -30 -14.7312 0.577112
      vertex -31.9901 -14.5624 0.577112
      vertex -31.845 -13.1358 -0.555702
    endloop
  endfacet
  facet normal -0.14498 0.227146 -0.963009
    outer loop
      vertex -33.7595 13.4267 -3.96873
      vertex -34.7223 15.585 -3.3147
      vertex -33.6143 16.2922 -3.3147
    endloop
  endfacet
  facet normal 0.0156916 -0.185004 -0.982612
    outer loop
      vertex -29.0186 -4.64711 -3.96873
      vertex -30 -4.73035 -3.96873
      vertex -30 -2.07167 -4.4693
    endloop
  endfacet
  facet normal 0.239713 -0.931253 -0.274418
    outer loop
      vertex -27.7858 -16.7651 4.34597
      vertex -27.8237 -16.3927 3.0491
      vertex -25.6095 -16.2049 4.34597
    endloop
  endfacet
  facet normal 0.0625967 -0.737679 0.672243
    outer loop
      vertex -30 -14.7312 9.42289
      vertex -30 -15.8325 8.21439
      vertex -27.8988 -15.6542 8.21439
    endloop
  endfacet
  facet normal -0.236715 0.0119842 -0.971505
    outer loop
      vertex -35.4645 5 -4.4693
      vertex -37.5189 5 -3.96873
      vertex -37.4546 6.27007 -3.96873
    endloop
  endfacet
  facet normal 0.0625964 -0.737676 -0.672247
    outer loop
      vertex -27.8988 -15.6542 1.7856
      vertex -30 -15.8325 1.7856
      vertex -30 -14.7312 0.577112
    endloop
  endfacet
  facet normal -0.132846 -0.153621 0.979159
    outer loop
      vertex -33.3266 -0.610332 14.4693
      vertex -34.5772 -2.71961 13.9687
      vertex -33.7595 -3.42673 13.9687
    endloop
  endfacet
  facet normal -0.0771934 -0.00389949 0.997009
    outer loop
      vertex -31.1023 4.81219 14.9786
      vertex -33.3165 5 14.8079
      vertex -33.2882 4.43978 14.8079
    endloop
  endfacet
  facet normal -0.214983 0.189442 0.958068
    outer loop
      vertex -34.5772 12.7196 13.9687
      vertex -36.6784 13.6426 13.3147
      vertex -35.3167 11.8804 13.9687
    endloop
  endfacet
  facet normal -0.608105 -0.0308141 0.793259
    outer loop
      vertex -42.7813 5 11.5935
      vertex -44.0141 2.61237 10.5557
      vertex -42.6719 2.84103 11.5935
    endloop
  endfacet
  facet normal 0.17141 0.390204 -0.904632
    outer loop
      vertex -25.7105 18.4014 -2.5184
      vertex -27.0989 19.0113 -2.5184
      vertex -26.692 20.9769 -1.59346
    endloop
  endfacet
  facet normal 0.305757 -0.0801914 -0.948726
    outer loop
      vertex -20.8771 1.83657 -3.3147
      vertex -23.0534 1.27636 -3.96873
      vertex -22.7373 2.4816 -3.96873
    endloop
  endfacet
  facet normal 0.943039 -0.24738 0.222442
    outer loop
      vertex -13.8948 -0.58461 6.9509
      vertex -14.3277 -3.40101 5.65403
      vertex -13.6144 -0.681828 5.65403
    endloop
  endfacet
  facet normal 0.713227 0.0361149 -0.700002
    outer loop
      vertex -15.865 5 -0.555702
      vertex -15.9859 7.38763 -0.555702
      vertex -14.8836 7.57544 0.577112
    endloop
  endfacet
  facet normal 0.254272 -0.578832 -0.77479
    outer loop
      vertex -24.1653 -13.2293 0.577112
      vertex -26.3416 -12.669 -0.555702
      vertex -24.5908 -11.8999 -0.555702
    endloop
  endfacet
  facet normal 0.666455 -0.587204 0.459378
    outer loop
      vertex -18.6171 -9.73077 8.21439
      vertex -19.8499 -12.1184 6.9509
      vertex -18.2102 -10.2574 6.9509
    endloop
  endfacet
  facet normal 0.39073 0.264794 -0.881598
    outer loop
      vertex -19.8599 15.0692 -1.59346
      vertex -22.0741 15.257 -2.5184
      vertex -20.9623 16.6959 -1.59346
    endloop
  endfacet
  facet normal 0.632588 0.731557 -0.254277
    outer loop
      vertex -19.6732 22.4164 4.34597
      vertex -21.6633 23.6865 3.0491
      vertex -21.5182 24.0118 4.34597
    endloop
  endfacet
  facet normal 0.974662 0.0493837 -0.218163
    outer loop
      vertex -13.3266 5 3.0491
      vertex -13.4693 7.8164 3.0491
      vertex -13.1815 7.86543 4.34597
    endloop
  endfacet
  facet normal 0.608089 0.0308133 -0.793271
    outer loop
      vertex -17.2187 5 -1.59346
      vertex -17.3281 7.15897 -1.59346
      vertex -15.9859 7.38763 -0.555702
    endloop
  endfacet
  facet normal 0.470818 -0.737691 -0.483883
    outer loop
      vertex -21.6633 -13.6865 3.0491
      vertex -23.8396 -14.2467 1.7856
      vertex -21.9511 -13.0414 1.7856
    endloop
  endfacet
  facet normal 0.576681 -0.666921 -0.471864
    outer loop
      vertex -21.6633 -13.6865 3.0491
      vertex -21.9511 -13.0414 1.7856
      vertex -20.2003 -11.5275 1.7856
    endloop
  endfacet
  facet normal 0.727183 -0.640731 0.246309
    outer loop
      vertex -18.0049 -10.523 5.65403
      vertex -19.8499 -12.1184 6.9509
      vertex -19.6732 -12.4164 5.65403
    endloop
  endfacet
  facet normal 0.234625 -0.36763 0.899889
    outer loop
      vertex -23.6094 -9.32447 11.5935
      vertex -25.7105 -8.40143 12.5184
      vertex -25.1088 -10.2814 11.5935
    endloop
  endfacet
  facet normal 0.249283 -0.968431 0
    outer loop
      vertex -27.7858 -16.7651 4.34597
      vertex -25.6095 -16.2049 5.65403
      vertex -27.7858 -16.7651 5.65403
    endloop
  endfacet
  facet normal 0.249283 -0.968431 0
    outer loop
      vertex -25.6095 -16.2049 5.65403
      vertex -27.7858 -16.7651 4.34597
      vertex -25.6095 -16.2049 4.34597
    endloop
  endfacet
  facet normal 0.503986 -0.582851 0.637403
    outer loop
      vertex -20.7183 -10.6538 9.42289
      vertex -21.9511 -13.0414 8.21439
      vertex -20.2003 -11.5275 8.21439
    endloop
  endfacet
  facet normal 0.974677 -0.0493558 0.218103
    outer loop
      vertex -13.0364 5 5.65403
      vertex -13.3266 5 6.9509
      vertex -13.1815 2.13457 5.65403
    endloop
  endfacet
  facet normal 0.81693 0.0413696 0.575251
    outer loop
      vertex -14.0399 7.71918 8.21439
      vertex -14.8836 7.57544 9.42289
      vertex -13.9022 5 8.21439
    endloop
  endfacet
  facet normal 0.0692899 0.108577 0.99167
    outer loop
      vertex -27.2678 11.1242 14.4693
      vertex -28.7308 8.96528 14.8079
      vertex -28.3417 8.71697 14.8079
    endloop
  endfacet
  facet normal -0.136736 -0.311266 0.940434
    outer loop
      vertex -33.6143 -6.29216 13.3147
      vertex -34.2895 -8.40143 12.5184
      vertex -32.9011 -9.01134 12.5184
    endloop
  endfacet
  facet normal 0.910148 -0.346822 -0.226594
    outer loop
      vertex -14.3277 -3.40101 4.34597
      vertex -15.3091 -5.97645 4.34597
      vertex -14.5958 -3.25727 3.0491
    endloop
  endfacet
  facet normal 0.391658 -0.102714 0.91436
    outer loop
      vertex -19.1731 1.24567 12.5184
      vertex -21.2742 0.322634 13.3147
      vertex -19.6443 -0.551055 12.5184
    endloop
  endfacet
  facet normal 0.0156925 -0.185015 0.98261
    outer loop
      vertex -30 -2.07167 14.4693
      vertex -30 -4.73035 13.9687
      vertex -29.0186 -4.64711 13.9687
    endloop
  endfacet
  facet normal 0.321524 0.0162842 0.946762
    outer loop
      vertex -20.6361 6.59536 13.3147
      vertex -22.5454 6.27007 13.9687
      vertex -20.5553 5 13.3147
    endloop
  endfacet
  facet normal 0.411312 -0.0208317 0.911257
    outer loop
      vertex -20.5553 5 13.3147
      vertex -20.6361 3.40464 13.3147
      vertex -18.887 3.10664 12.5184
    endloop
  endfacet
  facet normal 0.316246 -0.0486046 0.947431
    outer loop
      vertex -20.6361 3.40464 13.3147
      vertex -22.5454 3.72993 13.9687
      vertex -20.8771 1.83657 13.3147
    endloop
  endfacet
  facet normal -0.0770292 0.175373 0.981484
    outer loop
      vertex -31.946 14.3988 13.9687
      vertex -32.8774 13.9897 13.9687
      vertex -31.4143 11.8307 14.4693
    endloop
  endfacet
  facet normal -0.0732585 0.0192374 0.997127
    outer loop
      vertex -31.0272 5.55063 14.9786
      vertex -33.2035 6.11085 14.8079
      vertex -31.074 5.37241 14.9786
    endloop
  endfacet
  facet normal -0.844528 0.321857 -0.427996
    outer loop
      vertex -43.9411 15.4162 1.7856
      vertex -45.4042 13.2573 3.0491
      vertex -44.4395 15.7886 3.0491
    endloop
  endfacet
  facet normal -0.61384 0.316963 -0.723004
    outer loop
      vertex -42.2413 14.1462 -0.555702
      vertex -43.2041 14.8656 0.577112
      vertex -41.214 16.1357 -0.555702
    endloop
  endfacet
  facet normal -0.473693 0.321018 -0.820099
    outer loop
      vertex -40.1401 15.0692 -1.59346
      vertex -41.214 16.1357 -0.555702
      vertex -39.0377 16.6959 -1.59346
    endloop
  endfacet
  facet normal 0.0279231 0.329204 -0.943846
    outer loop
      vertex -28.7672 17.118 -3.3147
      vertex -30 19.5056 -2.5184
      vertex -28.5369 19.3815 -2.5184
    endloop
  endfacet
  facet normal -0.292832 0.338669 -0.894177
    outer loop
      vertex -35.6044 17.5622 -2.5184
      vertex -36.8235 16.5081 -2.5184
      vertex -36.3906 19.3245 -1.59346
    endloop
  endfacet
  facet normal 0.239741 0.931232 -0.274467
    outer loop
      vertex -25.6846 25.842 3.0491
      vertex -27.8237 26.3927 3.0491
      vertex -25.6095 26.2049 4.34597
    endloop
  endfacet
  facet normal -0.0845127 0.996422 0
    outer loop
      vertex -30 26.9529 4.34597
      vertex -32.2142 26.7651 5.65403
      vertex -30 26.9529 5.65403
    endloop
  endfacet
  facet normal -0.0845127 0.996422 0
    outer loop
      vertex -32.2142 26.7651 5.65403
      vertex -30 26.9529 4.34597
      vertex -32.2142 26.7651 4.34597
    endloop
  endfacet
  facet normal 0.554587 0.211357 0.804837
    outer loop
      vertex -16.941 12.0002 10.5557
      vertex -18.9311 13.2702 11.5935
      vertex -18.1916 11.3298 11.5935
    endloop
  endfacet
  facet normal 0.803853 0.544779 0.238824
    outer loop
      vertex -18.0049 20.523 5.65403
      vertex -18.2102 20.2574 6.9509
      vertex -16.7721 18.1354 6.9509
    endloop
  endfacet
  facet normal 0.585979 0.516347 0.624511
    outer loop
      vertex -18.6171 19.7308 8.21439
      vertex -20.2003 21.5275 8.21439
      vertex -19.2189 18.9521 9.42289
    endloop
  endfacet
  facet normal 0.357456 0.413388 0.837458
    outer loop
      vertex -22.9325 20.8416 10.5557
      vertex -23.6094 19.3245 11.5935
      vertex -21.3952 19.5123 10.5557
    endloop
  endfacet
  facet normal 0.349594 0.795855 0.494367
    outer loop
      vertex -25.6846 25.842 6.9509
      vertex -25.8336 25.1226 8.21439
      vertex -23.8396 24.2467 8.21439
    endloop
  endfacet
  facet normal -0.585976 0.516345 -0.624515
    outer loop
      vertex -40.7811 18.9521 0.577112
      vertex -41.3829 19.7308 1.7856
      vertex -39.7997 21.5275 1.7856
    endloop
  endfacet
  facet normal 0.898612 -0.138121 0.416437
    outer loop
      vertex -14.0399 2.28082 8.21439
      vertex -14.4507 -0.391838 8.21439
      vertex -13.8948 -0.58461 6.9509
    endloop
  endfacet
  facet normal 0.964267 -0.148217 0.219593
    outer loop
      vertex -13.4693 2.1836 6.9509
      vertex -13.8948 -0.58461 6.9509
      vertex -13.1815 2.13457 5.65403
    endloop
  endfacet
  facet normal 0.666461 0.587209 -0.459365
    outer loop
      vertex -18.6171 19.7308 1.7856
      vertex -19.8499 22.1184 3.0491
      vertex -18.2102 20.2574 3.0491
    endloop
  endfacet
  facet normal 0.428541 0.495606 -0.755465
    outer loop
      vertex -20.7183 20.6538 0.577112
      vertex -22.9325 20.8416 -0.555702
      vertex -22.3766 22.0877 0.577112
    endloop
  endfacet
  facet normal 0.613831 0.316927 -0.723028
    outer loop
      vertex -16.7959 14.8656 0.577112
      vertex -18.786 16.1357 -0.555702
      vertex -17.9039 17.0116 0.577112
    endloop
  endfacet
  facet normal 0.608114 0.0307925 -0.793252
    outer loop
      vertex -15.865 5 -0.555702
      vertex -17.2187 5 -1.59346
      vertex -15.9859 7.38763 -0.555702
    endloop
  endfacet
  facet normal 0.632592 0.731549 0.25429
    outer loop
      vertex -19.6732 22.4164 5.65403
      vertex -21.6633 23.6865 6.9509
      vertex -19.8499 22.1184 6.9509
    endloop
  endfacet
  facet normal 0.503984 0.582849 -0.637407
    outer loop
      vertex -20.7183 20.6538 0.577112
      vertex -21.9511 23.0414 1.7856
      vertex -20.2003 21.5275 1.7856
    endloop
  endfacet
  facet normal 0.816924 -0.0413626 0.57526
    outer loop
      vertex -14.7532 5 9.42289
      vertex -14.8836 2.42456 9.42289
      vertex -13.9022 5 8.21439
    endloop
  endfacet
  facet normal 0.683806 0.179373 0.707273
    outer loop
      vertex -15.9138 12.5508 9.42289
      vertex -16.3467 9.7344 10.5557
      vertex -15.2727 10.1068 9.42289
    endloop
  endfacet
  facet normal 0.974662 0.0493837 0.218163
    outer loop
      vertex -13.1815 7.86543 5.65403
      vertex -13.4693 7.8164 6.9509
      vertex -13.3266 5 6.9509
    endloop
  endfacet
  facet normal 0.909071 0.0460604 0.414086
    outer loop
      vertex -13.4693 7.8164 6.9509
      vertex -14.0399 7.71918 8.21439
      vertex -13.3266 5 6.9509
    endloop
  endfacet
  facet normal 0.654068 0.249246 0.714193
    outer loop
      vertex -16.7959 14.8656 9.42289
      vertex -17.7587 14.1462 10.5557
      vertex -15.9138 12.5508 9.42289
    endloop
  endfacet
  facet normal 0.581438 0.152506 0.799169
    outer loop
      vertex -16.941 12.0002 10.5557
      vertex -17.6542 9.28099 11.5935
      vertex -16.3467 9.7344 10.5557
    endloop
  endfacet
  facet normal 0.411312 0.0208317 -0.911257
    outer loop
      vertex -20.5553 5 -3.3147
      vertex -20.6361 6.59536 -3.3147
      vertex -18.887 6.89336 -2.5184
    endloop
  endfacet
  facet normal 0.34512 0.304112 -0.887924
    outer loop
      vertex -20.9623 16.6959 -1.59346
      vertex -23.1765 16.5081 -2.5184
      vertex -22.2193 18.1224 -1.59346
    endloop
  endfacet
  facet normal 0.0523983 0.617731 -0.784642
    outer loop
      vertex -28.155 23.1358 -0.555702
      vertex -30 23.2923 -0.555702
      vertex -30 24.7312 0.577112
    endloop
  endfacet
  facet normal 0.290168 0.110572 -0.950566
    outer loop
      vertex -23.0534 8.72364 -3.96873
      vertex -23.4884 9.86518 -3.96873
      vertex -21.8207 11.1113 -3.3147
    endloop
  endfacet
  facet normal -0.185489 0.720603 -0.668076
    outer loop
      vertex -31.9901 24.5624 0.577112
      vertex -34.1664 25.1226 1.7856
      vertex -32.1012 25.6542 1.7856
    endloop
  endfacet
  facet normal -0.0812055 0.957354 -0.277269
    outer loop
      vertex -30 26.5773 3.0491
      vertex -32.1763 26.3927 3.0491
      vertex -30 26.9529 4.34597
    endloop
  endfacet
  facet normal 0.0350754 0.413543 -0.909809
    outer loop
      vertex -28.3317 21.399 -1.59346
      vertex -30 19.5056 -2.5184
      vertex -30 21.5405 -1.59346
    endloop
  endfacet
  facet normal -0.345872 0.541964 -0.765929
    outer loop
      vertex -35.4092 21.8999 -0.555702
      vertex -37.0675 20.8416 -0.555702
      vertex -35.8347 23.2293 0.577112
    endloop
  endfacet
  facet normal 0.155707 0.0078657 0.987772
    outer loop
      vertex -24.5355 5 14.4693
      vertex -26.7118 5.56022 14.8079
      vertex -26.6835 5 14.8079
    endloop
  endfacet
  facet normal -0.155715 0.00789505 0.987771
    outer loop
      vertex -35.4177 5.92304 14.4693
      vertex -35.4645 5 14.4693
      vertex -33.2882 5.56022 14.8079
    endloop
  endfacet
  facet normal -0.470797 -0.737744 -0.483823
    outer loop
      vertex -36.3806 -14.9348 3.0491
      vertex -38.3367 -13.6865 3.0491
      vertex -36.1604 -14.2467 1.7856
    endloop
  endfacet
  facet normal -0.943039 -0.24738 -0.222442
    outer loop
      vertex -45.6723 -3.40101 4.34597
      vertex -46.3856 -0.681828 4.34597
      vertex -46.1052 -0.58461 3.0491
    endloop
  endfacet
  facet normal -0.666455 -0.587204 0.459378
    outer loop
      vertex -41.3829 -9.73077 8.21439
      vertex -41.7898 -10.2574 6.9509
      vertex -40.1501 -12.1184 6.9509
    endloop
  endfacet
  facet normal -0.503984 -0.582849 -0.637407
    outer loop
      vertex -38.0489 -13.0414 1.7856
      vertex -39.7997 -11.5275 1.7856
      vertex -39.2817 -10.6538 0.577112
    endloop
  endfacet
  facet normal 0.0643482 -0.033221 0.997374
    outer loop
      vertex -27.1278 2.85401 14.8079
      vertex -29.0371 4.28057 14.9786
      vertex -27.3688 2.3872 14.8079
    endloop
  endfacet
  facet normal -0.0771973 -0.00394598 0.997008
    outer loop
      vertex -31.1119 5 14.9786
      vertex -33.3165 5 14.8079
      vertex -31.1023 4.81219 14.9786
    endloop
  endfacet
  facet normal -0.305746 0.080196 0.94873
    outer loop
      vertex -38.7258 9.67737 13.3147
      vertex -39.1229 8.16343 13.3147
      vertex -36.9466 8.72364 13.9687
    endloop
  endfacet
  facet normal -0.171409 -0.390195 0.904636
    outer loop
      vertex -32.9011 -9.01134 12.5184
      vertex -34.2895 -8.40143 12.5184
      vertex -33.308 -10.9769 11.5935
    endloop
  endfacet
  facet normal -0.964266 0.148216 0.219596
    outer loop
      vertex -46.3856 10.6818 5.65403
      vertex -46.8185 7.86543 5.65403
      vertex -46.1052 10.5846 6.9509
    endloop
  endfacet
  facet normal -0.632592 0.731549 0.25429
    outer loop
      vertex -38.3367 23.6865 6.9509
      vertex -40.3268 22.4164 5.65403
      vertex -40.1501 22.1184 6.9509
    endloop
  endfacet
  facet normal -0.943065 0.247349 0.222366
    outer loop
      vertex -45.6723 13.401 5.65403
      vertex -46.1052 10.5846 6.9509
      vertex -45.4042 13.2573 6.9509
    endloop
  endfacet
  facet normal -0.518649 0.267772 -0.811974
    outer loop
      vertex -41.0689 13.2702 -1.59346
      vertex -42.2413 14.1462 -0.555702
      vertex -40.1401 15.0692 -1.59346
    endloop
  endfacet
  facet normal -0.864289 0.446213 0.23216
    outer loop
      vertex -43.2279 18.1354 6.9509
      vertex -44.6909 15.9764 5.65403
      vertex -44.4395 15.7886 6.9509
    endloop
  endfacet
  facet normal -0.654087 0.756419 0
    outer loop
      vertex -38.4818 24.0118 4.34597
      vertex -40.3268 22.4164 5.65403
      vertex -38.4818 24.0118 5.65403
    endloop
  endfacet
  facet normal -0.654087 0.756419 0
    outer loop
      vertex -40.3268 22.4164 5.65403
      vertex -38.4818 24.0118 4.34597
      vertex -40.3268 22.4164 4.34597
    endloop
  endfacet
  facet normal -0.155615 0.604526 -0.781237
    outer loop
      vertex -31.845 23.1358 -0.555702
      vertex -33.6584 22.669 -0.555702
      vertex -31.9901 24.5624 0.577112
    endloop
  endfacet
  facet normal -0.470818 0.737691 -0.483883
    outer loop
      vertex -38.0489 23.0414 1.7856
      vertex -38.3367 23.6865 3.0491
      vertex -36.1604 24.2467 1.7856
    endloop
  endfacet
  facet normal -0.0641568 0.249238 0.966315
    outer loop
      vertex -31.2328 17.118 13.3147
      vertex -31.946 14.3988 13.9687
      vertex -30.9814 14.6471 13.9687
    endloop
  endfacet
  facet normal -0.316237 -0.0486137 0.947434
    outer loop
      vertex -37.4546 3.72993 13.9687
      vertex -39.1229 1.83657 13.3147
      vertex -37.2627 2.4816 13.9687
    endloop
  endfacet
  facet normal 0.234616 0.367628 0.899892
    outer loop
      vertex -25.1088 20.2814 11.5935
      vertex -25.7105 18.4014 12.5184
      vertex -23.6094 19.3245 11.5935
    endloop
  endfacet
  facet normal 0.254274 0.578828 0.774792
    outer loop
      vertex -26.0538 24.0589 9.42289
      vertex -26.3416 22.669 10.5557
      vertex -24.1653 23.2293 9.42289
    endloop
  endfacet
  facet normal -0.554569 0.21131 0.804861
    outer loop
      vertex -42.2413 14.1462 10.5557
      vertex -43.059 12.0002 10.5557
      vertex -41.0689 13.2702 11.5935
    endloop
  endfacet
  facet normal -0.460143 -0.175357 0.870355
    outer loop
      vertex -39.7072 -2.2528 12.5184
      vertex -41.8084 -1.32977 11.5935
      vertex -41.0689 -3.27024 11.5935
    endloop
  endfacet
  facet normal -0.89861 0.138123 0.41644
    outer loop
      vertex -45.5493 10.3918 8.21439
      vertex -46.1052 10.5846 6.9509
      vertex -45.9601 7.71918 8.21439
    endloop
  endfacet
  facet normal -0.74029 0.501669 0.447548
    outer loop
      vertex -41.3829 19.7308 8.21439
      vertex -43.2279 18.1354 6.9509
      vertex -42.7713 17.682 8.21439
    endloop
  endfacet
  facet normal -0.710523 0.36685 0.600481
    outer loop
      vertex -42.7713 17.682 8.21439
      vertex -43.2041 14.8656 9.42289
      vertex -42.0961 17.0116 9.42289
    endloop
  endfacet
  facet normal -0.428542 0.495597 0.75547
    outer loop
      vertex -37.0675 20.8416 10.5557
      vertex -39.2817 20.6538 9.42289
      vertex -38.6048 19.5123 10.5557
    endloop
  endfacet
  facet normal -0.909079 0.046036 0.414072
    outer loop
      vertex -45.9601 7.71918 8.21439
      vertex -46.6733 5 6.9509
      vertex -46.0978 5 8.21439
    endloop
  endfacet
  facet normal -0.877323 0.230143 0.421116
    outer loop
      vertex -44.8724 12.9722 8.21439
      vertex -46.1052 10.5846 6.9509
      vertex -45.5493 10.3918 8.21439
    endloop
  endfacet
  facet normal -0.844529 -0.321848 0.427999
    outer loop
      vertex -43.9411 -5.41623 8.21439
      vertex -45.4042 -3.25727 6.9509
      vertex -44.4395 -5.78864 6.9509
    endloop
  endfacet
  facet normal -0.877325 -0.230143 0.421111
    outer loop
      vertex -45.5493 -0.391838 8.21439
      vertex -46.1052 -0.58461 6.9509
      vertex -44.8724 -2.97224 8.21439
    endloop
  endfacet
  facet normal -0.909075 -0.0460283 -0.414082
    outer loop
      vertex -46.5307 2.1836 3.0491
      vertex -46.6733 5 3.0491
      vertex -45.9601 2.28082 1.7856
    endloop
  endfacet
  facet normal -0.988392 0.151924 0
    outer loop
      vertex -46.8185 7.86543 4.34597
      vertex -46.3856 10.6818 5.65403
      vertex -46.3856 10.6818 4.34597
    endloop
  endfacet
  facet normal -0.988392 0.151924 0
    outer loop
      vertex -46.3856 10.6818 5.65403
      vertex -46.8185 7.86543 4.34597
      vertex -46.8185 7.86543 5.65403
    endloop
  endfacet
  facet normal 0.181635 -0.210073 -0.960665
    outer loop
      vertex -25.2777 -5.58503 -3.3147
      vertex -25.4228 -2.71961 -3.96873
      vertex -24.2504 -4.6968 -3.3147
    endloop
  endfacet
  facet normal -0.0431926 -0.509204 -0.859562
    outer loop
      vertex -30 -13.2923 -0.555702
      vertex -31.845 -13.1358 -0.555702
      vertex -31.6683 -11.399 -1.59346
    endloop
  endfacet
  facet normal 0.292846 -0.33867 -0.894172
    outer loop
      vertex -23.6094 -9.32447 -1.59346
      vertex -24.3956 -7.56222 -2.5184
      vertex -23.1765 -6.50807 -2.5184
    endloop
  endfacet
  facet normal 0.345119 -0.304109 -0.887925
    outer loop
      vertex -20.9623 -6.69588 -1.59346
      vertex -23.1765 -6.50807 -2.5184
      vertex -22.0741 -5.25701 -2.5184
    endloop
  endfacet
  facet normal -0.213217 0.0812495 -0.973621
    outer loop
      vertex -34.7324 8.53583 -4.4693
      vertex -36.9466 8.72364 -3.96873
      vertex -36.5116 9.86518 -3.96873
    endloop
  endfacet
  facet normal 0.197926 -0.102189 -0.974876
    outer loop
      vertex -23.4884 0.134824 -3.96873
      vertex -25.6647 0.695041 -4.4693
      vertex -25.2676 1.46417 -4.4693
    endloop
  endfacet
  facet normal 0.210449 -0.479054 -0.852185
    outer loop
      vertex -24.5908 -11.8999 -0.555702
      vertex -26.692 -10.9769 -1.59346
      vertex -25.1088 -10.2814 -1.59346
    endloop
  endfacet
  facet normal -0.287293 -0.450156 -0.845472
    outer loop
      vertex -35.4092 -11.8999 -0.555702
      vertex -36.3906 -9.32447 -1.59346
      vertex -34.8912 -10.2814 -1.59346
    endloop
  endfacet
  facet normal 0.0641628 -0.249251 -0.966311
    outer loop
      vertex -28.7672 -7.11798 -3.3147
      vertex -29.0186 -4.64711 -3.96873
      vertex -28.054 -4.3988 -3.96873
    endloop
  endfacet
  facet normal -0.943065 0.247349 -0.222366
    outer loop
      vertex -45.4042 13.2573 3.0491
      vertex -46.1052 10.5846 3.0491
      vertex -45.6723 13.401 4.34597
    endloop
  endfacet
  facet normal -0.232745 -0.0357787 -0.97188
    outer loop
      vertex -37.2627 2.4816 -3.96873
      vertex -37.4546 3.72993 -3.96873
      vertex -35.4177 4.07696 -4.4693
    endloop
  endfacet
  facet normal -0.157408 0.138707 -0.977744
    outer loop
      vertex -33.3266 10.6103 -4.4693
      vertex -35.3167 11.8804 -3.96873
      vertex -34.5772 12.7196 -3.96873
    endloop
  endfacet
  facet normal -0.187527 -0.293822 -0.937285
    outer loop
      vertex -34.2895 -8.40143 -2.5184
      vertex -35.6044 -7.56222 -2.5184
      vertex -34.7223 -5.58503 -3.3147
    endloop
  endfacet
  facet normal 0.185485 -0.720612 0.668067
    outer loop
      vertex -26.0538 -14.0589 9.42289
      vertex -28.0099 -14.5624 9.42289
      vertex -25.8336 -15.1226 8.21439
    endloop
  endfacet
  facet normal -0.104428 -0.405662 0.908038
    outer loop
      vertex -32.9011 -9.01134 12.5184
      vertex -33.308 -10.9769 11.5935
      vertex -31.6683 -11.399 11.5935
    endloop
  endfacet
  facet normal -0.501078 -0.441501 0.74431
    outer loop
      vertex -38.6048 -9.51228 10.5557
      vertex -40.7811 -8.95207 9.42289
      vertex -39.2817 -10.6538 9.42289
    endloop
  endfacet
  facet normal -0.727188 -0.640715 0.246336
    outer loop
      vertex -41.7898 -10.2574 6.9509
      vertex -41.9951 -10.523 5.65403
      vertex -40.1501 -12.1184 6.9509
    endloop
  endfacet
  facet normal 0.349605 -0.79586 -0.494352
    outer loop
      vertex -23.6194 -14.9348 3.0491
      vertex -25.6846 -15.842 3.0491
      vertex -23.8396 -14.2467 1.7856
    endloop
  endfacet
  facet normal -0.0625719 -0.737704 0.672219
    outer loop
      vertex -31.9901 -14.5624 9.42289
      vertex -32.1012 -15.6542 8.21439
      vertex -30 -14.7312 9.42289
    endloop
  endfacet
  facet normal -0.727188 -0.640715 -0.246336
    outer loop
      vertex -40.1501 -12.1184 3.0491
      vertex -41.9951 -10.523 4.34597
      vertex -41.7898 -10.2574 3.0491
    endloop
  endfacet
  facet normal -0.254274 -0.578829 -0.774791
    outer loop
      vertex -33.9462 -14.0589 0.577112
      vertex -35.8347 -13.2293 0.577112
      vertex -33.6584 -12.669 -0.555702
    endloop
  endfacet
  facet normal -0.185489 -0.720603 -0.668076
    outer loop
      vertex -32.1012 -15.6542 1.7856
      vertex -34.1664 -15.1226 1.7856
      vertex -31.9901 -14.5624 0.577112
    endloop
  endfacet
  facet normal 0.0771973 0.00394598 0.997008
    outer loop
      vertex -26.6835 5 14.8079
      vertex -28.8977 5.18781 14.9786
      vertex -28.8881 5 14.9786
    endloop
  endfacet
  facet normal 0.064158 -0.24924 0.966314
    outer loop
      vertex -28.054 -4.3988 13.9687
      vertex -28.7672 -7.11798 13.3147
      vertex -27.5555 -6.80607 13.3147
    endloop
  endfacet
  facet normal -0.0758726 -0.011671 0.997049
    outer loop
      vertex -31.1023 4.81219 14.9786
      vertex -33.2882 4.43978 14.8079
      vertex -33.2035 3.88915 14.8079
    endloop
  endfacet
  facet normal -0.210455 -0.479068 0.852175
    outer loop
      vertex -34.8912 -10.2814 11.5935
      vertex -35.4092 -11.8999 10.5557
      vertex -33.308 -10.9769 11.5935
    endloop
  endfacet
  facet normal -0.321524 0.0162842 0.946762
    outer loop
      vertex -39.3639 6.59536 13.3147
      vertex -39.4447 5 13.3147
      vertex -37.4546 6.27007 13.9687
    endloop
  endfacet
  facet normal 0.40474 0.0622236 -0.912312
    outer loop
      vertex -18.887 6.89336 -2.5184
      vertex -20.6361 6.59536 -3.3147
      vertex -19.1731 8.75433 -2.5184
    endloop
  endfacet
  facet normal 0.0156915 -0.185004 -0.982612
    outer loop
      vertex -29.0186 -4.64711 -3.96873
      vertex -30 -2.07167 -4.4693
      vertex -29.2867 -2.01117 -4.4693
    endloop
  endfacet
  facet normal 0.806639 -0.123989 0.577893
    outer loop
      vertex -14.8836 2.42456 9.42289
      vertex -15.2727 -0.10681 9.42289
      vertex -14.0399 2.28082 8.21439
    endloop
  endfacet
  facet normal 0.877309 -0.230105 0.421166
    outer loop
      vertex -13.8948 -0.58461 6.9509
      vertex -15.1276 -2.97224 8.21439
      vertex -14.5958 -3.25727 6.9509
    endloop
  endfacet
  facet normal 0.803889 -0.544758 0.238748
    outer loop
      vertex -16.7721 -8.13541 6.9509
      vertex -18.0049 -10.523 5.65403
      vertex -16.5419 -8.36408 5.65403
    endloop
  endfacet
  facet normal 0.608114 -0.0307925 -0.793252
    outer loop
      vertex -15.9859 2.61237 -0.555702
      vertex -17.2187 5 -1.59346
      vertex -15.865 5 -0.555702
    endloop
  endfacet
  facet normal 0.666457 -0.587205 -0.459376
    outer loop
      vertex -18.2102 -10.2574 3.0491
      vertex -19.8499 -12.1184 3.0491
      vertex -18.6171 -9.73077 1.7856
    endloop
  endfacet
  facet normal 0.562883 -0.381447 -0.733254
    outer loop
      vertex -17.9039 -7.01159 0.577112
      vertex -19.2189 -8.95207 0.577112
      vertex -18.786 -6.13566 -0.555702
    endloop
  endfacet
  facet normal 0.654728 -0.443693 -0.611938
    outer loop
      vertex -18.6171 -9.73077 1.7856
      vertex -19.2189 -8.95207 0.577112
      vertex -17.2287 -7.682 1.7856
    endloop
  endfacet
  facet normal 0.562884 -0.381447 -0.733253
    outer loop
      vertex -19.2189 -8.95207 0.577112
      vertex -20.0051 -7.93463 -0.555702
      vertex -18.786 -6.13566 -0.555702
    endloop
  endfacet
  facet normal 0.411311 -0.0208332 -0.911257
    outer loop
      vertex -18.887 3.10664 -2.5184
      vertex -20.5553 5 -3.3147
      vertex -18.7911 5 -2.5184
    endloop
  endfacet
  facet normal 0.37213 -0.141811 -0.917284
    outer loop
      vertex -20.2928 -2.2528 -2.5184
      vertex -21.2742 0.322634 -3.3147
      vertex -19.6443 -0.551055 -2.5184
    endloop
  endfacet
  facet normal 0.785816 0.206132 0.583097
    outer loop
      vertex -15.1276 12.9722 8.21439
      vertex -15.9138 12.5508 9.42289
      vertex -15.2727 10.1068 9.42289
    endloop
  endfacet
  facet normal 0.898607 0.138125 0.416445
    outer loop
      vertex -13.8948 10.5846 6.9509
      vertex -14.0399 7.71918 8.21439
      vertex -13.4693 7.8164 6.9509
    endloop
  endfacet
  facet normal 0.974677 0.0493558 0.218103
    outer loop
      vertex -13.1815 7.86543 5.65403
      vertex -13.3266 5 6.9509
      vertex -13.0364 5 5.65403
    endloop
  endfacet
  facet normal 0.803884 0.54476 -0.23876
    outer loop
      vertex -16.7721 18.1354 3.0491
      vertex -18.0049 20.523 4.34597
      vertex -16.5419 18.3641 4.34597
    endloop
  endfacet
  facet normal 0.387378 -0.881767 0.269118
    outer loop
      vertex -23.6194 -14.9348 6.9509
      vertex -25.6095 -16.2049 5.65403
      vertex -23.5083 -15.2818 5.65403
    endloop
  endfacet
  facet normal 0.864284 -0.446254 -0.2321
    outer loop
      vertex -16.5419 -8.36408 4.34597
      vertex -16.7721 -8.13541 3.0491
      vertex -15.3091 -5.97645 4.34597
    endloop
  endfacet
  facet normal 0.740286 -0.501702 0.447517
    outer loop
      vertex -16.7721 -8.13541 6.9509
      vertex -18.6171 -9.73077 8.21439
      vertex -18.2102 -10.2574 6.9509
    endloop
  endfacet
  facet normal 0.349594 -0.795855 0.494367
    outer loop
      vertex -23.8396 -14.2467 8.21439
      vertex -25.8336 -15.1226 8.21439
      vertex -25.6846 -15.842 6.9509
    endloop
  endfacet
  facet normal 0.51914 -0.813497 0.262137
    outer loop
      vertex -21.6633 -13.6865 6.9509
      vertex -23.5083 -15.2818 5.65403
      vertex -21.5182 -14.0118 5.65403
    endloop
  endfacet
  facet normal -0.387378 -0.881767 0.269118
    outer loop
      vertex -36.3806 -14.9348 6.9509
      vertex -36.4917 -15.2818 5.65403
      vertex -34.3905 -16.2049 5.65403
    endloop
  endfacet
  facet normal 0.0728778 -0.859177 -0.506462
    outer loop
      vertex -27.8237 -16.3927 3.0491
      vertex -30 -16.5773 3.0491
      vertex -30 -15.8325 1.7856
    endloop
  endfacet
  facet normal 0.608105 0.0308141 0.793259
    outer loop
      vertex -15.9859 7.38763 10.5557
      vertex -17.3281 7.15897 11.5935
      vertex -17.2187 5 11.5935
    endloop
  endfacet
  facet normal 0.785809 0.206136 0.583106
    outer loop
      vertex -15.1276 12.9722 8.21439
      vertex -15.2727 10.1068 9.42289
      vertex -14.4507 10.3918 8.21439
    endloop
  endfacet
  facet normal 0.501077 -0.44151 0.744305
    outer loop
      vertex -20.0051 -7.93463 10.5557
      vertex -21.3952 -9.51228 10.5557
      vertex -19.2189 -8.95207 9.42289
    endloop
  endfacet
  facet normal 0.419838 -0.369928 0.828788
    outer loop
      vertex -20.9623 -6.69588 11.5935
      vertex -21.3952 -9.51228 10.5557
      vertex -20.0051 -7.93463 10.5557
    endloop
  endfacet
  facet normal -0.0770346 -0.175372 0.981484
    outer loop
      vertex -31.4143 -1.83071 14.4693
      vertex -32.8774 -3.98967 13.9687
      vertex -31.946 -4.3988 13.9687
    endloop
  endfacet
  facet normal -0.0523982 -0.61773 0.784643
    outer loop
      vertex -30 -13.2923 10.5557
      vertex -31.845 -13.1358 10.5557
      vertex -30 -14.7312 9.42289
    endloop
  endfacet
  facet normal 0.499018 -0.0767176 0.863189
    outer loop
      vertex -18.887 3.10664 12.5184
      vertex -19.1731 1.24567 12.5184
      vertex -17.6542 0.719009 11.5935
    endloop
  endfacet
  facet normal 0.518676 -0.267824 0.811939
    outer loop
      vertex -17.7587 -4.14616 10.5557
      vertex -19.8599 -5.0692 11.5935
      vertex -18.786 -6.13566 10.5557
    endloop
  endfacet
  facet normal 0.806639 0.12399 0.577893
    outer loop
      vertex -14.0399 7.71918 8.21439
      vertex -15.2727 10.1068 9.42289
      vertex -14.8836 7.57544 9.42289
    endloop
  endfacet
  facet normal 0.3459 0.541969 0.765913
    outer loop
      vertex -22.3766 22.0877 9.42289
      vertex -24.1653 23.2293 9.42289
      vertex -22.9325 20.8416 10.5557
    endloop
  endfacet
  facet normal 0.518672 0.267822 0.811943
    outer loop
      vertex -18.786 16.1357 10.5557
      vertex -19.8599 15.0692 11.5935
      vertex -17.7587 14.1462 10.5557
    endloop
  endfacet
  facet normal 0.581433 0.152509 0.799173
    outer loop
      vertex -16.941 12.0002 10.5557
      vertex -18.1916 11.3298 11.5935
      vertex -17.6542 9.28099 11.5935
    endloop
  endfacet
  facet normal -0.0342554 0.053663 0.997971
    outer loop
      vertex -30.4255 6.32934 14.9786
      vertex -31.2692 8.96528 14.8079
      vertex -30.5559 6.2461 14.9786
    endloop
  endfacet
  facet normal 0.404759 -0.0622083 0.912305
    outer loop
      vertex -20.6361 3.40464 13.3147
      vertex -20.8771 1.83657 13.3147
      vertex -19.1731 1.24567 12.5184
    endloop
  endfacet
  facet normal 0.411311 -0.0208332 0.911257
    outer loop
      vertex -18.7911 5 12.5184
      vertex -20.5553 5 13.3147
      vertex -18.887 3.10664 12.5184
    endloop
  endfacet
  facet normal 0.32152 0.0162776 0.946763
    outer loop
      vertex -20.5553 5 13.3147
      vertex -22.5454 6.27007 13.9687
      vertex -22.4811 5 13.9687
    endloop
  endfacet
  facet normal 0.236718 -0.0120021 0.971504
    outer loop
      vertex -24.5355 5 14.4693
      vertex -24.5823 4.07696 14.4693
      vertex -22.5454 3.72993 13.9687
    endloop
  endfacet
  facet normal 0.213229 0.0812541 0.973617
    outer loop
      vertex -23.4884 9.86518 13.9687
      vertex -25.2676 8.53583 14.4693
      vertex -23.0534 8.72364 13.9687
    endloop
  endfacet
  facet normal -0.501076 0.441495 0.744315
    outer loop
      vertex -38.6048 19.5123 10.5557
      vertex -40.7811 18.9521 9.42289
      vertex -39.9949 17.9346 10.5557
    endloop
  endfacet
  facet normal -0.0350753 0.413527 0.909816
    outer loop
      vertex -30 19.5056 12.5184
      vertex -31.6683 21.399 11.5935
      vertex -31.4631 19.3815 12.5184
    endloop
  endfacet
  facet normal -0.144976 0.227146 -0.963009
    outer loop
      vertex -32.8774 13.9897 -3.96873
      vertex -33.7595 13.4267 -3.96873
      vertex -33.6143 16.2922 -3.3147
    endloop
  endfacet
  facet normal -0.0770301 -0.175362 -0.981486
    outer loop
      vertex -31.946 -4.3988 -3.96873
      vertex -32.8774 -3.98967 -3.96873
      vertex -31.4143 -1.83071 -4.4693
    endloop
  endfacet
  facet normal -0.0758903 -0.0116737 -0.997048
    outer loop
      vertex -33.2035 3.88915 -4.80785
      vertex -33.2882 4.43978 -4.80785
      vertex -31.1023 4.81219 -4.97859
    endloop
  endfacet
  facet normal -0.31456 0.213179 -0.92499
    outer loop
      vertex -37.493 12.4406 -3.3147
      vertex -37.9259 15.257 -2.5184
      vertex -36.6784 13.6426 -3.3147
    endloop
  endfacet
  facet normal 0.0431889 0.509201 -0.859563
    outer loop
      vertex -28.3317 21.399 -1.59346
      vertex -30 21.5405 -1.59346
      vertex -30 23.2923 -0.555702
    endloop
  endfacet
  facet normal -0.357446 0.413377 -0.837468
    outer loop
      vertex -36.3906 19.3245 -1.59346
      vertex -38.6048 19.5123 -0.555702
      vertex -37.0675 20.8416 -0.555702
    endloop
  endfacet
  facet normal -0.136745 0.311276 -0.94043
    outer loop
      vertex -32.4445 16.8061 -3.3147
      vertex -33.6143 16.2922 -3.3147
      vertex -32.9011 19.0113 -2.5184
    endloop
  endfacet
  facet normal -0.10443 0.40567 -0.908034
    outer loop
      vertex -32.9011 19.0113 -2.5184
      vertex -33.308 20.9769 -1.59346
      vertex -31.6683 21.399 -1.59346
    endloop
  endfacet
  facet normal -0.0869781 0.100584 -0.991119
    outer loop
      vertex -32.019 8.40506 -4.80785
      vertex -33.3266 10.6103 -4.4693
      vertex -31.6583 8.71697 -4.80785
    endloop
  endfacet
  facet normal -0.0156917 0.185007 -0.982612
    outer loop
      vertex -30.7133 12.0112 -4.4693
      vertex -30.9814 14.6471 -3.96873
      vertex -30 12.0717 -4.4693
    endloop
  endfacet
  facet normal -0.277145 0.244205 -0.929276
    outer loop
      vertex -36.6784 13.6426 -3.3147
      vertex -37.9259 15.257 -2.5184
      vertex -36.8235 16.5081 -2.5184
    endloop
  endfacet
  facet normal -0.181659 0.210073 -0.960661
    outer loop
      vertex -34.5772 12.7196 -3.96873
      vertex -34.7223 15.585 -3.3147
      vertex -33.7595 13.4267 -3.96873
    endloop
  endfacet
  facet normal 0.0625967 0.737679 0.672243
    outer loop
      vertex -30 25.8325 8.21439
      vertex -30 24.7312 9.42289
      vertex -27.8988 25.6542 8.21439
    endloop
  endfacet
  facet normal 0.210455 0.479068 0.852175
    outer loop
      vertex -24.5908 21.8999 10.5557
      vertex -26.692 20.9769 11.5935
      vertex -25.1088 20.2814 11.5935
    endloop
  endfacet
  facet normal 0.666404 0.587216 0.459437
    outer loop
      vertex -19.8499 22.1184 6.9509
      vertex -20.2003 21.5275 8.21439
      vertex -18.6171 19.7308 8.21439
    endloop
  endfacet
  facet normal 0.66646 0.587208 0.459367
    outer loop
      vertex -18.2102 20.2574 6.9509
      vertex -19.8499 22.1184 6.9509
      vertex -18.6171 19.7308 8.21439
    endloop
  endfacet
  facet normal 0.0728778 0.859177 -0.506462
    outer loop
      vertex -27.8237 26.3927 3.0491
      vertex -30 25.8325 1.7856
      vertex -30 26.5773 3.0491
    endloop
  endfacet
  facet normal 0.0811989 0.957352 -0.277279
    outer loop
      vertex -27.8237 26.3927 3.0491
      vertex -30 26.9529 4.34597
      vertex -27.7858 26.7651 4.34597
    endloop
  endfacet
  facet normal 0.345872 0.541963 0.76593
    outer loop
      vertex -24.1653 23.2293 9.42289
      vertex -24.5908 21.8999 10.5557
      vertex -22.9325 20.8416 10.5557
    endloop
  endfacet
  facet normal -0.181651 0.210064 0.960664
    outer loop
      vertex -33.7595 13.4267 13.9687
      vertex -34.7223 15.585 13.3147
      vertex -34.5772 12.7196 13.9687
    endloop
  endfacet
  facet normal 0.345108 0.304101 0.887932
    outer loop
      vertex -22.2193 18.1224 11.5935
      vertex -23.1765 16.5081 12.5184
      vertex -20.9623 16.6959 11.5935
    endloop
  endfacet
  facet normal 0.277172 0.244202 0.929269
    outer loop
      vertex -23.1765 16.5081 12.5184
      vertex -24.2504 14.6968 13.3147
      vertex -23.3216 13.6426 13.3147
    endloop
  endfacet
  facet normal 0.613839 0.316963 0.723005
    outer loop
      vertex -16.7959 14.8656 9.42289
      vertex -18.786 16.1357 10.5557
      vertex -17.7587 14.1462 10.5557
    endloop
  endfacet
  facet normal 0.740291 0.501703 0.447507
    outer loop
      vertex -18.2102 20.2574 6.9509
      vertex -18.6171 19.7308 8.21439
      vertex -16.7721 18.1354 6.9509
    endloop
  endfacet
  facet normal -0.519139 0.813497 0.262139
    outer loop
      vertex -36.4917 25.2818 5.65403
      vertex -38.3367 23.6865 6.9509
      vertex -36.3806 24.9348 6.9509
    endloop
  endfacet
  facet normal -0.0729044 0.859152 0.506501
    outer loop
      vertex -30 25.8325 8.21439
      vertex -32.1763 26.3927 6.9509
      vertex -32.1012 25.6542 8.21439
    endloop
  endfacet
  facet normal 0.554572 0.211351 -0.804848
    outer loop
      vertex -18.1916 11.3298 -1.59346
      vertex -18.9311 13.2702 -1.59346
      vertex -16.941 12.0002 -0.555702
    endloop
  endfacet
  facet normal 0.654731 0.443686 -0.611939
    outer loop
      vertex -17.9039 17.0116 0.577112
      vertex -19.2189 18.9521 0.577112
      vertex -17.2287 17.682 1.7856
    endloop
  endfacet
  facet normal 0.305759 0.0801993 -0.948725
    outer loop
      vertex -20.8771 8.16343 -3.3147
      vertex -23.0534 8.72364 -3.96873
      vertex -21.2742 9.67737 -3.3147
    endloop
  endfacet
  facet normal 0.419839 0.369917 -0.828792
    outer loop
      vertex -20.9623 16.6959 -1.59346
      vertex -21.3952 19.5123 -0.555702
      vertex -20.0051 17.9346 -0.555702
    endloop
  endfacet
  facet normal 0.10443 0.40567 -0.908034
    outer loop
      vertex -27.0989 19.0113 -2.5184
      vertex -28.3317 21.399 -1.59346
      vertex -26.692 20.9769 -1.59346
    endloop
  endfacet
  facet normal -0.0431926 0.509204 -0.859562
    outer loop
      vertex -31.6683 21.399 -1.59346
      vertex -31.845 23.1358 -0.555702
      vertex -30 23.2923 -0.555702
    endloop
  endfacet
  facet normal 0.302042 0.687603 -0.660282
    outer loop
      vertex -24.1653 23.2293 0.577112
      vertex -25.8336 25.1226 1.7856
      vertex -23.8396 24.2467 1.7856
    endloop
  endfacet
  facet normal 0.91012 0.346855 -0.226656
    outer loop
      vertex -14.5958 13.2573 3.0491
      vertex -15.5605 15.7886 3.0491
      vertex -15.3091 15.9764 4.34597
    endloop
  endfacet
  facet normal 0.654732 0.443689 -0.611937
    outer loop
      vertex -17.2287 17.682 1.7856
      vertex -19.2189 18.9521 0.577112
      vertex -18.6171 19.7308 1.7856
    endloop
  endfacet
  facet normal 0.428543 0.495598 -0.755469
    outer loop
      vertex -21.3952 19.5123 -0.555702
      vertex -22.9325 20.8416 -0.555702
      vertex -20.7183 20.6538 0.577112
    endloop
  endfacet
  facet normal 0.974662 -0.0493837 -0.218163
    outer loop
      vertex -13.1815 2.13457 4.34597
      vertex -13.4693 2.1836 3.0491
      vertex -13.3266 5 3.0491
    endloop
  endfacet
  facet normal 0.391658 0.102712 -0.91436
    outer loop
      vertex -19.1731 8.75433 -2.5184
      vertex -21.2742 9.67737 -3.3147
      vertex -19.6443 10.5511 -2.5184
    endloop
  endfacet
  facet normal 0.934452 0.356089 0
    outer loop
      vertex -14.3277 13.401 5.65403
      vertex -15.3091 15.9764 4.34597
      vertex -15.3091 15.9764 5.65403
    endloop
  endfacet
  facet normal 0.934452 0.356089 0
    outer loop
      vertex -15.3091 15.9764 4.34597
      vertex -14.3277 13.401 5.65403
      vertex -14.3277 13.401 4.34597
    endloop
  endfacet
  facet normal 0.710521 0.366849 -0.600485
    outer loop
      vertex -16.7959 14.8656 0.577112
      vertex -17.9039 17.0116 0.577112
      vertex -17.2287 17.682 1.7856
    endloop
  endfacet
  facet normal 0.827826 0.560985 0
    outer loop
      vertex -16.5419 18.3641 5.65403
      vertex -18.0049 20.523 4.34597
      vertex -18.0049 20.523 5.65403
    endloop
  endfacet
  facet normal 0.827826 0.560985 0
    outer loop
      vertex -18.0049 20.523 4.34597
      vertex -16.5419 18.3641 5.65403
      vertex -16.5419 18.3641 4.34597
    endloop
  endfacet
  facet normal 0.888554 0.458772 0
    outer loop
      vertex -15.3091 15.9764 5.65403
      vertex -16.5419 18.3641 4.34597
      vertex -16.5419 18.3641 5.65403
    endloop
  endfacet
  facet normal 0.888554 0.458772 0
    outer loop
      vertex -16.5419 18.3641 4.34597
      vertex -15.3091 15.9764 5.65403
      vertex -15.3091 15.9764 4.34597
    endloop
  endfacet
  facet normal 0.727188 0.640715 -0.246336
    outer loop
      vertex -18.2102 20.2574 3.0491
      vertex -19.8499 22.1184 3.0491
      vertex -18.0049 20.523 4.34597
    endloop
  endfacet
  facet normal 0.470818 0.737691 -0.483883
    outer loop
      vertex -21.9511 23.0414 1.7856
      vertex -23.8396 24.2467 1.7856
      vertex -21.6633 23.6865 3.0491
    endloop
  endfacet
  facet normal 0.816924 0.0413626 0.57526
    outer loop
      vertex -13.9022 5 8.21439
      vertex -14.8836 7.57544 9.42289
      vertex -14.7532 5 9.42289
    endloop
  endfacet
  facet normal 0.713229 -0.0361123 0.700001
    outer loop
      vertex -14.7532 5 9.42289
      vertex -15.865 5 10.5557
      vertex -14.8836 2.42456 9.42289
    endloop
  endfacet
  facet normal 0.974662 -0.0493837 0.218163
    outer loop
      vertex -13.3266 5 6.9509
      vertex -13.4693 2.1836 6.9509
      vertex -13.1815 2.13457 5.65403
    endloop
  endfacet
  facet normal 0.910148 -0.346822 0.226594
    outer loop
      vertex -14.5958 -3.25727 6.9509
      vertex -15.3091 -5.97645 5.65403
      vertex -14.3277 -3.40101 5.65403
    endloop
  endfacet
  facet normal 0.654057 0.249218 0.714213
    outer loop
      vertex -15.9138 12.5508 9.42289
      vertex -17.7587 14.1462 10.5557
      vertex -16.941 12.0002 10.5557
    endloop
  endfacet
  facet normal 0.518663 0.267779 0.811963
    outer loop
      vertex -17.7587 14.1462 10.5557
      vertex -19.8599 15.0692 11.5935
      vertex -18.9311 13.2702 11.5935
    endloop
  endfacet
  facet normal 0.157412 0.1387 -0.977744
    outer loop
      vertex -26.136 10.0004 -4.4693
      vertex -26.6734 10.6103 -4.4693
      vertex -24.6833 11.8804 -3.96873
    endloop
  endfacet
  facet normal 0.132835 0.153613 -0.979162
    outer loop
      vertex -25.4228 12.7196 -3.96873
      vertex -26.6734 10.6103 -4.4693
      vertex -26.2405 13.4267 -3.96873
    endloop
  endfacet
  facet normal 0.483463 0.126812 -0.866131
    outer loop
      vertex -17.6542 9.28099 -1.59346
      vertex -19.1731 8.75433 -2.5184
      vertex -18.1916 11.3298 -1.59346
    endloop
  endfacet
  facet normal 0.654058 0.249219 -0.714211
    outer loop
      vertex -16.941 12.0002 -0.555702
      vertex -17.7587 14.1462 -0.555702
      vertex -15.9138 12.5508 0.577112
    endloop
  endfacet
  facet normal 0.210444 0.479061 -0.852182
    outer loop
      vertex -24.5908 21.8999 -0.555702
      vertex -26.692 20.9769 -1.59346
      vertex -26.3416 22.669 -0.555702
    endloop
  endfacet
  facet normal 0.254274 0.578829 -0.774791
    outer loop
      vertex -24.1653 23.2293 0.577112
      vertex -26.3416 22.669 -0.555702
      vertex -26.0538 24.0589 0.577112
    endloop
  endfacet
  facet normal 0.215562 0.837433 0.502234
    outer loop
      vertex -25.6846 25.842 6.9509
      vertex -27.8988 25.6542 8.21439
      vertex -25.8336 25.1226 8.21439
    endloop
  endfacet
  facet normal 0.402217 0.915544 -0
    outer loop
      vertex -23.5083 25.2818 4.34597
      vertex -25.6095 26.2049 5.65403
      vertex -23.5083 25.2818 5.65403
    endloop
  endfacet
  facet normal 0.402217 0.915544 0
    outer loop
      vertex -25.6095 26.2049 5.65403
      vertex -23.5083 25.2818 4.34597
      vertex -25.6095 26.2049 4.34597
    endloop
  endfacet
  facet normal -0.185485 0.720609 -0.668071
    outer loop
      vertex -33.9462 24.0589 0.577112
      vertex -34.1664 25.1226 1.7856
      vertex -31.9901 24.5624 0.577112
    endloop
  endfacet
  facet normal -0.239713 0.931253 -0.274418
    outer loop
      vertex -32.1763 26.3927 3.0491
      vertex -34.3905 26.2049 4.34597
      vertex -32.2142 26.7651 4.34597
    endloop
  endfacet
  facet normal -0.128457 0.499008 -0.857024
    outer loop
      vertex -33.308 20.9769 -1.59346
      vertex -33.6584 22.669 -0.555702
      vertex -31.6683 21.399 -1.59346
    endloop
  endfacet
  facet normal -0.408979 0.640801 -0.6497
    outer loop
      vertex -35.8347 23.2293 0.577112
      vertex -38.0489 23.0414 1.7856
      vertex -36.1604 24.2467 1.7856
    endloop
  endfacet
  facet normal -0.155603 0.60452 -0.781245
    outer loop
      vertex -33.6584 22.669 -0.555702
      vertex -33.9462 24.0589 0.577112
      vertex -31.9901 24.5624 0.577112
    endloop
  endfacet
  facet normal -0.302042 0.687603 -0.660282
    outer loop
      vertex -35.8347 23.2293 0.577112
      vertex -36.1604 24.2467 1.7856
      vertex -34.1664 25.1226 1.7856
    endloop
  endfacet
  facet normal -0.0523983 0.617731 -0.784642
    outer loop
      vertex -30 23.2923 -0.555702
      vertex -31.845 23.1358 -0.555702
      vertex -30 24.7312 0.577112
    endloop
  endfacet
  facet normal 0.0431926 0.509204 -0.859562
    outer loop
      vertex -28.3317 21.399 -1.59346
      vertex -30 23.2923 -0.555702
      vertex -28.155 23.1358 -0.555702
    endloop
  endfacet
  facet normal -0.0694042 -0.0264378 0.997238
    outer loop
      vertex -31.0272 4.44937 14.9786
      vertex -32.8722 2.85401 14.8079
      vertex -30.9629 4.28057 14.9786
    endloop
  endfacet
  facet normal -0.0503802 0.114686 0.992123
    outer loop
      vertex -30.8584 9.14574 14.8079
      vertex -31.4143 11.8307 14.4693
      vertex -31.2692 8.96528 14.8079
    endloop
  endfacet
  facet normal -0.0510542 0.0449655 0.997683
    outer loop
      vertex -30.6769 6.14153 14.9786
      vertex -32.3451 8.03489 14.8079
      vertex -30.7862 6.01743 14.9786
    endloop
  endfacet
  facet normal -0.0156924 -0.185015 0.98261
    outer loop
      vertex -30.7133 -2.01117 14.4693
      vertex -30.9814 -4.64711 13.9687
      vertex -30 -2.07167 14.4693
    endloop
  endfacet
  facet normal -0.59924 -0.0921288 -0.795251
    outer loop
      vertex -43.6533 0.265595 -0.555702
      vertex -44.0141 2.61237 -0.555702
      vertex -42.3458 0.719009 -1.59346
    endloop
  endfacet
  facet normal -0.974661 -0.049355 -0.218175
    outer loop
      vertex -46.8185 2.13457 4.34597
      vertex -46.9636 5 4.34597
      vertex -46.6733 5 3.0491
    endloop
  endfacet
  facet normal -0.703442 -0.108149 0.702476
    outer loop
      vertex -44.0141 2.61237 10.5557
      vertex -44.7273 -0.10681 9.42289
      vertex -43.6533 0.265595 10.5557
    endloop
  endfacet
  facet normal -0.844531 -0.321849 -0.427997
    outer loop
      vertex -44.4395 -5.78864 3.0491
      vertex -45.4042 -3.25727 3.0491
      vertex -43.9411 -5.41623 1.7856
    endloop
  endfacet
  facet normal -0.910123 -0.346846 0.226658
    outer loop
      vertex -44.4395 -5.78864 6.9509
      vertex -45.4042 -3.25727 6.9509
      vertex -44.6909 -5.97645 5.65403
    endloop
  endfacet
  facet normal -0.799269 -0.41265 0.436909
    outer loop
      vertex -43.9411 -5.41623 8.21439
      vertex -44.4395 -5.78864 6.9509
      vertex -43.2279 -8.13541 6.9509
    endloop
  endfacet
  facet normal -0.06416 -0.24924 0.966314
    outer loop
      vertex -30.9814 -4.64711 13.9687
      vertex -31.946 -4.3988 13.9687
      vertex -31.2328 -7.11798 13.3147
    endloop
  endfacet
  facet normal -0.181655 -0.210062 0.960664
    outer loop
      vertex -34.5772 -2.71961 13.9687
      vertex -34.7223 -5.58503 13.3147
      vertex -33.7595 -3.42673 13.9687
    endloop
  endfacet
  facet normal -0.499055 -0.0766918 0.86317
    outer loop
      vertex -41.113 3.10664 12.5184
      vertex -42.6719 2.84103 11.5935
      vertex -42.3458 0.719009 11.5935
    endloop
  endfacet
  facet normal -0.419828 -0.369928 0.828793
    outer loop
      vertex -37.7807 -8.12244 11.5935
      vertex -39.0377 -6.69588 11.5935
      vertex -38.6048 -9.51228 10.5557
    endloop
  endfacet
  facet normal -0.816924 0.0413626 0.57526
    outer loop
      vertex -45.1164 7.57544 9.42289
      vertex -46.0978 5 8.21439
      vertex -45.2468 5 9.42289
    endloop
  endfacet
  facet normal -0.898607 -0.138124 0.416445
    outer loop
      vertex -45.9601 2.28082 8.21439
      vertex -46.5307 2.1836 6.9509
      vertex -46.1052 -0.58461 6.9509
    endloop
  endfacet
  facet normal -0.94304 0.247378 0.222438
    outer loop
      vertex -45.6723 13.401 5.65403
      vertex -46.3856 10.6818 5.65403
      vertex -46.1052 10.5846 6.9509
    endloop
  endfacet
  facet normal -0.844512 0.321806 0.428067
    outer loop
      vertex -43.9411 15.4162 8.21439
      vertex -45.4042 13.2573 6.9509
      vertex -44.8724 12.9722 8.21439
    endloop
  endfacet
  facet normal -0.666461 0.587209 -0.459365
    outer loop
      vertex -41.3829 19.7308 1.7856
      vertex -41.7898 20.2574 3.0491
      vertex -40.1501 22.1184 3.0491
    endloop
  endfacet
  facet normal -0.254272 0.578832 -0.77479
    outer loop
      vertex -35.4092 21.8999 -0.555702
      vertex -35.8347 23.2293 0.577112
      vertex -33.6584 22.669 -0.555702
    endloop
  endfacet
  facet normal -0.964266 0.148216 -0.219596
    outer loop
      vertex -46.1052 10.5846 3.0491
      vertex -46.8185 7.86543 4.34597
      vertex -46.3856 10.6818 4.34597
    endloop
  endfacet
  facet normal -0.613831 0.316927 -0.723028
    outer loop
      vertex -41.214 16.1357 -0.555702
      vertex -43.2041 14.8656 0.577112
      vertex -42.0961 17.0116 0.577112
    endloop
  endfacet
  facet normal -0.910149 0.346828 -0.226584
    outer loop
      vertex -45.4042 13.2573 3.0491
      vertex -45.6723 13.401 4.34597
      vertex -44.6909 15.9764 4.34597
    endloop
  endfacet
  facet normal -0.740293 0.501704 -0.447505
    outer loop
      vertex -41.3829 19.7308 1.7856
      vertex -43.2279 18.1354 3.0491
      vertex -41.7898 20.2574 3.0491
    endloop
  endfacet
  facet normal -0.586012 0.516346 0.624481
    outer loop
      vertex -39.7997 21.5275 8.21439
      vertex -40.7811 18.9521 9.42289
      vertex -39.2817 20.6538 9.42289
    endloop
  endfacet
  facet normal -0.503986 0.582851 0.637403
    outer loop
      vertex -38.0489 23.0414 8.21439
      vertex -39.7997 21.5275 8.21439
      vertex -39.2817 20.6538 9.42289
    endloop
  endfacet
  facet normal -0.473706 0.321027 0.820088
    outer loop
      vertex -39.9949 17.9346 10.5557
      vertex -41.214 16.1357 10.5557
      vertex -39.0377 16.6959 11.5935
    endloop
  endfacet
  facet normal -0.727183 0.640731 0.246309
    outer loop
      vertex -40.3268 22.4164 5.65403
      vertex -41.9951 20.523 5.65403
      vertex -40.1501 22.1184 6.9509
    endloop
  endfacet
  facet normal -0.105898 0.16592 0.980437
    outer loop
      vertex -32.8774 13.9897 13.9687
      vertex -33.7595 13.4267 13.9687
      vertex -32.0912 11.5334 14.4693
    endloop
  endfacet
  facet normal -0.305745 -0.0801881 0.948731
    outer loop
      vertex -37.2627 2.4816 13.9687
      vertex -39.1229 1.83657 13.3147
      vertex -36.9466 1.27636 13.9687
    endloop
  endfacet
  facet normal -0.129945 0.0670865 0.989249
    outer loop
      vertex -32.6312 7.6128 14.8079
      vertex -34.3353 9.30496 14.4693
      vertex -32.8722 7.14599 14.8079
    endloop
  endfacet
  facet normal -0.0510482 0.0449708 0.997683
    outer loop
      vertex -32.019 8.40506 14.8079
      vertex -32.3451 8.03489 14.8079
      vertex -30.6769 6.14153 14.9786
    endloop
  endfacet
  facet normal -0.581438 0.152506 0.799169
    outer loop
      vertex -43.059 12.0002 10.5557
      vertex -43.6533 9.7344 10.5557
      vertex -42.3458 9.28099 11.5935
    endloop
  endfacet
  facet normal -0.277145 0.244205 0.929276
    outer loop
      vertex -36.8235 16.5081 12.5184
      vertex -37.9259 15.257 12.5184
      vertex -36.6784 13.6426 13.3147
    endloop
  endfacet
  facet normal -0.144974 0.227137 0.963012
    outer loop
      vertex -33.6143 16.2922 13.3147
      vertex -34.7223 15.585 13.3147
      vertex -33.7595 13.4267 13.9687
    endloop
  endfacet
  facet normal -0.287292 0.450171 0.845464
    outer loop
      vertex -35.4092 21.8999 10.5557
      vertex -37.0675 20.8416 10.5557
      vertex -36.3906 19.3245 11.5935
    endloop
  endfacet
  facet normal -0.703442 0.108149 0.702476
    outer loop
      vertex -43.6533 9.7344 10.5557
      vertex -44.7273 10.1068 9.42289
      vertex -44.0141 7.38763 10.5557
    endloop
  endfacet
  facet normal -0.404759 0.0622083 0.912305
    outer loop
      vertex -39.1229 8.16343 13.3147
      vertex -40.8269 8.75433 12.5184
      vertex -39.3639 6.59536 13.3147
    endloop
  endfacet
  facet normal -0.713225 0.0361149 0.700004
    outer loop
      vertex -44.0141 7.38763 10.5557
      vertex -45.1164 7.57544 9.42289
      vertex -44.135 5 10.5557
    endloop
  endfacet
  facet normal -0.599255 -0.0921312 0.795239
    outer loop
      vertex -42.3458 0.719009 11.5935
      vertex -44.0141 2.61237 10.5557
      vertex -43.6533 0.265595 10.5557
    endloop
  endfacet
  facet normal -0.710545 0.366844 0.60046
    outer loop
      vertex -42.7713 17.682 8.21439
      vertex -43.9411 15.4162 8.21439
      vertex -43.2041 14.8656 9.42289
    endloop
  endfacet
  facet normal -0.501076 0.441508 0.744308
    outer loop
      vertex -39.2817 20.6538 9.42289
      vertex -40.7811 18.9521 9.42289
      vertex -38.6048 19.5123 10.5557
    endloop
  endfacet
  facet normal -0.740291 0.501703 0.447507
    outer loop
      vertex -41.7898 20.2574 6.9509
      vertex -43.2279 18.1354 6.9509
      vertex -41.3829 19.7308 8.21439
    endloop
  endfacet
  facet normal -0.666404 0.587216 0.459437
    outer loop
      vertex -40.1501 22.1184 6.9509
      vertex -41.3829 19.7308 8.21439
      vertex -39.7997 21.5275 8.21439
    endloop
  endfacet
  facet normal -0.806636 0.123985 0.577898
    outer loop
      vertex -45.5493 10.3918 8.21439
      vertex -45.9601 7.71918 8.21439
      vertex -44.7273 10.1068 9.42289
    endloop
  endfacet
  facet normal -0.753999 0.287316 0.590707
    outer loop
      vertex -43.9411 15.4162 8.21439
      vertex -44.8724 12.9722 8.21439
      vertex -44.0862 12.5508 9.42289
    endloop
  endfacet
  facet normal -0.974664 0.0493492 0.218162
    outer loop
      vertex -46.5307 7.8164 6.9509
      vertex -46.8185 7.86543 5.65403
      vertex -46.6733 5 6.9509
    endloop
  endfacet
  facet normal -0.909074 0.0460282 0.414085
    outer loop
      vertex -46.5307 7.8164 6.9509
      vertex -46.6733 5 6.9509
      vertex -45.9601 7.71918 8.21439
    endloop
  endfacet
  facet normal -0.501079 -0.441502 -0.744309
    outer loop
      vertex -39.2817 -10.6538 0.577112
      vertex -40.7811 -8.95207 0.577112
      vertex -38.6048 -9.51228 -0.555702
    endloop
  endfacet
  facet normal -0.974664 -0.0493492 -0.218162
    outer loop
      vertex -46.5307 2.1836 3.0491
      vertex -46.8185 2.13457 4.34597
      vertex -46.6733 5 3.0491
    endloop
  endfacet
  facet normal -0.99872 0.0505733 0
    outer loop
      vertex -46.9636 5 4.34597
      vertex -46.8185 7.86543 5.65403
      vertex -46.8185 7.86543 4.34597
    endloop
  endfacet
  facet normal -0.99872 0.0505733 0
    outer loop
      vertex -46.8185 7.86543 5.65403
      vertex -46.9636 5 4.34597
      vertex -46.9636 5 5.65403
    endloop
  endfacet
  facet normal -0.554572 0.211351 -0.804848
    outer loop
      vertex -41.8084 11.3298 -1.59346
      vertex -43.059 12.0002 -0.555702
      vertex -41.0689 13.2702 -1.59346
    endloop
  endfacet
  facet normal -0.816921 -0.0413625 -0.575264
    outer loop
      vertex -45.1164 2.42456 0.577112
      vertex -46.0978 5 1.7856
      vertex -45.2468 5 0.577112
    endloop
  endfacet
  facet normal -0.974661 0.049355 -0.218175
    outer loop
      vertex -46.6733 5 3.0491
      vertex -46.9636 5 4.34597
      vertex -46.8185 7.86543 4.34597
    endloop
  endfacet
  facet normal 0.155692 0.00789392 -0.987774
    outer loop
      vertex -24.5355 5 -4.4693
      vertex -26.7118 5.56022 -4.80785
      vertex -24.5823 5.92304 -4.4693
    endloop
  endfacet
  facet normal 0.0503729 0.114669 -0.992126
    outer loop
      vertex -28.7308 8.96528 -4.80785
      vertex -29.1416 9.14574 -4.80785
      vertex -28.5857 11.8307 -4.4693
    endloop
  endfacet
  facet normal 0.290169 -0.110573 -0.950566
    outer loop
      vertex -21.8207 -1.11127 -3.3147
      vertex -23.4884 0.134824 -3.96873
      vertex -23.0534 1.27636 -3.96873
    endloop
  endfacet
  facet normal 0.608089 -0.0308133 -0.793271
    outer loop
      vertex -15.9859 2.61237 -0.555702
      vertex -17.3281 2.84103 -1.59346
      vertex -17.2187 5 -1.59346
    endloop
  endfacet
  facet normal -0.0831895 -0.323166 -0.942679
    outer loop
      vertex -31.4631 -9.38151 -2.5184
      vertex -32.9011 -9.01134 -2.5184
      vertex -31.2328 -7.11798 -3.3147
    endloop
  endfacet
  facet normal 0.132814 -0.153616 -0.979164
    outer loop
      vertex -26.2405 -3.42673 -3.96873
      vertex -27.2678 -1.12424 -4.4693
      vertex -26.6734 -0.610332 -4.4693
    endloop
  endfacet
  facet normal 0.0694204 -0.0264439 -0.997237
    outer loop
      vertex -27.1278 2.85401 -4.80785
      vertex -29.0371 4.28057 -4.97859
      vertex -28.9728 4.44937 -4.97859
    endloop
  endfacet
  facet normal 0.234578 -0.271306 -0.93347
    outer loop
      vertex -23.1765 -6.50807 -2.5184
      vertex -25.2777 -5.58503 -3.3147
      vertex -24.2504 -4.6968 -3.3147
    endloop
  endfacet
  facet normal 0.103156 -0.0908922 -0.990504
    outer loop
      vertex -26.6734 -0.610332 -4.4693
      vertex -27.6549 1.96511 -4.80785
      vertex -26.136 -0.000424385 -4.4693
    endloop
  endfacet
  facet normal 0.179226 -0.121457 -0.976282
    outer loop
      vertex -24.6833 -1.8804 -3.96873
      vertex -26.136 -0.000424385 -4.4693
      vertex -25.6647 0.695041 -4.4693
    endloop
  endfacet
  facet normal 0.408979 -0.640802 -0.649699
    outer loop
      vertex -21.9511 -13.0414 1.7856
      vertex -24.1653 -13.2293 0.577112
      vertex -22.3766 -12.0877 0.577112
    endloop
  endfacet
  facet normal 0.51914 -0.813497 -0.262137
    outer loop
      vertex -21.5182 -14.0118 4.34597
      vertex -23.5083 -15.2818 4.34597
      vertex -21.6633 -13.6865 3.0491
    endloop
  endfacet
  facet normal -0.0831882 -0.323167 -0.942678
    outer loop
      vertex -31.2328 -7.11798 -3.3147
      vertex -32.9011 -9.01134 -2.5184
      vertex -32.4445 -6.80607 -3.3147
    endloop
  endfacet
  facet normal 0.234633 -0.367643 -0.899881
    outer loop
      vertex -25.1088 -10.2814 -1.59346
      vertex -25.7105 -8.40143 -2.5184
      vertex -23.6094 -9.32447 -1.59346
    endloop
  endfacet
  facet normal 0.0641608 -0.24925 -0.966311
    outer loop
      vertex -27.5555 -6.80607 -3.3147
      vertex -28.7672 -7.11798 -3.3147
      vertex -28.054 -4.3988 -3.96873
    endloop
  endfacet
  facet normal -0.197926 -0.102189 -0.974876
    outer loop
      vertex -34.3353 0.695041 -4.4693
      vertex -36.5116 0.134824 -3.96873
      vertex -34.7324 1.46417 -4.4693
    endloop
  endfacet
  facet normal -0.144964 -0.227151 -0.96301
    outer loop
      vertex -33.6143 -6.29216 -3.3147
      vertex -33.7595 -3.42673 -3.96873
      vertex -32.8774 -3.98967 -3.96873
    endloop
  endfacet
  facet normal -0.419826 -0.369917 -0.828799
    outer loop
      vertex -38.6048 -9.51228 -0.555702
      vertex -39.9949 -7.93463 -0.555702
      vertex -39.0377 -6.69588 -1.59346
    endloop
  endfacet
  facet normal -0.666457 -0.587205 -0.459376
    outer loop
      vertex -40.1501 -12.1184 3.0491
      vertex -41.7898 -10.2574 3.0491
      vertex -41.3829 -9.73077 1.7856
    endloop
  endfacet
  facet normal -0.703443 -0.108149 -0.702475
    outer loop
      vertex -43.6533 0.265595 -0.555702
      vertex -44.7273 -0.10681 0.577112
      vertex -44.0141 2.61237 -0.555702
    endloop
  endfacet
  facet normal -0.94304 0.247378 -0.222438
    outer loop
      vertex -46.1052 10.5846 3.0491
      vertex -46.3856 10.6818 4.34597
      vertex -45.6723 13.401 4.34597
    endloop
  endfacet
  facet normal -0.0430066 -0.0497638 -0.997835
    outer loop
      vertex -30.5559 3.7539 -4.97859
      vertex -31.6583 1.28303 -4.80785
      vertex -30.6769 3.85847 -4.97859
    endloop
  endfacet
  facet normal 0.157414 -0.1387 -0.977744
    outer loop
      vertex -24.6833 -1.8804 -3.96873
      vertex -26.6734 -0.610332 -4.4693
      vertex -26.136 -0.000424385 -4.4693
    endloop
  endfacet
  facet normal -0.390731 -0.264777 -0.881602
    outer loop
      vertex -37.9259 -5.25701 -2.5184
      vertex -40.1401 -5.0692 -1.59346
      vertex -38.8926 -3.83045 -2.5184
    endloop
  endfacet
  facet normal -0.499071 -0.0766943 -0.863161
    outer loop
      vertex -42.3458 0.719009 -1.59346
      vertex -42.6719 2.84103 -1.59346
      vertex -41.113 3.10664 -2.5184
    endloop
  endfacet
  facet normal -0.799261 -0.412653 0.43692
    outer loop
      vertex -42.7713 -7.682 8.21439
      vertex -43.9411 -5.41623 8.21439
      vertex -43.2279 -8.13541 6.9509
    endloop
  endfacet
  facet normal -0.740286 -0.501702 0.447517
    outer loop
      vertex -41.3829 -9.73077 8.21439
      vertex -43.2279 -8.13541 6.9509
      vertex -41.7898 -10.2574 6.9509
    endloop
  endfacet
  facet normal -0.0845127 -0.996422 0
    outer loop
      vertex -32.2142 -16.7651 4.34597
      vertex -30 -16.9529 5.65403
      vertex -32.2142 -16.7651 5.65403
    endloop
  endfacet
  facet normal -0.0845127 -0.996422 -0
    outer loop
      vertex -30 -16.9529 5.65403
      vertex -32.2142 -16.7651 4.34597
      vertex -30 -16.9529 4.34597
    endloop
  endfacet
  facet normal -0.51914 -0.813497 -0.262137
    outer loop
      vertex -36.4917 -15.2818 4.34597
      vertex -38.4818 -14.0118 4.34597
      vertex -38.3367 -13.6865 3.0491
    endloop
  endfacet
  facet normal -0.934454 -0.356084 0
    outer loop
      vertex -44.6909 -5.97645 4.34597
      vertex -45.6723 -3.40101 5.65403
      vertex -45.6723 -3.40101 4.34597
    endloop
  endfacet
  facet normal -0.934454 -0.356084 0
    outer loop
      vertex -45.6723 -3.40101 5.65403
      vertex -44.6909 -5.97645 4.34597
      vertex -44.6909 -5.97645 5.65403
    endloop
  endfacet
  facet normal -0.470817 -0.73769 0.483886
    outer loop
      vertex -38.0489 -13.0414 8.21439
      vertex -38.3367 -13.6865 6.9509
      vertex -36.1604 -14.2467 8.21439
    endloop
  endfacet
  facet normal -0.632588 -0.731557 0.254277
    outer loop
      vertex -38.3367 -13.6865 6.9509
      vertex -40.3268 -12.4164 5.65403
      vertex -38.4818 -14.0118 5.65403
    endloop
  endfacet
  facet normal -0.185485 -0.720609 -0.668071
    outer loop
      vertex -31.9901 -14.5624 0.577112
      vertex -34.1664 -15.1226 1.7856
      vertex -33.9462 -14.0589 0.577112
    endloop
  endfacet
  facet normal -0.470818 -0.737691 -0.483883
    outer loop
      vertex -36.1604 -14.2467 1.7856
      vertex -38.3367 -13.6865 3.0491
      vertex -38.0489 -13.0414 1.7856
    endloop
  endfacet
  facet normal -0.387342 -0.881766 0.269173
    outer loop
      vertex -34.3154 -15.842 6.9509
      vertex -36.3806 -14.9348 6.9509
      vertex -34.3905 -16.2049 5.65403
    endloop
  endfacet
  facet normal -0.519139 -0.813497 0.262139
    outer loop
      vertex -36.3806 -14.9348 6.9509
      vertex -38.3367 -13.6865 6.9509
      vertex -36.4917 -15.2818 5.65403
    endloop
  endfacet
  facet normal -0.0350756 -0.413545 -0.909808
    outer loop
      vertex -30 -11.5405 -1.59346
      vertex -31.6683 -11.399 -1.59346
      vertex -30 -9.50561 -2.5184
    endloop
  endfacet
  facet normal -0.128457 -0.499008 -0.857024
    outer loop
      vertex -31.6683 -11.399 -1.59346
      vertex -33.6584 -12.669 -0.555702
      vertex -33.308 -10.9769 -1.59346
    endloop
  endfacet
  facet normal 0.290138 -0.110579 0.950575
    outer loop
      vertex -21.2742 0.322634 13.3147
      vertex -23.0534 1.27636 13.9687
      vertex -21.8207 -1.11127 13.3147
    endloop
  endfacet
  facet normal 0.346355 -0.178836 0.920899
    outer loop
      vertex -20.2928 -2.2528 12.5184
      vertex -22.507 -2.44061 13.3147
      vertex -21.1074 -3.83045 12.5184
    endloop
  endfacet
  facet normal 0.069289 -0.108575 0.991671
    outer loop
      vertex -28.3417 1.28303 14.8079
      vertex -28.7308 1.03472 14.8079
      vertex -27.2678 -1.12424 14.4693
    endloop
  endfacet
  facet normal 0.0643482 0.033221 0.997374
    outer loop
      vertex -27.3688 7.6128 14.8079
      vertex -29.0371 5.71943 14.9786
      vertex -27.1278 7.14599 14.8079
    endloop
  endfacet
  facet normal -0.064158 -0.24924 0.966314
    outer loop
      vertex -31.946 -4.3988 13.9687
      vertex -32.4445 -6.80607 13.3147
      vertex -31.2328 -7.11798 13.3147
    endloop
  endfacet
  facet normal 0.181627 -0.210065 0.960669
    outer loop
      vertex -24.2504 -4.6968 13.3147
      vertex -25.4228 -2.71961 13.9687
      vertex -25.2777 -5.58503 13.3147
    endloop
  endfacet
  facet normal -0.269647 -0.139211 0.952844
    outer loop
      vertex -36.5116 0.134824 13.9687
      vertex -38.1793 -1.11127 13.3147
      vertex -37.493 -2.44061 13.3147
    endloop
  endfacet
  facet normal -0.290157 -0.110569 0.95057
    outer loop
      vertex -36.9466 1.27636 13.9687
      vertex -38.1793 -1.11127 13.3147
      vertex -36.5116 0.134824 13.9687
    endloop
  endfacet
  facet normal -0.0151094 -0.0586976 0.998161
    outer loop
      vertex -30.2878 3.61016 14.9786
      vertex -30.8584 0.854259 14.8079
      vertex -30.4329 0.744731 14.8079
    endloop
  endfacet
  facet normal -0.290156 0.110568 0.950571
    outer loop
      vertex -36.5116 9.86518 13.9687
      vertex -38.1793 11.1113 13.3147
      vertex -36.9466 8.72364 13.9687
    endloop
  endfacet
  facet normal -0.429184 0.221582 0.875616
    outer loop
      vertex -40.1401 15.0692 11.5935
      vertex -41.0689 13.2702 11.5935
      vertex -39.7072 12.2528 12.5184
    endloop
  endfacet
  facet normal -0.411312 0.0208317 0.911257
    outer loop
      vertex -39.3639 6.59536 13.3147
      vertex -41.113 6.89336 12.5184
      vertex -39.4447 5 13.3147
    endloop
  endfacet
  facet normal -0.153074 0.0235464 0.987934
    outer loop
      vertex -33.2035 6.11085 14.8079
      vertex -35.4177 5.92304 14.4693
      vertex -33.2882 5.56022 14.8079
    endloop
  endfacet
  facet normal -0.155707 -0.0078657 0.987772
    outer loop
      vertex -33.3165 5 14.8079
      vertex -35.4645 5 14.4693
      vertex -33.2882 4.43978 14.8079
    endloop
  endfacet
  facet normal -0.372112 0.14182 -0.917289
    outer loop
      vertex -38.7258 9.67737 -3.3147
      vertex -39.7072 12.2528 -2.5184
      vertex -38.1793 11.1113 -3.3147
    endloop
  endfacet
  facet normal -0.157412 0.1387 -0.977744
    outer loop
      vertex -33.864 10.0004 -4.4693
      vertex -35.3167 11.8804 -3.96873
      vertex -33.3266 10.6103 -4.4693
    endloop
  endfacet
  facet normal -0.132812 0.153617 -0.979164
    outer loop
      vertex -33.3266 10.6103 -4.4693
      vertex -33.7595 13.4267 -3.96873
      vertex -32.7322 11.1242 -4.4693
    endloop
  endfacet
  facet normal 0.083197 0.323169 -0.942677
    outer loop
      vertex -27.0989 19.0113 -2.5184
      vertex -28.7672 17.118 -3.3147
      vertex -28.5369 19.3815 -2.5184
    endloop
  endfacet
  facet normal 0.586017 -0.516342 0.62448
    outer loop
      vertex -19.2189 -8.95207 9.42289
      vertex -20.7183 -10.6538 9.42289
      vertex -20.2003 -11.5275 8.21439
    endloop
  endfacet
  facet normal 0.710538 -0.366846 0.600466
    outer loop
      vertex -16.7959 -4.8656 9.42289
      vertex -17.2287 -7.682 8.21439
      vertex -16.0589 -5.41623 8.21439
    endloop
  endfacet
  facet normal 0.898609 -0.138125 -0.416442
    outer loop
      vertex -13.8948 -0.58461 3.0491
      vertex -14.0399 2.28082 1.7856
      vertex -13.4693 2.1836 3.0491
    endloop
  endfacet
  facet normal 0.753992 -0.287314 -0.590717
    outer loop
      vertex -15.1276 -2.97224 1.7856
      vertex -16.0589 -5.41623 1.7856
      vertex -15.9138 -2.5508 0.577112
    endloop
  endfacet
  facet normal 0.943063 -0.247352 -0.222373
    outer loop
      vertex -14.3277 -3.40101 4.34597
      vertex -14.5958 -3.25727 3.0491
      vertex -13.8948 -0.58461 3.0491
    endloop
  endfacet
  facet normal 0.967273 -0.253737 0
    outer loop
      vertex -14.3277 -3.40101 5.65403
      vertex -13.6144 -0.681828 4.34597
      vertex -13.6144 -0.681828 5.65403
    endloop
  endfacet
  facet normal 0.967273 -0.253737 0
    outer loop
      vertex -13.6144 -0.681828 4.34597
      vertex -14.3277 -3.40101 5.65403
      vertex -14.3277 -3.40101 4.34597
    endloop
  endfacet
  facet normal 0.740286 -0.501673 -0.447549
    outer loop
      vertex -16.7721 -8.13541 3.0491
      vertex -18.6171 -9.73077 1.7856
      vertex -17.2287 -7.682 1.7856
    endloop
  endfacet
  facet normal 0.613835 -0.316961 -0.723009
    outer loop
      vertex -16.7959 -4.8656 0.577112
      vertex -18.786 -6.13566 -0.555702
      vertex -17.7587 -4.14616 -0.555702
    endloop
  endfacet
  facet normal 0.501078 -0.441511 -0.744304
    outer loop
      vertex -19.2189 -8.95207 0.577112
      vertex -21.3952 -9.51228 -0.555702
      vertex -20.0051 -7.93463 -0.555702
    endloop
  endfacet
  facet normal 0.666411 -0.587212 -0.459433
    outer loop
      vertex -19.8499 -12.1184 3.0491
      vertex -20.2003 -11.5275 1.7856
      vertex -18.6171 -9.73077 1.7856
    endloop
  endfacet
  facet normal 0.0811989 -0.957352 -0.277279
    outer loop
      vertex -27.7858 -16.7651 4.34597
      vertex -30 -16.9529 4.34597
      vertex -27.8237 -16.3927 3.0491
    endloop
  endfacet
  facet normal 0.519139 -0.813497 -0.262139
    outer loop
      vertex -23.5083 -15.2818 4.34597
      vertex -23.6194 -14.9348 3.0491
      vertex -21.6633 -13.6865 3.0491
    endloop
  endfacet
  facet normal 0.428541 -0.495606 -0.755465
    outer loop
      vertex -22.3766 -12.0877 0.577112
      vertex -22.9325 -10.8416 -0.555702
      vertex -20.7183 -10.6538 0.577112
    endloop
  endfacet
  facet normal 0.419826 -0.369917 -0.828799
    outer loop
      vertex -20.0051 -7.93463 -0.555702
      vertex -21.3952 -9.51228 -0.555702
      vertex -20.9623 -6.69588 -1.59346
    endloop
  endfacet
  facet normal 0.59924 -0.0921288 -0.795251
    outer loop
      vertex -16.3467 0.265595 -0.555702
      vertex -17.6542 0.719009 -1.59346
      vertex -15.9859 2.61237 -0.555702
    endloop
  endfacet
  facet normal 0.411311 0.0208332 -0.911257
    outer loop
      vertex -18.7911 5 -2.5184
      vertex -20.5553 5 -3.3147
      vertex -18.887 6.89336 -2.5184
    endloop
  endfacet
  facet normal 0.727183 0.640731 0.246309
    outer loop
      vertex -19.6732 22.4164 5.65403
      vertex -19.8499 22.1184 6.9509
      vertex -18.0049 20.523 5.65403
    endloop
  endfacet
  facet normal 0.654734 0.44369 0.611933
    outer loop
      vertex -18.6171 19.7308 8.21439
      vertex -19.2189 18.9521 9.42289
      vertex -17.2287 17.682 8.21439
    endloop
  endfacet
  facet normal 0.844527 0.321856 0.427998
    outer loop
      vertex -15.5605 15.7886 6.9509
      vertex -16.0589 15.4162 8.21439
      vertex -14.5958 13.2573 6.9509
    endloop
  endfacet
  facet normal 0.877323 0.230143 0.421116
    outer loop
      vertex -13.8948 10.5846 6.9509
      vertex -15.1276 12.9722 8.21439
      vertex -14.4507 10.3918 8.21439
    endloop
  endfacet
  facet normal 0.632592 -0.731549 0.25429
    outer loop
      vertex -19.8499 -12.1184 6.9509
      vertex -21.6633 -13.6865 6.9509
      vertex -19.6732 -12.4164 5.65403
    endloop
  endfacet
  facet normal 0.803851 -0.54478 0.238825
    outer loop
      vertex -16.7721 -8.13541 6.9509
      vertex -18.2102 -10.2574 6.9509
      vertex -18.0049 -10.523 5.65403
    endloop
  endfacet
  facet normal 0.387342 -0.881766 -0.269173
    outer loop
      vertex -25.6095 -16.2049 4.34597
      vertex -25.6846 -15.842 3.0491
      vertex -23.6194 -14.9348 3.0491
    endloop
  endfacet
  facet normal 0.239713 -0.931253 0.274418
    outer loop
      vertex -25.6095 -16.2049 5.65403
      vertex -27.8237 -16.3927 6.9509
      vertex -27.7858 -16.7651 5.65403
    endloop
  endfacet
  facet normal 0.934454 -0.356084 0
    outer loop
      vertex -15.3091 -5.97645 5.65403
      vertex -14.3277 -3.40101 4.34597
      vertex -14.3277 -3.40101 5.65403
    endloop
  endfacet
  facet normal 0.934454 -0.356084 0
    outer loop
      vertex -14.3277 -3.40101 4.34597
      vertex -15.3091 -5.97645 5.65403
      vertex -15.3091 -5.97645 4.34597
    endloop
  endfacet
  facet normal 0.943063 -0.247352 0.222373
    outer loop
      vertex -13.8948 -0.58461 6.9509
      vertex -14.5958 -3.25727 6.9509
      vertex -14.3277 -3.40101 5.65403
    endloop
  endfacet
  facet normal 0.864286 -0.446217 -0.232163
    outer loop
      vertex -15.3091 -5.97645 4.34597
      vertex -16.7721 -8.13541 3.0491
      vertex -15.5605 -5.78864 3.0491
    endloop
  endfacet
  facet normal 0.518663 -0.267817 -0.81195
    outer loop
      vertex -18.786 -6.13566 -0.555702
      vertex -19.8599 -5.0692 -1.59346
      vertex -17.7587 -4.14616 -0.555702
    endloop
  endfacet
  facet normal 0.710521 -0.366851 0.600483
    outer loop
      vertex -16.7959 -4.8656 9.42289
      vertex -17.9039 -7.01159 9.42289
      vertex -17.2287 -7.682 8.21439
    endloop
  endfacet
  facet normal 0.29284 -0.338658 0.894179
    outer loop
      vertex -23.1765 -6.50807 12.5184
      vertex -23.6094 -9.32447 11.5935
      vertex -22.2193 -8.12244 11.5935
    endloop
  endfacet
  facet normal 0.470817 -0.73769 0.483886
    outer loop
      vertex -21.9511 -13.0414 8.21439
      vertex -23.8396 -14.2467 8.21439
      vertex -21.6633 -13.6865 6.9509
    endloop
  endfacet
  facet normal 0.349604 -0.795858 0.494355
    outer loop
      vertex -23.8396 -14.2467 8.21439
      vertex -25.6846 -15.842 6.9509
      vertex -23.6194 -14.9348 6.9509
    endloop
  endfacet
  facet normal 0.302062 -0.687613 0.660263
    outer loop
      vertex -24.1653 -13.2293 9.42289
      vertex -26.0538 -14.0589 9.42289
      vertex -25.8336 -15.1226 8.21439
    endloop
  endfacet
  facet normal 0.155603 -0.604519 0.781246
    outer loop
      vertex -26.3416 -12.669 10.5557
      vertex -28.0099 -14.5624 9.42289
      vertex -26.0538 -14.0589 9.42289
    endloop
  endfacet
  facet normal -0.0625967 -0.737679 0.672243
    outer loop
      vertex -30 -14.7312 9.42289
      vertex -32.1012 -15.6542 8.21439
      vertex -30 -15.8325 8.21439
    endloop
  endfacet
  facet normal -0.0523956 -0.617728 0.784645
    outer loop
      vertex -31.845 -13.1358 10.5557
      vertex -31.9901 -14.5624 9.42289
      vertex -30 -14.7312 9.42289
    endloop
  endfacet
  facet normal 0.0845127 -0.996422 0
    outer loop
      vertex -30 -16.9529 4.34597
      vertex -27.7858 -16.7651 5.65403
      vertex -30 -16.9529 5.65403
    endloop
  endfacet
  facet normal 0.0845127 -0.996422 0
    outer loop
      vertex -27.7858 -16.7651 5.65403
      vertex -30 -16.9529 4.34597
      vertex -27.7858 -16.7651 4.34597
    endloop
  endfacet
  facet normal 0.387342 -0.881766 0.269173
    outer loop
      vertex -23.6194 -14.9348 6.9509
      vertex -25.6846 -15.842 6.9509
      vertex -25.6095 -16.2049 5.65403
    endloop
  endfacet
  facet normal 0.613834 -0.31696 0.72301
    outer loop
      vertex -17.7587 -4.14616 10.5557
      vertex -18.786 -6.13566 10.5557
      vertex -16.7959 -4.8656 9.42289
    endloop
  endfacet
  facet normal 0.654054 -0.249218 0.714216
    outer loop
      vertex -16.941 -2.00017 10.5557
      vertex -17.7587 -4.14616 10.5557
      vertex -15.9138 -2.5508 9.42289
    endloop
  endfacet
  facet normal 0.155615 -0.604525 0.781239
    outer loop
      vertex -26.3416 -12.669 10.5557
      vertex -28.155 -13.1358 10.5557
      vertex -28.0099 -14.5624 9.42289
    endloop
  endfacet
  facet normal 0.345109 -0.30409 0.887935
    outer loop
      vertex -20.9623 -6.69588 11.5935
      vertex -23.1765 -6.50807 12.5184
      vertex -22.2193 -8.12244 11.5935
    endloop
  endfacet
  facet normal 0.136744 -0.311268 0.940433
    outer loop
      vertex -26.3857 -6.29216 13.3147
      vertex -27.5555 -6.80607 13.3147
      vertex -27.0989 -9.01134 12.5184
    endloop
  endfacet
  facet normal 0.234628 -0.367623 0.89989
    outer loop
      vertex -24.3956 -7.56222 12.5184
      vertex -25.7105 -8.40143 12.5184
      vertex -23.6094 -9.32447 11.5935
    endloop
  endfacet
  facet normal 0.0215232 -0.253767 0.967026
    outer loop
      vertex -29.0186 -4.64711 13.9687
      vertex -30 -7.22254 13.3147
      vertex -28.7672 -7.11798 13.3147
    endloop
  endfacet
  facet normal 0.0279211 -0.3292 0.943847
    outer loop
      vertex -30 -7.22254 13.3147
      vertex -30 -9.50561 12.5184
      vertex -28.7672 -7.11798 13.3147
    endloop
  endfacet
  facet normal 0.234578 -0.271306 0.93347
    outer loop
      vertex -24.2504 -4.6968 13.3147
      vertex -25.2777 -5.58503 13.3147
      vertex -23.1765 -6.50807 12.5184
    endloop
  endfacet
  facet normal 0.429157 -0.22159 0.875627
    outer loop
      vertex -20.2928 -2.2528 12.5184
      vertex -21.1074 -3.83045 12.5184
      vertex -19.8599 -5.0692 11.5935
    endloop
  endfacet
  facet normal 0.581437 -0.152508 0.79917
    outer loop
      vertex -16.3467 0.265595 10.5557
      vertex -17.6542 0.719009 11.5935
      vertex -16.941 -2.00017 10.5557
    endloop
  endfacet
  facet normal 0.683825 -0.179364 0.707257
    outer loop
      vertex -16.3467 0.265595 10.5557
      vertex -16.941 -2.00017 10.5557
      vertex -15.9138 -2.5508 9.42289
    endloop
  endfacet
  facet normal 0.506846 -0.0256831 0.861654
    outer loop
      vertex -17.2187 5 11.5935
      vertex -18.887 3.10664 12.5184
      vertex -17.3281 2.84103 11.5935
    endloop
  endfacet
  facet normal 0.499055 -0.0766918 0.86317
    outer loop
      vertex -17.3281 2.84103 11.5935
      vertex -18.887 3.10664 12.5184
      vertex -17.6542 0.719009 11.5935
    endloop
  endfacet
  facet normal 0.506836 -0.0256716 0.86166
    outer loop
      vertex -18.7911 5 12.5184
      vertex -18.887 3.10664 12.5184
      vertex -17.2187 5 11.5935
    endloop
  endfacet
  facet normal 0.506846 0.0256831 0.861654
    outer loop
      vertex -17.3281 7.15897 11.5935
      vertex -18.887 6.89336 12.5184
      vertex -17.2187 5 11.5935
    endloop
  endfacet
  facet normal 0.499019 0.0767176 0.863189
    outer loop
      vertex -17.6542 9.28099 11.5935
      vertex -19.1731 8.75433 12.5184
      vertex -18.887 6.89336 12.5184
    endloop
  endfacet
  facet normal 0.499055 0.0766919 0.86317
    outer loop
      vertex -17.6542 9.28099 11.5935
      vertex -18.887 6.89336 12.5184
      vertex -17.3281 7.15897 11.5935
    endloop
  endfacet
  facet normal 0.153072 0.02352 0.987935
    outer loop
      vertex -24.7217 6.83028 14.4693
      vertex -26.7965 6.11085 14.8079
      vertex -24.5823 5.92304 14.4693
    endloop
  endfacet
  facet normal 0.429165 0.221587 0.875623
    outer loop
      vertex -19.8599 15.0692 11.5935
      vertex -21.1074 13.8305 12.5184
      vertex -20.2928 12.2528 12.5184
    endloop
  endfacet
  facet normal 0.13282 0.153625 0.979162
    outer loop
      vertex -26.2405 13.4267 13.9687
      vertex -27.2678 11.1242 14.4693
      vertex -26.6734 10.6103 14.4693
    endloop
  endfacet
  facet normal 0.197938 0.102193 0.974873
    outer loop
      vertex -24.0348 10.9235 13.9687
      vertex -25.2676 8.53583 14.4693
      vertex -23.4884 9.86518 13.9687
    endloop
  endfacet
  facet normal 0.316246 0.0486046 0.947431
    outer loop
      vertex -20.8771 8.16343 13.3147
      vertex -22.5454 6.27007 13.9687
      vertex -20.6361 6.59536 13.3147
    endloop
  endfacet
  facet normal 0.236728 0.0119849 0.971502
    outer loop
      vertex -22.5454 6.27007 13.9687
      vertex -24.5355 5 14.4693
      vertex -22.4811 5 13.9687
    endloop
  endfacet
  facet normal 0.224894 0.0589832 0.972596
    outer loop
      vertex -23.0534 8.72364 13.9687
      vertex -24.9515 7.70621 14.4693
      vertex -22.7373 7.5184 13.9687
    endloop
  endfacet
  facet normal 0.147831 0.0387835 0.988252
    outer loop
      vertex -24.9515 7.70621 14.4693
      vertex -26.7965 6.11085 14.8079
      vertex -24.7217 6.83028 14.4693
    endloop
  endfacet
  facet normal 0.224895 0.0590011 0.972595
    outer loop
      vertex -22.7373 7.5184 13.9687
      vertex -24.9515 7.70621 14.4693
      vertex -24.7217 6.83028 14.4693
    endloop
  endfacet
  facet normal 0.179231 0.121466 0.97628
    outer loop
      vertex -24.6833 11.8804 13.9687
      vertex -26.136 10.0004 14.4693
      vertex -24.0348 10.9235 13.9687
    endloop
  endfacet
  facet normal 0.357462 0.413366 0.837466
    outer loop
      vertex -21.3952 19.5123 10.5557
      vertex -23.6094 19.3245 11.5935
      vertex -22.2193 18.1224 11.5935
    endloop
  endfacet
  facet normal 0.234622 0.367618 0.899894
    outer loop
      vertex -23.6094 19.3245 11.5935
      vertex -25.7105 18.4014 12.5184
      vertex -24.3956 17.5622 12.5184
    endloop
  endfacet
  facet normal 0.144974 0.227137 0.963012
    outer loop
      vertex -25.2777 15.585 13.3147
      vertex -26.3857 16.2922 13.3147
      vertex -26.2405 13.4267 13.9687
    endloop
  endfacet
  facet normal -0.419839 0.369917 -0.828792
    outer loop
      vertex -39.0377 16.6959 -1.59346
      vertex -39.9949 17.9346 -0.555702
      vertex -38.6048 19.5123 -0.555702
    endloop
  endfacet
  facet normal -0.58601 0.516344 -0.624485
    outer loop
      vertex -39.2817 20.6538 0.577112
      vertex -40.7811 18.9521 0.577112
      vertex -39.7997 21.5275 1.7856
    endloop
  endfacet
  facet normal -0.518658 0.267815 -0.811954
    outer loop
      vertex -40.1401 15.0692 -1.59346
      vertex -42.2413 14.1462 -0.555702
      vertex -41.214 16.1357 -0.555702
    endloop
  endfacet
  facet normal -0.372109 -0.141821 -0.91729
    outer loop
      vertex -38.1793 -1.11127 -3.3147
      vertex -39.7072 -2.2528 -2.5184
      vertex -38.7258 0.322634 -3.3147
    endloop
  endfacet
  facet normal -0.234577 0.271295 -0.933473
    outer loop
      vertex -34.7223 15.585 -3.3147
      vertex -36.8235 16.5081 -2.5184
      vertex -35.6044 17.5622 -2.5184
    endloop
  endfacet
  facet normal -0.214992 0.18945 -0.958064
    outer loop
      vertex -35.3167 11.8804 -3.96873
      vertex -36.6784 13.6426 -3.3147
      vertex -34.5772 12.7196 -3.96873
    endloop
  endfacet
  facet normal -0.083197 0.323169 -0.942677
    outer loop
      vertex -31.2328 17.118 -3.3147
      vertex -32.9011 19.0113 -2.5184
      vertex -31.4631 19.3815 -2.5184
    endloop
  endfacet
  facet normal -0.0350766 0.413542 -0.909809
    outer loop
      vertex -31.4631 19.3815 -2.5184
      vertex -31.6683 21.399 -1.59346
      vertex -30 19.5056 -2.5184
    endloop
  endfacet
  facet normal -0.187538 0.293823 -0.937282
    outer loop
      vertex -33.6143 16.2922 -3.3147
      vertex -34.7223 15.585 -3.3147
      vertex -34.2895 18.4014 -2.5184
    endloop
  endfacet
  facet normal -0.136738 0.311275 -0.940431
    outer loop
      vertex -33.6143 16.2922 -3.3147
      vertex -34.2895 18.4014 -2.5184
      vertex -32.9011 19.0113 -2.5184
    endloop
  endfacet
  facet normal -0.321533 0.0162783 -0.946758
    outer loop
      vertex -37.5189 5 -3.96873
      vertex -39.4447 5 -3.3147
      vertex -37.4546 6.27007 -3.96873
    endloop
  endfacet
  facet normal -0.506862 0.0256839 -0.861644
    outer loop
      vertex -41.113 6.89336 -2.5184
      vertex -42.7813 5 -1.59346
      vertex -42.6719 7.15897 -1.59346
    endloop
  endfacet
  facet normal -0.171404 0.39019 0.90464
    outer loop
      vertex -33.308 20.9769 11.5935
      vertex -34.2895 18.4014 12.5184
      vertex -32.9011 19.0113 12.5184
    endloop
  endfacet
  facet normal -0.215585 0.837405 0.502271
    outer loop
      vertex -32.1763 26.3927 6.9509
      vertex -34.3154 25.842 6.9509
      vertex -32.1012 25.6542 8.21439
    endloop
  endfacet
  facet normal 0.51914 0.813497 0.262137
    outer loop
      vertex -21.5182 24.0118 5.65403
      vertex -23.5083 25.2818 5.65403
      vertex -21.6633 23.6865 6.9509
    endloop
  endfacet
  facet normal 0.287294 0.450172 0.845463
    outer loop
      vertex -24.5908 21.8999 10.5557
      vertex -25.1088 20.2814 11.5935
      vertex -23.6094 19.3245 11.5935
    endloop
  endfacet
  facet normal 0.632588 0.731557 0.254277
    outer loop
      vertex -21.5182 24.0118 5.65403
      vertex -21.6633 23.6865 6.9509
      vertex -19.6732 22.4164 5.65403
    endloop
  endfacet
  facet normal 0.269643 0.139213 0.952844
    outer loop
      vertex -22.507 12.4406 13.3147
      vertex -23.4884 9.86518 13.9687
      vertex -21.8207 11.1113 13.3147
    endloop
  endfacet
  facet normal 0.554569 0.21131 0.804861
    outer loop
      vertex -17.7587 14.1462 10.5557
      vertex -18.9311 13.2702 11.5935
      vertex -16.941 12.0002 10.5557
    endloop
  endfacet
  facet normal 0.562888 0.381447 0.73325
    outer loop
      vertex -17.9039 17.0116 9.42289
      vertex -19.2189 18.9521 9.42289
      vertex -18.786 16.1357 10.5557
    endloop
  endfacet
  facet normal 0.503986 0.582851 0.637403
    outer loop
      vertex -20.2003 21.5275 8.21439
      vertex -21.9511 23.0414 8.21439
      vertex -20.7183 20.6538 9.42289
    endloop
  endfacet
  facet normal 0.753999 0.287316 0.590707
    outer loop
      vertex -15.1276 12.9722 8.21439
      vertex -16.0589 15.4162 8.21439
      vertex -15.9138 12.5508 9.42289
    endloop
  endfacet
  facet normal 0.877305 0.230101 0.421177
    outer loop
      vertex -14.5958 13.2573 6.9509
      vertex -15.1276 12.9722 8.21439
      vertex -13.8948 10.5846 6.9509
    endloop
  endfacet
  facet normal 0.909073 -0.0460605 -0.414084
    outer loop
      vertex -13.4693 2.1836 3.0491
      vertex -14.0399 2.28082 1.7856
      vertex -13.3266 5 3.0491
    endloop
  endfacet
  facet normal 0.844519 -0.32181 -0.42805
    outer loop
      vertex -14.5958 -3.25727 3.0491
      vertex -16.0589 -5.41623 1.7856
      vertex -15.1276 -2.97224 1.7856
    endloop
  endfacet
  facet normal 0.683829 0.179363 -0.707253
    outer loop
      vertex -16.3467 9.7344 -0.555702
      vertex -16.941 12.0002 -0.555702
      vertex -15.9138 12.5508 0.577112
    endloop
  endfacet
  facet normal 0.483493 0.126795 -0.866116
    outer loop
      vertex -19.1731 8.75433 -2.5184
      vertex -19.6443 10.5511 -2.5184
      vertex -18.1916 11.3298 -1.59346
    endloop
  endfacet
  facet normal 0.499035 0.0767201 -0.863179
    outer loop
      vertex -18.887 6.89336 -2.5184
      vertex -19.1731 8.75433 -2.5184
      vertex -17.6542 9.28099 -1.59346
    endloop
  endfacet
  facet normal 0.499071 0.0766943 -0.863161
    outer loop
      vertex -17.3281 7.15897 -1.59346
      vertex -18.887 6.89336 -2.5184
      vertex -17.6542 9.28099 -1.59346
    endloop
  endfacet
  facet normal 0.581423 0.152502 -0.799181
    outer loop
      vertex -16.3467 9.7344 -0.555702
      vertex -17.6542 9.28099 -1.59346
      vertex -16.941 12.0002 -0.555702
    endloop
  endfacet
  facet normal 0.290151 0.110582 -0.95057
    outer loop
      vertex -21.2742 9.67737 -3.3147
      vertex -23.0534 8.72364 -3.96873
      vertex -21.8207 11.1113 -3.3147
    endloop
  endfacet
  facet normal 0.357446 0.413377 -0.837468
    outer loop
      vertex -21.3952 19.5123 -0.555702
      vertex -23.6094 19.3245 -1.59346
      vertex -22.9325 20.8416 -0.555702
    endloop
  endfacet
  facet normal 0.357452 0.413355 -0.837476
    outer loop
      vertex -22.2193 18.1224 -1.59346
      vertex -23.6094 19.3245 -1.59346
      vertex -21.3952 19.5123 -0.555702
    endloop
  endfacet
  facet normal 0.519139 0.813497 -0.262139
    outer loop
      vertex -21.6633 23.6865 3.0491
      vertex -23.6194 24.9348 3.0491
      vertex -23.5083 25.2818 4.34597
    endloop
  endfacet
  facet normal 0.470797 0.737744 -0.483823
    outer loop
      vertex -21.6633 23.6865 3.0491
      vertex -23.8396 24.2467 1.7856
      vertex -23.6194 24.9348 3.0491
    endloop
  endfacet
  facet normal 0.0523957 0.617729 -0.784643
    outer loop
      vertex -28.155 23.1358 -0.555702
      vertex -30 24.7312 0.577112
      vertex -28.0099 24.5624 0.577112
    endloop
  endfacet
  facet normal 0.349594 0.795857 -0.494364
    outer loop
      vertex -23.8396 24.2467 1.7856
      vertex -25.8336 25.1226 1.7856
      vertex -25.6846 25.842 3.0491
    endloop
  endfacet
  facet normal 0.562867 0.38145 -0.733264
    outer loop
      vertex -18.786 16.1357 -0.555702
      vertex -20.0051 17.9346 -0.555702
      vertex -19.2189 18.9521 0.577112
    endloop
  endfacet
  facet normal 0.501077 0.441508 -0.744307
    outer loop
      vertex -19.2189 18.9521 0.577112
      vertex -21.3952 19.5123 -0.555702
      vertex -20.7183 20.6538 0.577112
    endloop
  endfacet
  facet normal 0.4198 0.369918 -0.828812
    outer loop
      vertex -20.9623 16.6959 -1.59346
      vertex -22.2193 18.1224 -1.59346
      vertex -21.3952 19.5123 -0.555702
    endloop
  endfacet
  facet normal 0.292868 0.33867 -0.894165
    outer loop
      vertex -23.1765 16.5081 -2.5184
      vertex -23.6094 19.3245 -1.59346
      vertex -22.2193 18.1224 -1.59346
    endloop
  endfacet
  facet normal 0.71323 -0.0361123 -0.699999
    outer loop
      vertex -14.8836 2.42456 0.577112
      vertex -15.865 5 -0.555702
      vertex -14.7532 5 0.577112
    endloop
  endfacet
  facet normal 0.599206 0.0920826 -0.795282
    outer loop
      vertex -17.3281 7.15897 -1.59346
      vertex -17.6542 9.28099 -1.59346
      vertex -15.9859 7.38763 -0.555702
    endloop
  endfacet
  facet normal 0.753983 0.28732 -0.590725
    outer loop
      vertex -15.9138 12.5508 0.577112
      vertex -16.7959 14.8656 0.577112
      vertex -16.0589 15.4162 1.7856
    endloop
  endfacet
  facet normal 0.710542 0.366843 -0.600464
    outer loop
      vertex -16.7959 14.8656 0.577112
      vertex -17.2287 17.682 1.7856
      vertex -16.0589 15.4162 1.7856
    endloop
  endfacet
  facet normal 0.803853 0.544779 -0.238824
    outer loop
      vertex -16.7721 18.1354 3.0491
      vertex -18.2102 20.2574 3.0491
      vertex -18.0049 20.523 4.34597
    endloop
  endfacet
  facet normal 0.740293 0.501704 -0.447505
    outer loop
      vertex -16.7721 18.1354 3.0491
      vertex -18.6171 19.7308 1.7856
      vertex -18.2102 20.2574 3.0491
    endloop
  endfacet
  facet normal 0.713225 0.0361149 0.700004
    outer loop
      vertex -14.8836 7.57544 9.42289
      vertex -15.9859 7.38763 10.5557
      vertex -15.865 5 10.5557
    endloop
  endfacet
  facet normal 0.608129 0.0307932 0.79324
    outer loop
      vertex -15.9859 7.38763 10.5557
      vertex -17.2187 5 11.5935
      vertex -15.865 5 10.5557
    endloop
  endfacet
  facet normal 0.844518 -0.321809 0.428052
    outer loop
      vertex -15.1276 -2.97224 8.21439
      vertex -16.0589 -5.41623 8.21439
      vertex -14.5958 -3.25727 6.9509
    endloop
  endfacet
  facet normal 0.683805 -0.179374 0.707273
    outer loop
      vertex -15.2727 -0.10681 9.42289
      vertex -16.3467 0.265595 10.5557
      vertex -15.9138 -2.5508 9.42289
    endloop
  endfacet
  facet normal 0.909052 -0.0460347 0.414131
    outer loop
      vertex -13.9022 5 8.21439
      vertex -14.0399 2.28082 8.21439
      vertex -13.3266 5 6.9509
    endloop
  endfacet
  facet normal 0.81693 -0.0413696 0.575251
    outer loop
      vertex -13.9022 5 8.21439
      vertex -14.8836 2.42456 9.42289
      vertex -14.0399 2.28082 8.21439
    endloop
  endfacet
  facet normal 0.18163 0.210075 -0.960666
    outer loop
      vertex -24.2504 14.6968 -3.3147
      vertex -25.4228 12.7196 -3.96873
      vertex -25.2777 15.585 -3.3147
    endloop
  endfacet
  facet normal -0.0279047 0.329196 -0.943849
    outer loop
      vertex -30 17.2225 -3.3147
      vertex -31.2328 17.118 -3.3147
      vertex -30 19.5056 -2.5184
    endloop
  endfacet
  facet normal 0.128457 0.499008 -0.857024
    outer loop
      vertex -26.692 20.9769 -1.59346
      vertex -28.3317 21.399 -1.59346
      vertex -26.3416 22.669 -0.555702
    endloop
  endfacet
  facet normal 0.171417 0.390206 -0.90463
    outer loop
      vertex -25.7105 18.4014 -2.5184
      vertex -26.692 20.9769 -1.59346
      vertex -25.1088 20.2814 -1.59346
    endloop
  endfacet
  facet normal 0.503978 0.582848 -0.637412
    outer loop
      vertex -20.7183 20.6538 0.577112
      vertex -22.3766 22.0877 0.577112
      vertex -21.9511 23.0414 1.7856
    endloop
  endfacet
  facet normal 0.345901 0.54197 -0.765912
    outer loop
      vertex -22.9325 20.8416 -0.555702
      vertex -24.1653 23.2293 0.577112
      vertex -22.3766 22.0877 0.577112
    endloop
  endfacet
  facet normal 0.0845127 0.996422 -0
    outer loop
      vertex -27.7858 26.7651 4.34597
      vertex -30 26.9529 5.65403
      vertex -27.7858 26.7651 5.65403
    endloop
  endfacet
  facet normal 0.0845127 0.996422 0
    outer loop
      vertex -30 26.9529 5.65403
      vertex -27.7858 26.7651 4.34597
      vertex -30 26.9529 4.34597
    endloop
  endfacet
  facet normal 0.387342 0.881766 0.269173
    outer loop
      vertex -25.6095 26.2049 5.65403
      vertex -25.6846 25.842 6.9509
      vertex -23.6194 24.9348 6.9509
    endloop
  endfacet
  facet normal -0.0811989 0.957352 -0.277279
    outer loop
      vertex -32.1763 26.3927 3.0491
      vertex -32.2142 26.7651 4.34597
      vertex -30 26.9529 4.34597
    endloop
  endfacet
  facet normal 0.0812055 0.957354 -0.277269
    outer loop
      vertex -27.8237 26.3927 3.0491
      vertex -30 26.5773 3.0491
      vertex -30 26.9529 4.34597
    endloop
  endfacet
  facet normal -0.349594 0.795857 -0.494364
    outer loop
      vertex -34.1664 25.1226 1.7856
      vertex -36.1604 24.2467 1.7856
      vertex -34.3154 25.842 3.0491
    endloop
  endfacet
  facet normal -0.51914 0.813497 -0.262137
    outer loop
      vertex -38.3367 23.6865 3.0491
      vertex -38.4818 24.0118 4.34597
      vertex -36.4917 25.2818 4.34597
    endloop
  endfacet
  facet normal -0.287286 0.450159 -0.845473
    outer loop
      vertex -34.8912 20.2814 -1.59346
      vertex -36.3906 19.3245 -1.59346
      vertex -35.4092 21.8999 -0.555702
    endloop
  endfacet
  facet normal -0.210444 0.479061 -0.852182
    outer loop
      vertex -33.308 20.9769 -1.59346
      vertex -35.4092 21.8999 -0.555702
      vertex -33.6584 22.669 -0.555702
    endloop
  endfacet
  facet normal 0.0625716 0.7377 -0.672223
    outer loop
      vertex -28.0099 24.5624 0.577112
      vertex -30 24.7312 0.577112
      vertex -27.8988 25.6542 1.7856
    endloop
  endfacet
  facet normal 0.185489 0.720603 -0.668076
    outer loop
      vertex -25.8336 25.1226 1.7856
      vertex -28.0099 24.5624 0.577112
      vertex -27.8988 25.6542 1.7856
    endloop
  endfacet
  facet normal 0.0869813 0.100606 0.991117
    outer loop
      vertex -27.2678 11.1242 14.4693
      vertex -28.3417 8.71697 14.8079
      vertex -26.6734 10.6103 14.4693
    endloop
  endfacet
  facet normal 0.157417 0.138715 0.977741
    outer loop
      vertex -25.4228 12.7196 13.9687
      vertex -26.6734 10.6103 14.4693
      vertex -24.6833 11.8804 13.9687
    endloop
  endfacet
  facet normal -0.244468 0.165652 0.955403
    outer loop
      vertex -35.3167 11.8804 13.9687
      vertex -37.493 12.4406 13.3147
      vertex -35.9651 10.9235 13.9687
    endloop
  endfacet
  facet normal -0.140087 0.0533757 0.988699
    outer loop
      vertex -34.7324 8.53583 14.4693
      vertex -35.0485 7.70621 14.4693
      vertex -32.8722 7.14599 14.8079
    endloop
  endfacet
  facet normal -0.844518 -0.321809 0.428052
    outer loop
      vertex -44.8724 -2.97224 8.21439
      vertex -45.4042 -3.25727 6.9509
      vertex -43.9411 -5.41623 8.21439
    endloop
  endfacet
  facet normal -0.877309 -0.230105 0.421166
    outer loop
      vertex -44.8724 -2.97224 8.21439
      vertex -46.1052 -0.58461 6.9509
      vertex -45.4042 -3.25727 6.9509
    endloop
  endfacet
  facet normal -0.155615 -0.604525 0.781239
    outer loop
      vertex -31.845 -13.1358 10.5557
      vertex -33.6584 -12.669 10.5557
      vertex -31.9901 -14.5624 9.42289
    endloop
  endfacet
  facet normal -0.51914 -0.813497 0.262137
    outer loop
      vertex -38.3367 -13.6865 6.9509
      vertex -38.4818 -14.0118 5.65403
      vertex -36.4917 -15.2818 5.65403
    endloop
  endfacet
  facet normal -0.0692968 -0.10857 0.991671
    outer loop
      vertex -31.2692 1.03472 14.8079
      vertex -32.7322 -1.12424 14.4693
      vertex -32.0912 -1.53337 14.4693
    endloop
  endfacet
  facet normal -0.37213 -0.141811 0.917284
    outer loop
      vertex -38.7258 0.322634 13.3147
      vertex -40.3557 -0.551055 12.5184
      vertex -39.7072 -2.2528 12.5184
    endloop
  endfacet
  facet normal -0.683825 -0.179364 0.707257
    outer loop
      vertex -43.6533 0.265595 10.5557
      vertex -44.0862 -2.5508 9.42289
      vertex -43.059 -2.00017 10.5557
    endloop
  endfacet
  facet normal -0.683805 -0.179374 0.707273
    outer loop
      vertex -43.6533 0.265595 10.5557
      vertex -44.7273 -0.10681 9.42289
      vertex -44.0862 -2.5508 9.42289
    endloop
  endfacet
  facet normal -0.613825 -0.316925 0.723033
    outer loop
      vertex -41.214 -6.13566 10.5557
      vertex -43.2041 -4.8656 9.42289
      vertex -42.0961 -7.01159 9.42289
    endloop
  endfacet
  facet normal -0.277143 -0.244211 0.929276
    outer loop
      vertex -36.6784 -3.64264 13.3147
      vertex -37.9259 -5.25701 12.5184
      vertex -36.8235 -6.50807 12.5184
    endloop
  endfacet
  facet normal -0.599221 -0.0920849 0.79527
    outer loop
      vertex -42.6719 2.84103 11.5935
      vertex -44.0141 2.61237 10.5557
      vertex -42.3458 0.719009 11.5935
    endloop
  endfacet
  facet normal -0.305746 -0.0801962 0.94873
    outer loop
      vertex -36.9466 1.27636 13.9687
      vertex -39.1229 1.83657 13.3147
      vertex -38.7258 0.322634 13.3147
    endloop
  endfacet
  facet normal -0.81693 -0.0413696 0.575251
    outer loop
      vertex -45.1164 2.42456 9.42289
      vertex -46.0978 5 8.21439
      vertex -45.9601 2.28082 8.21439
    endloop
  endfacet
  facet normal -0.909079 -0.046036 0.414072
    outer loop
      vertex -46.0978 5 8.21439
      vertex -46.6733 5 6.9509
      vertex -45.9601 2.28082 8.21439
    endloop
  endfacet
  facet normal -0.785807 -0.206135 0.583109
    outer loop
      vertex -44.7273 -0.10681 9.42289
      vertex -45.5493 -0.391838 8.21439
      vertex -44.8724 -2.97224 8.21439
    endloop
  endfacet
  facet normal -0.898612 -0.138121 0.416437
    outer loop
      vertex -45.9601 2.28082 8.21439
      vertex -46.1052 -0.58461 6.9509
      vertex -45.5493 -0.391838 8.21439
    endloop
  endfacet
  facet normal -0.967274 0.253735 0
    outer loop
      vertex -46.3856 10.6818 4.34597
      vertex -45.6723 13.401 5.65403
      vertex -45.6723 13.401 4.34597
    endloop
  endfacet
  facet normal -0.967274 0.253735 0
    outer loop
      vertex -45.6723 13.401 5.65403
      vertex -46.3856 10.6818 4.34597
      vertex -46.3856 10.6818 5.65403
    endloop
  endfacet
  facet normal -0.292868 0.33867 -0.894165
    outer loop
      vertex -36.8235 16.5081 -2.5184
      vertex -37.7807 18.1224 -1.59346
      vertex -36.3906 19.3245 -1.59346
    endloop
  endfacet
  facet normal -0.501077 0.441496 -0.744314
    outer loop
      vertex -39.9949 17.9346 -0.555702
      vertex -40.7811 18.9521 0.577112
      vertex -38.6048 19.5123 -0.555702
    endloop
  endfacet
  facet normal -0.666405 0.587217 -0.459434
    outer loop
      vertex -39.7997 21.5275 1.7856
      vertex -41.3829 19.7308 1.7856
      vertex -40.1501 22.1184 3.0491
    endloop
  endfacet
  facet normal -0.576706 0.666921 -0.471833
    outer loop
      vertex -39.7997 21.5275 1.7856
      vertex -40.1501 22.1184 3.0491
      vertex -38.3367 23.6865 3.0491
    endloop
  endfacet
  facet normal -0.30206 0.68761 -0.660267
    outer loop
      vertex -33.9462 24.0589 0.577112
      vertex -35.8347 23.2293 0.577112
      vertex -34.1664 25.1226 1.7856
    endloop
  endfacet
  facet normal -0.254274 0.578829 -0.774791
    outer loop
      vertex -33.6584 22.669 -0.555702
      vertex -35.8347 23.2293 0.577112
      vertex -33.9462 24.0589 0.577112
    endloop
  endfacet
  facet normal -0.710521 0.366849 -0.600485
    outer loop
      vertex -42.0961 17.0116 0.577112
      vertex -43.2041 14.8656 0.577112
      vertex -42.7713 17.682 1.7856
    endloop
  endfacet
  facet normal -0.654731 0.443686 -0.611939
    outer loop
      vertex -42.0961 17.0116 0.577112
      vertex -42.7713 17.682 1.7856
      vertex -40.7811 18.9521 0.577112
    endloop
  endfacet
  facet normal -0.934452 0.356089 0
    outer loop
      vertex -45.6723 13.401 4.34597
      vertex -44.6909 15.9764 5.65403
      vertex -44.6909 15.9764 4.34597
    endloop
  endfacet
  facet normal -0.934452 0.356089 0
    outer loop
      vertex -44.6909 15.9764 5.65403
      vertex -45.6723 13.401 4.34597
      vertex -45.6723 13.401 5.65403
    endloop
  endfacet
  facet normal -0.710542 0.366843 -0.600464
    outer loop
      vertex -43.2041 14.8656 0.577112
      vertex -43.9411 15.4162 1.7856
      vertex -42.7713 17.682 1.7856
    endloop
  endfacet
  facet normal -0.864288 0.446243 0.232109
    outer loop
      vertex -43.4581 18.3641 5.65403
      vertex -44.6909 15.9764 5.65403
      vertex -43.2279 18.1354 6.9509
    endloop
  endfacet
  facet normal -0.727188 0.640715 -0.246336
    outer loop
      vertex -41.7898 20.2574 3.0491
      vertex -41.9951 20.523 4.34597
      vertex -40.1501 22.1184 3.0491
    endloop
  endfacet
  facet normal -0.740291 0.501669 -0.447546
    outer loop
      vertex -42.7713 17.682 1.7856
      vertex -43.2279 18.1354 3.0491
      vertex -41.3829 19.7308 1.7856
    endloop
  endfacet
  facet normal -0.632592 0.731549 -0.25429
    outer loop
      vertex -40.1501 22.1184 3.0491
      vertex -40.3268 22.4164 4.34597
      vertex -38.3367 23.6865 3.0491
    endloop
  endfacet
  facet normal -0.799272 0.412646 0.436906
    outer loop
      vertex -43.2279 18.1354 6.9509
      vertex -44.4395 15.7886 6.9509
      vertex -43.9411 15.4162 8.21439
    endloop
  endfacet
  facet normal -0.844527 0.321856 0.427998
    outer loop
      vertex -44.4395 15.7886 6.9509
      vertex -45.4042 13.2573 6.9509
      vertex -43.9411 15.4162 8.21439
    endloop
  endfacet
  facet normal -0.0523956 0.617728 0.784645
    outer loop
      vertex -30 24.7312 9.42289
      vertex -31.9901 24.5624 9.42289
      vertex -31.845 23.1358 10.5557
    endloop
  endfacet
  facet normal -0.42854 0.495605 0.755466
    outer loop
      vertex -37.6234 22.0877 9.42289
      vertex -39.2817 20.6538 9.42289
      vertex -37.0675 20.8416 10.5557
    endloop
  endfacet
  facet normal -0.239741 0.931232 -0.274467
    outer loop
      vertex -34.3154 25.842 3.0491
      vertex -34.3905 26.2049 4.34597
      vertex -32.1763 26.3927 3.0491
    endloop
  endfacet
  facet normal -0.0728777 0.859175 0.506465
    outer loop
      vertex -30 26.5773 6.9509
      vertex -32.1763 26.3927 6.9509
      vertex -30 25.8325 8.21439
    endloop
  endfacet
  facet normal -0.727183 0.640731 -0.246309
    outer loop
      vertex -40.1501 22.1184 3.0491
      vertex -41.9951 20.523 4.34597
      vertex -40.3268 22.4164 4.34597
    endloop
  endfacet
  facet normal -0.750299 0.661099 0
    outer loop
      vertex -41.9951 20.523 4.34597
      vertex -40.3268 22.4164 5.65403
      vertex -40.3268 22.4164 4.34597
    endloop
  endfacet
  facet normal -0.750299 0.661099 0
    outer loop
      vertex -40.3268 22.4164 5.65403
      vertex -41.9951 20.523 4.34597
      vertex -41.9951 20.523 5.65403
    endloop
  endfacet
  facet normal -0.372112 0.14182 0.917289
    outer loop
      vertex -38.1793 11.1113 13.3147
      vertex -39.7072 12.2528 12.5184
      vertex -38.7258 9.67737 13.3147
    endloop
  endfacet
  facet normal -0.269615 0.139225 0.95285
    outer loop
      vertex -35.9651 10.9235 13.9687
      vertex -37.493 12.4406 13.3147
      vertex -36.5116 9.86518 13.9687
    endloop
  endfacet
  facet normal -0.0758887 0.0116341 0.997048
    outer loop
      vertex -31.074 5.37241 14.9786
      vertex -33.2035 6.11085 14.8079
      vertex -31.1023 5.18781 14.9786
    endloop
  endfacet
  facet normal 0.0771973 -0.00394598 0.997008
    outer loop
      vertex -28.8881 5 14.9786
      vertex -28.8977 4.81219 14.9786
      vertex -26.6835 5 14.8079
    endloop
  endfacet
  facet normal -0.460142 0.175363 0.870354
    outer loop
      vertex -41.0689 13.2702 11.5935
      vertex -41.8084 11.3298 11.5935
      vertex -39.7072 12.2528 12.5184
    endloop
  endfacet
  facet normal -0.40474 0.0622236 0.912312
    outer loop
      vertex -40.8269 8.75433 12.5184
      vertex -41.113 6.89336 12.5184
      vertex -39.3639 6.59536 13.3147
    endloop
  endfacet
  facet normal 0.0831879 0.323176 0.942675
    outer loop
      vertex -27.0989 19.0113 12.5184
      vertex -28.7672 17.118 13.3147
      vertex -27.5555 16.8061 13.3147
    endloop
  endfacet
  facet normal -0.785816 0.206132 0.583097
    outer loop
      vertex -44.0862 12.5508 9.42289
      vertex -44.8724 12.9722 8.21439
      vertex -44.7273 10.1068 9.42289
    endloop
  endfacet
  facet normal -0.785809 0.206136 0.583106
    outer loop
      vertex -44.8724 12.9722 8.21439
      vertex -45.5493 10.3918 8.21439
      vertex -44.7273 10.1068 9.42289
    endloop
  endfacet
  facet normal -0.713229 0.0361123 0.700001
    outer loop
      vertex -45.1164 7.57544 9.42289
      vertex -45.2468 5 9.42289
      vertex -44.135 5 10.5557
    endloop
  endfacet
  facet normal -0.713229 -0.0361123 0.700001
    outer loop
      vertex -44.135 5 10.5557
      vertex -45.2468 5 9.42289
      vertex -45.1164 2.42456 9.42289
    endloop
  endfacet
  facet normal -0.753983 -0.28732 0.590726
    outer loop
      vertex -43.2041 -4.8656 9.42289
      vertex -44.0862 -2.5508 9.42289
      vertex -43.9411 -5.41623 8.21439
    endloop
  endfacet
  facet normal -0.460141 -0.17535 0.870358
    outer loop
      vertex -40.3557 -0.551055 12.5184
      vertex -41.8084 -1.32977 11.5935
      vertex -39.7072 -2.2528 12.5184
    endloop
  endfacet
  facet normal -0.429165 0.221587 0.875623
    outer loop
      vertex -38.8926 13.8305 12.5184
      vertex -40.1401 15.0692 11.5935
      vertex -39.7072 12.2528 12.5184
    endloop
  endfacet
  facet normal -0.518663 0.267779 0.811963
    outer loop
      vertex -40.1401 15.0692 11.5935
      vertex -42.2413 14.1462 10.5557
      vertex -41.0689 13.2702 11.5935
    endloop
  endfacet
  facet normal -0.632588 0.731557 -0.254277
    outer loop
      vertex -38.3367 23.6865 3.0491
      vertex -40.3268 22.4164 4.34597
      vertex -38.4818 24.0118 4.34597
    endloop
  endfacet
  facet normal -0.66646 0.587208 0.459367
    outer loop
      vertex -40.1501 22.1184 6.9509
      vertex -41.7898 20.2574 6.9509
      vertex -41.3829 19.7308 8.21439
    endloop
  endfacet
  facet normal -0.967273 -0.253737 0
    outer loop
      vertex -45.6723 -3.40101 4.34597
      vertex -46.3856 -0.681828 5.65403
      vertex -46.3856 -0.681828 4.34597
    endloop
  endfacet
  facet normal -0.967273 -0.253737 0
    outer loop
      vertex -46.3856 -0.681828 5.65403
      vertex -45.6723 -3.40101 4.34597
      vertex -45.6723 -3.40101 5.65403
    endloop
  endfacet
  facet normal -0.71323 0.0361123 -0.699999
    outer loop
      vertex -44.135 5 -0.555702
      vertex -45.2468 5 0.577112
      vertex -45.1164 7.57544 0.577112
    endloop
  endfacet
  facet normal -0.964267 -0.148217 -0.219593
    outer loop
      vertex -46.1052 -0.58461 3.0491
      vertex -46.8185 2.13457 4.34597
      vertex -46.5307 2.1836 3.0491
    endloop
  endfacet
  facet normal -0.713227 0.0361149 -0.700002
    outer loop
      vertex -44.135 5 -0.555702
      vertex -45.1164 7.57544 0.577112
      vertex -44.0141 7.38763 -0.555702
    endloop
  endfacet
  facet normal -0.506853 -0.0256724 -0.86165
    outer loop
      vertex -41.113 3.10664 -2.5184
      vertex -42.7813 5 -1.59346
      vertex -41.2089 5 -2.5184
    endloop
  endfacet
  facet normal 0.0732756 -0.0192419 -0.997126
    outer loop
      vertex -26.7965 3.88915 -4.80785
      vertex -28.9728 4.44937 -4.97859
      vertex -28.926 4.62759 -4.97859
    endloop
  endfacet
  facet normal 0.129926 0.0670768 -0.989252
    outer loop
      vertex -27.1278 7.14599 -4.80785
      vertex -27.3688 7.6128 -4.80785
      vertex -25.6647 9.30496 -4.4693
    endloop
  endfacet
  facet normal 0.0770216 0.175365 -0.981486
    outer loop
      vertex -27.9088 11.5334 -4.4693
      vertex -28.5857 11.8307 -4.4693
      vertex -27.1226 13.9897 -3.96873
    endloop
  endfacet
  facet normal 0.105892 0.16591 -0.980439
    outer loop
      vertex -26.2405 13.4267 -3.96873
      vertex -27.9088 11.5334 -4.4693
      vertex -27.1226 13.9897 -3.96873
    endloop
  endfacet
  facet normal 0.155685 -0.00786456 -0.987775
    outer loop
      vertex -24.5355 5 -4.4693
      vertex -26.7118 4.43978 -4.80785
      vertex -26.6835 5 -4.80785
    endloop
  endfacet
  facet normal 0.346354 0.178818 -0.920903
    outer loop
      vertex -21.8207 11.1113 -3.3147
      vertex -22.507 12.4406 -3.3147
      vertex -20.2928 12.2528 -2.5184
    endloop
  endfacet
  facet normal 0.0772114 -0.0039004 -0.997007
    outer loop
      vertex -26.7118 4.43978 -4.80785
      vertex -28.8977 4.81219 -4.97859
      vertex -26.6835 5 -4.80785
    endloop
  endfacet
  facet normal 0.155685 0.00786456 -0.987775
    outer loop
      vertex -26.6835 5 -4.80785
      vertex -26.7118 5.56022 -4.80785
      vertex -24.5355 5 -4.4693
    endloop
  endfacet
  facet normal 0.236715 -0.0119842 -0.971505
    outer loop
      vertex -22.5454 3.72993 -3.96873
      vertex -24.5355 5 -4.4693
      vertex -22.4811 5 -3.96873
    endloop
  endfacet
  facet normal 0.40474 -0.0622236 -0.912312
    outer loop
      vertex -19.1731 1.24567 -2.5184
      vertex -20.6361 3.40464 -3.3147
      vertex -18.887 3.10664 -2.5184
    endloop
  endfacet
  facet normal 0.185489 -0.720603 -0.668076
    outer loop
      vertex -27.8988 -15.6542 1.7856
      vertex -28.0099 -14.5624 0.577112
      vertex -25.8336 -15.1226 1.7856
    endloop
  endfacet
  facet normal 0.357446 -0.41337 -0.837471
    outer loop
      vertex -22.9325 -10.8416 -0.555702
      vertex -23.6094 -9.32447 -1.59346
      vertex -21.3952 -9.51228 -0.555702
    endloop
  endfacet
  facet normal -0.144969 -0.227151 -0.963009
    outer loop
      vertex -33.6143 -6.29216 -3.3147
      vertex -34.7223 -5.58503 -3.3147
      vertex -33.7595 -3.42673 -3.96873
    endloop
  endfacet
  facet normal 0.314566 -0.213177 -0.924988
    outer loop
      vertex -22.0741 -5.25701 -2.5184
      vertex -23.3216 -3.64264 -3.3147
      vertex -22.507 -2.44061 -3.3147
    endloop
  endfacet
  facet normal 0.346355 -0.178813 -0.920904
    outer loop
      vertex -20.2928 -2.2528 -2.5184
      vertex -22.507 -2.44061 -3.3147
      vertex -21.8207 -1.11127 -3.3147
    endloop
  endfacet
  facet normal 0.269658 -0.139217 -0.95284
    outer loop
      vertex -22.507 -2.44061 -3.3147
      vertex -23.4884 0.134824 -3.96873
      vertex -21.8207 -1.11127 -3.3147
    endloop
  endfacet
  facet normal -0.030582 -0.118807 -0.992446
    outer loop
      vertex -30.4329 0.744731 -4.80785
      vertex -31.4143 -1.83071 -4.4693
      vertex -30.8584 0.854259 -4.80785
    endloop
  endfacet
  facet normal 0.0582009 0.0394496 -0.997525
    outer loop
      vertex -27.3688 7.6128 -4.80785
      vertex -29.2138 6.01743 -4.97859
      vertex -27.6549 8.03489 -4.80785
    endloop
  endfacet
  facet normal 0.0625716 -0.7377 -0.672223
    outer loop
      vertex -27.8988 -15.6542 1.7856
      vertex -30 -14.7312 0.577112
      vertex -28.0099 -14.5624 0.577112
    endloop
  endfacet
  facet normal 0.155603 -0.60452 -0.781245
    outer loop
      vertex -26.0538 -14.0589 0.577112
      vertex -28.0099 -14.5624 0.577112
      vertex -26.3416 -12.669 -0.555702
    endloop
  endfacet
  facet normal 0.128457 -0.499008 -0.857024
    outer loop
      vertex -26.3416 -12.669 -0.555702
      vertex -28.3317 -11.399 -1.59346
      vertex -26.692 -10.9769 -1.59346
    endloop
  endfacet
  facet normal 0.215563 -0.837434 -0.502231
    outer loop
      vertex -25.6846 -15.842 3.0491
      vertex -27.8988 -15.6542 1.7856
      vertex -25.8336 -15.1226 1.7856
    endloop
  endfacet
  facet normal 0.0692868 -0.108554 -0.991673
    outer loop
      vertex -27.9088 -1.53337 -4.4693
      vertex -28.7308 1.03472 -4.80785
      vertex -27.2678 -1.12424 -4.4693
    endloop
  endfacet
  facet normal 0.0279227 -0.3292 -0.943847
    outer loop
      vertex -28.5369 -9.38151 -2.5184
      vertex -30 -9.50561 -2.5184
      vertex -28.7672 -7.11798 -3.3147
    endloop
  endfacet
  facet normal -0.234637 -0.367636 -0.899883
    outer loop
      vertex -34.2895 -8.40143 -2.5184
      vertex -36.3906 -9.32447 -1.59346
      vertex -35.6044 -7.56222 -2.5184
    endloop
  endfacet
  facet normal 0.0215248 -0.253778 -0.967023
    outer loop
      vertex -29.0186 -4.64711 -3.96873
      vertex -30 -7.22254 -3.3147
      vertex -30 -4.73035 -3.96873
    endloop
  endfacet
  facet normal -0.050373 -0.114669 -0.992126
    outer loop
      vertex -30.8584 0.854259 -4.80785
      vertex -31.4143 -1.83071 -4.4693
      vertex -31.2692 1.03472 -4.80785
    endloop
  endfacet
  facet normal -0.0641608 -0.24925 -0.966311
    outer loop
      vertex -31.2328 -7.11798 -3.3147
      vertex -32.4445 -6.80607 -3.3147
      vertex -31.946 -4.3988 -3.96873
    endloop
  endfacet
  facet normal -0.105569 -0.240303 -0.96494
    outer loop
      vertex -32.4445 -6.80607 -3.3147
      vertex -33.6143 -6.29216 -3.3147
      vertex -31.946 -4.3988 -3.96873
    endloop
  endfacet
  facet normal -0.0279211 -0.3292 -0.943847
    outer loop
      vertex -30 -9.50561 -2.5184
      vertex -31.2328 -7.11798 -3.3147
      vertex -30 -7.22254 -3.3147
    endloop
  endfacet
  facet normal 0.0350756 -0.413545 -0.909808
    outer loop
      vertex -28.3317 -11.399 -1.59346
      vertex -30 -11.5405 -1.59346
      vertex -30 -9.50561 -2.5184
    endloop
  endfacet
  facet normal 0.0831882 -0.323167 -0.942678
    outer loop
      vertex -27.0989 -9.01134 -2.5184
      vertex -28.7672 -7.11798 -3.3147
      vertex -27.5555 -6.80607 -3.3147
    endloop
  endfacet
  facet normal -0.345872 -0.541964 -0.765929
    outer loop
      vertex -35.8347 -13.2293 0.577112
      vertex -37.0675 -10.8416 -0.555702
      vertex -35.4092 -11.8999 -0.555702
    endloop
  endfacet
  facet normal -0.408979 -0.640802 -0.649699
    outer loop
      vertex -35.8347 -13.2293 0.577112
      vertex -38.0489 -13.0414 1.7856
      vertex -37.6234 -12.0877 0.577112
    endloop
  endfacet
  facet normal -0.654728 -0.443688 -0.611942
    outer loop
      vertex -40.7811 -8.95207 0.577112
      vertex -42.7713 -7.682 1.7856
      vertex -42.0961 -7.01159 0.577112
    endloop
  endfacet
  facet normal -0.244472 -0.165676 -0.955398
    outer loop
      vertex -36.6784 -3.64264 -3.3147
      vertex -37.493 -2.44061 -3.3147
      vertex -35.3167 -1.8804 -3.96873
    endloop
  endfacet
  facet normal -0.613835 -0.316961 -0.723009
    outer loop
      vertex -41.214 -6.13566 -0.555702
      vertex -43.2041 -4.8656 0.577112
      vertex -42.2413 -4.14616 -0.555702
    endloop
  endfacet
  facet normal -0.345121 -0.3041 -0.887927
    outer loop
      vertex -37.7807 -8.12244 -1.59346
      vertex -39.0377 -6.69588 -1.59346
      vertex -36.8235 -6.50807 -2.5184
    endloop
  endfacet
  facet normal -0.910148 -0.346822 -0.226594
    outer loop
      vertex -44.6909 -5.97645 4.34597
      vertex -45.6723 -3.40101 4.34597
      vertex -45.4042 -3.25727 3.0491
    endloop
  endfacet
  facet normal -0.806636 -0.123989 -0.577897
    outer loop
      vertex -44.7273 -0.10681 0.577112
      vertex -45.9601 2.28082 1.7856
      vertex -45.1164 2.42456 0.577112
    endloop
  endfacet
  facet normal 0.15741 -0.138707 -0.977744
    outer loop
      vertex -25.4228 -2.71961 -3.96873
      vertex -26.6734 -0.610332 -4.4693
      vertex -24.6833 -1.8804 -3.96873
    endloop
  endfacet
  facet normal -0.0102541 -0.120895 -0.992612
    outer loop
      vertex -30 -2.07167 -4.4693
      vertex -30.4329 0.744731 -4.80785
      vertex -30 0.708013 -4.80785
    endloop
  endfacet
  facet normal -0.0643632 -0.0332288 -0.997373
    outer loop
      vertex -32.6312 2.3872 -4.80785
      vertex -32.8722 2.85401 -4.80785
      vertex -30.9629 4.28057 -4.97859
    endloop
  endfacet
  facet normal -0.0732756 0.0192419 -0.997126
    outer loop
      vertex -31.074 5.37241 -4.97859
      vertex -33.2035 6.11085 -4.80785
      vertex -31.0272 5.55063 -4.97859
    endloop
  endfacet
  facet normal 0.0430066 0.0497638 -0.997835
    outer loop
      vertex -29.3231 6.14153 -4.97859
      vertex -29.4441 6.2461 -4.97859
      vertex -28.3417 8.71697 -4.80785
    endloop
  endfacet
  facet normal -0.411311 -0.0208332 -0.911257
    outer loop
      vertex -41.113 3.10664 -2.5184
      vertex -41.2089 5 -2.5184
      vertex -39.4447 5 -3.3147
    endloop
  endfacet
  facet normal -0.244472 0.16568 -0.955397
    outer loop
      vertex -35.3167 11.8804 -3.96873
      vertex -37.493 12.4406 -3.3147
      vertex -36.6784 13.6426 -3.3147
    endloop
  endfacet
  facet normal -0.132839 -0.153612 -0.979161
    outer loop
      vertex -33.7595 -3.42673 -3.96873
      vertex -34.5772 -2.71961 -3.96873
      vertex -33.3266 -0.610332 -4.4693
    endloop
  endfacet
  facet normal -0.140067 -0.053368 -0.988703
    outer loop
      vertex -34.7324 1.46417 -4.4693
      vertex -35.0485 2.29379 -4.4693
      vertex -32.8722 2.85401 -4.80785
    endloop
  endfacet
  facet normal -0.14781 -0.0387779 -0.988255
    outer loop
      vertex -35.0485 2.29379 -4.4693
      vertex -35.2783 3.16972 -4.4693
      vertex -33.2035 3.88915 -4.80785
    endloop
  endfacet
  facet normal -0.321537 -0.0162848 -0.946757
    outer loop
      vertex -39.3639 3.40464 -3.3147
      vertex -39.4447 5 -3.3147
      vertex -37.4546 3.72993 -3.96873
    endloop
  endfacet
  facet normal -0.66641 -0.587211 0.459436
    outer loop
      vertex -39.7997 -11.5275 8.21439
      vertex -41.3829 -9.73077 8.21439
      vertex -40.1501 -12.1184 6.9509
    endloop
  endfacet
  facet normal -0.554576 -0.211314 0.804855
    outer loop
      vertex -41.0689 -3.27024 11.5935
      vertex -43.059 -2.00017 10.5557
      vertex -42.2413 -4.14616 10.5557
    endloop
  endfacet
  facet normal -0.387342 -0.881766 -0.269173
    outer loop
      vertex -34.3905 -16.2049 4.34597
      vertex -36.3806 -14.9348 3.0491
      vertex -34.3154 -15.842 3.0491
    endloop
  endfacet
  facet normal -0.349605 -0.79586 -0.494352
    outer loop
      vertex -34.3154 -15.842 3.0491
      vertex -36.3806 -14.9348 3.0491
      vertex -36.1604 -14.2467 1.7856
    endloop
  endfacet
  facet normal -0.864284 -0.446254 -0.2321
    outer loop
      vertex -43.4581 -8.36408 4.34597
      vertex -44.6909 -5.97645 4.34597
      vertex -43.2279 -8.13541 3.0491
    endloop
  endfacet
  facet normal -0.632588 -0.731557 -0.254277
    outer loop
      vertex -38.4818 -14.0118 4.34597
      vertex -40.3268 -12.4164 4.34597
      vertex -38.3367 -13.6865 3.0491
    endloop
  endfacet
  facet normal -0.943063 -0.247352 -0.222373
    outer loop
      vertex -45.6723 -3.40101 4.34597
      vertex -46.1052 -0.58461 3.0491
      vertex -45.4042 -3.25727 3.0491
    endloop
  endfacet
  facet normal -0.75398 -0.287319 -0.59073
    outer loop
      vertex -43.9411 -5.41623 1.7856
      vertex -44.0862 -2.5508 0.577112
      vertex -43.2041 -4.8656 0.577112
    endloop
  endfacet
  facet normal -0.740286 -0.501673 -0.447549
    outer loop
      vertex -41.3829 -9.73077 1.7856
      vertex -43.2279 -8.13541 3.0491
      vertex -42.7713 -7.682 1.7856
    endloop
  endfacet
  facet normal -0.799263 -0.412653 -0.436917
    outer loop
      vertex -43.2279 -8.13541 3.0491
      vertex -43.9411 -5.41623 1.7856
      vertex -42.7713 -7.682 1.7856
    endloop
  endfacet
  facet normal -0.632592 -0.731549 -0.25429
    outer loop
      vertex -38.3367 -13.6865 3.0491
      vertex -40.3268 -12.4164 4.34597
      vertex -40.1501 -12.1184 3.0491
    endloop
  endfacet
  facet normal -0.803889 -0.544758 -0.238748
    outer loop
      vertex -41.9951 -10.523 4.34597
      vertex -43.4581 -8.36408 4.34597
      vertex -43.2279 -8.13541 3.0491
    endloop
  endfacet
  facet normal -0.727183 -0.640731 0.246309
    outer loop
      vertex -40.1501 -12.1184 6.9509
      vertex -41.9951 -10.523 5.65403
      vertex -40.3268 -12.4164 5.65403
    endloop
  endfacet
  facet normal -0.654087 -0.756419 0
    outer loop
      vertex -40.3268 -12.4164 4.34597
      vertex -38.4818 -14.0118 5.65403
      vertex -40.3268 -12.4164 5.65403
    endloop
  endfacet
  facet normal -0.654087 -0.756419 -0
    outer loop
      vertex -38.4818 -14.0118 5.65403
      vertex -40.3268 -12.4164 4.34597
      vertex -38.4818 -14.0118 4.34597
    endloop
  endfacet
  facet normal -0.239741 -0.931232 -0.274467
    outer loop
      vertex -32.1763 -16.3927 3.0491
      vertex -34.3905 -16.2049 4.34597
      vertex -34.3154 -15.842 3.0491
    endloop
  endfacet
  facet normal -0.0625964 -0.737676 -0.672247
    outer loop
      vertex -30 -15.8325 1.7856
      vertex -32.1012 -15.6542 1.7856
      vertex -30 -14.7312 0.577112
    endloop
  endfacet
  facet normal -0.576681 -0.666921 -0.471864
    outer loop
      vertex -38.3367 -13.6865 3.0491
      vertex -39.7997 -11.5275 1.7856
      vertex -38.0489 -13.0414 1.7856
    endloop
  endfacet
  facet normal -0.586015 -0.51634 -0.624484
    outer loop
      vertex -39.7997 -11.5275 1.7856
      vertex -40.7811 -8.95207 0.577112
      vertex -39.2817 -10.6538 0.577112
    endloop
  endfacet
  facet normal -0.519139 -0.813497 -0.262139
    outer loop
      vertex -36.4917 -15.2818 4.34597
      vertex -38.3367 -13.6865 3.0491
      vertex -36.3806 -14.9348 3.0491
    endloop
  endfacet
  facet normal -0.387378 -0.881767 -0.269118
    outer loop
      vertex -34.3905 -16.2049 4.34597
      vertex -36.4917 -15.2818 4.34597
      vertex -36.3806 -14.9348 3.0491
    endloop
  endfacet
  facet normal 0.0431926 -0.509204 -0.859562
    outer loop
      vertex -28.155 -13.1358 -0.555702
      vertex -30 -13.2923 -0.555702
      vertex -28.3317 -11.399 -1.59346
    endloop
  endfacet
  facet normal -0.210444 -0.479061 -0.852182
    outer loop
      vertex -33.6584 -12.669 -0.555702
      vertex -35.4092 -11.8999 -0.555702
      vertex -33.308 -10.9769 -1.59346
    endloop
  endfacet
  facet normal -0.0581899 -0.0394375 0.997526
    outer loop
      vertex -30.8821 4.12407 14.9786
      vertex -32.6312 2.3872 14.8079
      vertex -30.7862 3.98257 14.9786
    endloop
  endfacet
  facet normal -0.0510542 -0.0449655 0.997683
    outer loop
      vertex -30.7862 3.98257 14.9786
      vertex -32.3451 1.96511 14.8079
      vertex -30.6769 3.85847 14.9786
    endloop
  endfacet
  facet normal 0.23277 0.0357658 0.971874
    outer loop
      vertex -22.7373 7.5184 13.9687
      vertex -24.7217 6.83028 14.4693
      vertex -24.5823 5.92304 14.4693
    endloop
  endfacet
  facet normal 0.37213 -0.141811 0.917284
    outer loop
      vertex -19.6443 -0.551055 12.5184
      vertex -21.2742 0.322634 13.3147
      vertex -20.2928 -2.2528 12.5184
    endloop
  endfacet
  facet normal -0.069289 -0.108575 0.991671
    outer loop
      vertex -31.6583 1.28303 14.8079
      vertex -32.7322 -1.12424 14.4693
      vertex -31.2692 1.03472 14.8079
    endloop
  endfacet
  facet normal -0.0151043 -0.0586979 0.998162
    outer loop
      vertex -30.2878 3.61016 14.9786
      vertex -30.4329 0.744731 14.8079
      vertex -30.1451 3.57344 14.9786
    endloop
  endfacet
  facet normal -0.153072 -0.02352 0.987935
    outer loop
      vertex -33.2035 3.88915 14.8079
      vertex -35.4177 4.07696 14.4693
      vertex -35.2783 3.16972 14.4693
    endloop
  endfacet
  facet normal -0.0770351 -0.175372 0.981484
    outer loop
      vertex -32.0912 -1.53337 14.4693
      vertex -32.8774 -3.98967 13.9687
      vertex -31.4143 -1.83071 14.4693
    endloop
  endfacet
  facet normal 0.147845 -0.0387675 0.98825
    outer loop
      vertex -26.7965 3.88915 14.8079
      vertex -26.9359 3.35753 14.8079
      vertex -24.9515 2.29379 14.4693
    endloop
  endfacet
  facet normal -0.236718 -0.0120021 0.971504
    outer loop
      vertex -35.4645 5 14.4693
      vertex -37.4546 3.72993 13.9687
      vertex -35.4177 4.07696 14.4693
    endloop
  endfacet
  facet normal -0.155715 -0.00789505 0.987771
    outer loop
      vertex -33.2882 4.43978 14.8079
      vertex -35.4645 5 14.4693
      vertex -35.4177 4.07696 14.4693
    endloop
  endfacet
  facet normal -0.224894 0.0589832 0.972596
    outer loop
      vertex -36.9466 8.72364 13.9687
      vertex -37.2627 7.5184 13.9687
      vertex -35.0485 7.70621 14.4693
    endloop
  endfacet
  facet normal -0.105912 0.165908 0.980437
    outer loop
      vertex -32.0912 11.5334 14.4693
      vertex -33.7595 13.4267 13.9687
      vertex -32.7322 11.1242 14.4693
    endloop
  endfacet
  facet normal -0.506846 -0.0256831 0.861654
    outer loop
      vertex -41.113 3.10664 12.5184
      vertex -42.7813 5 11.5935
      vertex -42.6719 2.84103 11.5935
    endloop
  endfacet
  facet normal -0.608129 -0.0307932 0.79324
    outer loop
      vertex -42.7813 5 11.5935
      vertex -44.135 5 10.5557
      vertex -44.0141 2.61237 10.5557
    endloop
  endfacet
  facet normal -0.305745 0.0801881 0.948731
    outer loop
      vertex -36.9466 8.72364 13.9687
      vertex -39.1229 8.16343 13.3147
      vertex -37.2627 7.5184 13.9687
    endloop
  endfacet
  facet normal -0.316237 0.0486137 0.947434
    outer loop
      vertex -37.2627 7.5184 13.9687
      vertex -39.1229 8.16343 13.3147
      vertex -37.4546 6.27007 13.9687
    endloop
  endfacet
  facet normal -0.290139 0.110578 0.950575
    outer loop
      vertex -38.1793 11.1113 13.3147
      vertex -38.7258 9.67737 13.3147
      vertex -36.9466 8.72364 13.9687
    endloop
  endfacet
  facet normal -0.483447 0.126808 0.86614
    outer loop
      vertex -41.8084 11.3298 11.5935
      vertex -42.3458 9.28099 11.5935
      vertex -40.8269 8.75433 12.5184
    endloop
  endfacet
  facet normal -0.147831 0.0387835 0.988252
    outer loop
      vertex -35.0485 7.70621 14.4693
      vertex -35.2783 6.83028 14.4693
      vertex -33.2035 6.11085 14.8079
    endloop
  endfacet
  facet normal -0.224895 0.0590011 0.972595
    outer loop
      vertex -35.0485 7.70621 14.4693
      vertex -37.2627 7.5184 13.9687
      vertex -35.2783 6.83028 14.4693
    endloop
  endfacet
  facet normal -0.0342472 -0.0536651 0.997972
    outer loop
      vertex -30.5559 3.7539 14.9786
      vertex -31.6583 1.28303 14.8079
      vertex -31.2692 1.03472 14.8079
    endloop
  endfacet
  facet normal -0.155707 0.0078657 0.987772
    outer loop
      vertex -33.2882 5.56022 14.8079
      vertex -35.4645 5 14.4693
      vertex -33.3165 5 14.8079
    endloop
  endfacet
  facet normal -0.179227 0.121463 -0.976281
    outer loop
      vertex -34.3353 9.30496 -4.4693
      vertex -35.9651 10.9235 -3.96873
      vertex -33.864 10.0004 -4.4693
    endloop
  endfacet
  facet normal -0.129923 0.0670789 -0.989252
    outer loop
      vertex -32.8722 7.14599 -4.80785
      vertex -34.7324 8.53583 -4.4693
      vertex -34.3353 9.30496 -4.4693
    endloop
  endfacet
  facet normal 0.0157028 0.185003 -0.982613
    outer loop
      vertex -29.0186 14.6471 -3.96873
      vertex -30 12.0717 -4.4693
      vertex -30 14.7304 -3.96873
    endloop
  endfacet
  facet normal 0.0468036 0.181769 -0.982227
    outer loop
      vertex -28.5857 11.8307 -4.4693
      vertex -29.2867 12.0112 -4.4693
      vertex -29.0186 14.6471 -3.96873
    endloop
  endfacet
  facet normal 0.654064 -0.249244 0.714197
    outer loop
      vertex -15.9138 -2.5508 9.42289
      vertex -17.7587 -4.14616 10.5557
      vertex -16.7959 -4.8656 9.42289
    endloop
  endfacet
  facet normal 0.753983 -0.28732 0.590726
    outer loop
      vertex -15.9138 -2.5508 9.42289
      vertex -16.7959 -4.8656 9.42289
      vertex -16.0589 -5.41623 8.21439
    endloop
  endfacet
  facet normal 0.740285 -0.501673 0.447552
    outer loop
      vertex -17.2287 -7.682 8.21439
      vertex -18.6171 -9.73077 8.21439
      vertex -16.7721 -8.13541 6.9509
    endloop
  endfacet
  facet normal 0.799261 -0.412653 0.43692
    outer loop
      vertex -16.0589 -5.41623 8.21439
      vertex -17.2287 -7.682 8.21439
      vertex -16.7721 -8.13541 6.9509
    endloop
  endfacet
  facet normal 0.554562 -0.211308 -0.804867
    outer loop
      vertex -17.7587 -4.14616 -0.555702
      vertex -18.9311 -3.27024 -1.59346
      vertex -16.941 -2.00017 -0.555702
    endloop
  endfacet
  facet normal 0.506862 -0.0256839 -0.861644
    outer loop
      vertex -17.3281 2.84103 -1.59346
      vertex -18.887 3.10664 -2.5184
      vertex -17.2187 5 -1.59346
    endloop
  endfacet
  facet normal 0.799269 -0.41265 0.436909
    outer loop
      vertex -16.0589 -5.41623 8.21439
      vertex -16.7721 -8.13541 6.9509
      vertex -15.5605 -5.78864 6.9509
    endloop
  endfacet
  facet normal 0.864284 -0.446254 0.2321
    outer loop
      vertex -15.3091 -5.97645 5.65403
      vertex -16.7721 -8.13541 6.9509
      vertex -16.5419 -8.36408 5.65403
    endloop
  endfacet
  facet normal 0.683806 -0.179374 -0.707272
    outer loop
      vertex -15.9138 -2.5508 0.577112
      vertex -16.3467 0.265595 -0.555702
      vertex -15.2727 -0.10681 0.577112
    endloop
  endfacet
  facet normal 0.785804 -0.206135 -0.583113
    outer loop
      vertex -15.1276 -2.97224 1.7856
      vertex -15.2727 -0.10681 0.577112
      vertex -14.4507 -0.391838 1.7856
    endloop
  endfacet
  facet normal 0.345121 -0.3041 -0.887927
    outer loop
      vertex -22.2193 -8.12244 -1.59346
      vertex -23.1765 -6.50807 -2.5184
      vertex -20.9623 -6.69588 -1.59346
    endloop
  endfacet
  facet normal 0.501079 -0.441502 -0.744309
    outer loop
      vertex -20.7183 -10.6538 0.577112
      vertex -21.3952 -9.51228 -0.555702
      vertex -19.2189 -8.95207 0.577112
    endloop
  endfacet
  facet normal 0.654728 -0.443688 -0.611942
    outer loop
      vertex -17.2287 -7.682 1.7856
      vertex -19.2189 -8.95207 0.577112
      vertex -17.9039 -7.01159 0.577112
    endloop
  endfacet
  facet normal 0.473695 -0.321007 -0.820102
    outer loop
      vertex -20.0051 -7.93463 -0.555702
      vertex -20.9623 -6.69588 -1.59346
      vertex -18.786 -6.13566 -0.555702
    endloop
  endfacet
  facet normal 0.654055 -0.249219 -0.714215
    outer loop
      vertex -15.9138 -2.5508 0.577112
      vertex -17.7587 -4.14616 -0.555702
      vertex -16.941 -2.00017 -0.555702
    endloop
  endfacet
  facet normal 0.391658 -0.102714 -0.91436
    outer loop
      vertex -19.6443 -0.551055 -2.5184
      vertex -21.2742 0.322634 -3.3147
      vertex -19.1731 1.24567 -2.5184
    endloop
  endfacet
  facet normal 0.576705 0.66692 0.471836
    outer loop
      vertex -19.8499 22.1184 6.9509
      vertex -21.6633 23.6865 6.9509
      vertex -20.2003 21.5275 8.21439
    endloop
  endfacet
  facet normal 0.727188 0.640715 0.246336
    outer loop
      vertex -18.0049 20.523 5.65403
      vertex -19.8499 22.1184 6.9509
      vertex -18.2102 20.2574 6.9509
    endloop
  endfacet
  facet normal 0.964266 0.148216 -0.219596
    outer loop
      vertex -13.1815 7.86543 4.34597
      vertex -13.8948 10.5846 3.0491
      vertex -13.6144 10.6818 4.34597
    endloop
  endfacet
  facet normal 0.844512 0.321806 0.428067
    outer loop
      vertex -14.5958 13.2573 6.9509
      vertex -16.0589 15.4162 8.21439
      vertex -15.1276 12.9722 8.21439
    endloop
  endfacet
  facet normal 0.654087 -0.756419 0
    outer loop
      vertex -21.5182 -14.0118 4.34597
      vertex -19.6732 -12.4164 5.65403
      vertex -21.5182 -14.0118 5.65403
    endloop
  endfacet
  facet normal 0.654087 -0.756419 0
    outer loop
      vertex -19.6732 -12.4164 5.65403
      vertex -21.5182 -14.0118 4.34597
      vertex -19.6732 -12.4164 4.34597
    endloop
  endfacet
  facet normal 0.387378 -0.881767 -0.269118
    outer loop
      vertex -23.5083 -15.2818 4.34597
      vertex -25.6095 -16.2049 4.34597
      vertex -23.6194 -14.9348 3.0491
    endloop
  endfacet
  facet normal 0.576706 -0.666921 -0.471833
    outer loop
      vertex -19.8499 -12.1184 3.0491
      vertex -21.6633 -13.6865 3.0491
      vertex -20.2003 -11.5275 1.7856
    endloop
  endfacet
  facet normal 0.0729046 -0.859154 -0.506498
    outer loop
      vertex -27.8237 -16.3927 3.0491
      vertex -30 -15.8325 1.7856
      vertex -27.8988 -15.6542 1.7856
    endloop
  endfacet
  facet normal 0.239741 -0.931232 -0.274467
    outer loop
      vertex -25.6095 -16.2049 4.34597
      vertex -27.8237 -16.3927 3.0491
      vertex -25.6846 -15.842 3.0491
    endloop
  endfacet
  facet normal 0.750299 -0.661099 0
    outer loop
      vertex -19.6732 -12.4164 5.65403
      vertex -18.0049 -10.523 4.34597
      vertex -18.0049 -10.523 5.65403
    endloop
  endfacet
  facet normal 0.750299 -0.661099 0
    outer loop
      vertex -18.0049 -10.523 4.34597
      vertex -19.6732 -12.4164 5.65403
      vertex -19.6732 -12.4164 4.34597
    endloop
  endfacet
  facet normal 0.727188 -0.640715 0.246336
    outer loop
      vertex -18.2102 -10.2574 6.9509
      vertex -19.8499 -12.1184 6.9509
      vertex -18.0049 -10.523 5.65403
    endloop
  endfacet
  facet normal 0.727188 -0.640715 -0.246336
    outer loop
      vertex -18.0049 -10.523 4.34597
      vertex -19.8499 -12.1184 3.0491
      vertex -18.2102 -10.2574 3.0491
    endloop
  endfacet
  facet normal 0.910123 -0.346846 -0.226658
    outer loop
      vertex -15.3091 -5.97645 4.34597
      vertex -15.5605 -5.78864 3.0491
      vertex -14.5958 -3.25727 3.0491
    endloop
  endfacet
  facet normal 0.799263 -0.412653 -0.436917
    outer loop
      vertex -16.7721 -8.13541 3.0491
      vertex -17.2287 -7.682 1.7856
      vertex -16.0589 -5.41623 1.7856
    endloop
  endfacet
  facet normal 0.844531 -0.321849 -0.427997
    outer loop
      vertex -15.5605 -5.78864 3.0491
      vertex -16.0589 -5.41623 1.7856
      vertex -14.5958 -3.25727 3.0491
    endloop
  endfacet
  facet normal 0.470796 -0.737742 0.483826
    outer loop
      vertex -21.6633 -13.6865 6.9509
      vertex -23.8396 -14.2467 8.21439
      vertex -23.6194 -14.9348 6.9509
    endloop
  endfacet
  facet normal 0.3459 -0.541969 0.765913
    outer loop
      vertex -22.9325 -10.8416 10.5557
      vertex -24.1653 -13.2293 9.42289
      vertex -22.3766 -12.0877 9.42289
    endloop
  endfacet
  facet normal 0.215562 -0.837433 0.502234
    outer loop
      vertex -25.8336 -15.1226 8.21439
      vertex -27.8988 -15.6542 8.21439
      vertex -25.6846 -15.842 6.9509
    endloop
  endfacet
  facet normal 0.0625719 -0.737704 0.672219
    outer loop
      vertex -28.0099 -14.5624 9.42289
      vertex -30 -14.7312 9.42289
      vertex -27.8988 -15.6542 8.21439
    endloop
  endfacet
  facet normal 0.18549 -0.720606 0.668072
    outer loop
      vertex -25.8336 -15.1226 8.21439
      vertex -28.0099 -14.5624 9.42289
      vertex -27.8988 -15.6542 8.21439
    endloop
  endfacet
  facet normal -0.57668 -0.66692 0.471867
    outer loop
      vertex -38.0489 -13.0414 8.21439
      vertex -39.7997 -11.5275 8.21439
      vertex -38.3367 -13.6865 6.9509
    endloop
  endfacet
  facet normal -0.239741 -0.931232 0.274467
    outer loop
      vertex -34.3154 -15.842 6.9509
      vertex -34.3905 -16.2049 5.65403
      vertex -32.1763 -16.3927 6.9509
    endloop
  endfacet
  facet normal -0.249283 -0.968431 0
    outer loop
      vertex -34.3905 -16.2049 4.34597
      vertex -32.2142 -16.7651 5.65403
      vertex -34.3905 -16.2049 5.65403
    endloop
  endfacet
  facet normal -0.249283 -0.968431 -0
    outer loop
      vertex -32.2142 -16.7651 5.65403
      vertex -34.3905 -16.2049 4.34597
      vertex -32.2142 -16.7651 4.34597
    endloop
  endfacet
  facet normal -0.0728777 -0.859175 0.506465
    outer loop
      vertex -30 -15.8325 8.21439
      vertex -32.1763 -16.3927 6.9509
      vertex -30 -16.5773 6.9509
    endloop
  endfacet
  facet normal 0.0812055 -0.957354 -0.277269
    outer loop
      vertex -27.8237 -16.3927 3.0491
      vertex -30 -16.9529 4.34597
      vertex -30 -16.5773 3.0491
    endloop
  endfacet
  facet normal 0.0812055 -0.957354 0.277269
    outer loop
      vertex -30 -16.5773 6.9509
      vertex -30 -16.9529 5.65403
      vertex -27.8237 -16.3927 6.9509
    endloop
  endfacet
  facet normal 0.0728777 -0.859175 0.506465
    outer loop
      vertex -30 -15.8325 8.21439
      vertex -30 -16.5773 6.9509
      vertex -27.8237 -16.3927 6.9509
    endloop
  endfacet
  facet normal 0.21045 -0.479075 0.852172
    outer loop
      vertex -24.5908 -11.8999 10.5557
      vertex -26.692 -10.9769 11.5935
      vertex -26.3416 -12.669 10.5557
    endloop
  endfacet
  facet normal 0.613825 -0.316925 0.723033
    outer loop
      vertex -16.7959 -4.8656 9.42289
      vertex -18.786 -6.13566 10.5557
      vertex -17.9039 -7.01159 9.42289
    endloop
  endfacet
  facet normal 0.234585 -0.271292 0.933472
    outer loop
      vertex -23.1765 -6.50807 12.5184
      vertex -25.2777 -5.58503 13.3147
      vertex -24.3956 -7.56222 12.5184
    endloop
  endfacet
  facet normal 0.187527 -0.293822 0.937285
    outer loop
      vertex -25.2777 -5.58503 13.3147
      vertex -25.7105 -8.40143 12.5184
      vertex -24.3956 -7.56222 12.5184
    endloop
  endfacet
  facet normal -0.0215232 -0.253767 0.967026
    outer loop
      vertex -30.9814 -4.64711 13.9687
      vertex -31.2328 -7.11798 13.3147
      vertex -30 -7.22254 13.3147
    endloop
  endfacet
  facet normal 0.50398 -0.582851 0.637408
    outer loop
      vertex -20.7183 -10.6538 9.42289
      vertex -22.3766 -12.0877 9.42289
      vertex -21.9511 -13.0414 8.21439
    endloop
  endfacet
  facet normal -0.287289 -0.450166 0.845468
    outer loop
      vertex -36.3906 -9.32447 11.5935
      vertex -37.0675 -10.8416 10.5557
      vertex -35.4092 -11.8999 10.5557
    endloop
  endfacet
  facet normal 0.171409 -0.390195 0.904636
    outer loop
      vertex -25.7105 -8.40143 12.5184
      vertex -27.0989 -9.01134 12.5184
      vertex -26.692 -10.9769 11.5935
    endloop
  endfacet
  facet normal 0.171413 -0.390196 0.904635
    outer loop
      vertex -25.7105 -8.40143 12.5184
      vertex -26.692 -10.9769 11.5935
      vertex -25.1088 -10.2814 11.5935
    endloop
  endfacet
  facet normal 0.187518 -0.293822 0.937286
    outer loop
      vertex -25.2777 -5.58503 13.3147
      vertex -26.3857 -6.29216 13.3147
      vertex -25.7105 -8.40143 12.5184
    endloop
  endfacet
  facet normal 0.554576 -0.211314 0.804855
    outer loop
      vertex -16.941 -2.00017 10.5557
      vertex -18.9311 -3.27024 11.5935
      vertex -17.7587 -4.14616 10.5557
    endloop
  endfacet
  facet normal 0.390717 -0.264789 0.881605
    outer loop
      vertex -19.8599 -5.0692 11.5935
      vertex -22.0741 -5.25701 12.5184
      vertex -20.9623 -6.69588 11.5935
    endloop
  endfacet
  facet normal 0.269647 -0.139211 0.952844
    outer loop
      vertex -21.8207 -1.11127 13.3147
      vertex -23.4884 0.134824 13.9687
      vertex -22.507 -2.44061 13.3147
    endloop
  endfacet
  facet normal 0.518669 -0.267788 0.811956
    outer loop
      vertex -18.9311 -3.27024 11.5935
      vertex -19.8599 -5.0692 11.5935
      vertex -17.7587 -4.14616 10.5557
    endloop
  endfacet
  facet normal 0.55459 -0.21135 0.804836
    outer loop
      vertex -18.1916 -1.32977 11.5935
      vertex -18.9311 -3.27024 11.5935
      vertex -16.941 -2.00017 10.5557
    endloop
  endfacet
  facet normal 0.581432 -0.152511 0.799173
    outer loop
      vertex -17.6542 0.719009 11.5935
      vertex -18.1916 -1.32977 11.5935
      vertex -16.941 -2.00017 10.5557
    endloop
  endfacet
  facet normal 0.703442 -0.108149 0.702476
    outer loop
      vertex -15.9859 2.61237 10.5557
      vertex -16.3467 0.265595 10.5557
      vertex -15.2727 -0.10681 9.42289
    endloop
  endfacet
  facet normal 0.599255 -0.0921312 0.795239
    outer loop
      vertex -15.9859 2.61237 10.5557
      vertex -17.6542 0.719009 11.5935
      vertex -16.3467 0.265595 10.5557
    endloop
  endfacet
  facet normal 0.506836 0.0256716 0.86166
    outer loop
      vertex -17.2187 5 11.5935
      vertex -18.887 6.89336 12.5184
      vertex -18.7911 5 12.5184
    endloop
  endfacet
  facet normal 0.411312 0.0208317 0.911257
    outer loop
      vertex -18.887 6.89336 12.5184
      vertex -20.6361 6.59536 13.3147
      vertex -20.5553 5 13.3147
    endloop
  endfacet
  facet normal 0.305746 0.080196 0.94873
    outer loop
      vertex -21.2742 9.67737 13.3147
      vertex -23.0534 8.72364 13.9687
      vertex -20.8771 8.16343 13.3147
    endloop
  endfacet
  facet normal 0.391665 0.102732 0.914355
    outer loop
      vertex -19.1731 8.75433 12.5184
      vertex -21.2742 9.67737 13.3147
      vertex -20.8771 8.16343 13.3147
    endloop
  endfacet
  facet normal 0.197936 0.102194 0.974873
    outer loop
      vertex -24.0348 10.9235 13.9687
      vertex -25.6647 9.30496 14.4693
      vertex -25.2676 8.53583 14.4693
    endloop
  endfacet
  facet normal 0.129942 0.0670886 0.989249
    outer loop
      vertex -25.6647 9.30496 14.4693
      vertex -27.1278 7.14599 14.8079
      vertex -25.2676 8.53583 14.4693
    endloop
  endfacet
  facet normal 0.236728 -0.0119849 0.971502
    outer loop
      vertex -22.4811 5 13.9687
      vertex -24.5355 5 14.4693
      vertex -22.5454 3.72993 13.9687
    endloop
  endfacet
  facet normal 0.411311 0.0208332 0.911257
    outer loop
      vertex -18.887 6.89336 12.5184
      vertex -20.5553 5 13.3147
      vertex -18.7911 5 12.5184
    endloop
  endfacet
  facet normal 0.179231 0.121465 0.97628
    outer loop
      vertex -24.0348 10.9235 13.9687
      vertex -26.136 10.0004 14.4693
      vertex -25.6647 9.30496 14.4693
    endloop
  endfacet
  facet normal 0.316237 0.0486137 0.947434
    outer loop
      vertex -20.8771 8.16343 13.3147
      vertex -22.7373 7.5184 13.9687
      vertex -22.5454 6.27007 13.9687
    endloop
  endfacet
  facet normal 0.305745 0.0801881 0.948731
    outer loop
      vertex -20.8771 8.16343 13.3147
      vertex -23.0534 8.72364 13.9687
      vertex -22.7373 7.5184 13.9687
    endloop
  endfacet
  facet normal 0.147845 0.0387675 0.98825
    outer loop
      vertex -24.9515 7.70621 14.4693
      vertex -26.9359 6.64247 14.8079
      vertex -26.7965 6.11085 14.8079
    endloop
  endfacet
  facet normal 0.140084 0.0533883 0.988699
    outer loop
      vertex -24.9515 7.70621 14.4693
      vertex -27.1278 7.14599 14.8079
      vertex -26.9359 6.64247 14.8079
    endloop
  endfacet
  facet normal 0.0151096 0.0586976 0.998161
    outer loop
      vertex -29.5671 9.25527 14.8079
      vertex -29.7122 6.38984 14.9786
      vertex -29.1416 9.14574 14.8079
    endloop
  endfacet
  facet normal 0.155707 -0.0078657 0.987772
    outer loop
      vertex -26.6835 5 14.8079
      vertex -26.7118 4.43978 14.8079
      vertex -24.5355 5 14.4693
    endloop
  endfacet
  facet normal 0.153074 0.0235464 0.987934
    outer loop
      vertex -24.5823 5.92304 14.4693
      vertex -26.7965 6.11085 14.8079
      vertex -26.7118 5.56022 14.8079
    endloop
  endfacet
  facet normal 0.155715 0.00789505 0.987771
    outer loop
      vertex -24.5823 5.92304 14.4693
      vertex -26.7118 5.56022 14.8079
      vertex -24.5355 5 14.4693
    endloop
  endfacet
  facet normal 0.0641554 0.249237 0.966315
    outer loop
      vertex -27.5555 16.8061 13.3147
      vertex -28.7672 17.118 13.3147
      vertex -28.054 14.3988 13.9687
    endloop
  endfacet
  facet normal 0.105898 0.16592 0.980437
    outer loop
      vertex -27.1226 13.9897 13.9687
      vertex -27.9088 11.5334 14.4693
      vertex -26.2405 13.4267 13.9687
    endloop
  endfacet
  facet normal 0.214993 0.189419 0.95807
    outer loop
      vertex -24.2504 14.6968 13.3147
      vertex -25.4228 12.7196 13.9687
      vertex -23.3216 13.6426 13.3147
    endloop
  endfacet
  facet normal 0.132843 0.153621 0.979159
    outer loop
      vertex -26.2405 13.4267 13.9687
      vertex -26.6734 10.6103 14.4693
      vertex -25.4228 12.7196 13.9687
    endloop
  endfacet
  facet normal 0.234577 0.271295 0.933473
    outer loop
      vertex -24.3956 17.5622 12.5184
      vertex -25.2777 15.585 13.3147
      vertex -23.1765 16.5081 12.5184
    endloop
  endfacet
  facet normal 0.187524 0.293822 0.937285
    outer loop
      vertex -24.3956 17.5622 12.5184
      vertex -25.7105 18.4014 12.5184
      vertex -25.2777 15.585 13.3147
    endloop
  endfacet
  facet normal 0.429184 0.221582 0.875616
    outer loop
      vertex -19.8599 15.0692 11.5935
      vertex -20.2928 12.2528 12.5184
      vertex -18.9311 13.2702 11.5935
    endloop
  endfacet
  facet normal 0.390716 0.264785 0.881606
    outer loop
      vertex -20.9623 16.6959 11.5935
      vertex -22.0741 15.257 12.5184
      vertex -19.8599 15.0692 11.5935
    endloop
  endfacet
  facet normal 0.155615 0.604525 0.781239
    outer loop
      vertex -28.0099 24.5624 9.42289
      vertex -28.155 23.1358 10.5557
      vertex -26.3416 22.669 10.5557
    endloop
  endfacet
  facet normal 0.155603 0.604519 0.781246
    outer loop
      vertex -26.0538 24.0589 9.42289
      vertex -28.0099 24.5624 9.42289
      vertex -26.3416 22.669 10.5557
    endloop
  endfacet
  facet normal 0.0350742 0.413528 0.909816
    outer loop
      vertex -30 21.5405 11.5935
      vertex -30 19.5056 12.5184
      vertex -28.3317 21.399 11.5935
    endloop
  endfacet
  facet normal 0.104433 0.405658 0.908039
    outer loop
      vertex -28.3317 21.399 11.5935
      vertex -28.5369 19.3815 12.5184
      vertex -27.0989 19.0113 12.5184
    endloop
  endfacet
  facet normal -0.42918 0.221595 -0.875614
    outer loop
      vertex -39.7072 12.2528 -2.5184
      vertex -40.1401 15.0692 -1.59346
      vertex -38.8926 13.8305 -2.5184
    endloop
  endfacet
  facet normal -0.39073 0.264787 -0.8816
    outer loop
      vertex -38.8926 13.8305 -2.5184
      vertex -40.1401 15.0692 -1.59346
      vertex -37.9259 15.257 -2.5184
    endloop
  endfacet
  facet normal -0.460155 0.17536 -0.870348
    outer loop
      vertex -40.3557 10.5511 -2.5184
      vertex -41.8084 11.3298 -1.59346
      vertex -39.7072 12.2528 -2.5184
    endloop
  endfacet
  facet normal -0.909081 -0.0460361 -0.414069
    outer loop
      vertex -45.9601 2.28082 1.7856
      vertex -46.6733 5 3.0491
      vertex -46.0978 5 1.7856
    endloop
  endfacet
  facet normal -0.0279231 0.329204 -0.943846
    outer loop
      vertex -31.2328 17.118 -3.3147
      vertex -31.4631 19.3815 -2.5184
      vertex -30 19.5056 -2.5184
    endloop
  endfacet
  facet normal -0.105566 0.240301 -0.964941
    outer loop
      vertex -31.946 14.3988 -3.96873
      vertex -33.6143 16.2922 -3.3147
      vertex -32.4445 16.8061 -3.3147
    endloop
  endfacet
  facet normal -0.0350754 0.413543 -0.909809
    outer loop
      vertex -30 19.5056 -2.5184
      vertex -31.6683 21.399 -1.59346
      vertex -30 21.5405 -1.59346
    endloop
  endfacet
  facet normal -0.0431889 0.509201 -0.859563
    outer loop
      vertex -30 21.5405 -1.59346
      vertex -31.6683 21.399 -1.59346
      vertex -30 23.2923 -0.555702
    endloop
  endfacet
  facet normal 0.0641596 0.249248 -0.966312
    outer loop
      vertex -28.054 14.3988 -3.96873
      vertex -29.0186 14.6471 -3.96873
      vertex -28.7672 17.118 -3.3147
    endloop
  endfacet
  facet normal 0.0831879 0.323176 -0.942675
    outer loop
      vertex -27.5555 16.8061 -3.3147
      vertex -28.7672 17.118 -3.3147
      vertex -27.0989 19.0113 -2.5184
    endloop
  endfacet
  facet normal -0.0770216 0.175365 -0.981486
    outer loop
      vertex -32.0912 11.5334 -4.4693
      vertex -32.8774 13.9897 -3.96873
      vertex -31.4143 11.8307 -4.4693
    endloop
  endfacet
  facet normal -0.0831879 0.323176 -0.942675
    outer loop
      vertex -32.4445 16.8061 -3.3147
      vertex -32.9011 19.0113 -2.5184
      vertex -31.2328 17.118 -3.3147
    endloop
  endfacet
  facet normal -0.277172 0.244202 -0.929269
    outer loop
      vertex -36.6784 13.6426 -3.3147
      vertex -36.8235 16.5081 -2.5184
      vertex -35.7496 14.6968 -3.3147
    endloop
  endfacet
  facet normal -0.234571 0.271307 -0.933472
    outer loop
      vertex -35.7496 14.6968 -3.3147
      vertex -36.8235 16.5081 -2.5184
      vertex -34.7223 15.585 -3.3147
    endloop
  endfacet
  facet normal -0.179233 0.121449 -0.976281
    outer loop
      vertex -33.864 10.0004 -4.4693
      vertex -35.9651 10.9235 -3.96873
      vertex -35.3167 11.8804 -3.96873
    endloop
  endfacet
  facet normal -0.244478 0.165659 -0.955399
    outer loop
      vertex -35.9651 10.9235 -3.96873
      vertex -37.493 12.4406 -3.3147
      vertex -35.3167 11.8804 -3.96873
    endloop
  endfacet
  facet normal -0.269627 0.139231 -0.952846
    outer loop
      vertex -36.5116 9.86518 -3.96873
      vertex -37.493 12.4406 -3.3147
      vertex -35.9651 10.9235 -3.96873
    endloop
  endfacet
  facet normal -0.346354 0.178818 -0.920903
    outer loop
      vertex -38.1793 11.1113 -3.3147
      vertex -39.7072 12.2528 -2.5184
      vertex -37.493 12.4406 -3.3147
    endloop
  endfacet
  facet normal 0.0523982 0.61773 0.784643
    outer loop
      vertex -30 24.7312 9.42289
      vertex -30 23.2923 10.5557
      vertex -28.155 23.1358 10.5557
    endloop
  endfacet
  facet normal -0.0625719 0.737704 0.672219
    outer loop
      vertex -30 24.7312 9.42289
      vertex -32.1012 25.6542 8.21439
      vertex -31.9901 24.5624 9.42289
    endloop
  endfacet
  facet normal -0.0812055 0.957354 0.277269
    outer loop
      vertex -30 26.9529 5.65403
      vertex -32.1763 26.3927 6.9509
      vertex -30 26.5773 6.9509
    endloop
  endfacet
  facet normal -0.0811989 0.957352 0.277279
    outer loop
      vertex -30 26.9529 5.65403
      vertex -32.2142 26.7651 5.65403
      vertex -32.1763 26.3927 6.9509
    endloop
  endfacet
  facet normal 0.18549 0.720606 0.668072
    outer loop
      vertex -27.8988 25.6542 8.21439
      vertex -28.0099 24.5624 9.42289
      vertex -25.8336 25.1226 8.21439
    endloop
  endfacet
  facet normal 0.185485 0.720612 0.668067
    outer loop
      vertex -25.8336 25.1226 8.21439
      vertex -28.0099 24.5624 9.42289
      vertex -26.0538 24.0589 9.42289
    endloop
  endfacet
  facet normal 0.50398 0.582851 0.637408
    outer loop
      vertex -21.9511 23.0414 8.21439
      vertex -22.3766 22.0877 9.42289
      vertex -20.7183 20.6538 9.42289
    endloop
  endfacet
  facet normal 0.42854 0.495605 0.755466
    outer loop
      vertex -22.3766 22.0877 9.42289
      vertex -22.9325 20.8416 10.5557
      vertex -20.7183 20.6538 9.42289
    endloop
  endfacet
  facet normal 0.460142 0.175363 0.870354
    outer loop
      vertex -18.9311 13.2702 11.5935
      vertex -20.2928 12.2528 12.5184
      vertex -18.1916 11.3298 11.5935
    endloop
  endfacet
  facet normal 0.372112 0.14182 0.917289
    outer loop
      vertex -20.2928 12.2528 12.5184
      vertex -21.8207 11.1113 13.3147
      vertex -21.2742 9.67737 13.3147
    endloop
  endfacet
  facet normal 0.473706 0.321027 0.820088
    outer loop
      vertex -20.0051 17.9346 10.5557
      vertex -20.9623 16.6959 11.5935
      vertex -18.786 16.1357 10.5557
    endloop
  endfacet
  facet normal 0.562866 0.38145 0.733265
    outer loop
      vertex -19.2189 18.9521 9.42289
      vertex -20.0051 17.9346 10.5557
      vertex -18.786 16.1357 10.5557
    endloop
  endfacet
  facet normal 0.292858 0.338659 0.894173
    outer loop
      vertex -22.2193 18.1224 11.5935
      vertex -23.6094 19.3245 11.5935
      vertex -23.1765 16.5081 12.5184
    endloop
  endfacet
  facet normal 0.292821 0.338657 0.894185
    outer loop
      vertex -23.6094 19.3245 11.5935
      vertex -24.3956 17.5622 12.5184
      vertex -23.1765 16.5081 12.5184
    endloop
  endfacet
  facet normal 0.710545 0.366844 0.60046
    outer loop
      vertex -16.0589 15.4162 8.21439
      vertex -17.2287 17.682 8.21439
      vertex -16.7959 14.8656 9.42289
    endloop
  endfacet
  facet normal 0.74029 0.501669 0.447548
    outer loop
      vertex -16.7721 18.1354 6.9509
      vertex -18.6171 19.7308 8.21439
      vertex -17.2287 17.682 8.21439
    endloop
  endfacet
  facet normal 0.988392 0.151924 0
    outer loop
      vertex -13.1815 7.86543 5.65403
      vertex -13.6144 10.6818 4.34597
      vertex -13.6144 10.6818 5.65403
    endloop
  endfacet
  facet normal 0.988392 0.151924 0
    outer loop
      vertex -13.6144 10.6818 4.34597
      vertex -13.1815 7.86543 5.65403
      vertex -13.1815 7.86543 4.34597
    endloop
  endfacet
  facet normal 0.94304 0.247378 -0.222438
    outer loop
      vertex -13.8948 10.5846 3.0491
      vertex -14.3277 13.401 4.34597
      vertex -13.6144 10.6818 4.34597
    endloop
  endfacet
  facet normal 0.844528 0.321857 -0.427996
    outer loop
      vertex -14.5958 13.2573 3.0491
      vertex -16.0589 15.4162 1.7856
      vertex -15.5605 15.7886 3.0491
    endloop
  endfacet
  facet normal 0.94304 0.247378 0.222438
    outer loop
      vertex -13.6144 10.6818 5.65403
      vertex -14.3277 13.401 5.65403
      vertex -13.8948 10.5846 6.9509
    endloop
  endfacet
  facet normal 0.506862 0.0256839 -0.861644
    outer loop
      vertex -17.2187 5 -1.59346
      vertex -18.887 6.89336 -2.5184
      vertex -17.3281 7.15897 -1.59346
    endloop
  endfacet
  facet normal 0.59924 0.092129 -0.795251
    outer loop
      vertex -15.9859 7.38763 -0.555702
      vertex -17.6542 9.28099 -1.59346
      vertex -16.3467 9.7344 -0.555702
    endloop
  endfacet
  facet normal 0.554555 0.211304 -0.804872
    outer loop
      vertex -16.941 12.0002 -0.555702
      vertex -18.9311 13.2702 -1.59346
      vertex -17.7587 14.1462 -0.555702
    endloop
  endfacet
  facet normal 0.581418 0.152505 -0.799185
    outer loop
      vertex -17.6542 9.28099 -1.59346
      vertex -18.1916 11.3298 -1.59346
      vertex -16.941 12.0002 -0.555702
    endloop
  endfacet
  facet normal 0.506853 0.0256724 -0.86165
    outer loop
      vertex -18.7911 5 -2.5184
      vertex -18.887 6.89336 -2.5184
      vertex -17.2187 5 -1.59346
    endloop
  endfacet
  facet normal 0.321537 -0.0162848 -0.946757
    outer loop
      vertex -20.6361 3.40464 -3.3147
      vertex -22.5454 3.72993 -3.96873
      vertex -20.5553 5 -3.3147
    endloop
  endfacet
  facet normal 0.372112 0.14182 -0.917289
    outer loop
      vertex -21.2742 9.67737 -3.3147
      vertex -21.8207 11.1113 -3.3147
      vertex -20.2928 12.2528 -2.5184
    endloop
  endfacet
  facet normal 0.391665 0.102732 -0.914355
    outer loop
      vertex -20.8771 8.16343 -3.3147
      vertex -21.2742 9.67737 -3.3147
      vertex -19.1731 8.75433 -2.5184
    endloop
  endfacet
  facet normal 0.236704 0.0120014 -0.971508
    outer loop
      vertex -24.5355 5 -4.4693
      vertex -24.5823 5.92304 -4.4693
      vertex -22.5454 6.27007 -3.96873
    endloop
  endfacet
  facet normal 0.244472 0.165681 -0.955397
    outer loop
      vertex -24.0348 10.9235 -3.96873
      vertex -24.6833 11.8804 -3.96873
      vertex -22.507 12.4406 -3.3147
    endloop
  endfacet
  facet normal 0.42918 0.221595 -0.875614
    outer loop
      vertex -20.2928 12.2528 -2.5184
      vertex -21.1074 13.8305 -2.5184
      vertex -19.8599 15.0692 -1.59346
    endloop
  endfacet
  facet normal 0.244472 0.16568 -0.955397
    outer loop
      vertex -22.507 12.4406 -3.3147
      vertex -24.6833 11.8804 -3.96873
      vertex -23.3216 13.6426 -3.3147
    endloop
  endfacet
  facet normal 0.473693 0.321018 -0.820099
    outer loop
      vertex -18.786 16.1357 -0.555702
      vertex -20.9623 16.6959 -1.59346
      vertex -20.0051 17.9346 -0.555702
    endloop
  endfacet
  facet normal 0.473693 0.321018 -0.820099
    outer loop
      vertex -19.8599 15.0692 -1.59346
      vertex -20.9623 16.6959 -1.59346
      vertex -18.786 16.1357 -0.555702
    endloop
  endfacet
  facet normal 0.287284 0.450158 -0.845474
    outer loop
      vertex -23.6094 19.3245 -1.59346
      vertex -24.5908 21.8999 -0.555702
      vertex -22.9325 20.8416 -0.555702
    endloop
  endfacet
  facet normal 0.234624 0.367641 -0.899884
    outer loop
      vertex -23.6094 19.3245 -1.59346
      vertex -25.7105 18.4014 -2.5184
      vertex -25.1088 20.2814 -1.59346
    endloop
  endfacet
  facet normal 0.408979 0.640802 -0.649699
    outer loop
      vertex -22.3766 22.0877 0.577112
      vertex -24.1653 23.2293 0.577112
      vertex -21.9511 23.0414 1.7856
    endloop
  endfacet
  facet normal 0.408979 0.640801 -0.6497
    outer loop
      vertex -21.9511 23.0414 1.7856
      vertex -24.1653 23.2293 0.577112
      vertex -23.8396 24.2467 1.7856
    endloop
  endfacet
  facet normal 0.387342 0.881766 -0.269173
    outer loop
      vertex -23.6194 24.9348 3.0491
      vertex -25.6846 25.842 3.0491
      vertex -25.6095 26.2049 4.34597
    endloop
  endfacet
  facet normal 0.387378 0.881767 -0.269118
    outer loop
      vertex -23.6194 24.9348 3.0491
      vertex -25.6095 26.2049 4.34597
      vertex -23.5083 25.2818 4.34597
    endloop
  endfacet
  facet normal 0.0625964 0.737676 -0.672247
    outer loop
      vertex -27.8988 25.6542 1.7856
      vertex -30 24.7312 0.577112
      vertex -30 25.8325 1.7856
    endloop
  endfacet
  facet normal 0.0729046 0.859154 -0.506498
    outer loop
      vertex -27.8988 25.6542 1.7856
      vertex -30 25.8325 1.7856
      vertex -27.8237 26.3927 3.0491
    endloop
  endfacet
  facet normal 0.816928 0.0413694 -0.575255
    outer loop
      vertex -13.9022 5 1.7856
      vertex -14.8836 7.57544 0.577112
      vertex -14.0399 7.71918 1.7856
    endloop
  endfacet
  facet normal 0.898609 0.138125 -0.416442
    outer loop
      vertex -13.4693 7.8164 3.0491
      vertex -14.0399 7.71918 1.7856
      vertex -13.8948 10.5846 3.0491
    endloop
  endfacet
  facet normal 0.844513 0.321806 -0.428064
    outer loop
      vertex -15.1276 12.9722 1.7856
      vertex -16.0589 15.4162 1.7856
      vertex -14.5958 13.2573 3.0491
    endloop
  endfacet
  facet normal 0.877306 0.230101 -0.421174
    outer loop
      vertex -13.8948 10.5846 3.0491
      vertex -15.1276 12.9722 1.7856
      vertex -14.5958 13.2573 3.0491
    endloop
  endfacet
  facet normal 0.799273 0.412647 -0.436903
    outer loop
      vertex -16.0589 15.4162 1.7856
      vertex -16.7721 18.1354 3.0491
      vertex -15.5605 15.7886 3.0491
    endloop
  endfacet
  facet normal 0.799266 0.41265 -0.436914
    outer loop
      vertex -16.0589 15.4162 1.7856
      vertex -17.2287 17.682 1.7856
      vertex -16.7721 18.1354 3.0491
    endloop
  endfacet
  facet normal 0.576681 0.666921 -0.471864
    outer loop
      vertex -20.2003 21.5275 1.7856
      vertex -21.9511 23.0414 1.7856
      vertex -21.6633 23.6865 3.0491
    endloop
  endfacet
  facet normal 0.632592 0.731549 -0.25429
    outer loop
      vertex -19.8499 22.1184 3.0491
      vertex -21.6633 23.6865 3.0491
      vertex -19.6732 22.4164 4.34597
    endloop
  endfacet
  facet normal 0.864289 0.446213 -0.23216
    outer loop
      vertex -15.5605 15.7886 3.0491
      vertex -16.7721 18.1354 3.0491
      vertex -15.3091 15.9764 4.34597
    endloop
  endfacet
  facet normal 0.864288 0.446243 -0.232109
    outer loop
      vertex -15.3091 15.9764 4.34597
      vertex -16.7721 18.1354 3.0491
      vertex -16.5419 18.3641 4.34597
    endloop
  endfacet
  facet normal 0.803884 0.54476 0.23876
    outer loop
      vertex -16.5419 18.3641 5.65403
      vertex -18.0049 20.523 5.65403
      vertex -16.7721 18.1354 6.9509
    endloop
  endfacet
  facet normal 0.864288 0.446243 0.232109
    outer loop
      vertex -16.5419 18.3641 5.65403
      vertex -16.7721 18.1354 6.9509
      vertex -15.3091 15.9764 5.65403
    endloop
  endfacet
  facet normal 0.70347 0.108132 0.702451
    outer loop
      vertex -15.2727 10.1068 9.42289
      vertex -15.9859 7.38763 10.5557
      vertex -14.8836 7.57544 9.42289
    endloop
  endfacet
  facet normal 0.713229 0.0361123 0.700001
    outer loop
      vertex -14.8836 7.57544 9.42289
      vertex -15.865 5 10.5557
      vertex -14.7532 5 9.42289
    endloop
  endfacet
  facet normal 0.785813 -0.206132 0.583102
    outer loop
      vertex -15.2727 -0.10681 9.42289
      vertex -15.9138 -2.5508 9.42289
      vertex -15.1276 -2.97224 8.21439
    endloop
  endfacet
  facet normal 0.753995 -0.287315 0.590713
    outer loop
      vertex -15.9138 -2.5508 9.42289
      vertex -16.0589 -5.41623 8.21439
      vertex -15.1276 -2.97224 8.21439
    endloop
  endfacet
  facet normal 0.964266 -0.148214 0.219597
    outer loop
      vertex -13.1815 2.13457 5.65403
      vertex -13.8948 -0.58461 6.9509
      vertex -13.6144 -0.681828 5.65403
    endloop
  endfacet
  facet normal 0.988392 -0.151923 0
    outer loop
      vertex -13.6144 -0.681828 5.65403
      vertex -13.1815 2.13457 4.34597
      vertex -13.1815 2.13457 5.65403
    endloop
  endfacet
  facet normal 0.988392 -0.151923 0
    outer loop
      vertex -13.1815 2.13457 4.34597
      vertex -13.6144 -0.681828 5.65403
      vertex -13.6144 -0.681828 4.34597
    endloop
  endfacet
  facet normal 0.943039 -0.24738 -0.222442
    outer loop
      vertex -13.6144 -0.681828 4.34597
      vertex -14.3277 -3.40101 4.34597
      vertex -13.8948 -0.58461 3.0491
    endloop
  endfacet
  facet normal 0.964266 -0.148214 -0.219597
    outer loop
      vertex -13.6144 -0.681828 4.34597
      vertex -13.8948 -0.58461 3.0491
      vertex -13.1815 2.13457 4.34597
    endloop
  endfacet
  facet normal 0.345122 0.304102 -0.887926
    outer loop
      vertex -22.0741 15.257 -2.5184
      vertex -23.1765 16.5081 -2.5184
      vertex -20.9623 16.6959 -1.59346
    endloop
  endfacet
  facet normal 0.234571 0.271307 -0.933472
    outer loop
      vertex -24.2504 14.6968 -3.3147
      vertex -25.2777 15.585 -3.3147
      vertex -23.1765 16.5081 -2.5184
    endloop
  endfacet
  facet normal 0.346354 0.17883 -0.920901
    outer loop
      vertex -20.2928 12.2528 -2.5184
      vertex -22.507 12.4406 -3.3147
      vertex -21.1074 13.8305 -2.5184
    endloop
  endfacet
  facet normal 0.31456 0.213179 -0.92499
    outer loop
      vertex -22.507 12.4406 -3.3147
      vertex -23.3216 13.6426 -3.3147
      vertex -22.0741 15.257 -2.5184
    endloop
  endfacet
  facet normal 0.144976 0.227146 -0.963009
    outer loop
      vertex -26.2405 13.4267 -3.96873
      vertex -27.1226 13.9897 -3.96873
      vertex -26.3857 16.2922 -3.3147
    endloop
  endfacet
  facet normal 0.105552 0.240312 -0.96494
    outer loop
      vertex -27.1226 13.9897 -3.96873
      vertex -28.054 14.3988 -3.96873
      vertex -26.3857 16.2922 -3.3147
    endloop
  endfacet
  facet normal 0.239713 0.931253 -0.274418
    outer loop
      vertex -25.6095 26.2049 4.34597
      vertex -27.8237 26.3927 3.0491
      vertex -27.7858 26.7651 4.34597
    endloop
  endfacet
  facet normal -0.0728778 0.859177 -0.506462
    outer loop
      vertex -30 25.8325 1.7856
      vertex -32.1763 26.3927 3.0491
      vertex -30 26.5773 3.0491
    endloop
  endfacet
  facet normal -0.0729046 0.859154 -0.506498
    outer loop
      vertex -32.1012 25.6542 1.7856
      vertex -32.1763 26.3927 3.0491
      vertex -30 25.8325 1.7856
    endloop
  endfacet
  facet normal -0.234624 0.367641 -0.899884
    outer loop
      vertex -34.2895 18.4014 -2.5184
      vertex -36.3906 19.3245 -1.59346
      vertex -34.8912 20.2814 -1.59346
    endloop
  endfacet
  facet normal -0.210449 0.479054 -0.852185
    outer loop
      vertex -34.8912 20.2814 -1.59346
      vertex -35.4092 21.8999 -0.555702
      vertex -33.308 20.9769 -1.59346
    endloop
  endfacet
  facet normal 0.117558 0.0796832 0.989864
    outer loop
      vertex -25.6647 9.30496 14.4693
      vertex -27.6549 8.03489 14.8079
      vertex -27.3688 7.6128 14.8079
    endloop
  endfacet
  facet normal -0.0102561 0.120911 0.99261
    outer loop
      vertex -30 12.0717 14.4693
      vertex -30.4329 9.25527 14.8079
      vertex -30 9.29199 14.8079
    endloop
  endfacet
  facet normal 0.0503802 0.114686 0.992123
    outer loop
      vertex -28.5857 11.8307 14.4693
      vertex -29.1416 9.14574 14.8079
      vertex -28.7308 8.96528 14.8079
    endloop
  endfacet
  facet normal -0.187538 0.293823 0.937282
    outer loop
      vertex -34.2895 18.4014 12.5184
      vertex -34.7223 15.585 13.3147
      vertex -33.6143 16.2922 13.3147
    endloop
  endfacet
  facet normal -0.345108 0.304101 0.887932
    outer loop
      vertex -37.7807 18.1224 11.5935
      vertex -39.0377 16.6959 11.5935
      vertex -36.8235 16.5081 12.5184
    endloop
  endfacet
  facet normal -0.13282 0.153625 0.979162
    outer loop
      vertex -32.7322 11.1242 14.4693
      vertex -33.7595 13.4267 13.9687
      vertex -33.3266 10.6103 14.4693
    endloop
  endfacet
  facet normal -0.132843 0.153621 0.979159
    outer loop
      vertex -33.7595 13.4267 13.9687
      vertex -34.5772 12.7196 13.9687
      vertex -33.3266 10.6103 14.4693
    endloop
  endfacet
  facet normal -0.943063 -0.247352 0.222373
    outer loop
      vertex -45.4042 -3.25727 6.9509
      vertex -46.1052 -0.58461 6.9509
      vertex -45.6723 -3.40101 5.65403
    endloop
  endfacet
  facet normal -0.910148 -0.346822 0.226594
    outer loop
      vertex -45.4042 -3.25727 6.9509
      vertex -45.6723 -3.40101 5.65403
      vertex -44.6909 -5.97645 5.65403
    endloop
  endfacet
  facet normal -0.345107 -0.304099 0.887933
    outer loop
      vertex -37.9259 -5.25701 12.5184
      vertex -39.0377 -6.69588 11.5935
      vertex -36.8235 -6.50807 12.5184
    endloop
  endfacet
  facet normal -0.314581 -0.213174 0.924984
    outer loop
      vertex -37.493 -2.44061 13.3147
      vertex -38.8926 -3.83045 12.5184
      vertex -37.9259 -5.25701 12.5184
    endloop
  endfacet
  facet normal -0.155603 -0.604519 0.781246
    outer loop
      vertex -33.6584 -12.669 10.5557
      vertex -33.9462 -14.0589 9.42289
      vertex -31.9901 -14.5624 9.42289
    endloop
  endfacet
  facet normal -0.576705 -0.66692 0.471836
    outer loop
      vertex -39.7997 -11.5275 8.21439
      vertex -40.1501 -12.1184 6.9509
      vertex -38.3367 -13.6865 6.9509
    endloop
  endfacet
  facet normal -0.157419 -0.138715 0.977741
    outer loop
      vertex -33.3266 -0.610332 14.4693
      vertex -35.3167 -1.8804 13.9687
      vertex -34.5772 -2.71961 13.9687
    endloop
  endfacet
  facet normal -0.277168 -0.244208 0.929269
    outer loop
      vertex -36.6784 -3.64264 13.3147
      vertex -36.8235 -6.50807 12.5184
      vertex -35.7496 -4.6968 13.3147
    endloop
  endfacet
  facet normal -0.144958 -0.227142 0.963013
    outer loop
      vertex -32.8774 -3.98967 13.9687
      vertex -33.7595 -3.42673 13.9687
      vertex -33.6143 -6.29216 13.3147
    endloop
  endfacet
  facet normal -0.181627 -0.210065 0.960669
    outer loop
      vertex -34.5772 -2.71961 13.9687
      vertex -35.7496 -4.6968 13.3147
      vertex -34.7223 -5.58503 13.3147
    endloop
  endfacet
  facet normal -0.234628 -0.367623 0.89989
    outer loop
      vertex -35.6044 -7.56222 12.5184
      vertex -36.3906 -9.32447 11.5935
      vertex -34.2895 -8.40143 12.5184
    endloop
  endfacet
  facet normal -0.234578 -0.271306 0.93347
    outer loop
      vertex -35.7496 -4.6968 13.3147
      vertex -36.8235 -6.50807 12.5184
      vertex -34.7223 -5.58503 13.3147
    endloop
  endfacet
  facet normal -0.562882 -0.381447 0.733255
    outer loop
      vertex -41.214 -6.13566 10.5557
      vertex -42.0961 -7.01159 9.42289
      vertex -40.7811 -8.95207 9.42289
    endloop
  endfacet
  facet normal -0.65473 -0.443689 0.611938
    outer loop
      vertex -42.0961 -7.01159 9.42289
      vertex -42.7713 -7.682 8.21439
      vertex -40.7811 -8.95207 9.42289
    endloop
  endfacet
  facet normal -0.346355 -0.178813 0.920904
    outer loop
      vertex -38.1793 -1.11127 13.3147
      vertex -39.7072 -2.2528 12.5184
      vertex -37.493 -2.44061 13.3147
    endloop
  endfacet
  facet normal -0.483447 -0.126809 0.86614
    outer loop
      vertex -40.8269 1.24567 12.5184
      vertex -42.3458 0.719009 11.5935
      vertex -41.8084 -1.32977 11.5935
    endloop
  endfacet
  facet normal -0.40474 -0.0622236 0.912312
    outer loop
      vertex -39.3639 3.40464 13.3147
      vertex -41.113 3.10664 12.5184
      vertex -40.8269 1.24567 12.5184
    endloop
  endfacet
  facet normal -0.499018 -0.0767176 0.863189
    outer loop
      vertex -41.113 3.10664 12.5184
      vertex -42.3458 0.719009 11.5935
      vertex -40.8269 1.24567 12.5184
    endloop
  endfacet
  facet normal -0.806635 -0.123984 0.5779
    outer loop
      vertex -44.7273 -0.10681 9.42289
      vertex -45.9601 2.28082 8.21439
      vertex -45.5493 -0.391838 8.21439
    endloop
  endfacet
  facet normal -0.806639 -0.123989 0.577893
    outer loop
      vertex -45.1164 2.42456 9.42289
      vertex -45.9601 2.28082 8.21439
      vertex -44.7273 -0.10681 9.42289
    endloop
  endfacet
  facet normal -0.34512 0.304112 -0.887924
    outer loop
      vertex -36.8235 16.5081 -2.5184
      vertex -39.0377 16.6959 -1.59346
      vertex -37.7807 18.1224 -1.59346
    endloop
  endfacet
  facet normal -0.345122 0.304102 -0.887926
    outer loop
      vertex -37.9259 15.257 -2.5184
      vertex -39.0377 16.6959 -1.59346
      vertex -36.8235 16.5081 -2.5184
    endloop
  endfacet
  facet normal -0.408979 0.640802 -0.649699
    outer loop
      vertex -37.6234 22.0877 0.577112
      vertex -38.0489 23.0414 1.7856
      vertex -35.8347 23.2293 0.577112
    endloop
  endfacet
  facet normal -0.345901 0.54197 -0.765912
    outer loop
      vertex -37.0675 20.8416 -0.555702
      vertex -37.6234 22.0877 0.577112
      vertex -35.8347 23.2293 0.577112
    endloop
  endfacet
  facet normal -0.91012 0.346855 -0.226656
    outer loop
      vertex -44.4395 15.7886 3.0491
      vertex -45.4042 13.2573 3.0491
      vertex -44.6909 15.9764 4.34597
    endloop
  endfacet
  facet normal -0.799273 0.412647 -0.436903
    outer loop
      vertex -43.9411 15.4162 1.7856
      vertex -44.4395 15.7886 3.0491
      vertex -43.2279 18.1354 3.0491
    endloop
  endfacet
  facet normal -0.864289 0.446213 -0.23216
    outer loop
      vertex -44.4395 15.7886 3.0491
      vertex -44.6909 15.9764 4.34597
      vertex -43.2279 18.1354 3.0491
    endloop
  endfacet
  facet normal -0.864288 0.446243 -0.232109
    outer loop
      vertex -43.2279 18.1354 3.0491
      vertex -44.6909 15.9764 4.34597
      vertex -43.4581 18.3641 4.34597
    endloop
  endfacet
  facet normal -0.827826 0.560985 0
    outer loop
      vertex -43.4581 18.3641 4.34597
      vertex -41.9951 20.523 5.65403
      vertex -41.9951 20.523 4.34597
    endloop
  endfacet
  facet normal -0.827826 0.560985 0
    outer loop
      vertex -41.9951 20.523 5.65403
      vertex -43.4581 18.3641 4.34597
      vertex -43.4581 18.3641 5.65403
    endloop
  endfacet
  facet normal -0.91012 0.346855 0.226656
    outer loop
      vertex -44.6909 15.9764 5.65403
      vertex -45.4042 13.2573 6.9509
      vertex -44.4395 15.7886 6.9509
    endloop
  endfacet
  facet normal -0.910149 0.346828 0.226584
    outer loop
      vertex -44.6909 15.9764 5.65403
      vertex -45.6723 13.401 5.65403
      vertex -45.4042 13.2573 6.9509
    endloop
  endfacet
  facet normal -0.753986 0.287321 0.590721
    outer loop
      vertex -43.9411 15.4162 8.21439
      vertex -44.0862 12.5508 9.42289
      vertex -43.2041 14.8656 9.42289
    endloop
  endfacet
  facet normal -0.799265 0.412649 0.436916
    outer loop
      vertex -43.2279 18.1354 6.9509
      vertex -43.9411 15.4162 8.21439
      vertex -42.7713 17.682 8.21439
    endloop
  endfacet
  facet normal -0.654734 0.44369 0.611933
    outer loop
      vertex -41.3829 19.7308 8.21439
      vertex -42.7713 17.682 8.21439
      vertex -40.7811 18.9521 9.42289
    endloop
  endfacet
  facet normal -0.50398 0.582851 0.637408
    outer loop
      vertex -38.0489 23.0414 8.21439
      vertex -39.2817 20.6538 9.42289
      vertex -37.6234 22.0877 9.42289
    endloop
  endfacet
  facet normal -0.292858 0.338659 0.894173
    outer loop
      vertex -36.3906 19.3245 11.5935
      vertex -37.7807 18.1224 11.5935
      vertex -36.8235 16.5081 12.5184
    endloop
  endfacet
  facet normal -0.234616 0.367628 0.899892
    outer loop
      vertex -34.8912 20.2814 11.5935
      vertex -36.3906 19.3245 11.5935
      vertex -34.2895 18.4014 12.5184
    endloop
  endfacet
  facet normal -0.470796 0.737742 0.483826
    outer loop
      vertex -36.3806 24.9348 6.9509
      vertex -38.3367 23.6865 6.9509
      vertex -36.1604 24.2467 8.21439
    endloop
  endfacet
  facet normal -0.239713 0.931253 0.274418
    outer loop
      vertex -32.2142 26.7651 5.65403
      vertex -34.3905 26.2049 5.65403
      vertex -32.1763 26.3927 6.9509
    endloop
  endfacet
  facet normal -0.632588 0.731557 0.254277
    outer loop
      vertex -38.4818 24.0118 5.65403
      vertex -40.3268 22.4164 5.65403
      vertex -38.3367 23.6865 6.9509
    endloop
  endfacet
  facet normal -0.349594 0.795855 0.494367
    outer loop
      vertex -34.3154 25.842 6.9509
      vertex -36.1604 24.2467 8.21439
      vertex -34.1664 25.1226 8.21439
    endloop
  endfacet
  facet normal -0.244462 0.165673 0.955401
    outer loop
      vertex -36.6784 13.6426 13.3147
      vertex -37.493 12.4406 13.3147
      vertex -35.3167 11.8804 13.9687
    endloop
  endfacet
  facet normal -0.34511 0.304092 0.887934
    outer loop
      vertex -36.8235 16.5081 12.5184
      vertex -39.0377 16.6959 11.5935
      vertex -37.9259 15.257 12.5184
    endloop
  endfacet
  facet normal -0.0869908 0.100598 0.991117
    outer loop
      vertex -31.6583 8.71697 14.8079
      vertex -33.3266 10.6103 14.4693
      vertex -32.019 8.40506 14.8079
    endloop
  endfacet
  facet normal 0.0151094 -0.0586976 0.998161
    outer loop
      vertex -29.1416 0.854259 14.8079
      vertex -29.7122 3.61016 14.9786
      vertex -29.5671 0.744731 14.8079
    endloop
  endfacet
  facet normal -0.0342554 -0.053663 0.997971
    outer loop
      vertex -30.5559 3.7539 14.9786
      vertex -31.2692 1.03472 14.8079
      vertex -30.4255 3.67066 14.9786
    endloop
  endfacet
  facet normal -0.197928 0.102207 0.974874
    outer loop
      vertex -35.9651 10.9235 13.9687
      vertex -36.5116 9.86518 13.9687
      vertex -34.7324 8.53583 14.4693
    endloop
  endfacet
  facet normal -0.0581874 0.0394404 0.997526
    outer loop
      vertex -32.3451 8.03489 14.8079
      vertex -32.6312 7.6128 14.8079
      vertex -30.7862 6.01743 14.9786
    endloop
  endfacet
  facet normal 0.0342554 -0.053663 0.997971
    outer loop
      vertex -29.4441 3.7539 14.9786
      vertex -29.5745 3.67066 14.9786
      vertex -28.7308 1.03472 14.8079
    endloop
  endfacet
  facet normal -0.654057 0.249218 0.714213
    outer loop
      vertex -42.2413 14.1462 10.5557
      vertex -44.0862 12.5508 9.42289
      vertex -43.059 12.0002 10.5557
    endloop
  endfacet
  facet normal -0.683828 0.179362 0.707254
    outer loop
      vertex -43.059 12.0002 10.5557
      vertex -44.0862 12.5508 9.42289
      vertex -43.6533 9.7344 10.5557
    endloop
  endfacet
  facet normal -0.0279047 0.329196 0.943849
    outer loop
      vertex -30 19.5056 12.5184
      vertex -31.2328 17.118 13.3147
      vertex -30 17.2225 13.3147
    endloop
  endfacet
  facet normal 0.104426 0.405655 0.908041
    outer loop
      vertex -26.692 20.9769 11.5935
      vertex -28.3317 21.399 11.5935
      vertex -27.0989 19.0113 12.5184
    endloop
  endfacet
  facet normal 0.0215401 0.253775 0.967023
    outer loop
      vertex -30 17.2225 13.3147
      vertex -30 14.7304 13.9687
      vertex -29.0186 14.6471 13.9687
    endloop
  endfacet
  facet normal 0.083197 0.323169 0.942677
    outer loop
      vertex -28.5369 19.3815 12.5184
      vertex -28.7672 17.118 13.3147
      vertex -27.0989 19.0113 12.5184
    endloop
  endfacet
  facet normal -0.654068 0.249246 0.714193
    outer loop
      vertex -43.2041 14.8656 9.42289
      vertex -44.0862 12.5508 9.42289
      vertex -42.2413 14.1462 10.5557
    endloop
  endfacet
  facet normal -0.613839 0.316963 0.723005
    outer loop
      vertex -41.214 16.1357 10.5557
      vertex -43.2041 14.8656 9.42289
      vertex -42.2413 14.1462 10.5557
    endloop
  endfacet
  facet normal -0.806639 0.12399 0.577893
    outer loop
      vertex -44.7273 10.1068 9.42289
      vertex -45.9601 7.71918 8.21439
      vertex -45.1164 7.57544 9.42289
    endloop
  endfacet
  facet normal -0.608129 0.0307932 0.79324
    outer loop
      vertex -44.0141 7.38763 10.5557
      vertex -44.135 5 10.5557
      vertex -42.7813 5 11.5935
    endloop
  endfacet
  facet normal -0.599221 0.0920849 0.79527
    outer loop
      vertex -42.3458 9.28099 11.5935
      vertex -44.0141 7.38763 10.5557
      vertex -42.6719 7.15897 11.5935
    endloop
  endfacet
  facet normal -0.70347 0.108132 0.702451
    outer loop
      vertex -44.7273 10.1068 9.42289
      vertex -45.1164 7.57544 9.42289
      vertex -44.0141 7.38763 10.5557
    endloop
  endfacet
  facet normal -0.654064 -0.249244 0.714197
    outer loop
      vertex -42.2413 -4.14616 10.5557
      vertex -44.0862 -2.5508 9.42289
      vertex -43.2041 -4.8656 9.42289
    endloop
  endfacet
  facet normal -0.419838 -0.369928 0.828788
    outer loop
      vertex -39.0377 -6.69588 11.5935
      vertex -39.9949 -7.93463 10.5557
      vertex -38.6048 -9.51228 10.5557
    endloop
  endfacet
  facet normal -0.473706 0.321026 0.820088
    outer loop
      vertex -39.0377 16.6959 11.5935
      vertex -41.214 16.1357 10.5557
      vertex -40.1401 15.0692 11.5935
    endloop
  endfacet
  facet normal -0.31456 0.213179 0.92499
    outer loop
      vertex -36.6784 13.6426 13.3147
      vertex -37.9259 15.257 12.5184
      vertex -37.493 12.4406 13.3147
    endloop
  endfacet
  facet normal -0.554587 0.211357 0.804837
    outer loop
      vertex -41.0689 13.2702 11.5935
      vertex -43.059 12.0002 10.5557
      vertex -41.8084 11.3298 11.5935
    endloop
  endfacet
  facet normal -0.499019 0.0767176 0.863189
    outer loop
      vertex -40.8269 8.75433 12.5184
      vertex -42.3458 9.28099 11.5935
      vertex -41.113 6.89336 12.5184
    endloop
  endfacet
  facet normal -0.727188 0.640715 0.246336
    outer loop
      vertex -40.1501 22.1184 6.9509
      vertex -41.9951 20.523 5.65403
      vertex -41.7898 20.2574 6.9509
    endloop
  endfacet
  facet normal -0.803853 0.544779 0.238824
    outer loop
      vertex -41.9951 20.523 5.65403
      vertex -43.2279 18.1354 6.9509
      vertex -41.7898 20.2574 6.9509
    endloop
  endfacet
  facet normal -0.576705 0.66692 0.471836
    outer loop
      vertex -38.3367 23.6865 6.9509
      vertex -40.1501 22.1184 6.9509
      vertex -39.7997 21.5275 8.21439
    endloop
  endfacet
  facet normal -0.57668 0.66692 0.471867
    outer loop
      vertex -38.3367 23.6865 6.9509
      vertex -39.7997 21.5275 8.21439
      vertex -38.0489 23.0414 8.21439
    endloop
  endfacet
  facet normal -0.964266 -0.148214 -0.219597
    outer loop
      vertex -46.3856 -0.681828 4.34597
      vertex -46.8185 2.13457 4.34597
      vertex -46.1052 -0.58461 3.0491
    endloop
  endfacet
  facet normal -0.988392 -0.151923 0
    outer loop
      vertex -46.3856 -0.681828 4.34597
      vertex -46.8185 2.13457 5.65403
      vertex -46.8185 2.13457 4.34597
    endloop
  endfacet
  facet normal -0.988392 -0.151923 0
    outer loop
      vertex -46.8185 2.13457 5.65403
      vertex -46.3856 -0.681828 4.34597
      vertex -46.3856 -0.681828 5.65403
    endloop
  endfacet
  facet normal -0.909081 0.0460361 -0.414069
    outer loop
      vertex -46.0978 5 1.7856
      vertex -46.6733 5 3.0491
      vertex -45.9601 7.71918 1.7856
    endloop
  endfacet
  facet normal -0.877324 0.230143 -0.421113
    outer loop
      vertex -45.5493 10.3918 1.7856
      vertex -46.1052 10.5846 3.0491
      vertex -44.8724 12.9722 1.7856
    endloop
  endfacet
  facet normal 0.0430261 -0.0497563 -0.997834
    outer loop
      vertex -28.3417 1.28303 -4.80785
      vertex -29.3231 3.85847 -4.97859
      vertex -27.981 1.59494 -4.80785
    endloop
  endfacet
  facet normal 0.0692959 0.10855 -0.991673
    outer loop
      vertex -27.2678 11.1242 -4.4693
      vertex -28.7308 8.96528 -4.80785
      vertex -27.9088 11.5334 -4.4693
    endloop
  endfacet
  facet normal -0.0772114 0.0039004 -0.997007
    outer loop
      vertex -31.1023 5.18781 -4.97859
      vertex -33.3165 5 -4.80785
      vertex -33.2882 5.56022 -4.80785
    endloop
  endfacet
  facet normal 0.0759064 -0.0116368 -0.997047
    outer loop
      vertex -26.7965 3.88915 -4.80785
      vertex -28.926 4.62759 -4.97859
      vertex -28.8977 4.81219 -4.97859
    endloop
  endfacet
  facet normal 0.129923 0.0670789 -0.989252
    outer loop
      vertex -25.2676 8.53583 -4.4693
      vertex -27.1278 7.14599 -4.80785
      vertex -25.6647 9.30496 -4.4693
    endloop
  endfacet
  facet normal 0.0732823 0.0192159 -0.997126
    outer loop
      vertex -26.7965 6.11085 -4.80785
      vertex -28.9728 5.55063 -4.97859
      vertex -26.9359 6.64247 -4.80785
    endloop
  endfacet
  facet normal 0.0772153 0.0039469 -0.997007
    outer loop
      vertex -28.8881 5 -4.97859
      vertex -28.8977 5.18781 -4.97859
      vertex -26.6835 5 -4.80785
    endloop
  endfacet
  facet normal -0.00506784 0.0597355 -0.998201
    outer loop
      vertex -30.1451 6.42656 -4.97859
      vertex -30.4329 9.25527 -4.80785
      vertex -30 6.43887 -4.97859
    endloop
  endfacet
  facet normal 0.236715 0.0119842 -0.971505
    outer loop
      vertex -22.4811 5 -3.96873
      vertex -24.5355 5 -4.4693
      vertex -22.5454 6.27007 -3.96873
    endloop
  endfacet
  facet normal 0.232757 0.0357638 -0.971877
    outer loop
      vertex -24.5823 5.92304 -4.4693
      vertex -24.7217 6.83028 -4.4693
      vertex -22.7373 7.5184 -3.96873
    endloop
  endfacet
  facet normal 0.213217 -0.0812498 -0.97362
    outer loop
      vertex -23.4884 0.134824 -3.96873
      vertex -25.2676 1.46417 -4.4693
      vertex -23.0534 1.27636 -3.96873
    endloop
  endfacet
  facet normal 0.0758903 -0.0116737 -0.997048
    outer loop
      vertex -26.7965 3.88915 -4.80785
      vertex -28.8977 4.81219 -4.97859
      vertex -26.7118 4.43978 -4.80785
    endloop
  endfacet
  facet normal 0.155692 -0.00789392 -0.987774
    outer loop
      vertex -24.5823 4.07696 -4.4693
      vertex -26.7118 4.43978 -4.80785
      vertex -24.5355 5 -4.4693
    endloop
  endfacet
  facet normal 0.236704 -0.0120014 -0.971508
    outer loop
      vertex -22.5454 3.72993 -3.96873
      vertex -24.5823 4.07696 -4.4693
      vertex -24.5355 5 -4.4693
    endloop
  endfacet
  facet normal 0.213218 0.08124 -0.973621
    outer loop
      vertex -24.9515 7.70621 -4.4693
      vertex -25.2676 8.53583 -4.4693
      vertex -23.0534 8.72364 -3.96873
    endloop
  endfacet
  facet normal 0.305757 0.0801914 -0.948726
    outer loop
      vertex -22.7373 7.5184 -3.96873
      vertex -23.0534 8.72364 -3.96873
      vertex -20.8771 8.16343 -3.3147
    endloop
  endfacet
  facet normal 0.234637 -0.367636 -0.899883
    outer loop
      vertex -23.6094 -9.32447 -1.59346
      vertex -25.7105 -8.40143 -2.5184
      vertex -24.3956 -7.56222 -2.5184
    endloop
  endfacet
  facet normal 0.187518 -0.293822 -0.937286
    outer loop
      vertex -25.7105 -8.40143 -2.5184
      vertex -26.3857 -6.29216 -3.3147
      vertex -25.2777 -5.58503 -3.3147
    endloop
  endfacet
  facet normal 0.244473 -0.165675 -0.955398
    outer loop
      vertex -22.507 -2.44061 -3.3147
      vertex -24.6833 -1.8804 -3.96873
      vertex -24.0348 -0.923462 -3.96873
    endloop
  endfacet
  facet normal 0.179225 -0.121457 -0.976282
    outer loop
      vertex -24.6833 -1.8804 -3.96873
      vertex -25.6647 0.695041 -4.4693
      vertex -24.0348 -0.923462 -3.96873
    endloop
  endfacet
  facet normal 0.29015 -0.110584 -0.95057
    outer loop
      vertex -21.8207 -1.11127 -3.3147
      vertex -23.0534 1.27636 -3.96873
      vertex -21.2742 0.322634 -3.3147
    endloop
  endfacet
  facet normal 0.372109 -0.141821 -0.91729
    outer loop
      vertex -20.2928 -2.2528 -2.5184
      vertex -21.8207 -1.11127 -3.3147
      vertex -21.2742 0.322634 -3.3147
    endloop
  endfacet
  facet normal 0.132839 -0.153612 -0.979161
    outer loop
      vertex -26.2405 -3.42673 -3.96873
      vertex -26.6734 -0.610332 -4.4693
      vertex -25.4228 -2.71961 -3.96873
    endloop
  endfacet
  facet normal 0.0582034 0.0394467 -0.997525
    outer loop
      vertex -29.1179 5.87593 -4.97859
      vertex -29.2138 6.01743 -4.97859
      vertex -27.3688 7.6128 -4.80785
    endloop
  endfacet
  facet normal 0.470797 -0.737744 -0.483823
    outer loop
      vertex -23.6194 -14.9348 3.0491
      vertex -23.8396 -14.2467 1.7856
      vertex -21.6633 -13.6865 3.0491
    endloop
  endfacet
  facet normal 0.185485 -0.720609 -0.668071
    outer loop
      vertex -25.8336 -15.1226 1.7856
      vertex -28.0099 -14.5624 0.577112
      vertex -26.0538 -14.0589 0.577112
    endloop
  endfacet
  facet normal 0.254274 -0.578829 -0.774791
    outer loop
      vertex -26.0538 -14.0589 0.577112
      vertex -26.3416 -12.669 -0.555702
      vertex -24.1653 -13.2293 0.577112
    endloop
  endfacet
  facet normal 0.408979 -0.640801 -0.6497
    outer loop
      vertex -23.8396 -14.2467 1.7856
      vertex -24.1653 -13.2293 0.577112
      vertex -21.9511 -13.0414 1.7856
    endloop
  endfacet
  facet normal 0.10556 -0.24031 -0.964939
    outer loop
      vertex -26.3857 -6.29216 -3.3147
      vertex -28.054 -4.3988 -3.96873
      vertex -27.1226 -3.98967 -3.96873
    endloop
  endfacet
  facet normal 0.0770301 -0.175362 -0.981486
    outer loop
      vertex -28.054 -4.3988 -3.96873
      vertex -28.5857 -1.83071 -4.4693
      vertex -27.1226 -3.98967 -3.96873
    endloop
  endfacet
  facet normal 0.0350767 -0.413544 -0.909808
    outer loop
      vertex -28.3317 -11.399 -1.59346
      vertex -30 -9.50561 -2.5184
      vertex -28.5369 -9.38151 -2.5184
    endloop
  endfacet
  facet normal 0.0215241 -0.253777 -0.967023
    outer loop
      vertex -28.7672 -7.11798 -3.3147
      vertex -30 -7.22254 -3.3147
      vertex -29.0186 -4.64711 -3.96873
    endloop
  endfacet
  facet normal -0.0156916 -0.185004 -0.982612
    outer loop
      vertex -30 -4.73035 -3.96873
      vertex -30.9814 -4.64711 -3.96873
      vertex -30 -2.07167 -4.4693
    endloop
  endfacet
  facet normal -0.0215248 -0.253778 -0.967023
    outer loop
      vertex -30 -7.22254 -3.3147
      vertex -30.9814 -4.64711 -3.96873
      vertex -30 -4.73035 -3.96873
    endloop
  endfacet
  facet normal -0.157414 -0.1387 -0.977744
    outer loop
      vertex -33.3266 -0.610332 -4.4693
      vertex -35.3167 -1.8804 -3.96873
      vertex -33.864 -0.000424385 -4.4693
    endloop
  endfacet
  facet normal -0.0503703 -0.114669 -0.992126
    outer loop
      vertex -31.4143 -1.83071 -4.4693
      vertex -32.0912 -1.53337 -4.4693
      vertex -31.2692 1.03472 -4.80785
    endloop
  endfacet
  facet normal 0.0523983 -0.617731 -0.784642
    outer loop
      vertex -28.155 -13.1358 -0.555702
      vertex -30 -14.7312 0.577112
      vertex -30 -13.2923 -0.555702
    endloop
  endfacet
  facet normal -0.0279227 -0.3292 -0.943847
    outer loop
      vertex -30 -9.50561 -2.5184
      vertex -31.4631 -9.38151 -2.5184
      vertex -31.2328 -7.11798 -3.3147
    endloop
  endfacet
  facet normal -0.171415 -0.390209 -0.904629
    outer loop
      vertex -33.308 -10.9769 -1.59346
      vertex -34.2895 -8.40143 -2.5184
      vertex -32.9011 -9.01134 -2.5184
    endloop
  endfacet
  facet normal -0.210449 -0.479054 -0.852185
    outer loop
      vertex -33.308 -10.9769 -1.59346
      vertex -35.4092 -11.8999 -0.555702
      vertex -34.8912 -10.2814 -1.59346
    endloop
  endfacet
  facet normal -0.234585 -0.271292 -0.933472
    outer loop
      vertex -35.6044 -7.56222 -2.5184
      vertex -36.8235 -6.50807 -2.5184
      vertex -34.7223 -5.58503 -3.3147
    endloop
  endfacet
  facet normal -0.136744 -0.311268 -0.940433
    outer loop
      vertex -32.9011 -9.01134 -2.5184
      vertex -33.6143 -6.29216 -3.3147
      vertex -32.4445 -6.80607 -3.3147
    endloop
  endfacet
  facet normal -0.181662 -0.210071 -0.960661
    outer loop
      vertex -33.7595 -3.42673 -3.96873
      vertex -34.7223 -5.58503 -3.3147
      vertex -34.5772 -2.71961 -3.96873
    endloop
  endfacet
  facet normal -0.10556 -0.24031 -0.964939
    outer loop
      vertex -31.946 -4.3988 -3.96873
      vertex -33.6143 -6.29216 -3.3147
      vertex -32.8774 -3.98967 -3.96873
    endloop
  endfacet
  facet normal -0.0641628 -0.249251 -0.966311
    outer loop
      vertex -31.2328 -7.11798 -3.3147
      vertex -31.946 -4.3988 -3.96873
      vertex -30.9814 -4.64711 -3.96873
    endloop
  endfacet
  facet normal -0.0215241 -0.253777 -0.967023
    outer loop
      vertex -30 -7.22254 -3.3147
      vertex -31.2328 -7.11798 -3.3147
      vertex -30.9814 -4.64711 -3.96873
    endloop
  endfacet
  facet normal 0.0523957 -0.617729 -0.784643
    outer loop
      vertex -28.0099 -14.5624 0.577112
      vertex -30 -14.7312 0.577112
      vertex -28.155 -13.1358 -0.555702
    endloop
  endfacet
  facet normal 0.210444 -0.479061 -0.852182
    outer loop
      vertex -26.3416 -12.669 -0.555702
      vertex -26.692 -10.9769 -1.59346
      vertex -24.5908 -11.8999 -0.555702
    endloop
  endfacet
  facet normal -0.345119 -0.304109 -0.887925
    outer loop
      vertex -36.8235 -6.50807 -2.5184
      vertex -39.0377 -6.69588 -1.59346
      vertex -37.9259 -5.25701 -2.5184
    endloop
  endfacet
  facet normal -0.419817 -0.369918 -0.828803
    outer loop
      vertex -38.6048 -9.51228 -0.555702
      vertex -39.0377 -6.69588 -1.59346
      vertex -37.7807 -8.12244 -1.59346
    endloop
  endfacet
  facet normal -0.581422 -0.152504 -0.799181
    outer loop
      vertex -43.059 -2.00017 -0.555702
      vertex -43.6533 0.265595 -0.555702
      vertex -42.3458 0.719009 -1.59346
    endloop
  endfacet
  facet normal -0.429171 -0.221597 -0.875618
    outer loop
      vertex -38.8926 -3.83045 -2.5184
      vertex -40.1401 -5.0692 -1.59346
      vertex -39.7072 -2.2528 -2.5184
    endloop
  endfacet
  facet normal -0.87731 -0.230106 -0.421164
    outer loop
      vertex -45.4042 -3.25727 3.0491
      vertex -46.1052 -0.58461 3.0491
      vertex -44.8724 -2.97224 1.7856
    endloop
  endfacet
  facet normal -0.898609 -0.138125 -0.416442
    outer loop
      vertex -46.1052 -0.58461 3.0491
      vertex -46.5307 2.1836 3.0491
      vertex -45.9601 2.28082 1.7856
    endloop
  endfacet
  facet normal -0.0050667 -0.0597357 -0.998201
    outer loop
      vertex -30 0.708013 -4.80785
      vertex -30.4329 0.744731 -4.80785
      vertex -30 3.56113 -4.97859
    endloop
  endfacet
  facet normal -0.236704 0.0120014 -0.971508
    outer loop
      vertex -35.4645 5 -4.4693
      vertex -37.4546 6.27007 -3.96873
      vertex -35.4177 5.92304 -4.4693
    endloop
  endfacet
  facet normal 0.0770306 -0.175362 -0.981486
    outer loop
      vertex -27.1226 -3.98967 -3.96873
      vertex -28.5857 -1.83071 -4.4693
      vertex -27.9088 -1.53337 -4.4693
    endloop
  endfacet
  facet normal 0.0467911 -0.181767 -0.982228
    outer loop
      vertex -28.054 -4.3988 -3.96873
      vertex -29.0186 -4.64711 -3.96873
      vertex -28.5857 -1.83071 -4.4693
    endloop
  endfacet
  facet normal 0.224881 -0.0589798 -0.9726
    outer loop
      vertex -23.0534 1.27636 -3.96873
      vertex -24.9515 2.29379 -4.4693
      vertex -22.7373 2.4816 -3.96873
    endloop
  endfacet
  facet normal -0.0772153 -0.0039469 -0.997007
    outer loop
      vertex -31.1023 4.81219 -4.97859
      vertex -33.3165 5 -4.80785
      vertex -31.1119 5 -4.97859
    endloop
  endfacet
  facet normal -0.0582034 -0.0394467 -0.997525
    outer loop
      vertex -30.7862 3.98257 -4.97859
      vertex -32.6312 2.3872 -4.80785
      vertex -30.8821 4.12407 -4.97859
    endloop
  endfacet
  facet normal -0.411312 0.0208317 -0.911257
    outer loop
      vertex -39.4447 5 -3.3147
      vertex -41.113 6.89336 -2.5184
      vertex -39.3639 6.59536 -3.3147
    endloop
  endfacet
  facet normal -0.213218 0.08124 -0.973621
    outer loop
      vertex -35.0485 7.70621 -4.4693
      vertex -36.9466 8.72364 -3.96873
      vertex -34.7324 8.53583 -4.4693
    endloop
  endfacet
  facet normal -0.608089 0.0308133 -0.793271
    outer loop
      vertex -42.7813 5 -1.59346
      vertex -44.0141 7.38763 -0.555702
      vertex -42.6719 7.15897 -1.59346
    endloop
  endfacet
  facet normal -0.483463 0.126812 -0.866131
    outer loop
      vertex -40.8269 8.75433 -2.5184
      vertex -42.3458 9.28099 -1.59346
      vertex -41.8084 11.3298 -1.59346
    endloop
  endfacet
  facet normal -0.372126 0.141813 -0.917285
    outer loop
      vertex -38.7258 9.67737 -3.3147
      vertex -40.3557 10.5511 -2.5184
      vertex -39.7072 12.2528 -2.5184
    endloop
  endfacet
  facet normal -0.153052 0.0235431 -0.987938
    outer loop
      vertex -33.2882 5.56022 -4.80785
      vertex -35.4177 5.92304 -4.4693
      vertex -33.2035 6.11085 -4.80785
    endloop
  endfacet
  facet normal -0.0869773 -0.100583 -0.99112
    outer loop
      vertex -31.6583 1.28303 -4.80785
      vertex -33.3266 -0.610332 -4.4693
      vertex -32.019 1.59494 -4.80785
    endloop
  endfacet
  facet normal -0.103156 -0.0908922 -0.990504
    outer loop
      vertex -33.3266 -0.610332 -4.4693
      vertex -33.864 -0.000424385 -4.4693
      vertex -32.3451 1.96511 -4.80785
    endloop
  endfacet
  facet normal -0.0582009 -0.0394496 -0.997525
    outer loop
      vertex -32.3451 1.96511 -4.80785
      vertex -32.6312 2.3872 -4.80785
      vertex -30.7862 3.98257 -4.97859
    endloop
  endfacet
  facet normal -0.197921 -0.102207 -0.974875
    outer loop
      vertex -35.9651 -0.923462 -3.96873
      vertex -36.5116 0.134824 -3.96873
      vertex -34.3353 0.695041 -4.4693
    endloop
  endfacet
  facet normal -0.314566 -0.213177 -0.924988
    outer loop
      vertex -36.6784 -3.64264 -3.3147
      vertex -37.9259 -5.25701 -2.5184
      vertex -37.493 -2.44061 -3.3147
    endloop
  endfacet
  facet normal -0.292846 -0.33867 -0.894172
    outer loop
      vertex -36.3906 -9.32447 -1.59346
      vertex -36.8235 -6.50807 -2.5184
      vertex -35.6044 -7.56222 -2.5184
    endloop
  endfacet
  facet normal -0.710521 -0.366851 0.600483
    outer loop
      vertex -42.0961 -7.01159 9.42289
      vertex -43.2041 -4.8656 9.42289
      vertex -42.7713 -7.682 8.21439
    endloop
  endfacet
  facet normal -0.710538 -0.366846 0.600466
    outer loop
      vertex -43.2041 -4.8656 9.42289
      vertex -43.9411 -5.41623 8.21439
      vertex -42.7713 -7.682 8.21439
    endloop
  endfacet
  facet normal -0.215586 -0.837407 -0.502268
    outer loop
      vertex -32.1763 -16.3927 3.0491
      vertex -34.3154 -15.842 3.0491
      vertex -32.1012 -15.6542 1.7856
    endloop
  endfacet
  facet normal -0.0728778 -0.859177 -0.506462
    outer loop
      vertex -30 -16.5773 3.0491
      vertex -32.1763 -16.3927 3.0491
      vertex -30 -15.8325 1.7856
    endloop
  endfacet
  facet normal -0.785804 -0.206135 -0.583113
    outer loop
      vertex -44.8724 -2.97224 1.7856
      vertex -45.5493 -0.391838 1.7856
      vertex -44.7273 -0.10681 0.577112
    endloop
  endfacet
  facet normal -0.877326 -0.230143 -0.421109
    outer loop
      vertex -44.8724 -2.97224 1.7856
      vertex -46.1052 -0.58461 3.0491
      vertex -45.5493 -0.391838 1.7856
    endloop
  endfacet
  facet normal -0.562884 -0.381447 -0.733253
    outer loop
      vertex -40.7811 -8.95207 0.577112
      vertex -41.214 -6.13566 -0.555702
      vertex -39.9949 -7.93463 -0.555702
    endloop
  endfacet
  facet normal -0.501078 -0.441511 -0.744304
    outer loop
      vertex -38.6048 -9.51228 -0.555702
      vertex -40.7811 -8.95207 0.577112
      vertex -39.9949 -7.93463 -0.555702
    endloop
  endfacet
  facet normal -0.803851 -0.54478 -0.238825
    outer loop
      vertex -41.9951 -10.523 4.34597
      vertex -43.2279 -8.13541 3.0491
      vertex -41.7898 -10.2574 3.0491
    endloop
  endfacet
  facet normal -0.740287 -0.501702 -0.447514
    outer loop
      vertex -41.7898 -10.2574 3.0491
      vertex -43.2279 -8.13541 3.0491
      vertex -41.3829 -9.73077 1.7856
    endloop
  endfacet
  facet normal -0.827829 -0.560981 0
    outer loop
      vertex -41.9951 -10.523 4.34597
      vertex -43.4581 -8.36408 5.65403
      vertex -43.4581 -8.36408 4.34597
    endloop
  endfacet
  facet normal -0.827829 -0.560981 0
    outer loop
      vertex -43.4581 -8.36408 5.65403
      vertex -41.9951 -10.523 4.34597
      vertex -41.9951 -10.523 5.65403
    endloop
  endfacet
  facet normal -0.888549 -0.458782 0
    outer loop
      vertex -43.4581 -8.36408 4.34597
      vertex -44.6909 -5.97645 5.65403
      vertex -44.6909 -5.97645 4.34597
    endloop
  endfacet
  facet normal -0.888549 -0.458782 0
    outer loop
      vertex -44.6909 -5.97645 5.65403
      vertex -43.4581 -8.36408 4.34597
      vertex -43.4581 -8.36408 5.65403
    endloop
  endfacet
  facet normal -0.750299 -0.661099 0
    outer loop
      vertex -40.3268 -12.4164 4.34597
      vertex -41.9951 -10.523 5.65403
      vertex -41.9951 -10.523 4.34597
    endloop
  endfacet
  facet normal -0.750299 -0.661099 0
    outer loop
      vertex -41.9951 -10.523 5.65403
      vertex -40.3268 -12.4164 4.34597
      vertex -40.3268 -12.4164 5.65403
    endloop
  endfacet
  facet normal -0.576706 -0.666921 -0.471833
    outer loop
      vertex -38.3367 -13.6865 3.0491
      vertex -40.1501 -12.1184 3.0491
      vertex -39.7997 -11.5275 1.7856
    endloop
  endfacet
  facet normal -0.666411 -0.587212 -0.459433
    outer loop
      vertex -40.1501 -12.1184 3.0491
      vertex -41.3829 -9.73077 1.7856
      vertex -39.7997 -11.5275 1.7856
    endloop
  endfacet
  facet normal -0.503978 -0.582848 -0.637412
    outer loop
      vertex -38.0489 -13.0414 1.7856
      vertex -39.2817 -10.6538 0.577112
      vertex -37.6234 -12.0877 0.577112
    endloop
  endfacet
  facet normal -0.28728 -0.450153 -0.845477
    outer loop
      vertex -35.4092 -11.8999 -0.555702
      vertex -37.0675 -10.8416 -0.555702
      vertex -36.3906 -9.32447 -1.59346
    endloop
  endfacet
  facet normal -0.537952 -0.842975 0
    outer loop
      vertex -38.4818 -14.0118 4.34597
      vertex -36.4917 -15.2818 5.65403
      vertex -38.4818 -14.0118 5.65403
    endloop
  endfacet
  facet normal -0.537952 -0.842975 -0
    outer loop
      vertex -36.4917 -15.2818 5.65403
      vertex -38.4818 -14.0118 4.34597
      vertex -36.4917 -15.2818 4.34597
    endloop
  endfacet
  facet normal -0.402217 -0.915544 0
    outer loop
      vertex -36.4917 -15.2818 4.34597
      vertex -34.3905 -16.2049 5.65403
      vertex -36.4917 -15.2818 5.65403
    endloop
  endfacet
  facet normal -0.402217 -0.915544 -0
    outer loop
      vertex -34.3905 -16.2049 5.65403
      vertex -36.4917 -15.2818 4.34597
      vertex -34.3905 -16.2049 4.34597
    endloop
  endfacet
  facet normal -0.0625716 -0.7377 -0.672223
    outer loop
      vertex -30 -14.7312 0.577112
      vertex -32.1012 -15.6542 1.7856
      vertex -31.9901 -14.5624 0.577112
    endloop
  endfacet
  facet normal -0.215563 -0.837434 -0.502231
    outer loop
      vertex -32.1012 -15.6542 1.7856
      vertex -34.3154 -15.842 3.0491
      vertex -34.1664 -15.1226 1.7856
    endloop
  endfacet
  facet normal 0.391665 -0.102732 0.914355
    outer loop
      vertex -20.8771 1.83657 13.3147
      vertex -21.2742 0.322634 13.3147
      vertex -19.1731 1.24567 12.5184
    endloop
  endfacet
  facet normal 0.290157 -0.110569 0.95057
    outer loop
      vertex -23.0534 1.27636 13.9687
      vertex -23.4884 0.134824 13.9687
      vertex -21.8207 -1.11127 13.3147
    endloop
  endfacet
  facet normal 0.153072 -0.02352 0.987935
    outer loop
      vertex -24.5823 4.07696 14.4693
      vertex -26.7965 3.88915 14.8079
      vertex -24.7217 3.16972 14.4693
    endloop
  endfacet
  facet normal 0.155715 -0.00789505 0.987771
    outer loop
      vertex -24.5355 5 14.4693
      vertex -26.7118 4.43978 14.8079
      vertex -24.5823 4.07696 14.4693
    endloop
  endfacet
  facet normal 0.0248932 0.056667 0.998083
    outer loop
      vertex -29.1416 9.14574 14.8079
      vertex -29.7122 6.38984 14.9786
      vertex -28.7308 8.96528 14.8079
    endloop
  endfacet
  facet normal 0.00506552 -0.0597217 0.998202
    outer loop
      vertex -30 3.56113 14.9786
      vertex -30 0.708013 14.8079
      vertex -29.5671 0.744731 14.8079
    endloop
  endfacet
  facet normal -0.0771973 0.00394598 0.997008
    outer loop
      vertex -31.1023 5.18781 14.9786
      vertex -33.3165 5 14.8079
      vertex -31.1119 5 14.9786
    endloop
  endfacet
  facet normal -0.21323 -0.0812446 0.973618
    outer loop
      vertex -35.0485 2.29379 14.4693
      vertex -36.9466 1.27636 13.9687
      vertex -34.7324 1.46417 14.4693
    endloop
  endfacet
  facet normal -0.213229 -0.0812544 0.973617
    outer loop
      vertex -34.7324 1.46417 14.4693
      vertex -36.9466 1.27636 13.9687
      vertex -36.5116 0.134824 13.9687
    endloop
  endfacet
  facet normal 0.0467938 -0.181778 0.982226
    outer loop
      vertex -28.5857 -1.83071 14.4693
      vertex -29.0186 -4.64711 13.9687
      vertex -28.054 -4.3988 13.9687
    endloop
  endfacet
  facet normal 0.0102556 -0.120912 0.99261
    outer loop
      vertex -30 0.708013 14.8079
      vertex -30 -2.07167 14.4693
      vertex -29.5671 0.744731 14.8079
    endloop
  endfacet
  facet normal 0.0305865 -0.118824 0.992444
    outer loop
      vertex -29.1416 0.854259 14.8079
      vertex -29.5671 0.744731 14.8079
      vertex -28.5857 -1.83071 14.4693
    endloop
  endfacet
  facet normal 0.0503803 -0.114685 0.992124
    outer loop
      vertex -28.7308 1.03472 14.8079
      vertex -29.1416 0.854259 14.8079
      vertex -28.5857 -1.83071 14.4693
    endloop
  endfacet
  facet normal -0.224894 -0.0589832 0.972596
    outer loop
      vertex -35.0485 2.29379 14.4693
      vertex -37.2627 2.4816 13.9687
      vertex -36.9466 1.27636 13.9687
    endloop
  endfacet
  facet normal -0.232758 -0.0357808 0.971876
    outer loop
      vertex -35.4177 4.07696 14.4693
      vertex -37.4546 3.72993 13.9687
      vertex -37.2627 2.4816 13.9687
    endloop
  endfacet
  facet normal -0.236718 0.0120021 0.971504
    outer loop
      vertex -35.4177 5.92304 14.4693
      vertex -37.4546 6.27007 13.9687
      vertex -35.4645 5 14.4693
    endloop
  endfacet
  facet normal -0.236728 0.0119849 0.971502
    outer loop
      vertex -37.4546 6.27007 13.9687
      vertex -37.5189 5 13.9687
      vertex -35.4645 5 14.4693
    endloop
  endfacet
  facet normal -0.103185 0.0909008 0.9905
    outer loop
      vertex -32.019 8.40506 14.8079
      vertex -33.3266 10.6103 14.4693
      vertex -32.3451 8.03489 14.8079
    endloop
  endfacet
  facet normal -0.157417 0.138715 0.977741
    outer loop
      vertex -34.5772 12.7196 13.9687
      vertex -35.3167 11.8804 13.9687
      vertex -33.3266 10.6103 14.4693
    endloop
  endfacet
  facet normal -0.213229 0.0812541 0.973617
    outer loop
      vertex -36.5116 9.86518 13.9687
      vertex -36.9466 8.72364 13.9687
      vertex -34.7324 8.53583 14.4693
    endloop
  endfacet
  facet normal -0.21323 0.0812446 0.973618
    outer loop
      vertex -34.7324 8.53583 14.4693
      vertex -36.9466 8.72364 13.9687
      vertex -35.0485 7.70621 14.4693
    endloop
  endfacet
  facet normal -0.321524 -0.0162842 0.946762
    outer loop
      vertex -37.4546 3.72993 13.9687
      vertex -39.4447 5 13.3147
      vertex -39.3639 3.40464 13.3147
    endloop
  endfacet
  facet normal -0.411312 -0.0208317 0.911257
    outer loop
      vertex -39.4447 5 13.3147
      vertex -41.113 3.10664 12.5184
      vertex -39.3639 3.40464 13.3147
    endloop
  endfacet
  facet normal -0.372126 0.141813 0.917285
    outer loop
      vertex -39.7072 12.2528 12.5184
      vertex -40.3557 10.5511 12.5184
      vertex -38.7258 9.67737 13.3147
    endloop
  endfacet
  facet normal -0.46014 0.175354 0.870357
    outer loop
      vertex -39.7072 12.2528 12.5184
      vertex -41.8084 11.3298 11.5935
      vertex -40.3557 10.5511 12.5184
    endloop
  endfacet
  facet normal -0.0693956 0.0264478 0.997239
    outer loop
      vertex -32.8722 7.14599 14.8079
      vertex -33.0641 6.64247 14.8079
      vertex -31.0272 5.55063 14.9786
    endloop
  endfacet
  facet normal -0.140084 0.0533883 0.988699
    outer loop
      vertex -32.8722 7.14599 14.8079
      vertex -35.0485 7.70621 14.4693
      vertex -33.0641 6.64247 14.8079
    endloop
  endfacet
  facet normal -0.23277 0.0357658 0.971874
    outer loop
      vertex -35.2783 6.83028 14.4693
      vertex -37.2627 7.5184 13.9687
      vertex -35.4177 5.92304 14.4693
    endloop
  endfacet
  facet normal -0.153072 0.02352 0.987935
    outer loop
      vertex -35.2783 6.83028 14.4693
      vertex -35.4177 5.92304 14.4693
      vertex -33.2035 6.11085 14.8079
    endloop
  endfacet
  facet normal -0.0771934 0.00389949 0.997009
    outer loop
      vertex -33.2882 5.56022 14.8079
      vertex -33.3165 5 14.8079
      vertex -31.1023 5.18781 14.9786
    endloop
  endfacet
  facet normal -0.0758726 0.011671 0.997049
    outer loop
      vertex -33.2035 6.11085 14.8079
      vertex -33.2882 5.56022 14.8079
      vertex -31.1023 5.18781 14.9786
    endloop
  endfacet
  facet normal 0.0771934 -0.00389949 0.997009
    outer loop
      vertex -26.6835 5 14.8079
      vertex -28.8977 4.81219 14.9786
      vertex -26.7118 4.43978 14.8079
    endloop
  endfacet
  facet normal 0.0248933 -0.056667 0.998083
    outer loop
      vertex -28.7308 1.03472 14.8079
      vertex -29.7122 3.61016 14.9786
      vertex -29.1416 0.854259 14.8079
    endloop
  endfacet
  facet normal -0.140067 0.053368 -0.988703
    outer loop
      vertex -32.8722 7.14599 -4.80785
      vertex -35.0485 7.70621 -4.4693
      vertex -34.7324 8.53583 -4.4693
    endloop
  endfacet
  facet normal -0.290151 0.110582 -0.95057
    outer loop
      vertex -36.9466 8.72364 -3.96873
      vertex -38.7258 9.67737 -3.3147
      vertex -38.1793 11.1113 -3.3147
    endloop
  endfacet
  facet normal -0.105892 0.16591 -0.980439
    outer loop
      vertex -32.0912 11.5334 -4.4693
      vertex -33.7595 13.4267 -3.96873
      vertex -32.8774 13.9897 -3.96873
    endloop
  endfacet
  facet normal -0.0503638 0.11467 -0.992126
    outer loop
      vertex -31.2692 8.96528 -4.80785
      vertex -32.0912 11.5334 -4.4693
      vertex -31.4143 11.8307 -4.4693
    endloop
  endfacet
  facet normal -0.0641581 0.249248 -0.966312
    outer loop
      vertex -31.946 14.3988 -3.96873
      vertex -32.4445 16.8061 -3.3147
      vertex -31.2328 17.118 -3.3147
    endloop
  endfacet
  facet normal -0.0467891 0.181767 -0.982228
    outer loop
      vertex -31.4143 11.8307 -4.4693
      vertex -31.946 14.3988 -3.96873
      vertex -30.9814 14.6471 -3.96873
    endloop
  endfacet
  facet normal 0.0151131 0.0587113 -0.998161
    outer loop
      vertex -29.1416 9.14574 -4.80785
      vertex -29.7122 6.38984 -4.97859
      vertex -29.5671 9.25527 -4.80785
    endloop
  endfacet
  facet normal -0.0468036 0.181769 -0.982227
    outer loop
      vertex -30.7133 12.0112 -4.4693
      vertex -31.4143 11.8307 -4.4693
      vertex -30.9814 14.6471 -3.96873
    endloop
  endfacet
  facet normal 0.816928 -0.0413694 -0.575255
    outer loop
      vertex -14.0399 2.28082 1.7856
      vertex -14.8836 2.42456 0.577112
      vertex -13.9022 5 1.7856
    endloop
  endfacet
  facet normal 0.806636 -0.123989 -0.577897
    outer loop
      vertex -14.0399 2.28082 1.7856
      vertex -15.2727 -0.10681 0.577112
      vertex -14.8836 2.42456 0.577112
    endloop
  endfacet
  facet normal 0.910123 -0.346846 0.226658
    outer loop
      vertex -14.5958 -3.25727 6.9509
      vertex -15.5605 -5.78864 6.9509
      vertex -15.3091 -5.97645 5.65403
    endloop
  endfacet
  facet normal 0.844529 -0.321848 0.427999
    outer loop
      vertex -14.5958 -3.25727 6.9509
      vertex -16.0589 -5.41623 8.21439
      vertex -15.5605 -5.78864 6.9509
    endloop
  endfacet
  facet normal 0.483463 -0.126813 -0.866131
    outer loop
      vertex -18.1916 -1.32977 -1.59346
      vertex -19.1731 1.24567 -2.5184
      vertex -17.6542 0.719009 -1.59346
    endloop
  endfacet
  facet normal 0.460156 -0.175356 -0.870349
    outer loop
      vertex -18.1916 -1.32977 -1.59346
      vertex -20.2928 -2.2528 -2.5184
      vertex -19.6443 -0.551055 -2.5184
    endloop
  endfacet
  facet normal 0.28728 -0.450153 -0.845477
    outer loop
      vertex -22.9325 -10.8416 -0.555702
      vertex -24.5908 -11.8999 -0.555702
      vertex -23.6094 -9.32447 -1.59346
    endloop
  endfacet
  facet normal 0.287293 -0.450156 -0.845472
    outer loop
      vertex -24.5908 -11.8999 -0.555702
      vertex -25.1088 -10.2814 -1.59346
      vertex -23.6094 -9.32447 -1.59346
    endloop
  endfacet
  facet normal 0.419817 -0.369918 -0.828803
    outer loop
      vertex -21.3952 -9.51228 -0.555702
      vertex -22.2193 -8.12244 -1.59346
      vertex -20.9623 -6.69588 -1.59346
    endloop
  endfacet
  facet normal 0.429171 -0.221597 -0.875618
    outer loop
      vertex -19.8599 -5.0692 -1.59346
      vertex -21.1074 -3.83045 -2.5184
      vertex -20.2928 -2.2528 -2.5184
    endloop
  endfacet
  facet normal 0.585981 -0.516341 -0.624514
    outer loop
      vertex -18.6171 -9.73077 1.7856
      vertex -20.2003 -11.5275 1.7856
      vertex -19.2189 -8.95207 0.577112
    endloop
  endfacet
  facet normal 0.428544 -0.495592 -0.755472
    outer loop
      vertex -20.7183 -10.6538 0.577112
      vertex -22.9325 -10.8416 -0.555702
      vertex -21.3952 -9.51228 -0.555702
    endloop
  endfacet
  facet normal 0.483491 -0.126798 -0.866117
    outer loop
      vertex -18.1916 -1.32977 -1.59346
      vertex -19.6443 -0.551055 -2.5184
      vertex -19.1731 1.24567 -2.5184
    endloop
  endfacet
  facet normal 0.581417 -0.152507 -0.799185
    outer loop
      vertex -16.941 -2.00017 -0.555702
      vertex -18.1916 -1.32977 -1.59346
      vertex -17.6542 0.719009 -1.59346
    endloop
  endfacet
  facet normal 0.506853 -0.0256724 -0.86165
    outer loop
      vertex -17.2187 5 -1.59346
      vertex -18.887 3.10664 -2.5184
      vertex -18.7911 5 -2.5184
    endloop
  endfacet
  facet normal 0.599206 -0.0920825 -0.795282
    outer loop
      vertex -15.9859 2.61237 -0.555702
      vertex -17.6542 0.719009 -1.59346
      vertex -17.3281 2.84103 -1.59346
    endloop
  endfacet
  facet normal 0.470796 0.737742 0.483826
    outer loop
      vertex -23.6194 24.9348 6.9509
      vertex -23.8396 24.2467 8.21439
      vertex -21.6633 23.6865 6.9509
    endloop
  endfacet
  facet normal 0.654087 0.756419 -0
    outer loop
      vertex -19.6732 22.4164 4.34597
      vertex -21.5182 24.0118 5.65403
      vertex -19.6732 22.4164 5.65403
    endloop
  endfacet
  facet normal 0.654087 0.756419 0
    outer loop
      vertex -21.5182 24.0118 5.65403
      vertex -19.6732 22.4164 4.34597
      vertex -21.5182 24.0118 4.34597
    endloop
  endfacet
  facet normal 0.537952 0.842975 -0
    outer loop
      vertex -21.5182 24.0118 4.34597
      vertex -23.5083 25.2818 5.65403
      vertex -21.5182 24.0118 5.65403
    endloop
  endfacet
  facet normal 0.537952 0.842975 0
    outer loop
      vertex -23.5083 25.2818 5.65403
      vertex -21.5182 24.0118 4.34597
      vertex -23.5083 25.2818 4.34597
    endloop
  endfacet
  facet normal 0.967274 0.253735 0
    outer loop
      vertex -13.6144 10.6818 5.65403
      vertex -14.3277 13.401 4.34597
      vertex -14.3277 13.401 5.65403
    endloop
  endfacet
  facet normal 0.967274 0.253735 0
    outer loop
      vertex -14.3277 13.401 4.34597
      vertex -13.6144 10.6818 5.65403
      vertex -13.6144 10.6818 4.34597
    endloop
  endfacet
  facet normal 0.91012 0.346855 0.226656
    outer loop
      vertex -15.3091 15.9764 5.65403
      vertex -15.5605 15.7886 6.9509
      vertex -14.5958 13.2573 6.9509
    endloop
  endfacet
  facet normal 0.964266 0.148216 0.219596
    outer loop
      vertex -13.6144 10.6818 5.65403
      vertex -13.8948 10.5846 6.9509
      vertex -13.1815 7.86543 5.65403
    endloop
  endfacet
  facet normal 0.827829 -0.560981 0
    outer loop
      vertex -18.0049 -10.523 5.65403
      vertex -16.5419 -8.36408 4.34597
      vertex -16.5419 -8.36408 5.65403
    endloop
  endfacet
  facet normal 0.827829 -0.560981 0
    outer loop
      vertex -16.5419 -8.36408 4.34597
      vertex -18.0049 -10.523 5.65403
      vertex -18.0049 -10.523 4.34597
    endloop
  endfacet
  facet normal 0.215586 -0.837407 -0.502268
    outer loop
      vertex -27.8237 -16.3927 3.0491
      vertex -27.8988 -15.6542 1.7856
      vertex -25.6846 -15.842 3.0491
    endloop
  endfacet
  facet normal 0.349594 -0.795857 -0.494364
    outer loop
      vertex -25.6846 -15.842 3.0491
      vertex -25.8336 -15.1226 1.7856
      vertex -23.8396 -14.2467 1.7856
    endloop
  endfacet
  facet normal 0.79927 -0.41265 -0.436906
    outer loop
      vertex -15.5605 -5.78864 3.0491
      vertex -16.7721 -8.13541 3.0491
      vertex -16.0589 -5.41623 1.7856
    endloop
  endfacet
  facet normal 0.613826 -0.316926 -0.723032
    outer loop
      vertex -17.9039 -7.01159 0.577112
      vertex -18.786 -6.13566 -0.555702
      vertex -16.7959 -4.8656 0.577112
    endloop
  endfacet
  facet normal 0.654066 -0.249245 -0.714196
    outer loop
      vertex -16.7959 -4.8656 0.577112
      vertex -17.7587 -4.14616 -0.555702
      vertex -15.9138 -2.5508 0.577112
    endloop
  endfacet
  facet normal 0.710536 -0.366844 -0.60047
    outer loop
      vertex -16.0589 -5.41623 1.7856
      vertex -17.2287 -7.682 1.7856
      vertex -16.7959 -4.8656 0.577112
    endloop
  endfacet
  facet normal 0.576705 -0.66692 0.471836
    outer loop
      vertex -20.2003 -11.5275 8.21439
      vertex -21.6633 -13.6865 6.9509
      vertex -19.8499 -12.1184 6.9509
    endloop
  endfacet
  facet normal 0.57668 -0.66692 0.471867
    outer loop
      vertex -20.2003 -11.5275 8.21439
      vertex -21.9511 -13.0414 8.21439
      vertex -21.6633 -13.6865 6.9509
    endloop
  endfacet
  facet normal 0.519139 -0.813497 0.262139
    outer loop
      vertex -21.6633 -13.6865 6.9509
      vertex -23.6194 -14.9348 6.9509
      vertex -23.5083 -15.2818 5.65403
    endloop
  endfacet
  facet normal 0.104428 -0.405662 0.908038
    outer loop
      vertex -27.0989 -9.01134 12.5184
      vertex -28.3317 -11.399 11.5935
      vertex -26.692 -10.9769 11.5935
    endloop
  endfacet
  facet normal 0.104425 -0.405661 0.908039
    outer loop
      vertex -27.0989 -9.01134 12.5184
      vertex -28.5369 -9.38151 12.5184
      vertex -28.3317 -11.399 11.5935
    endloop
  endfacet
  facet normal -0.215585 -0.837405 0.502271
    outer loop
      vertex -32.1012 -15.6542 8.21439
      vertex -34.3154 -15.842 6.9509
      vertex -32.1763 -16.3927 6.9509
    endloop
  endfacet
  facet normal -0.0729044 -0.859152 0.506501
    outer loop
      vertex -32.1012 -15.6542 8.21439
      vertex -32.1763 -16.3927 6.9509
      vertex -30 -15.8325 8.21439
    endloop
  endfacet
  facet normal -0.239713 -0.931253 0.274418
    outer loop
      vertex -32.1763 -16.3927 6.9509
      vertex -34.3905 -16.2049 5.65403
      vertex -32.2142 -16.7651 5.65403
    endloop
  endfacet
  facet normal 0.0811989 -0.957352 0.277279
    outer loop
      vertex -27.8237 -16.3927 6.9509
      vertex -30 -16.9529 5.65403
      vertex -27.7858 -16.7651 5.65403
    endloop
  endfacet
  facet normal 0.239741 -0.931232 0.274467
    outer loop
      vertex -25.6846 -15.842 6.9509
      vertex -27.8237 -16.3927 6.9509
      vertex -25.6095 -16.2049 5.65403
    endloop
  endfacet
  facet normal -0.0729046 -0.859154 -0.506498
    outer loop
      vertex -30 -15.8325 1.7856
      vertex -32.1763 -16.3927 3.0491
      vertex -32.1012 -15.6542 1.7856
    endloop
  endfacet
  facet normal -0.0812055 -0.957354 -0.277269
    outer loop
      vertex -30 -16.9529 4.34597
      vertex -32.1763 -16.3927 3.0491
      vertex -30 -16.5773 3.0491
    endloop
  endfacet
  facet normal 0.345872 -0.541963 0.76593
    outer loop
      vertex -22.9325 -10.8416 10.5557
      vertex -24.5908 -11.8999 10.5557
      vertex -24.1653 -13.2293 9.42289
    endloop
  endfacet
  facet normal 0.254274 -0.578828 0.774792
    outer loop
      vertex -24.1653 -13.2293 9.42289
      vertex -26.3416 -12.669 10.5557
      vertex -26.0538 -14.0589 9.42289
    endloop
  endfacet
  facet normal 0.357456 -0.413383 0.83746
    outer loop
      vertex -22.2193 -8.12244 11.5935
      vertex -23.6094 -9.32447 11.5935
      vertex -21.3952 -9.51228 10.5557
    endloop
  endfacet
  facet normal 0.419828 -0.369928 0.828793
    outer loop
      vertex -20.9623 -6.69588 11.5935
      vertex -22.2193 -8.12244 11.5935
      vertex -21.3952 -9.51228 10.5557
    endloop
  endfacet
  facet normal 0.132846 -0.153621 0.979159
    outer loop
      vertex -25.4228 -2.71961 13.9687
      vertex -26.6734 -0.610332 14.4693
      vertex -26.2405 -3.42673 13.9687
    endloop
  endfacet
  facet normal 0.136736 -0.311266 0.940434
    outer loop
      vertex -26.3857 -6.29216 13.3147
      vertex -27.0989 -9.01134 12.5184
      vertex -25.7105 -8.40143 12.5184
    endloop
  endfacet
  facet normal 0.287289 -0.450166 0.845468
    outer loop
      vertex -23.6094 -9.32447 11.5935
      vertex -24.5908 -11.8999 10.5557
      vertex -22.9325 -10.8416 10.5557
    endloop
  endfacet
  facet normal 0.0279227 -0.3292 0.943847
    outer loop
      vertex -28.7672 -7.11798 13.3147
      vertex -30 -9.50561 12.5184
      vertex -28.5369 -9.38151 12.5184
    endloop
  endfacet
  facet normal 0.314581 -0.213174 0.924984
    outer loop
      vertex -21.1074 -3.83045 12.5184
      vertex -22.507 -2.44061 13.3147
      vertex -22.0741 -5.25701 12.5184
    endloop
  endfacet
  facet normal 0.390718 -0.264768 0.881611
    outer loop
      vertex -21.1074 -3.83045 12.5184
      vertex -22.0741 -5.25701 12.5184
      vertex -19.8599 -5.0692 11.5935
    endloop
  endfacet
  facet normal 0.460141 -0.17535 0.870358
    outer loop
      vertex -19.6443 -0.551055 12.5184
      vertex -20.2928 -2.2528 12.5184
      vertex -18.1916 -1.32977 11.5935
    endloop
  endfacet
  facet normal 0.483475 -0.126794 0.866127
    outer loop
      vertex -19.1731 1.24567 12.5184
      vertex -19.6443 -0.551055 12.5184
      vertex -18.1916 -1.32977 11.5935
    endloop
  endfacet
  facet normal 0.460143 -0.175357 0.870355
    outer loop
      vertex -18.1916 -1.32977 11.5935
      vertex -20.2928 -2.2528 12.5184
      vertex -18.9311 -3.27024 11.5935
    endloop
  endfacet
  facet normal 0.429178 -0.221584 0.875618
    outer loop
      vertex -18.9311 -3.27024 11.5935
      vertex -20.2928 -2.2528 12.5184
      vertex -19.8599 -5.0692 11.5935
    endloop
  endfacet
  facet normal 0.346354 0.17883 0.920901
    outer loop
      vertex -21.1074 13.8305 12.5184
      vertex -22.507 12.4406 13.3147
      vertex -20.2928 12.2528 12.5184
    endloop
  endfacet
  facet normal 0.290139 0.110578 0.950575
    outer loop
      vertex -21.8207 11.1113 13.3147
      vertex -23.0534 8.72364 13.9687
      vertex -21.2742 9.67737 13.3147
    endloop
  endfacet
  facet normal 0.32152 -0.0162776 0.946763
    outer loop
      vertex -22.4811 5 13.9687
      vertex -22.5454 3.72993 13.9687
      vertex -20.5553 5 13.3147
    endloop
  endfacet
  facet normal 0.321524 -0.0162842 0.946762
    outer loop
      vertex -20.5553 5 13.3147
      vertex -22.5454 3.72993 13.9687
      vertex -20.6361 3.40464 13.3147
    endloop
  endfacet
  facet normal 0.140087 0.0533757 0.988699
    outer loop
      vertex -25.2676 8.53583 14.4693
      vertex -27.1278 7.14599 14.8079
      vertex -24.9515 7.70621 14.4693
    endloop
  endfacet
  facet normal 0.21323 0.0812446 0.973618
    outer loop
      vertex -23.0534 8.72364 13.9687
      vertex -25.2676 8.53583 14.4693
      vertex -24.9515 7.70621 14.4693
    endloop
  endfacet
  facet normal 0.103171 0.0909065 0.990501
    outer loop
      vertex -26.6734 10.6103 14.4693
      vertex -27.6549 8.03489 14.8079
      vertex -26.136 10.0004 14.4693
    endloop
  endfacet
  facet normal 0.117565 0.0796735 0.989864
    outer loop
      vertex -26.136 10.0004 14.4693
      vertex -27.6549 8.03489 14.8079
      vertex -25.6647 9.30496 14.4693
    endloop
  endfacet
  facet normal 0.0758726 0.011671 0.997049
    outer loop
      vertex -26.7965 6.11085 14.8079
      vertex -28.8977 5.18781 14.9786
      vertex -26.7118 5.56022 14.8079
    endloop
  endfacet
  facet normal 0.0771934 0.00389949 0.997009
    outer loop
      vertex -26.7118 5.56022 14.8079
      vertex -28.8977 5.18781 14.9786
      vertex -26.6835 5 14.8079
    endloop
  endfacet
  facet normal -0.0156926 0.185017 0.98261
    outer loop
      vertex -30 12.0717 14.4693
      vertex -30.9814 14.6471 13.9687
      vertex -30.7133 12.0112 14.4693
    endloop
  endfacet
  facet normal -0.077026 0.175375 0.981484
    outer loop
      vertex -31.4143 11.8307 14.4693
      vertex -32.8774 13.9897 13.9687
      vertex -32.0912 11.5334 14.4693
    endloop
  endfacet
  facet normal 0.105561 0.240291 0.964944
    outer loop
      vertex -27.5555 16.8061 13.3147
      vertex -28.054 14.3988 13.9687
      vertex -26.3857 16.2922 13.3147
    endloop
  endfacet
  facet normal 0.105548 0.240302 0.964943
    outer loop
      vertex -26.3857 16.2922 13.3147
      vertex -28.054 14.3988 13.9687
      vertex -27.1226 13.9897 13.9687
    endloop
  endfacet
  facet normal 0.234571 0.271307 0.933472
    outer loop
      vertex -23.1765 16.5081 12.5184
      vertex -25.2777 15.585 13.3147
      vertex -24.2504 14.6968 13.3147
    endloop
  endfacet
  facet normal 0.181623 0.210066 0.960669
    outer loop
      vertex -25.2777 15.585 13.3147
      vertex -25.4228 12.7196 13.9687
      vertex -24.2504 14.6968 13.3147
    endloop
  endfacet
  facet normal 0.346354 0.178818 0.920903
    outer loop
      vertex -20.2928 12.2528 12.5184
      vertex -22.507 12.4406 13.3147
      vertex -21.8207 11.1113 13.3147
    endloop
  endfacet
  facet normal 0.390717 0.264778 0.881608
    outer loop
      vertex -19.8599 15.0692 11.5935
      vertex -22.0741 15.257 12.5184
      vertex -21.1074 13.8305 12.5184
    endloop
  endfacet
  facet normal 0.171404 0.39019 0.90464
    outer loop
      vertex -26.692 20.9769 11.5935
      vertex -27.0989 19.0113 12.5184
      vertex -25.7105 18.4014 12.5184
    endloop
  endfacet
  facet normal 0.187538 0.293823 0.937282
    outer loop
      vertex -25.7105 18.4014 12.5184
      vertex -26.3857 16.2922 13.3147
      vertex -25.2777 15.585 13.3147
    endloop
  endfacet
  facet normal -0.65407 0.249246 -0.714191
    outer loop
      vertex -42.2413 14.1462 -0.555702
      vertex -44.0862 12.5508 0.577112
      vertex -43.2041 14.8656 0.577112
    endloop
  endfacet
  facet normal -0.554555 0.211304 -0.804872
    outer loop
      vertex -41.0689 13.2702 -1.59346
      vertex -43.059 12.0002 -0.555702
      vertex -42.2413 14.1462 -0.555702
    endloop
  endfacet
  facet normal 0.136738 0.311275 -0.940431
    outer loop
      vertex -26.3857 16.2922 -3.3147
      vertex -27.0989 19.0113 -2.5184
      vertex -25.7105 18.4014 -2.5184
    endloop
  endfacet
  facet normal 0.187538 0.293823 -0.937282
    outer loop
      vertex -25.2777 15.585 -3.3147
      vertex -26.3857 16.2922 -3.3147
      vertex -25.7105 18.4014 -2.5184
    endloop
  endfacet
  facet normal 0.0869687 0.100592 -0.991119
    outer loop
      vertex -26.6734 10.6103 -4.4693
      vertex -28.3417 8.71697 -4.80785
      vertex -27.2678 11.1242 -4.4693
    endloop
  endfacet
  facet normal 0.136745 0.311276 -0.94043
    outer loop
      vertex -26.3857 16.2922 -3.3147
      vertex -27.5555 16.8061 -3.3147
      vertex -27.0989 19.0113 -2.5184
    endloop
  endfacet
  facet normal -0.215002 0.189427 -0.958066
    outer loop
      vertex -34.5772 12.7196 -3.96873
      vertex -36.6784 13.6426 -3.3147
      vertex -35.7496 14.6968 -3.3147
    endloop
  endfacet
  facet normal -0.18163 0.210075 -0.960666
    outer loop
      vertex -34.5772 12.7196 -3.96873
      vertex -35.7496 14.6968 -3.3147
      vertex -34.7223 15.585 -3.3147
    endloop
  endfacet
  facet normal -0.0582009 0.0394496 -0.997525
    outer loop
      vertex -30.7862 6.01743 -4.97859
      vertex -32.6312 7.6128 -4.80785
      vertex -32.3451 8.03489 -4.80785
    endloop
  endfacet
  facet normal -0.117548 0.079662 -0.989867
    outer loop
      vertex -32.3451 8.03489 -4.80785
      vertex -34.3353 9.30496 -4.4693
      vertex -33.864 10.0004 -4.4693
    endloop
  endfacet
  facet normal -0.346354 0.17883 -0.920901
    outer loop
      vertex -37.493 12.4406 -3.3147
      vertex -39.7072 12.2528 -2.5184
      vertex -38.8926 13.8305 -2.5184
    endloop
  endfacet
  facet normal -0.314571 0.213176 -0.924987
    outer loop
      vertex -37.493 12.4406 -3.3147
      vertex -38.8926 13.8305 -2.5184
      vertex -37.9259 15.257 -2.5184
    endloop
  endfacet
  facet normal 0.287292 0.450171 0.845464
    outer loop
      vertex -22.9325 20.8416 10.5557
      vertex -24.5908 21.8999 10.5557
      vertex -23.6094 19.3245 11.5935
    endloop
  endfacet
  facet normal 0.302062 0.687613 0.660263
    outer loop
      vertex -25.8336 25.1226 8.21439
      vertex -26.0538 24.0589 9.42289
      vertex -24.1653 23.2293 9.42289
    endloop
  endfacet
  facet normal 0.128458 0.499027 0.857013
    outer loop
      vertex -28.155 23.1358 10.5557
      vertex -28.3317 21.399 11.5935
      vertex -26.3416 22.669 10.5557
    endloop
  endfacet
  facet normal 0.128461 0.499023 0.857014
    outer loop
      vertex -26.3416 22.669 10.5557
      vertex -28.3317 21.399 11.5935
      vertex -26.692 20.9769 11.5935
    endloop
  endfacet
  facet normal 0.249283 0.968431 -0
    outer loop
      vertex -25.6095 26.2049 4.34597
      vertex -27.7858 26.7651 5.65403
      vertex -25.6095 26.2049 5.65403
    endloop
  endfacet
  facet normal 0.249283 0.968431 0
    outer loop
      vertex -27.7858 26.7651 5.65403
      vertex -25.6095 26.2049 4.34597
      vertex -27.7858 26.7651 4.34597
    endloop
  endfacet
  facet normal 0.40898 0.640805 0.649695
    outer loop
      vertex -21.9511 23.0414 8.21439
      vertex -24.1653 23.2293 9.42289
      vertex -22.3766 22.0877 9.42289
    endloop
  endfacet
  facet normal 0.428542 0.495597 0.75547
    outer loop
      vertex -20.7183 20.6538 9.42289
      vertex -22.9325 20.8416 10.5557
      vertex -21.3952 19.5123 10.5557
    endloop
  endfacet
  facet normal 0.501076 0.441508 0.744308
    outer loop
      vertex -20.7183 20.6538 9.42289
      vertex -21.3952 19.5123 10.5557
      vertex -19.2189 18.9521 9.42289
    endloop
  endfacet
  facet normal 0.586012 0.516346 0.624481
    outer loop
      vertex -20.2003 21.5275 8.21439
      vertex -20.7183 20.6538 9.42289
      vertex -19.2189 18.9521 9.42289
    endloop
  endfacet
  facet normal 0.501076 0.441495 0.744315
    outer loop
      vertex -19.2189 18.9521 9.42289
      vertex -21.3952 19.5123 10.5557
      vertex -20.0051 17.9346 10.5557
    endloop
  endfacet
  facet normal 0.419851 0.369927 0.828782
    outer loop
      vertex -20.0051 17.9346 10.5557
      vertex -21.3952 19.5123 10.5557
      vertex -20.9623 16.6959 11.5935
    endloop
  endfacet
  facet normal 0.277145 0.244205 0.929276
    outer loop
      vertex -23.1765 16.5081 12.5184
      vertex -23.3216 13.6426 13.3147
      vertex -22.0741 15.257 12.5184
    endloop
  endfacet
  facet normal 0.34511 0.304092 0.887934
    outer loop
      vertex -20.9623 16.6959 11.5935
      vertex -23.1765 16.5081 12.5184
      vertex -22.0741 15.257 12.5184
    endloop
  endfacet
  facet normal 0.816921 -0.0413625 -0.575264
    outer loop
      vertex -13.9022 5 1.7856
      vertex -14.8836 2.42456 0.577112
      vertex -14.7532 5 0.577112
    endloop
  endfacet
  facet normal 0.964267 0.148217 -0.219593
    outer loop
      vertex -13.4693 7.8164 3.0491
      vertex -13.8948 10.5846 3.0491
      vertex -13.1815 7.86543 4.34597
    endloop
  endfacet
  facet normal 0.99872 0.0505733 0
    outer loop
      vertex -13.0364 5 5.65403
      vertex -13.1815 7.86543 4.34597
      vertex -13.1815 7.86543 5.65403
    endloop
  endfacet
  facet normal 0.99872 0.0505733 0
    outer loop
      vertex -13.1815 7.86543 4.34597
      vertex -13.0364 5 5.65403
      vertex -13.0364 5 4.34597
    endloop
  endfacet
  facet normal 0.909054 -0.0460347 -0.414128
    outer loop
      vertex -13.3266 5 3.0491
      vertex -14.0399 2.28082 1.7856
      vertex -13.9022 5 1.7856
    endloop
  endfacet
  facet normal 0.806636 0.12399 -0.577897
    outer loop
      vertex -14.8836 7.57544 0.577112
      vertex -15.2727 10.1068 0.577112
      vertex -14.0399 7.71918 1.7856
    endloop
  endfacet
  facet normal 0.703471 0.108132 -0.70245
    outer loop
      vertex -14.8836 7.57544 0.577112
      vertex -15.9859 7.38763 -0.555702
      vertex -15.2727 10.1068 0.577112
    endloop
  endfacet
  facet normal 0.518649 0.267772 -0.811974
    outer loop
      vertex -18.9311 13.2702 -1.59346
      vertex -19.8599 15.0692 -1.59346
      vertex -17.7587 14.1462 -0.555702
    endloop
  endfacet
  facet normal 0.518658 0.267815 -0.811954
    outer loop
      vertex -17.7587 14.1462 -0.555702
      vertex -19.8599 15.0692 -1.59346
      vertex -18.786 16.1357 -0.555702
    endloop
  endfacet
  facet normal 0.213217 0.0812495 -0.973621
    outer loop
      vertex -23.0534 8.72364 -3.96873
      vertex -25.2676 8.53583 -4.4693
      vertex -23.4884 9.86518 -3.96873
    endloop
  endfacet
  facet normal 0.197926 0.102187 -0.974876
    outer loop
      vertex -23.4884 9.86518 -3.96873
      vertex -25.2676 8.53583 -4.4693
      vertex -24.0348 10.9235 -3.96873
    endloop
  endfacet
  facet normal 0.460157 0.175369 -0.870345
    outer loop
      vertex -18.1916 11.3298 -1.59346
      vertex -20.2928 12.2528 -2.5184
      vertex -18.9311 13.2702 -1.59346
    endloop
  endfacet
  facet normal 0.429198 0.221589 -0.875607
    outer loop
      vertex -18.9311 13.2702 -1.59346
      vertex -20.2928 12.2528 -2.5184
      vertex -19.8599 15.0692 -1.59346
    endloop
  endfacet
  facet normal 0.372126 0.141813 -0.917285
    outer loop
      vertex -19.6443 10.5511 -2.5184
      vertex -21.2742 9.67737 -3.3147
      vertex -20.2928 12.2528 -2.5184
    endloop
  endfacet
  facet normal 0.460155 0.17536 -0.870348
    outer loop
      vertex -19.6443 10.5511 -2.5184
      vertex -20.2928 12.2528 -2.5184
      vertex -18.1916 11.3298 -1.59346
    endloop
  endfacet
  facet normal 0.277172 0.244202 -0.929269
    outer loop
      vertex -23.3216 13.6426 -3.3147
      vertex -24.2504 14.6968 -3.3147
      vertex -23.1765 16.5081 -2.5184
    endloop
  endfacet
  facet normal 0.39073 0.264787 -0.8816
    outer loop
      vertex -21.1074 13.8305 -2.5184
      vertex -22.0741 15.257 -2.5184
      vertex -19.8599 15.0692 -1.59346
    endloop
  endfacet
  facet normal 0.210449 0.479054 -0.852185
    outer loop
      vertex -25.1088 20.2814 -1.59346
      vertex -26.692 20.9769 -1.59346
      vertex -24.5908 21.8999 -0.555702
    endloop
  endfacet
  facet normal 0.287286 0.450159 -0.845473
    outer loop
      vertex -23.6094 19.3245 -1.59346
      vertex -25.1088 20.2814 -1.59346
      vertex -24.5908 21.8999 -0.555702
    endloop
  endfacet
  facet normal 0.185485 0.720609 -0.668071
    outer loop
      vertex -26.0538 24.0589 0.577112
      vertex -28.0099 24.5624 0.577112
      vertex -25.8336 25.1226 1.7856
    endloop
  endfacet
  facet normal 0.155603 0.60452 -0.781245
    outer loop
      vertex -26.3416 22.669 -0.555702
      vertex -28.0099 24.5624 0.577112
      vertex -26.0538 24.0589 0.577112
    endloop
  endfacet
  facet normal 0.585976 0.516345 -0.624515
    outer loop
      vertex -19.2189 18.9521 0.577112
      vertex -20.2003 21.5275 1.7856
      vertex -18.6171 19.7308 1.7856
    endloop
  endfacet
  facet normal 0.58601 0.516344 -0.624485
    outer loop
      vertex -19.2189 18.9521 0.577112
      vertex -20.7183 20.6538 0.577112
      vertex -20.2003 21.5275 1.7856
    endloop
  endfacet
  facet normal 0.799265 0.412649 0.436916
    outer loop
      vertex -16.7721 18.1354 6.9509
      vertex -17.2287 17.682 8.21439
      vertex -16.0589 15.4162 8.21439
    endloop
  endfacet
  facet normal 0.799272 0.412646 0.436906
    outer loop
      vertex -15.5605 15.7886 6.9509
      vertex -16.7721 18.1354 6.9509
      vertex -16.0589 15.4162 8.21439
    endloop
  endfacet
  facet normal 0.599255 0.0921314 0.795239
    outer loop
      vertex -16.3467 9.7344 10.5557
      vertex -17.6542 9.28099 11.5935
      vertex -15.9859 7.38763 10.5557
    endloop
  endfacet
  facet normal 0.599221 0.0920849 0.79527
    outer loop
      vertex -15.9859 7.38763 10.5557
      vertex -17.6542 9.28099 11.5935
      vertex -17.3281 7.15897 11.5935
    endloop
  endfacet
  facet normal 0.785807 -0.206135 0.583109
    outer loop
      vertex -14.4507 -0.391838 8.21439
      vertex -15.2727 -0.10681 9.42289
      vertex -15.1276 -2.97224 8.21439
    endloop
  endfacet
  facet normal 0.877325 -0.230143 0.421111
    outer loop
      vertex -14.4507 -0.391838 8.21439
      vertex -15.1276 -2.97224 8.21439
      vertex -13.8948 -0.58461 6.9509
    endloop
  endfacet
  facet normal 0.909071 -0.0460604 0.414086
    outer loop
      vertex -13.3266 5 6.9509
      vertex -14.0399 2.28082 8.21439
      vertex -13.4693 2.1836 6.9509
    endloop
  endfacet
  facet normal 0.898607 -0.138124 0.416445
    outer loop
      vertex -13.4693 2.1836 6.9509
      vertex -14.0399 2.28082 8.21439
      vertex -13.8948 -0.58461 6.9509
    endloop
  endfacet
  facet normal 0.292832 0.338669 -0.894177
    outer loop
      vertex -23.1765 16.5081 -2.5184
      vertex -24.3956 17.5622 -2.5184
      vertex -23.6094 19.3245 -1.59346
    endloop
  endfacet
  facet normal 0.234577 0.271295 -0.933473
    outer loop
      vertex -23.1765 16.5081 -2.5184
      vertex -25.2777 15.585 -3.3147
      vertex -24.3956 17.5622 -2.5184
    endloop
  endfacet
  facet normal 0.314571 0.213176 -0.924987
    outer loop
      vertex -21.1074 13.8305 -2.5184
      vertex -22.507 12.4406 -3.3147
      vertex -22.0741 15.257 -2.5184
    endloop
  endfacet
  facet normal 0.214992 0.18945 -0.958064
    outer loop
      vertex -24.6833 11.8804 -3.96873
      vertex -25.4228 12.7196 -3.96873
      vertex -23.3216 13.6426 -3.3147
    endloop
  endfacet
  facet normal 0.14498 0.227146 -0.963009
    outer loop
      vertex -26.2405 13.4267 -3.96873
      vertex -26.3857 16.2922 -3.3147
      vertex -25.2777 15.585 -3.3147
    endloop
  endfacet
  facet normal 0.181659 0.210073 -0.960661
    outer loop
      vertex -25.4228 12.7196 -3.96873
      vertex -26.2405 13.4267 -3.96873
      vertex -25.2777 15.585 -3.3147
    endloop
  endfacet
  facet normal 0.0811989 0.957352 0.277279
    outer loop
      vertex -27.7858 26.7651 5.65403
      vertex -30 26.9529 5.65403
      vertex -27.8237 26.3927 6.9509
    endloop
  endfacet
  facet normal 0.349604 0.795858 0.494355
    outer loop
      vertex -23.6194 24.9348 6.9509
      vertex -25.6846 25.842 6.9509
      vertex -23.8396 24.2467 8.21439
    endloop
  endfacet
  facet normal -0.402217 0.915544 0
    outer loop
      vertex -34.3905 26.2049 4.34597
      vertex -36.4917 25.2818 5.65403
      vertex -34.3905 26.2049 5.65403
    endloop
  endfacet
  facet normal -0.402217 0.915544 0
    outer loop
      vertex -36.4917 25.2818 5.65403
      vertex -34.3905 26.2049 4.34597
      vertex -36.4917 25.2818 4.34597
    endloop
  endfacet
  facet normal -0.215586 0.837407 -0.502268
    outer loop
      vertex -32.1012 25.6542 1.7856
      vertex -34.3154 25.842 3.0491
      vertex -32.1763 26.3927 3.0491
    endloop
  endfacet
  facet normal -0.171417 0.390206 -0.90463
    outer loop
      vertex -34.2895 18.4014 -2.5184
      vertex -34.8912 20.2814 -1.59346
      vertex -33.308 20.9769 -1.59346
    endloop
  endfacet
  facet normal -0.17141 0.390204 -0.904632
    outer loop
      vertex -32.9011 19.0113 -2.5184
      vertex -34.2895 18.4014 -2.5184
      vertex -33.308 20.9769 -1.59346
    endloop
  endfacet
  facet normal 0.043016 0.0497447 0.997835
    outer loop
      vertex -28.3417 8.71697 14.8079
      vertex -29.3231 6.14153 14.9786
      vertex -27.981 8.40506 14.8079
    endloop
  endfacet
  facet normal 0.0643471 0.033222 0.997374
    outer loop
      vertex -27.3688 7.6128 14.8079
      vertex -29.1179 5.87593 14.9786
      vertex -29.0371 5.71943 14.9786
    endloop
  endfacet
  facet normal 0.103185 0.0909008 0.9905
    outer loop
      vertex -26.6734 10.6103 14.4693
      vertex -27.981 8.40506 14.8079
      vertex -27.6549 8.03489 14.8079
    endloop
  endfacet
  facet normal 0.0869908 0.100598 0.991117
    outer loop
      vertex -26.6734 10.6103 14.4693
      vertex -28.3417 8.71697 14.8079
      vertex -27.981 8.40506 14.8079
    endloop
  endfacet
  facet normal 0.0248967 0.0566657 0.998083
    outer loop
      vertex -28.7308 8.96528 14.8079
      vertex -29.7122 6.38984 14.9786
      vertex -29.5745 6.32934 14.9786
    endloop
  endfacet
  facet normal -0.0248967 0.0566657 0.998083
    outer loop
      vertex -30.2878 6.38984 14.9786
      vertex -31.2692 8.96528 14.8079
      vertex -30.4255 6.32934 14.9786
    endloop
  endfacet
  facet normal 0.0468063 0.18178 0.982225
    outer loop
      vertex -29.0186 14.6471 13.9687
      vertex -29.2867 12.0112 14.4693
      vertex -28.5857 11.8307 14.4693
    endloop
  endfacet
  facet normal 0.0305952 0.118821 0.992444
    outer loop
      vertex -29.2867 12.0112 14.4693
      vertex -29.5671 9.25527 14.8079
      vertex -28.5857 11.8307 14.4693
    endloop
  endfacet
  facet normal -0.234577 0.271295 0.933473
    outer loop
      vertex -35.6044 17.5622 12.5184
      vertex -36.8235 16.5081 12.5184
      vertex -34.7223 15.585 13.3147
    endloop
  endfacet
  facet normal -0.104433 0.405658 0.908039
    outer loop
      vertex -31.6683 21.399 11.5935
      vertex -32.9011 19.0113 12.5184
      vertex -31.4631 19.3815 12.5184
    endloop
  endfacet
  facet normal -0.277172 0.244202 0.929269
    outer loop
      vertex -35.7496 14.6968 13.3147
      vertex -36.8235 16.5081 12.5184
      vertex -36.6784 13.6426 13.3147
    endloop
  endfacet
  facet normal -0.214993 0.189419 0.95807
    outer loop
      vertex -35.7496 14.6968 13.3147
      vertex -36.6784 13.6426 13.3147
      vertex -34.5772 12.7196 13.9687
    endloop
  endfacet
  facet normal -0.128458 -0.499027 0.857013
    outer loop
      vertex -31.6683 -11.399 11.5935
      vertex -33.6584 -12.669 10.5557
      vertex -31.845 -13.1358 10.5557
    endloop
  endfacet
  facet normal -0.40898 -0.640805 0.649695
    outer loop
      vertex -37.6234 -12.0877 9.42289
      vertex -38.0489 -13.0414 8.21439
      vertex -35.8347 -13.2293 9.42289
    endloop
  endfacet
  facet normal -0.3459 -0.541969 0.765913
    outer loop
      vertex -37.0675 -10.8416 10.5557
      vertex -37.6234 -12.0877 9.42289
      vertex -35.8347 -13.2293 9.42289
    endloop
  endfacet
  facet normal -0.428543 -0.495591 0.755474
    outer loop
      vertex -38.6048 -9.51228 10.5557
      vertex -39.2817 -10.6538 9.42289
      vertex -37.0675 -10.8416 10.5557
    endloop
  endfacet
  facet normal -0.503986 -0.582851 0.637403
    outer loop
      vertex -39.2817 -10.6538 9.42289
      vertex -39.7997 -11.5275 8.21439
      vertex -38.0489 -13.0414 8.21439
    endloop
  endfacet
  facet normal -0.632592 -0.731549 0.25429
    outer loop
      vertex -40.1501 -12.1184 6.9509
      vertex -40.3268 -12.4164 5.65403
      vertex -38.3367 -13.6865 6.9509
    endloop
  endfacet
  facet normal -0.104425 -0.405661 0.908039
    outer loop
      vertex -31.4631 -9.38151 12.5184
      vertex -32.9011 -9.01134 12.5184
      vertex -31.6683 -11.399 11.5935
    endloop
  endfacet
  facet normal -0.136744 -0.311268 0.940433
    outer loop
      vertex -32.4445 -6.80607 13.3147
      vertex -33.6143 -6.29216 13.3147
      vertex -32.9011 -9.01134 12.5184
    endloop
  endfacet
  facet normal -0.0503776 -0.114686 0.992124
    outer loop
      vertex -31.2692 1.03472 14.8079
      vertex -32.0912 -1.53337 14.4693
      vertex -31.4143 -1.83071 14.4693
    endloop
  endfacet
  facet normal -0.105555 -0.2403 0.964942
    outer loop
      vertex -32.8774 -3.98967 13.9687
      vertex -33.6143 -6.29216 13.3147
      vertex -31.946 -4.3988 13.9687
    endloop
  endfacet
  facet normal -0.132822 -0.153625 0.979162
    outer loop
      vertex -33.3266 -0.610332 14.4693
      vertex -33.7595 -3.42673 13.9687
      vertex -32.7322 -1.12424 14.4693
    endloop
  endfacet
  facet normal -0.144963 -0.227142 0.963012
    outer loop
      vertex -33.7595 -3.42673 13.9687
      vertex -34.7223 -5.58503 13.3147
      vertex -33.6143 -6.29216 13.3147
    endloop
  endfacet
  facet normal -0.244462 -0.165669 0.955402
    outer loop
      vertex -35.3167 -1.8804 13.9687
      vertex -37.493 -2.44061 13.3147
      vertex -36.6784 -3.64264 13.3147
    endloop
  endfacet
  facet normal -0.314566 -0.213177 0.924988
    outer loop
      vertex -37.493 -2.44061 13.3147
      vertex -37.9259 -5.25701 12.5184
      vertex -36.6784 -3.64264 13.3147
    endloop
  endfacet
  facet normal -0.345109 -0.30409 0.887935
    outer loop
      vertex -36.8235 -6.50807 12.5184
      vertex -39.0377 -6.69588 11.5935
      vertex -37.7807 -8.12244 11.5935
    endloop
  endfacet
  facet normal -0.29284 -0.338658 0.894179
    outer loop
      vertex -36.8235 -6.50807 12.5184
      vertex -37.7807 -8.12244 11.5935
      vertex -36.3906 -9.32447 11.5935
    endloop
  endfacet
  facet normal -0.473708 -0.321015 0.820091
    outer loop
      vertex -39.0377 -6.69588 11.5935
      vertex -41.214 -6.13566 10.5557
      vertex -39.9949 -7.93463 10.5557
    endloop
  endfacet
  facet normal -0.518669 -0.267788 0.811956
    outer loop
      vertex -41.0689 -3.27024 11.5935
      vertex -42.2413 -4.14616 10.5557
      vertex -40.1401 -5.0692 11.5935
    endloop
  endfacet
  facet normal -0.346355 -0.178836 0.920899
    outer loop
      vertex -37.493 -2.44061 13.3147
      vertex -39.7072 -2.2528 12.5184
      vertex -38.8926 -3.83045 12.5184
    endloop
  endfacet
  facet normal -0.390718 -0.264768 0.881611
    outer loop
      vertex -38.8926 -3.83045 12.5184
      vertex -40.1401 -5.0692 11.5935
      vertex -37.9259 -5.25701 12.5184
    endloop
  endfacet
  facet normal -0.391665 -0.102732 0.914355
    outer loop
      vertex -39.1229 1.83657 13.3147
      vertex -40.8269 1.24567 12.5184
      vertex -38.7258 0.322634 13.3147
    endloop
  endfacet
  facet normal -0.391658 -0.102714 0.91436
    outer loop
      vertex -38.7258 0.322634 13.3147
      vertex -40.8269 1.24567 12.5184
      vertex -40.3557 -0.551055 12.5184
    endloop
  endfacet
  facet normal -0.581437 -0.152508 0.79917
    outer loop
      vertex -42.3458 0.719009 11.5935
      vertex -43.6533 0.265595 10.5557
      vertex -43.059 -2.00017 10.5557
    endloop
  endfacet
  facet normal -0.483475 -0.126794 0.866127
    outer loop
      vertex -40.8269 1.24567 12.5184
      vertex -41.8084 -1.32977 11.5935
      vertex -40.3557 -0.551055 12.5184
    endloop
  endfacet
  facet normal -0.473693 0.321018 -0.820099
    outer loop
      vertex -39.0377 16.6959 -1.59346
      vertex -41.214 16.1357 -0.555702
      vertex -39.9949 17.9346 -0.555702
    endloop
  endfacet
  facet normal -0.562867 0.38145 -0.733264
    outer loop
      vertex -39.9949 17.9346 -0.555702
      vertex -41.214 16.1357 -0.555702
      vertex -40.7811 18.9521 0.577112
    endloop
  endfacet
  facet normal -0.4198 0.369918 -0.828812
    outer loop
      vertex -37.7807 18.1224 -1.59346
      vertex -39.0377 16.6959 -1.59346
      vertex -38.6048 19.5123 -0.555702
    endloop
  endfacet
  facet normal -0.357452 0.413355 -0.837476
    outer loop
      vertex -37.7807 18.1224 -1.59346
      vertex -38.6048 19.5123 -0.555702
      vertex -36.3906 19.3245 -1.59346
    endloop
  endfacet
  facet normal -0.503984 0.582849 -0.637407
    outer loop
      vertex -39.2817 20.6538 0.577112
      vertex -39.7997 21.5275 1.7856
      vertex -38.0489 23.0414 1.7856
    endloop
  endfacet
  facet normal -0.576681 0.666921 -0.471864
    outer loop
      vertex -38.0489 23.0414 1.7856
      vertex -39.7997 21.5275 1.7856
      vertex -38.3367 23.6865 3.0491
    endloop
  endfacet
  facet normal -0.803853 0.544779 -0.238824
    outer loop
      vertex -41.7898 20.2574 3.0491
      vertex -43.2279 18.1354 3.0491
      vertex -41.9951 20.523 4.34597
    endloop
  endfacet
  facet normal -0.803884 0.54476 -0.23876
    outer loop
      vertex -43.2279 18.1354 3.0491
      vertex -43.4581 18.3641 4.34597
      vertex -41.9951 20.523 4.34597
    endloop
  endfacet
  facet normal -0.654734 0.443687 0.611936
    outer loop
      vertex -40.7811 18.9521 9.42289
      vertex -42.7713 17.682 8.21439
      vertex -42.0961 17.0116 9.42289
    endloop
  endfacet
  facet normal -0.562888 0.381447 0.73325
    outer loop
      vertex -40.7811 18.9521 9.42289
      vertex -42.0961 17.0116 9.42289
      vertex -41.214 16.1357 10.5557
    endloop
  endfacet
  facet normal -0.3459 0.541969 0.765913
    outer loop
      vertex -35.8347 23.2293 9.42289
      vertex -37.6234 22.0877 9.42289
      vertex -37.0675 20.8416 10.5557
    endloop
  endfacet
  facet normal -0.302062 0.687613 0.660263
    outer loop
      vertex -34.1664 25.1226 8.21439
      vertex -35.8347 23.2293 9.42289
      vertex -33.9462 24.0589 9.42289
    endloop
  endfacet
  facet normal -0.0625967 0.737679 0.672243
    outer loop
      vertex -30 25.8325 8.21439
      vertex -32.1012 25.6542 8.21439
      vertex -30 24.7312 9.42289
    endloop
  endfacet
  facet normal -0.105548 0.240302 0.964943
    outer loop
      vertex -31.946 14.3988 13.9687
      vertex -33.6143 16.2922 13.3147
      vertex -32.8774 13.9897 13.9687
    endloop
  endfacet
  facet normal -0.187524 0.293822 0.937285
    outer loop
      vertex -34.2895 18.4014 12.5184
      vertex -35.6044 17.5622 12.5184
      vertex -34.7223 15.585 13.3147
    endloop
  endfacet
  facet normal -0.14497 0.227137 0.963012
    outer loop
      vertex -33.6143 16.2922 13.3147
      vertex -33.7595 13.4267 13.9687
      vertex -32.8774 13.9897 13.9687
    endloop
  endfacet
  facet normal -0.239741 0.931232 0.274467
    outer loop
      vertex -32.1763 26.3927 6.9509
      vertex -34.3905 26.2049 5.65403
      vertex -34.3154 25.842 6.9509
    endloop
  endfacet
  facet normal -0.349604 0.795858 0.494355
    outer loop
      vertex -34.3154 25.842 6.9509
      vertex -36.3806 24.9348 6.9509
      vertex -36.1604 24.2467 8.21439
    endloop
  endfacet
  facet normal -0.537952 0.842975 0
    outer loop
      vertex -36.4917 25.2818 4.34597
      vertex -38.4818 24.0118 5.65403
      vertex -36.4917 25.2818 5.65403
    endloop
  endfacet
  facet normal -0.537952 0.842975 0
    outer loop
      vertex -38.4818 24.0118 5.65403
      vertex -36.4917 25.2818 4.34597
      vertex -38.4818 24.0118 4.34597
    endloop
  endfacet
  facet normal -0.043016 0.0497447 0.997835
    outer loop
      vertex -31.6583 8.71697 14.8079
      vertex -32.019 8.40506 14.8079
      vertex -30.6769 6.14153 14.9786
    endloop
  endfacet
  facet normal -0.069306 0.108566 0.99167
    outer loop
      vertex -32.0912 11.5334 14.4693
      vertex -32.7322 11.1242 14.4693
      vertex -31.2692 8.96528 14.8079
    endloop
  endfacet
  facet normal 0.0510542 0.0449655 0.997683
    outer loop
      vertex -27.6549 8.03489 14.8079
      vertex -29.3231 6.14153 14.9786
      vertex -29.2138 6.01743 14.9786
    endloop
  endfacet
  facet normal -0.179244 0.121456 0.976279
    outer loop
      vertex -35.3167 11.8804 13.9687
      vertex -35.9651 10.9235 13.9687
      vertex -33.864 10.0004 14.4693
    endloop
  endfacet
  facet normal -0.0581899 0.0394375 0.997526
    outer loop
      vertex -30.7862 6.01743 14.9786
      vertex -32.6312 7.6128 14.8079
      vertex -30.8821 5.87593 14.9786
    endloop
  endfacet
  facet normal 0.0758726 -0.011671 0.997049
    outer loop
      vertex -26.7118 4.43978 14.8079
      vertex -28.8977 4.81219 14.9786
      vertex -26.7965 3.88915 14.8079
    endloop
  endfacet
  facet normal 0.0350753 0.413527 0.909816
    outer loop
      vertex -28.3317 21.399 11.5935
      vertex -30 19.5056 12.5184
      vertex -28.5369 19.3815 12.5184
    endloop
  endfacet
  facet normal 0.0279231 0.329204 0.943846
    outer loop
      vertex -28.5369 19.3815 12.5184
      vertex -30 19.5056 12.5184
      vertex -28.7672 17.118 13.3147
    endloop
  endfacet
  facet normal -0.0215107 0.253765 0.967027
    outer loop
      vertex -30 17.2225 13.3147
      vertex -31.2328 17.118 13.3147
      vertex -30.9814 14.6471 13.9687
    endloop
  endfacet
  facet normal -0.0467918 0.181778 0.982226
    outer loop
      vertex -30.9814 14.6471 13.9687
      vertex -31.946 14.3988 13.9687
      vertex -31.4143 11.8307 14.4693
    endloop
  endfacet
  facet normal -0.0215401 0.253775 0.967023
    outer loop
      vertex -30 17.2225 13.3147
      vertex -30.9814 14.6471 13.9687
      vertex -30 14.7304 13.9687
    endloop
  endfacet
  facet normal -0.499055 0.0766919 0.86317
    outer loop
      vertex -42.3458 9.28099 11.5935
      vertex -42.6719 7.15897 11.5935
      vertex -41.113 6.89336 12.5184
    endloop
  endfacet
  facet normal -0.599255 0.0921314 0.795239
    outer loop
      vertex -43.6533 9.7344 10.5557
      vertex -44.0141 7.38763 10.5557
      vertex -42.3458 9.28099 11.5935
    endloop
  endfacet
  facet normal -0.411311 -0.0208332 0.911257
    outer loop
      vertex -39.4447 5 13.3147
      vertex -41.2089 5 12.5184
      vertex -41.113 3.10664 12.5184
    endloop
  endfacet
  facet normal -0.411311 0.0208332 0.911257
    outer loop
      vertex -41.113 6.89336 12.5184
      vertex -41.2089 5 12.5184
      vertex -39.4447 5 13.3147
    endloop
  endfacet
  facet normal -0.785813 -0.206132 0.583102
    outer loop
      vertex -44.7273 -0.10681 9.42289
      vertex -44.8724 -2.97224 8.21439
      vertex -44.0862 -2.5508 9.42289
    endloop
  endfacet
  facet normal -0.753995 -0.287315 0.590713
    outer loop
      vertex -44.0862 -2.5508 9.42289
      vertex -44.8724 -2.97224 8.21439
      vertex -43.9411 -5.41623 8.21439
    endloop
  endfacet
  facet normal -0.390716 0.264785 0.881606
    outer loop
      vertex -39.0377 16.6959 11.5935
      vertex -40.1401 15.0692 11.5935
      vertex -37.9259 15.257 12.5184
    endloop
  endfacet
  facet normal -0.390717 0.264778 0.881608
    outer loop
      vertex -37.9259 15.257 12.5184
      vertex -40.1401 15.0692 11.5935
      vertex -38.8926 13.8305 12.5184
    endloop
  endfacet
  facet normal -0.104426 0.405655 0.908041
    outer loop
      vertex -31.6683 21.399 11.5935
      vertex -33.308 20.9769 11.5935
      vertex -32.9011 19.0113 12.5184
    endloop
  endfacet
  facet normal -0.419851 0.369927 0.828782
    outer loop
      vertex -38.6048 19.5123 10.5557
      vertex -39.9949 17.9346 10.5557
      vertex -39.0377 16.6959 11.5935
    endloop
  endfacet
  facet normal -0.346354 0.178818 0.920903
    outer loop
      vertex -37.493 12.4406 13.3147
      vertex -39.7072 12.2528 12.5184
      vertex -38.1793 11.1113 13.3147
    endloop
  endfacet
  facet normal -0.346354 0.17883 0.920901
    outer loop
      vertex -38.8926 13.8305 12.5184
      vertex -39.7072 12.2528 12.5184
      vertex -37.493 12.4406 13.3147
    endloop
  endfacet
  facet normal -0.898611 0.138123 -0.416437
    outer loop
      vertex -45.9601 7.71918 1.7856
      vertex -46.1052 10.5846 3.0491
      vertex -45.5493 10.3918 1.7856
    endloop
  endfacet
  facet normal -0.599206 0.0920826 -0.795282
    outer loop
      vertex -42.6719 7.15897 -1.59346
      vertex -44.0141 7.38763 -0.555702
      vertex -42.3458 9.28099 -1.59346
    endloop
  endfacet
  facet normal -0.877306 0.230101 -0.421174
    outer loop
      vertex -44.8724 12.9722 1.7856
      vertex -46.1052 10.5846 3.0491
      vertex -45.4042 13.2573 3.0491
    endloop
  endfacet
  facet normal -0.785806 0.206136 -0.58311
    outer loop
      vertex -44.7273 10.1068 0.577112
      vertex -45.5493 10.3918 1.7856
      vertex -44.8724 12.9722 1.7856
    endloop
  endfacet
  facet normal -0.024899 0.0566803 -0.998082
    outer loop
      vertex -30.2878 6.38984 -4.97859
      vertex -31.2692 8.96528 -4.80785
      vertex -30.8584 9.14574 -4.80785
    endloop
  endfacet
  facet normal 0.0869773 -0.100583 -0.99112
    outer loop
      vertex -26.6734 -0.610332 -4.4693
      vertex -28.3417 1.28303 -4.80785
      vertex -27.981 1.59494 -4.80785
    endloop
  endfacet
  facet normal 0.147823 0.0387619 -0.988254
    outer loop
      vertex -26.7965 6.11085 -4.80785
      vertex -26.9359 6.64247 -4.80785
      vertex -24.9515 7.70621 -4.4693
    endloop
  endfacet
  facet normal -0.0151078 -0.0587116 -0.998161
    outer loop
      vertex -30.1451 3.57344 -4.97859
      vertex -30.4329 0.744731 -4.80785
      vertex -30.2878 3.61016 -4.97859
    endloop
  endfacet
  facet normal 0.0692798 0.108561 -0.991673
    outer loop
      vertex -28.3417 8.71697 -4.80785
      vertex -28.7308 8.96528 -4.80785
      vertex -27.2678 11.1242 -4.4693
    endloop
  endfacet
  facet normal 0.0503638 0.11467 -0.992126
    outer loop
      vertex -27.9088 11.5334 -4.4693
      vertex -28.7308 8.96528 -4.80785
      vertex -28.5857 11.8307 -4.4693
    endloop
  endfacet
  facet normal 0.10317 0.0908876 -0.990503
    outer loop
      vertex -27.6549 8.03489 -4.80785
      vertex -27.981 8.40506 -4.80785
      vertex -26.6734 10.6103 -4.4693
    endloop
  endfacet
  facet normal 0.0510601 0.0449813 -0.997682
    outer loop
      vertex -27.6549 8.03489 -4.80785
      vertex -29.3231 6.14153 -4.97859
      vertex -27.981 8.40506 -4.80785
    endloop
  endfacet
  facet normal 0.153052 -0.0235431 -0.987938
    outer loop
      vertex -24.5823 4.07696 -4.4693
      vertex -26.7965 3.88915 -4.80785
      vertex -26.7118 4.43978 -4.80785
    endloop
  endfacet
  facet normal 0.129923 -0.0670789 -0.989252
    outer loop
      vertex -25.6647 0.695041 -4.4693
      vertex -27.1278 2.85401 -4.80785
      vertex -25.2676 1.46417 -4.4693
    endloop
  endfacet
  facet normal 0.316259 0.0486066 -0.947427
    outer loop
      vertex -20.6361 6.59536 -3.3147
      vertex -22.5454 6.27007 -3.96873
      vertex -20.8771 8.16343 -3.3147
    endloop
  endfacet
  facet normal 0.321537 0.0162848 -0.946757
    outer loop
      vertex -20.5553 5 -3.3147
      vertex -22.5454 6.27007 -3.96873
      vertex -20.6361 6.59536 -3.3147
    endloop
  endfacet
  facet normal 0.499071 -0.0766943 -0.863161
    outer loop
      vertex -17.6542 0.719009 -1.59346
      vertex -18.887 3.10664 -2.5184
      vertex -17.3281 2.84103 -1.59346
    endloop
  endfacet
  facet normal 0.499035 -0.0767201 -0.863179
    outer loop
      vertex -17.6542 0.719009 -1.59346
      vertex -19.1731 1.24567 -2.5184
      vertex -18.887 3.10664 -2.5184
    endloop
  endfacet
  facet normal 0.305759 -0.0801995 -0.948725
    outer loop
      vertex -21.2742 0.322634 -3.3147
      vertex -23.0534 1.27636 -3.96873
      vertex -20.8771 1.83657 -3.3147
    endloop
  endfacet
  facet normal 0.31625 -0.0486157 -0.947429
    outer loop
      vertex -20.8771 1.83657 -3.3147
      vertex -22.7373 2.4816 -3.96873
      vertex -22.5454 3.72993 -3.96873
    endloop
  endfacet
  facet normal 0.15305 -0.0235166 -0.987939
    outer loop
      vertex -24.7217 3.16972 -4.4693
      vertex -26.7965 3.88915 -4.80785
      vertex -24.5823 4.07696 -4.4693
    endloop
  endfacet
  facet normal 0.224882 -0.0589977 -0.972598
    outer loop
      vertex -22.7373 2.4816 -3.96873
      vertex -24.9515 2.29379 -4.4693
      vertex -24.7217 3.16972 -4.4693
    endloop
  endfacet
  facet normal 0.214998 -0.189431 -0.958067
    outer loop
      vertex -24.2504 -4.6968 -3.3147
      vertex -25.4228 -2.71961 -3.96873
      vertex -23.3216 -3.64264 -3.3147
    endloop
  endfacet
  facet normal 0.277168 -0.244208 -0.929269
    outer loop
      vertex -23.1765 -6.50807 -2.5184
      vertex -24.2504 -4.6968 -3.3147
      vertex -23.3216 -3.64264 -3.3147
    endloop
  endfacet
  facet normal 0.197925 -0.10219 -0.974876
    outer loop
      vertex -24.0348 -0.923462 -3.96873
      vertex -25.6647 0.695041 -4.4693
      vertex -23.4884 0.134824 -3.96873
    endloop
  endfacet
  facet normal 0.269648 -0.139221 -0.952842
    outer loop
      vertex -22.507 -2.44061 -3.3147
      vertex -24.0348 -0.923462 -3.96873
      vertex -23.4884 0.134824 -3.96873
    endloop
  endfacet
  facet normal 0.117549 -0.07966 -0.989867
    outer loop
      vertex -26.136 -0.000424385 -4.4693
      vertex -27.6549 1.96511 -4.80785
      vertex -25.6647 0.695041 -4.4693
    endloop
  endfacet
  facet normal 0.0510661 -0.044976 -0.997682
    outer loop
      vertex -27.6549 1.96511 -4.80785
      vertex -29.3231 3.85847 -4.97859
      vertex -29.2138 3.98257 -4.97859
    endloop
  endfacet
  facet normal 0.105892 -0.165905 -0.98044
    outer loop
      vertex -26.2405 -3.42673 -3.96873
      vertex -27.9088 -1.53337 -4.4693
      vertex -27.2678 -1.12424 -4.4693
    endloop
  endfacet
  facet normal 0.0869686 -0.10059 -0.99112
    outer loop
      vertex -27.2678 -1.12424 -4.4693
      vertex -28.3417 1.28303 -4.80785
      vertex -26.6734 -0.610332 -4.4693
    endloop
  endfacet
  facet normal 0.632592 -0.731549 -0.25429
    outer loop
      vertex -19.6732 -12.4164 4.34597
      vertex -21.6633 -13.6865 3.0491
      vertex -19.8499 -12.1184 3.0491
    endloop
  endfacet
  facet normal 0.632588 -0.731557 -0.254277
    outer loop
      vertex -21.5182 -14.0118 4.34597
      vertex -21.6633 -13.6865 3.0491
      vertex -19.6732 -12.4164 4.34597
    endloop
  endfacet
  facet normal 0.345872 -0.541964 -0.765929
    outer loop
      vertex -24.1653 -13.2293 0.577112
      vertex -24.5908 -11.8999 -0.555702
      vertex -22.9325 -10.8416 -0.555702
    endloop
  endfacet
  facet normal 0.345901 -0.54197 -0.765912
    outer loop
      vertex -22.3766 -12.0877 0.577112
      vertex -24.1653 -13.2293 0.577112
      vertex -22.9325 -10.8416 -0.555702
    endloop
  endfacet
  facet normal 0.181662 -0.210071 -0.960661
    outer loop
      vertex -25.2777 -5.58503 -3.3147
      vertex -26.2405 -3.42673 -3.96873
      vertex -25.4228 -2.71961 -3.96873
    endloop
  endfacet
  facet normal 0.144969 -0.227151 -0.963009
    outer loop
      vertex -25.2777 -5.58503 -3.3147
      vertex -26.3857 -6.29216 -3.3147
      vertex -26.2405 -3.42673 -3.96873
    endloop
  endfacet
  facet normal -0.132814 -0.153616 -0.979164
    outer loop
      vertex -32.7322 -1.12424 -4.4693
      vertex -33.7595 -3.42673 -3.96873
      vertex -33.3266 -0.610332 -4.4693
    endloop
  endfacet
  facet normal -0.15741 -0.138707 -0.977744
    outer loop
      vertex -34.5772 -2.71961 -3.96873
      vertex -35.3167 -1.8804 -3.96873
      vertex -33.3266 -0.610332 -4.4693
    endloop
  endfacet
  facet normal 0.136736 -0.311266 -0.940434
    outer loop
      vertex -25.7105 -8.40143 -2.5184
      vertex -27.0989 -9.01134 -2.5184
      vertex -26.3857 -6.29216 -3.3147
    endloop
  endfacet
  facet normal 0.104431 -0.405676 -0.908031
    outer loop
      vertex -26.692 -10.9769 -1.59346
      vertex -28.3317 -11.399 -1.59346
      vertex -27.0989 -9.01134 -2.5184
    endloop
  endfacet
  facet normal -0.254272 -0.578832 -0.77479
    outer loop
      vertex -33.6584 -12.669 -0.555702
      vertex -35.8347 -13.2293 0.577112
      vertex -35.4092 -11.8999 -0.555702
    endloop
  endfacet
  facet normal -0.104431 -0.405676 -0.908031
    outer loop
      vertex -31.6683 -11.399 -1.59346
      vertex -33.308 -10.9769 -1.59346
      vertex -32.9011 -9.01134 -2.5184
    endloop
  endfacet
  facet normal -0.234633 -0.367643 -0.899881
    outer loop
      vertex -34.8912 -10.2814 -1.59346
      vertex -36.3906 -9.32447 -1.59346
      vertex -34.2895 -8.40143 -2.5184
    endloop
  endfacet
  facet normal -0.171419 -0.39021 -0.904628
    outer loop
      vertex -33.308 -10.9769 -1.59346
      vertex -34.8912 -10.2814 -1.59346
      vertex -34.2895 -8.40143 -2.5184
    endloop
  endfacet
  facet normal 0.171415 -0.390209 -0.904629
    outer loop
      vertex -26.692 -10.9769 -1.59346
      vertex -27.0989 -9.01134 -2.5184
      vertex -25.7105 -8.40143 -2.5184
    endloop
  endfacet
  facet normal 0.171419 -0.39021 -0.904628
    outer loop
      vertex -25.1088 -10.2814 -1.59346
      vertex -26.692 -10.9769 -1.59346
      vertex -25.7105 -8.40143 -2.5184
    endloop
  endfacet
  facet normal 0.128454 -0.499012 -0.857022
    outer loop
      vertex -28.155 -13.1358 -0.555702
      vertex -28.3317 -11.399 -1.59346
      vertex -26.3416 -12.669 -0.555702
    endloop
  endfacet
  facet normal 0.155615 -0.604526 -0.781237
    outer loop
      vertex -28.0099 -14.5624 0.577112
      vertex -28.155 -13.1358 -0.555702
      vertex -26.3416 -12.669 -0.555702
    endloop
  endfacet
  facet normal -0.29285 -0.33867 -0.894171
    outer loop
      vertex -36.3906 -9.32447 -1.59346
      vertex -37.7807 -8.12244 -1.59346
      vertex -36.8235 -6.50807 -2.5184
    endloop
  endfacet
  facet normal -0.473695 -0.321007 -0.820102
    outer loop
      vertex -39.9949 -7.93463 -0.555702
      vertex -41.214 -6.13566 -0.555702
      vertex -39.0377 -6.69588 -1.59346
    endloop
  endfacet
  facet normal -0.473696 -0.321023 -0.820095
    outer loop
      vertex -39.0377 -6.69588 -1.59346
      vertex -41.214 -6.13566 -0.555702
      vertex -40.1401 -5.0692 -1.59346
    endloop
  endfacet
  facet normal -0.39073 -0.264798 -0.881596
    outer loop
      vertex -39.0377 -6.69588 -1.59346
      vertex -40.1401 -5.0692 -1.59346
      vertex -37.9259 -5.25701 -2.5184
    endloop
  endfacet
  facet normal -0.460156 -0.175356 -0.870349
    outer loop
      vertex -39.7072 -2.2528 -2.5184
      vertex -41.8084 -1.32977 -1.59346
      vertex -40.3557 -0.551055 -2.5184
    endloop
  endfacet
  facet normal -0.654055 -0.249219 -0.714215
    outer loop
      vertex -42.2413 -4.14616 -0.555702
      vertex -44.0862 -2.5508 0.577112
      vertex -43.059 -2.00017 -0.555702
    endloop
  endfacet
  facet normal -0.15305 -0.0235166 -0.987939
    outer loop
      vertex -35.2783 3.16972 -4.4693
      vertex -35.4177 4.07696 -4.4693
      vertex -33.2035 3.88915 -4.80785
    endloop
  endfacet
  facet normal -0.147823 0.0387619 -0.988254
    outer loop
      vertex -33.2035 6.11085 -4.80785
      vertex -35.0485 7.70621 -4.4693
      vertex -33.0641 6.64247 -4.80785
    endloop
  endfacet
  facet normal 0.0694117 -0.026454 -0.997237
    outer loop
      vertex -27.1278 2.85401 -4.80785
      vertex -28.9728 4.44937 -4.97859
      vertex -26.9359 3.35753 -4.80785
    endloop
  endfacet
  facet normal 0.0467928 -0.181768 -0.982228
    outer loop
      vertex -29.0186 -4.64711 -3.96873
      vertex -29.2867 -2.01117 -4.4693
      vertex -28.5857 -1.83071 -4.4693
    endloop
  endfacet
  facet normal 0.0342634 0.0536755 -0.99797
    outer loop
      vertex -29.4441 6.2461 -4.97859
      vertex -29.5745 6.32934 -4.97859
      vertex -28.7308 8.96528 -4.80785
    endloop
  endfacet
  facet normal -0.0156915 -0.185004 -0.982612
    outer loop
      vertex -30 -2.07167 -4.4693
      vertex -30.9814 -4.64711 -3.96873
      vertex -30.7133 -2.01117 -4.4693
    endloop
  endfacet
  facet normal 0.030582 -0.118807 -0.992446
    outer loop
      vertex -28.5857 -1.83071 -4.4693
      vertex -29.5671 0.744731 -4.80785
      vertex -29.1416 0.854259 -4.80785
    endloop
  endfacet
  facet normal 0.0430066 -0.0497638 -0.997835
    outer loop
      vertex -28.3417 1.28303 -4.80785
      vertex -29.4441 3.7539 -4.97859
      vertex -29.3231 3.85847 -4.97859
    endloop
  endfacet
  facet normal -0.224881 0.0589798 -0.9726
    outer loop
      vertex -35.0485 7.70621 -4.4693
      vertex -37.2627 7.5184 -3.96873
      vertex -36.9466 8.72364 -3.96873
    endloop
  endfacet
  facet normal -0.290168 0.110572 -0.950566
    outer loop
      vertex -36.9466 8.72364 -3.96873
      vertex -38.1793 11.1113 -3.3147
      vertex -36.5116 9.86518 -3.96873
    endloop
  endfacet
  facet normal -0.232745 0.0357787 -0.97188
    outer loop
      vertex -35.4177 5.92304 -4.4693
      vertex -37.4546 6.27007 -3.96873
      vertex -37.2627 7.5184 -3.96873
    endloop
  endfacet
  facet normal -0.155685 0.00786456 -0.987775
    outer loop
      vertex -33.3165 5 -4.80785
      vertex -35.4645 5 -4.4693
      vertex -33.2882 5.56022 -4.80785
    endloop
  endfacet
  facet normal -0.269658 -0.139217 -0.95284
    outer loop
      vertex -37.493 -2.44061 -3.3147
      vertex -38.1793 -1.11127 -3.3147
      vertex -36.5116 0.134824 -3.96873
    endloop
  endfacet
  facet normal -0.346355 -0.178813 -0.920904
    outer loop
      vertex -37.493 -2.44061 -3.3147
      vertex -39.7072 -2.2528 -2.5184
      vertex -38.1793 -1.11127 -3.3147
    endloop
  endfacet
  facet normal -0.506862 -0.0256839 -0.861644
    outer loop
      vertex -42.6719 2.84103 -1.59346
      vertex -42.7813 5 -1.59346
      vertex -41.113 3.10664 -2.5184
    endloop
  endfacet
  facet normal -0.608114 0.0307925 -0.793252
    outer loop
      vertex -42.7813 5 -1.59346
      vertex -44.135 5 -0.555702
      vertex -44.0141 7.38763 -0.555702
    endloop
  endfacet
  facet normal -0.499035 0.0767201 -0.863179
    outer loop
      vertex -41.113 6.89336 -2.5184
      vertex -42.3458 9.28099 -1.59346
      vertex -40.8269 8.75433 -2.5184
    endloop
  endfacet
  facet normal -0.391665 0.102732 -0.914355
    outer loop
      vertex -39.1229 8.16343 -3.3147
      vertex -40.8269 8.75433 -2.5184
      vertex -38.7258 9.67737 -3.3147
    endloop
  endfacet
  facet normal -0.683807 0.179373 -0.707272
    outer loop
      vertex -43.6533 9.7344 -0.555702
      vertex -44.7273 10.1068 0.577112
      vertex -44.0862 12.5508 0.577112
    endloop
  endfacet
  facet normal -0.581418 0.152505 -0.799185
    outer loop
      vertex -42.3458 9.28099 -1.59346
      vertex -43.059 12.0002 -0.555702
      vertex -41.8084 11.3298 -1.59346
    endloop
  endfacet
  facet normal -0.391658 0.102712 -0.91436
    outer loop
      vertex -38.7258 9.67737 -3.3147
      vertex -40.8269 8.75433 -2.5184
      vertex -40.3557 10.5511 -2.5184
    endloop
  endfacet
  facet normal -0.483493 0.126795 -0.866116
    outer loop
      vertex -40.8269 8.75433 -2.5184
      vertex -41.8084 11.3298 -1.59346
      vertex -40.3557 10.5511 -2.5184
    endloop
  endfacet
  facet normal -0.10317 -0.0908868 -0.990503
    outer loop
      vertex -32.019 1.59494 -4.80785
      vertex -33.3266 -0.610332 -4.4693
      vertex -32.3451 1.96511 -4.80785
    endloop
  endfacet
  facet normal 0.0151078 -0.0587116 -0.998161
    outer loop
      vertex -29.5671 0.744731 -4.80785
      vertex -29.8549 3.57344 -4.97859
      vertex -29.7122 3.61016 -4.97859
    endloop
  endfacet
  facet normal 0.0342552 0.0536777 -0.997971
    outer loop
      vertex -28.3417 8.71697 -4.80785
      vertex -29.4441 6.2461 -4.97859
      vertex -28.7308 8.96528 -4.80785
    endloop
  endfacet
  facet normal -0.140064 -0.0533806 -0.988703
    outer loop
      vertex -32.8722 2.85401 -4.80785
      vertex -35.0485 2.29379 -4.4693
      vertex -33.0641 3.35753 -4.80785
    endloop
  endfacet
  facet normal -0.346355 -0.178836 -0.920899
    outer loop
      vertex -38.8926 -3.83045 -2.5184
      vertex -39.7072 -2.2528 -2.5184
      vertex -37.493 -2.44061 -3.3147
    endloop
  endfacet
  facet normal -0.314581 -0.213174 -0.924984
    outer loop
      vertex -37.9259 -5.25701 -2.5184
      vertex -38.8926 -3.83045 -2.5184
      vertex -37.493 -2.44061 -3.3147
    endloop
  endfacet
  facet normal -0.37213 -0.141811 -0.917284
    outer loop
      vertex -39.7072 -2.2528 -2.5184
      vertex -40.3557 -0.551055 -2.5184
      vertex -38.7258 0.322634 -3.3147
    endloop
  endfacet
  facet normal -0.305759 -0.0801995 -0.948725
    outer loop
      vertex -38.7258 0.322634 -3.3147
      vertex -39.1229 1.83657 -3.3147
      vertex -36.9466 1.27636 -3.96873
    endloop
  endfacet
  facet normal -0.214998 -0.189431 -0.958067
    outer loop
      vertex -35.7496 -4.6968 -3.3147
      vertex -36.6784 -3.64264 -3.3147
      vertex -34.5772 -2.71961 -3.96873
    endloop
  endfacet
  facet normal -0.179242 -0.12145 -0.97628
    outer loop
      vertex -35.3167 -1.8804 -3.96873
      vertex -35.9651 -0.923462 -3.96873
      vertex -34.3353 0.695041 -4.4693
    endloop
  endfacet
  facet normal -0.234578 -0.271306 -0.93347
    outer loop
      vertex -34.7223 -5.58503 -3.3147
      vertex -36.8235 -6.50807 -2.5184
      vertex -35.7496 -4.6968 -3.3147
    endloop
  endfacet
  facet normal -0.214991 -0.189447 -0.958065
    outer loop
      vertex -34.5772 -2.71961 -3.96873
      vertex -36.6784 -3.64264 -3.3147
      vertex -35.3167 -1.8804 -3.96873
    endloop
  endfacet
  facet normal -0.349594 -0.795857 -0.494364
    outer loop
      vertex -34.3154 -15.842 3.0491
      vertex -36.1604 -14.2467 1.7856
      vertex -34.1664 -15.1226 1.7856
    endloop
  endfacet
  facet normal -0.30206 -0.68761 -0.660267
    outer loop
      vertex -34.1664 -15.1226 1.7856
      vertex -35.8347 -13.2293 0.577112
      vertex -33.9462 -14.0589 0.577112
    endloop
  endfacet
  facet normal -0.710536 -0.366844 -0.60047
    outer loop
      vertex -42.7713 -7.682 1.7856
      vertex -43.9411 -5.41623 1.7856
      vertex -43.2041 -4.8656 0.577112
    endloop
  endfacet
  facet normal -0.910123 -0.346846 -0.226658
    outer loop
      vertex -44.6909 -5.97645 4.34597
      vertex -45.4042 -3.25727 3.0491
      vertex -44.4395 -5.78864 3.0491
    endloop
  endfacet
  facet normal -0.898613 -0.138121 -0.416434
    outer loop
      vertex -45.5493 -0.391838 1.7856
      vertex -46.1052 -0.58461 3.0491
      vertex -45.9601 2.28082 1.7856
    endloop
  endfacet
  facet normal -0.806632 -0.123983 -0.577904
    outer loop
      vertex -45.5493 -0.391838 1.7856
      vertex -45.9601 2.28082 1.7856
      vertex -44.7273 -0.10681 0.577112
    endloop
  endfacet
  facet normal -0.803889 -0.544758 0.238748
    outer loop
      vertex -43.2279 -8.13541 6.9509
      vertex -43.4581 -8.36408 5.65403
      vertex -41.9951 -10.523 5.65403
    endloop
  endfacet
  facet normal -0.864284 -0.446254 0.2321
    outer loop
      vertex -43.2279 -8.13541 6.9509
      vertex -44.6909 -5.97645 5.65403
      vertex -43.4581 -8.36408 5.65403
    endloop
  endfacet
  facet normal -0.428541 -0.495606 -0.755465
    outer loop
      vertex -37.6234 -12.0877 0.577112
      vertex -39.2817 -10.6538 0.577112
      vertex -37.0675 -10.8416 -0.555702
    endloop
  endfacet
  facet normal -0.428544 -0.495592 -0.755472
    outer loop
      vertex -37.0675 -10.8416 -0.555702
      vertex -39.2817 -10.6538 0.577112
      vertex -38.6048 -9.51228 -0.555702
    endloop
  endfacet
  facet normal -0.302042 -0.687603 -0.660282
    outer loop
      vertex -34.1664 -15.1226 1.7856
      vertex -36.1604 -14.2467 1.7856
      vertex -35.8347 -13.2293 0.577112
    endloop
  endfacet
  facet normal -0.408979 -0.640801 -0.6497
    outer loop
      vertex -36.1604 -14.2467 1.7856
      vertex -38.0489 -13.0414 1.7856
      vertex -35.8347 -13.2293 0.577112
    endloop
  endfacet
  facet normal -0.0523983 -0.617731 -0.784642
    outer loop
      vertex -30 -14.7312 0.577112
      vertex -31.845 -13.1358 -0.555702
      vertex -30 -13.2923 -0.555702
    endloop
  endfacet
  facet normal -0.155603 -0.60452 -0.781245
    outer loop
      vertex -31.9901 -14.5624 0.577112
      vertex -33.9462 -14.0589 0.577112
      vertex -33.6584 -12.669 -0.555702
    endloop
  endfacet
  facet normal 0.305746 -0.0801962 0.94873
    outer loop
      vertex -20.8771 1.83657 13.3147
      vertex -23.0534 1.27636 13.9687
      vertex -21.2742 0.322634 13.3147
    endloop
  endfacet
  facet normal 0.197937 -0.102196 0.974873
    outer loop
      vertex -23.4884 0.134824 13.9687
      vertex -25.6647 0.695041 14.4693
      vertex -24.0348 -0.923462 13.9687
    endloop
  endfacet
  facet normal 0.0581899 -0.0394375 0.997526
    outer loop
      vertex -29.1179 4.12407 14.9786
      vertex -29.2138 3.98257 14.9786
      vertex -27.3688 2.3872 14.8079
    endloop
  endfacet
  facet normal 0.153074 -0.0235464 0.987934
    outer loop
      vertex -26.7118 4.43978 14.8079
      vertex -26.7965 3.88915 14.8079
      vertex -24.5823 4.07696 14.4693
    endloop
  endfacet
  facet normal 0.0151043 -0.0586979 0.998162
    outer loop
      vertex -29.7122 3.61016 14.9786
      vertex -29.8549 3.57344 14.9786
      vertex -29.5671 0.744731 14.8079
    endloop
  endfacet
  facet normal -0.0869812 -0.100605 0.991117
    outer loop
      vertex -31.6583 1.28303 14.8079
      vertex -33.3266 -0.610332 14.4693
      vertex -32.7322 -1.12424 14.4693
    endloop
  endfacet
  facet normal -0.0467938 -0.181778 0.982226
    outer loop
      vertex -31.4143 -1.83071 14.4693
      vertex -31.946 -4.3988 13.9687
      vertex -30.9814 -4.64711 13.9687
    endloop
  endfacet
  facet normal -0.0467955 -0.181778 0.982225
    outer loop
      vertex -30.7133 -2.01117 14.4693
      vertex -31.4143 -1.83071 14.4693
      vertex -30.9814 -4.64711 13.9687
    endloop
  endfacet
  facet normal -0.0305889 -0.118823 0.992444
    outer loop
      vertex -30.4329 0.744731 14.8079
      vertex -31.4143 -1.83071 14.4693
      vertex -30.7133 -2.01117 14.4693
    endloop
  endfacet
  facet normal -0.0643471 0.033222 0.997374
    outer loop
      vertex -30.8821 5.87593 14.9786
      vertex -32.6312 7.6128 14.8079
      vertex -30.9629 5.71943 14.9786
    endloop
  endfacet
  facet normal 0.117558 -0.0796832 0.989864
    outer loop
      vertex -27.3688 2.3872 14.8079
      vertex -27.6549 1.96511 14.8079
      vertex -25.6647 0.695041 14.4693
    endloop
  endfacet
  facet normal -0.0429966 -0.0497522 0.997836
    outer loop
      vertex -30.6769 3.85847 14.9786
      vertex -31.6583 1.28303 14.8079
      vertex -30.5559 3.7539 14.9786
    endloop
  endfacet
  facet normal -0.153074 -0.0235464 0.987934
    outer loop
      vertex -33.2882 4.43978 14.8079
      vertex -35.4177 4.07696 14.4693
      vertex -33.2035 3.88915 14.8079
    endloop
  endfacet
  facet normal -0.23277 -0.0357658 0.971874
    outer loop
      vertex -35.4177 4.07696 14.4693
      vertex -37.2627 2.4816 13.9687
      vertex -35.2783 3.16972 14.4693
    endloop
  endfacet
  facet normal -0.129942 -0.0670886 0.989249
    outer loop
      vertex -32.8722 2.85401 14.8079
      vertex -34.7324 1.46417 14.4693
      vertex -34.3353 0.695041 14.4693
    endloop
  endfacet
  facet normal -0.197937 -0.102195 0.974873
    outer loop
      vertex -34.7324 1.46417 14.4693
      vertex -36.5116 0.134824 13.9687
      vertex -34.3353 0.695041 14.4693
    endloop
  endfacet
  facet normal -0.0156925 -0.185015 0.98261
    outer loop
      vertex -30 -2.07167 14.4693
      vertex -30.9814 -4.64711 13.9687
      vertex -30 -4.73035 13.9687
    endloop
  endfacet
  facet normal 0.0770351 -0.175372 0.981484
    outer loop
      vertex -27.9088 -1.53337 14.4693
      vertex -28.5857 -1.83071 14.4693
      vertex -27.1226 -3.98967 13.9687
    endloop
  endfacet
  facet normal -0.0215239 -0.253767 0.967026
    outer loop
      vertex -30 -4.73035 13.9687
      vertex -30.9814 -4.64711 13.9687
      vertex -30 -7.22254 13.3147
    endloop
  endfacet
  facet normal 0.06416 -0.24924 0.966314
    outer loop
      vertex -28.054 -4.3988 13.9687
      vertex -29.0186 -4.64711 13.9687
      vertex -28.7672 -7.11798 13.3147
    endloop
  endfacet
  facet normal -0.0581874 -0.0394404 0.997526
    outer loop
      vertex -30.7862 3.98257 14.9786
      vertex -32.6312 2.3872 14.8079
      vertex -32.3451 1.96511 14.8079
    endloop
  endfacet
  facet normal 0.043016 -0.0497447 0.997835
    outer loop
      vertex -27.981 1.59494 14.8079
      vertex -29.3231 3.85847 14.9786
      vertex -28.3417 1.28303 14.8079
    endloop
  endfacet
  facet normal -0.179238 0.121469 0.976278
    outer loop
      vertex -33.864 10.0004 14.4693
      vertex -35.9651 10.9235 13.9687
      vertex -34.3353 9.30496 14.4693
    endloop
  endfacet
  facet normal -0.103171 0.0909065 0.990501
    outer loop
      vertex -33.3266 10.6103 14.4693
      vertex -33.864 10.0004 14.4693
      vertex -32.3451 8.03489 14.8079
    endloop
  endfacet
  facet normal -0.32152 0.0162776 0.946763
    outer loop
      vertex -37.4546 6.27007 13.9687
      vertex -39.4447 5 13.3147
      vertex -37.5189 5 13.9687
    endloop
  endfacet
  facet normal -0.32152 -0.0162776 0.946763
    outer loop
      vertex -37.5189 5 13.9687
      vertex -39.4447 5 13.3147
      vertex -37.4546 3.72993 13.9687
    endloop
  endfacet
  facet normal -0.316246 0.0486046 0.947431
    outer loop
      vertex -39.1229 8.16343 13.3147
      vertex -39.3639 6.59536 13.3147
      vertex -37.4546 6.27007 13.9687
    endloop
  endfacet
  facet normal -0.391665 0.102732 0.914355
    outer loop
      vertex -38.7258 9.67737 13.3147
      vertex -40.8269 8.75433 12.5184
      vertex -39.1229 8.16343 13.3147
    endloop
  endfacet
  facet normal -0.404759 -0.0622083 0.912305
    outer loop
      vertex -39.3639 3.40464 13.3147
      vertex -40.8269 1.24567 12.5184
      vertex -39.1229 1.83657 13.3147
    endloop
  endfacet
  facet normal -0.316246 -0.0486046 0.947431
    outer loop
      vertex -37.4546 3.72993 13.9687
      vertex -39.3639 3.40464 13.3147
      vertex -39.1229 1.83657 13.3147
    endloop
  endfacet
  facet normal -0.391658 0.102712 0.91436
    outer loop
      vertex -40.3557 10.5511 12.5184
      vertex -40.8269 8.75433 12.5184
      vertex -38.7258 9.67737 13.3147
    endloop
  endfacet
  facet normal -0.483477 0.126791 0.866126
    outer loop
      vertex -40.3557 10.5511 12.5184
      vertex -41.8084 11.3298 11.5935
      vertex -40.8269 8.75433 12.5184
    endloop
  endfacet
  facet normal -0.0643482 0.033221 0.997374
    outer loop
      vertex -32.6312 7.6128 14.8079
      vertex -32.8722 7.14599 14.8079
      vertex -30.9629 5.71943 14.9786
    endloop
  endfacet
  facet normal -0.0694042 0.0264378 0.997238
    outer loop
      vertex -30.9629 5.71943 14.9786
      vertex -32.8722 7.14599 14.8079
      vertex -31.0272 5.55063 14.9786
    endloop
  endfacet
  facet normal -0.129942 0.0670886 0.989249
    outer loop
      vertex -34.3353 9.30496 14.4693
      vertex -34.7324 8.53583 14.4693
      vertex -32.8722 7.14599 14.8079
    endloop
  endfacet
  facet normal -0.197944 0.102198 0.974871
    outer loop
      vertex -34.3353 9.30496 14.4693
      vertex -35.9651 10.9235 13.9687
      vertex -34.7324 8.53583 14.4693
    endloop
  endfacet
  facet normal -0.147845 0.0387675 0.98825
    outer loop
      vertex -33.0641 6.64247 14.8079
      vertex -35.0485 7.70621 14.4693
      vertex -33.2035 6.11085 14.8079
    endloop
  endfacet
  facet normal -0.0732652 0.0192114 0.997127
    outer loop
      vertex -33.0641 6.64247 14.8079
      vertex -33.2035 6.11085 14.8079
      vertex -31.0272 5.55063 14.9786
    endloop
  endfacet
  facet normal -0.105906 0.165899 -0.980439
    outer loop
      vertex -32.7322 11.1242 -4.4693
      vertex -33.7595 13.4267 -3.96873
      vertex -32.0912 11.5334 -4.4693
    endloop
  endfacet
  facet normal -0.0692959 0.10855 -0.991673
    outer loop
      vertex -31.2692 8.96528 -4.80785
      vertex -32.7322 11.1242 -4.4693
      vertex -32.0912 11.5334 -4.4693
    endloop
  endfacet
  facet normal -0.105552 0.240312 -0.96494
    outer loop
      vertex -32.8774 13.9897 -3.96873
      vertex -33.6143 16.2922 -3.3147
      vertex -31.946 14.3988 -3.96873
    endloop
  endfacet
  facet normal -0.0770247 0.175363 -0.981486
    outer loop
      vertex -31.4143 11.8307 -4.4693
      vertex -32.8774 13.9897 -3.96873
      vertex -31.946 14.3988 -3.96873
    endloop
  endfacet
  facet normal -0.0102546 0.120894 -0.992613
    outer loop
      vertex -30 9.29199 -4.80785
      vertex -30.4329 9.25527 -4.80785
      vertex -30 12.0717 -4.4693
    endloop
  endfacet
  facet normal -0.0305827 0.118807 -0.992446
    outer loop
      vertex -30.8584 9.14574 -4.80785
      vertex -31.4143 11.8307 -4.4693
      vertex -30.4329 9.25527 -4.80785
    endloop
  endfacet
  facet normal 0.021541 0.253786 -0.96702
    outer loop
      vertex -29.0186 14.6471 -3.96873
      vertex -30 14.7304 -3.96873
      vertex -30 17.2225 -3.3147
    endloop
  endfacet
  facet normal -0.0157028 0.185003 -0.982613
    outer loop
      vertex -30 12.0717 -4.4693
      vertex -30.9814 14.6471 -3.96873
      vertex -30 14.7304 -3.96873
    endloop
  endfacet
  facet normal -0.00506697 0.0597356 -0.998201
    outer loop
      vertex -30 6.43887 -4.97859
      vertex -30.4329 9.25527 -4.80785
      vertex -30 9.29199 -4.80785
    endloop
  endfacet
  facet normal 0.0156917 0.185007 -0.982612
    outer loop
      vertex -29.2867 12.0112 -4.4693
      vertex -30 12.0717 -4.4693
      vertex -29.0186 14.6471 -3.96873
    endloop
  endfacet
  facet normal 0.816921 0.0413625 -0.575264
    outer loop
      vertex -14.7532 5 0.577112
      vertex -14.8836 7.57544 0.577112
      vertex -13.9022 5 1.7856
    endloop
  endfacet
  facet normal 0.71323 0.0361123 -0.699999
    outer loop
      vertex -14.7532 5 0.577112
      vertex -15.865 5 -0.555702
      vertex -14.8836 7.57544 0.577112
    endloop
  endfacet
  facet normal 0.187527 -0.293822 -0.937285
    outer loop
      vertex -24.3956 -7.56222 -2.5184
      vertex -25.7105 -8.40143 -2.5184
      vertex -25.2777 -5.58503 -3.3147
    endloop
  endfacet
  facet normal 0.234585 -0.271292 -0.933472
    outer loop
      vertex -24.3956 -7.56222 -2.5184
      vertex -25.2777 -5.58503 -3.3147
      vertex -23.1765 -6.50807 -2.5184
    endloop
  endfacet
  facet normal 0.473696 -0.321023 -0.820095
    outer loop
      vertex -18.786 -6.13566 -0.555702
      vertex -20.9623 -6.69588 -1.59346
      vertex -19.8599 -5.0692 -1.59346
    endloop
  endfacet
  facet normal 0.39073 -0.264798 -0.881596
    outer loop
      vertex -20.9623 -6.69588 -1.59346
      vertex -22.0741 -5.25701 -2.5184
      vertex -19.8599 -5.0692 -1.59346
    endloop
  endfacet
  facet normal 0.357446 -0.413372 -0.83747
    outer loop
      vertex -21.3952 -9.51228 -0.555702
      vertex -23.6094 -9.32447 -1.59346
      vertex -22.2193 -8.12244 -1.59346
    endloop
  endfacet
  facet normal 0.29285 -0.33867 -0.894171
    outer loop
      vertex -22.2193 -8.12244 -1.59346
      vertex -23.6094 -9.32447 -1.59346
      vertex -23.1765 -6.50807 -2.5184
    endloop
  endfacet
  facet normal 0.277143 -0.244211 -0.929276
    outer loop
      vertex -23.1765 -6.50807 -2.5184
      vertex -23.3216 -3.64264 -3.3147
      vertex -22.0741 -5.25701 -2.5184
    endloop
  endfacet
  facet normal 0.390731 -0.264777 -0.881602
    outer loop
      vertex -19.8599 -5.0692 -1.59346
      vertex -22.0741 -5.25701 -2.5184
      vertex -21.1074 -3.83045 -2.5184
    endloop
  endfacet
  facet normal 0.503984 -0.582849 -0.637407
    outer loop
      vertex -20.2003 -11.5275 1.7856
      vertex -21.9511 -13.0414 1.7856
      vertex -20.7183 -10.6538 0.577112
    endloop
  endfacet
  facet normal 0.503978 -0.582848 -0.637412
    outer loop
      vertex -21.9511 -13.0414 1.7856
      vertex -22.3766 -12.0877 0.577112
      vertex -20.7183 -10.6538 0.577112
    endloop
  endfacet
  facet normal 0.581422 -0.152504 -0.799181
    outer loop
      vertex -16.941 -2.00017 -0.555702
      vertex -17.6542 0.719009 -1.59346
      vertex -16.3467 0.265595 -0.555702
    endloop
  endfacet
  facet normal 0.683826 -0.179364 -0.707256
    outer loop
      vertex -15.9138 -2.5508 0.577112
      vertex -16.941 -2.00017 -0.555702
      vertex -16.3467 0.265595 -0.555702
    endloop
  endfacet
  facet normal 0.302043 0.687606 0.660278
    outer loop
      vertex -23.8396 24.2467 8.21439
      vertex -25.8336 25.1226 8.21439
      vertex -24.1653 23.2293 9.42289
    endloop
  endfacet
  facet normal 0.57668 0.66692 0.471867
    outer loop
      vertex -21.6633 23.6865 6.9509
      vertex -21.9511 23.0414 8.21439
      vertex -20.2003 21.5275 8.21439
    endloop
  endfacet
  facet normal 0.910149 0.346828 0.226584
    outer loop
      vertex -14.3277 13.401 5.65403
      vertex -15.3091 15.9764 5.65403
      vertex -14.5958 13.2573 6.9509
    endloop
  endfacet
  facet normal 0.943065 0.247349 0.222366
    outer loop
      vertex -14.3277 13.401 5.65403
      vertex -14.5958 13.2573 6.9509
      vertex -13.8948 10.5846 6.9509
    endloop
  endfacet
  facet normal 0.803889 -0.544758 -0.238748
    outer loop
      vertex -16.5419 -8.36408 4.34597
      vertex -18.0049 -10.523 4.34597
      vertex -16.7721 -8.13541 3.0491
    endloop
  endfacet
  facet normal 0.740287 -0.501702 -0.447514
    outer loop
      vertex -18.2102 -10.2574 3.0491
      vertex -18.6171 -9.73077 1.7856
      vertex -16.7721 -8.13541 3.0491
    endloop
  endfacet
  facet normal 0.803851 -0.54478 -0.238825
    outer loop
      vertex -18.0049 -10.523 4.34597
      vertex -18.2102 -10.2574 3.0491
      vertex -16.7721 -8.13541 3.0491
    endloop
  endfacet
  facet normal 0.888549 -0.458782 0
    outer loop
      vertex -16.5419 -8.36408 5.65403
      vertex -15.3091 -5.97645 4.34597
      vertex -15.3091 -5.97645 5.65403
    endloop
  endfacet
  facet normal 0.888549 -0.458782 0
    outer loop
      vertex -15.3091 -5.97645 4.34597
      vertex -16.5419 -8.36408 5.65403
      vertex -16.5419 -8.36408 4.34597
    endloop
  endfacet
  facet normal 0.30206 -0.68761 -0.660267
    outer loop
      vertex -25.8336 -15.1226 1.7856
      vertex -26.0538 -14.0589 0.577112
      vertex -24.1653 -13.2293 0.577112
    endloop
  endfacet
  facet normal 0.302042 -0.687603 -0.660282
    outer loop
      vertex -23.8396 -14.2467 1.7856
      vertex -25.8336 -15.1226 1.7856
      vertex -24.1653 -13.2293 0.577112
    endloop
  endfacet
  facet normal 0.75398 -0.287319 -0.59073
    outer loop
      vertex -16.0589 -5.41623 1.7856
      vertex -16.7959 -4.8656 0.577112
      vertex -15.9138 -2.5508 0.577112
    endloop
  endfacet
  facet normal 0.806632 -0.123983 -0.577904
    outer loop
      vertex -14.4507 -0.391838 1.7856
      vertex -15.2727 -0.10681 0.577112
      vertex -14.0399 2.28082 1.7856
    endloop
  endfacet
  facet normal 0.402217 -0.915544 0
    outer loop
      vertex -25.6095 -16.2049 4.34597
      vertex -23.5083 -15.2818 5.65403
      vertex -25.6095 -16.2049 5.65403
    endloop
  endfacet
  facet normal 0.402217 -0.915544 0
    outer loop
      vertex -23.5083 -15.2818 5.65403
      vertex -25.6095 -16.2049 4.34597
      vertex -23.5083 -15.2818 4.34597
    endloop
  endfacet
  facet normal 0.537952 -0.842975 0
    outer loop
      vertex -23.5083 -15.2818 4.34597
      vertex -21.5182 -14.0118 5.65403
      vertex -23.5083 -15.2818 5.65403
    endloop
  endfacet
  facet normal 0.537952 -0.842975 0
    outer loop
      vertex -21.5182 -14.0118 5.65403
      vertex -23.5083 -15.2818 4.34597
      vertex -21.5182 -14.0118 4.34597
    endloop
  endfacet
  facet normal 0.128458 -0.499027 0.857013
    outer loop
      vertex -26.3416 -12.669 10.5557
      vertex -28.3317 -11.399 11.5935
      vertex -28.155 -13.1358 10.5557
    endloop
  endfacet
  facet normal -0.0431939 -0.509219 0.859552
    outer loop
      vertex -31.6683 -11.399 11.5935
      vertex -31.845 -13.1358 10.5557
      vertex -30 -13.2923 10.5557
    endloop
  endfacet
  facet normal 0.215585 -0.837405 0.502271
    outer loop
      vertex -25.6846 -15.842 6.9509
      vertex -27.8988 -15.6542 8.21439
      vertex -27.8237 -16.3927 6.9509
    endloop
  endfacet
  facet normal 0.0729044 -0.859152 0.506501
    outer loop
      vertex -27.8988 -15.6542 8.21439
      vertex -30 -15.8325 8.21439
      vertex -27.8237 -16.3927 6.9509
    endloop
  endfacet
  facet normal -0.0811989 -0.957352 -0.277279
    outer loop
      vertex -30 -16.9529 4.34597
      vertex -32.2142 -16.7651 4.34597
      vertex -32.1763 -16.3927 3.0491
    endloop
  endfacet
  facet normal -0.239713 -0.931253 -0.274418
    outer loop
      vertex -32.2142 -16.7651 4.34597
      vertex -34.3905 -16.2049 4.34597
      vertex -32.1763 -16.3927 3.0491
    endloop
  endfacet
  facet normal 0.585983 -0.516343 0.624511
    outer loop
      vertex -19.2189 -8.95207 9.42289
      vertex -20.2003 -11.5275 8.21439
      vertex -18.6171 -9.73077 8.21439
    endloop
  endfacet
  facet normal 0.654731 -0.443695 0.611934
    outer loop
      vertex -17.2287 -7.682 8.21439
      vertex -19.2189 -8.95207 9.42289
      vertex -18.6171 -9.73077 8.21439
    endloop
  endfacet
  facet normal 0.302043 -0.687606 0.660278
    outer loop
      vertex -24.1653 -13.2293 9.42289
      vertex -25.8336 -15.1226 8.21439
      vertex -23.8396 -14.2467 8.21439
    endloop
  endfacet
  facet normal 0.408981 -0.640803 0.649697
    outer loop
      vertex -21.9511 -13.0414 8.21439
      vertex -24.1653 -13.2293 9.42289
      vertex -23.8396 -14.2467 8.21439
    endloop
  endfacet
  facet normal 0.105898 -0.165915 0.980438
    outer loop
      vertex -27.2678 -1.12424 14.4693
      vertex -27.9088 -1.53337 14.4693
      vertex -26.2405 -3.42673 13.9687
    endloop
  endfacet
  facet normal 0.105564 -0.240293 0.964943
    outer loop
      vertex -26.3857 -6.29216 13.3147
      vertex -28.054 -4.3988 13.9687
      vertex -27.5555 -6.80607 13.3147
    endloop
  endfacet
  facet normal 0.214989 -0.189423 0.95807
    outer loop
      vertex -23.3216 -3.64264 13.3147
      vertex -25.4228 -2.71961 13.9687
      vertex -24.2504 -4.6968 13.3147
    endloop
  endfacet
  facet normal 0.277143 -0.244211 0.929276
    outer loop
      vertex -22.0741 -5.25701 12.5184
      vertex -23.3216 -3.64264 13.3147
      vertex -23.1765 -6.50807 12.5184
    endloop
  endfacet
  facet normal 0.277168 -0.244208 0.929269
    outer loop
      vertex -23.3216 -3.64264 13.3147
      vertex -24.2504 -4.6968 13.3147
      vertex -23.1765 -6.50807 12.5184
    endloop
  endfacet
  facet normal 0.345107 -0.304099 0.887933
    outer loop
      vertex -22.0741 -5.25701 12.5184
      vertex -23.1765 -6.50807 12.5184
      vertex -20.9623 -6.69588 11.5935
    endloop
  endfacet
  facet normal 0.40474 0.0622236 0.912312
    outer loop
      vertex -19.1731 8.75433 12.5184
      vertex -20.6361 6.59536 13.3147
      vertex -18.887 6.89336 12.5184
    endloop
  endfacet
  facet normal 0.404759 0.0622083 0.912305
    outer loop
      vertex -19.1731 8.75433 12.5184
      vertex -20.8771 8.16343 13.3147
      vertex -20.6361 6.59536 13.3147
    endloop
  endfacet
  facet normal 0.31456 0.213179 0.92499
    outer loop
      vertex -22.0741 15.257 12.5184
      vertex -23.3216 13.6426 13.3147
      vertex -22.507 12.4406 13.3147
    endloop
  endfacet
  facet normal 0.214983 0.189442 0.958068
    outer loop
      vertex -23.3216 13.6426 13.3147
      vertex -25.4228 12.7196 13.9687
      vertex -24.6833 11.8804 13.9687
    endloop
  endfacet
  facet normal 0.236718 0.0120021 0.971504
    outer loop
      vertex -22.5454 6.27007 13.9687
      vertex -24.5823 5.92304 14.4693
      vertex -24.5355 5 14.4693
    endloop
  endfacet
  facet normal 0.232758 0.0357808 0.971876
    outer loop
      vertex -22.7373 7.5184 13.9687
      vertex -24.5823 5.92304 14.4693
      vertex -22.5454 6.27007 13.9687
    endloop
  endfacet
  facet normal 0.0156926 0.185017 0.98261
    outer loop
      vertex -29.0186 14.6471 13.9687
      vertex -30 12.0717 14.4693
      vertex -29.2867 12.0112 14.4693
    endloop
  endfacet
  facet normal 0.077026 0.175375 0.981484
    outer loop
      vertex -27.1226 13.9897 13.9687
      vertex -28.5857 11.8307 14.4693
      vertex -27.9088 11.5334 14.4693
    endloop
  endfacet
  facet normal -0.0503711 0.114686 0.992124
    outer loop
      vertex -31.4143 11.8307 14.4693
      vertex -32.0912 11.5334 14.4693
      vertex -31.2692 8.96528 14.8079
    endloop
  endfacet
  facet normal -0.0102553 0.120911 0.99261
    outer loop
      vertex -30 12.0717 14.4693
      vertex -30.7133 12.0112 14.4693
      vertex -30.4329 9.25527 14.8079
    endloop
  endfacet
  facet normal 0.105912 0.165908 0.980437
    outer loop
      vertex -26.2405 13.4267 13.9687
      vertex -27.9088 11.5334 14.4693
      vertex -27.2678 11.1242 14.4693
    endloop
  endfacet
  facet normal 0.14497 0.227137 0.963012
    outer loop
      vertex -26.3857 16.2922 13.3147
      vertex -27.1226 13.9897 13.9687
      vertex -26.2405 13.4267 13.9687
    endloop
  endfacet
  facet normal 0.136738 0.311275 0.940431
    outer loop
      vertex -25.7105 18.4014 12.5184
      vertex -27.0989 19.0113 12.5184
      vertex -26.3857 16.2922 13.3147
    endloop
  endfacet
  facet normal 0.136745 0.311276 0.94043
    outer loop
      vertex -27.0989 19.0113 12.5184
      vertex -27.5555 16.8061 13.3147
      vertex -26.3857 16.2922 13.3147
    endloop
  endfacet
  facet normal 0.244462 0.165674 0.955401
    outer loop
      vertex -22.507 12.4406 13.3147
      vertex -24.6833 11.8804 13.9687
      vertex -24.0348 10.9235 13.9687
    endloop
  endfacet
  facet normal 0.269642 0.139214 0.952845
    outer loop
      vertex -22.507 12.4406 13.3147
      vertex -24.0348 10.9235 13.9687
      vertex -23.4884 9.86518 13.9687
    endloop
  endfacet
  facet normal 0.46014 0.175354 0.870357
    outer loop
      vertex -18.1916 11.3298 11.5935
      vertex -20.2928 12.2528 12.5184
      vertex -19.6443 10.5511 12.5184
    endloop
  endfacet
  facet normal 0.372126 0.141813 0.917285
    outer loop
      vertex -20.2928 12.2528 12.5184
      vertex -21.2742 9.67737 13.3147
      vertex -19.6443 10.5511 12.5184
    endloop
  endfacet
  facet normal -0.429198 0.221589 -0.875607
    outer loop
      vertex -39.7072 12.2528 -2.5184
      vertex -41.0689 13.2702 -1.59346
      vertex -40.1401 15.0692 -1.59346
    endloop
  endfacet
  facet normal -0.460157 0.175369 -0.870345
    outer loop
      vertex -39.7072 12.2528 -2.5184
      vertex -41.8084 11.3298 -1.59346
      vertex -41.0689 13.2702 -1.59346
    endloop
  endfacet
  facet normal -0.683829 0.179363 -0.707253
    outer loop
      vertex -43.6533 9.7344 -0.555702
      vertex -44.0862 12.5508 0.577112
      vertex -43.059 12.0002 -0.555702
    endloop
  endfacet
  facet normal -0.654058 0.249219 -0.714211
    outer loop
      vertex -43.059 12.0002 -0.555702
      vertex -44.0862 12.5508 0.577112
      vertex -42.2413 14.1462 -0.555702
    endloop
  endfacet
  facet normal 0.0350766 0.413542 -0.909809
    outer loop
      vertex -28.5369 19.3815 -2.5184
      vertex -30 19.5056 -2.5184
      vertex -28.3317 21.399 -1.59346
    endloop
  endfacet
  facet normal 0.104437 0.405673 -0.908032
    outer loop
      vertex -27.0989 19.0113 -2.5184
      vertex -28.5369 19.3815 -2.5184
      vertex -28.3317 21.399 -1.59346
    endloop
  endfacet
  facet normal 0.105566 0.240301 -0.964941
    outer loop
      vertex -26.3857 16.2922 -3.3147
      vertex -28.054 14.3988 -3.96873
      vertex -27.5555 16.8061 -3.3147
    endloop
  endfacet
  facet normal 0.0641581 0.249248 -0.966312
    outer loop
      vertex -28.054 14.3988 -3.96873
      vertex -28.7672 17.118 -3.3147
      vertex -27.5555 16.8061 -3.3147
    endloop
  endfacet
  facet normal -0.197933 0.102192 -0.974874
    outer loop
      vertex -34.7324 8.53583 -4.4693
      vertex -35.9651 10.9235 -3.96873
      vertex -34.3353 9.30496 -4.4693
    endloop
  endfacet
  facet normal -0.197916 0.102201 -0.974876
    outer loop
      vertex -34.7324 8.53583 -4.4693
      vertex -36.5116 9.86518 -3.96873
      vertex -35.9651 10.9235 -3.96873
    endloop
  endfacet
  facet normal 0.254272 0.578831 0.774791
    outer loop
      vertex -24.1653 23.2293 9.42289
      vertex -26.3416 22.669 10.5557
      vertex -24.5908 21.8999 10.5557
    endloop
  endfacet
  facet normal 0.21045 0.479075 0.852172
    outer loop
      vertex -26.3416 22.669 10.5557
      vertex -26.692 20.9769 11.5935
      vertex -24.5908 21.8999 10.5557
    endloop
  endfacet
  facet normal 0.408981 0.640803 0.649697
    outer loop
      vertex -23.8396 24.2467 8.21439
      vertex -24.1653 23.2293 9.42289
      vertex -21.9511 23.0414 8.21439
    endloop
  endfacet
  facet normal 0.470817 0.73769 0.483886
    outer loop
      vertex -21.6633 23.6865 6.9509
      vertex -23.8396 24.2467 8.21439
      vertex -21.9511 23.0414 8.21439
    endloop
  endfacet
  facet normal 0.898613 -0.138121 -0.416434
    outer loop
      vertex -13.8948 -0.58461 3.0491
      vertex -14.4507 -0.391838 1.7856
      vertex -14.0399 2.28082 1.7856
    endloop
  endfacet
  facet normal 0.78581 -0.206131 -0.583106
    outer loop
      vertex -15.1276 -2.97224 1.7856
      vertex -15.9138 -2.5508 0.577112
      vertex -15.2727 -0.10681 0.577112
    endloop
  endfacet
  facet normal 0.703471 -0.108131 -0.70245
    outer loop
      vertex -15.2727 -0.10681 0.577112
      vertex -15.9859 2.61237 -0.555702
      vertex -14.8836 2.42456 0.577112
    endloop
  endfacet
  facet normal 0.713227 -0.0361149 -0.700002
    outer loop
      vertex -14.8836 2.42456 0.577112
      vertex -15.9859 2.61237 -0.555702
      vertex -15.865 5 -0.555702
    endloop
  endfacet
  facet normal 0.99872 -0.0505733 0
    outer loop
      vertex -13.1815 2.13457 5.65403
      vertex -13.0364 5 4.34597
      vertex -13.0364 5 5.65403
    endloop
  endfacet
  facet normal 0.99872 -0.0505733 0
    outer loop
      vertex -13.0364 5 4.34597
      vertex -13.1815 2.13457 5.65403
      vertex -13.1815 2.13457 4.34597
    endloop
  endfacet
  facet normal 0.910149 0.346828 -0.226584
    outer loop
      vertex -14.5958 13.2573 3.0491
      vertex -15.3091 15.9764 4.34597
      vertex -14.3277 13.401 4.34597
    endloop
  endfacet
  facet normal 0.943065 0.247349 -0.222366
    outer loop
      vertex -13.8948 10.5846 3.0491
      vertex -14.5958 13.2573 3.0491
      vertex -14.3277 13.401 4.34597
    endloop
  endfacet
  facet normal 0.140067 0.053368 -0.988703
    outer loop
      vertex -24.9515 7.70621 -4.4693
      vertex -27.1278 7.14599 -4.80785
      vertex -25.2676 8.53583 -4.4693
    endloop
  endfacet
  facet normal 0.197925 0.102188 -0.974876
    outer loop
      vertex -25.2676 8.53583 -4.4693
      vertex -25.6647 9.30496 -4.4693
      vertex -24.0348 10.9235 -3.96873
    endloop
  endfacet
  facet normal 0.61384 0.316963 -0.723004
    outer loop
      vertex -17.7587 14.1462 -0.555702
      vertex -18.786 16.1357 -0.555702
      vertex -16.7959 14.8656 0.577112
    endloop
  endfacet
  facet normal 0.65407 0.249246 -0.714191
    outer loop
      vertex -15.9138 12.5508 0.577112
      vertex -17.7587 14.1462 -0.555702
      vertex -16.7959 14.8656 0.577112
    endloop
  endfacet
  facet normal 0.269654 0.139219 -0.95284
    outer loop
      vertex -21.8207 11.1113 -3.3147
      vertex -23.4884 9.86518 -3.96873
      vertex -22.507 12.4406 -3.3147
    endloop
  endfacet
  facet normal 0.269653 0.139219 -0.95284
    outer loop
      vertex -23.4884 9.86518 -3.96873
      vertex -24.0348 10.9235 -3.96873
      vertex -22.507 12.4406 -3.3147
    endloop
  endfacet
  facet normal 0.254272 0.578832 -0.77479
    outer loop
      vertex -24.5908 21.8999 -0.555702
      vertex -26.3416 22.669 -0.555702
      vertex -24.1653 23.2293 0.577112
    endloop
  endfacet
  facet normal 0.345872 0.541964 -0.765929
    outer loop
      vertex -22.9325 20.8416 -0.555702
      vertex -24.5908 21.8999 -0.555702
      vertex -24.1653 23.2293 0.577112
    endloop
  endfacet
  facet normal 0.608129 -0.0307932 0.79324
    outer loop
      vertex -15.865 5 10.5557
      vertex -17.2187 5 11.5935
      vertex -15.9859 2.61237 10.5557
    endloop
  endfacet
  facet normal 0.713225 -0.0361149 0.700004
    outer loop
      vertex -15.865 5 10.5557
      vertex -15.9859 2.61237 10.5557
      vertex -14.8836 2.42456 9.42289
    endloop
  endfacet
  facet normal 0.179221 0.12146 -0.976283
    outer loop
      vertex -24.0348 10.9235 -3.96873
      vertex -26.136 10.0004 -4.4693
      vertex -24.6833 11.8804 -3.96873
    endloop
  endfacet
  facet normal 0.157408 0.138707 -0.977744
    outer loop
      vertex -24.6833 11.8804 -3.96873
      vertex -26.6734 10.6103 -4.4693
      vertex -25.4228 12.7196 -3.96873
    endloop
  endfacet
  facet normal 0.215585 0.837405 0.502271
    outer loop
      vertex -27.8237 26.3927 6.9509
      vertex -27.8988 25.6542 8.21439
      vertex -25.6846 25.842 6.9509
    endloop
  endfacet
  facet normal 0.239741 0.931232 0.274467
    outer loop
      vertex -25.6095 26.2049 5.65403
      vertex -27.8237 26.3927 6.9509
      vertex -25.6846 25.842 6.9509
    endloop
  endfacet
  facet normal -0.349605 0.79586 -0.494352
    outer loop
      vertex -36.1604 24.2467 1.7856
      vertex -36.3806 24.9348 3.0491
      vertex -34.3154 25.842 3.0491
    endloop
  endfacet
  facet normal -0.470797 0.737744 -0.483823
    outer loop
      vertex -36.1604 24.2467 1.7856
      vertex -38.3367 23.6865 3.0491
      vertex -36.3806 24.9348 3.0491
    endloop
  endfacet
  facet normal -0.187524 0.293822 -0.937285
    outer loop
      vertex -34.7223 15.585 -3.3147
      vertex -35.6044 17.5622 -2.5184
      vertex -34.2895 18.4014 -2.5184
    endloop
  endfacet
  facet normal -0.23463 0.36763 -0.899887
    outer loop
      vertex -35.6044 17.5622 -2.5184
      vertex -36.3906 19.3245 -1.59346
      vertex -34.2895 18.4014 -2.5184
    endloop
  endfacet
  facet normal 0.0510482 0.0449708 0.997683
    outer loop
      vertex -27.981 8.40506 14.8079
      vertex -29.3231 6.14153 14.9786
      vertex -27.6549 8.03489 14.8079
    endloop
  endfacet
  facet normal -0.0305871 0.118824 0.992444
    outer loop
      vertex -30.4329 9.25527 14.8079
      vertex -31.4143 11.8307 14.4693
      vertex -30.8584 9.14574 14.8079
    endloop
  endfacet
  facet normal -0.147845 -0.0387675 0.98825
    outer loop
      vertex -33.2035 3.88915 14.8079
      vertex -35.0485 2.29379 14.4693
      vertex -33.0641 3.35753 14.8079
    endloop
  endfacet
  facet normal 0.0102553 0.120911 0.99261
    outer loop
      vertex -29.2867 12.0112 14.4693
      vertex -30 12.0717 14.4693
      vertex -29.5671 9.25527 14.8079
    endloop
  endfacet
  facet normal 0.0102561 0.120911 0.99261
    outer loop
      vertex -30 12.0717 14.4693
      vertex -30 9.29199 14.8079
      vertex -29.5671 9.25527 14.8079
    endloop
  endfacet
  facet normal 0.0305871 0.118824 0.992444
    outer loop
      vertex -28.5857 11.8307 14.4693
      vertex -29.5671 9.25527 14.8079
      vertex -29.1416 9.14574 14.8079
    endloop
  endfacet
  facet normal 0.0503711 0.114686 0.992124
    outer loop
      vertex -28.5857 11.8307 14.4693
      vertex -28.7308 8.96528 14.8079
      vertex -27.9088 11.5334 14.4693
    endloop
  endfacet
  facet normal -0.234571 0.271307 0.933472
    outer loop
      vertex -34.7223 15.585 13.3147
      vertex -36.8235 16.5081 12.5184
      vertex -35.7496 14.6968 13.3147
    endloop
  endfacet
  facet normal -0.181623 0.210066 0.960669
    outer loop
      vertex -34.7223 15.585 13.3147
      vertex -35.7496 14.6968 13.3147
      vertex -34.5772 12.7196 13.9687
    endloop
  endfacet
  facet normal -0.128461 -0.499023 0.857014
    outer loop
      vertex -33.308 -10.9769 11.5935
      vertex -33.6584 -12.669 10.5557
      vertex -31.6683 -11.399 11.5935
    endloop
  endfacet
  facet normal -0.254272 -0.578831 0.774791
    outer loop
      vertex -35.4092 -11.8999 10.5557
      vertex -35.8347 -13.2293 9.42289
      vertex -33.6584 -12.669 10.5557
    endloop
  endfacet
  facet normal -0.349594 -0.795855 0.494367
    outer loop
      vertex -34.1664 -15.1226 8.21439
      vertex -36.1604 -14.2467 8.21439
      vertex -34.3154 -15.842 6.9509
    endloop
  endfacet
  facet normal -0.302043 -0.687606 0.660278
    outer loop
      vertex -35.8347 -13.2293 9.42289
      vertex -36.1604 -14.2467 8.21439
      vertex -34.1664 -15.1226 8.21439
    endloop
  endfacet
  facet normal -0.345872 -0.541963 0.76593
    outer loop
      vertex -35.4092 -11.8999 10.5557
      vertex -37.0675 -10.8416 10.5557
      vertex -35.8347 -13.2293 9.42289
    endloop
  endfacet
  facet normal -0.254274 -0.578828 0.774792
    outer loop
      vertex -33.6584 -12.669 10.5557
      vertex -35.8347 -13.2293 9.42289
      vertex -33.9462 -14.0589 9.42289
    endloop
  endfacet
  facet normal -0.586017 -0.516342 0.62448
    outer loop
      vertex -39.2817 -10.6538 9.42289
      vertex -40.7811 -8.95207 9.42289
      vertex -39.7997 -11.5275 8.21439
    endloop
  endfacet
  facet normal -0.585983 -0.516343 0.624511
    outer loop
      vertex -40.7811 -8.95207 9.42289
      vertex -41.3829 -9.73077 8.21439
      vertex -39.7997 -11.5275 8.21439
    endloop
  endfacet
  facet normal -0.349604 -0.795858 0.494355
    outer loop
      vertex -36.1604 -14.2467 8.21439
      vertex -36.3806 -14.9348 6.9509
      vertex -34.3154 -15.842 6.9509
    endloop
  endfacet
  facet normal -0.470796 -0.737742 0.483826
    outer loop
      vertex -36.1604 -14.2467 8.21439
      vertex -38.3367 -13.6865 6.9509
      vertex -36.3806 -14.9348 6.9509
    endloop
  endfacet
  facet normal -0.0350755 -0.413529 0.909815
    outer loop
      vertex -31.4631 -9.38151 12.5184
      vertex -31.6683 -11.399 11.5935
      vertex -30 -9.50561 12.5184
    endloop
  endfacet
  facet normal -0.0831882 -0.323167 0.942678
    outer loop
      vertex -32.4445 -6.80607 13.3147
      vertex -32.9011 -9.01134 12.5184
      vertex -31.2328 -7.11798 13.3147
    endloop
  endfacet
  facet normal -0.0831895 -0.323166 0.942679
    outer loop
      vertex -31.2328 -7.11798 13.3147
      vertex -32.9011 -9.01134 12.5184
      vertex -31.4631 -9.38151 12.5184
    endloop
  endfacet
  facet normal -0.105564 -0.240293 0.964943
    outer loop
      vertex -31.946 -4.3988 13.9687
      vertex -33.6143 -6.29216 13.3147
      vertex -32.4445 -6.80607 13.3147
    endloop
  endfacet
  facet normal -0.214982 -0.189439 0.958069
    outer loop
      vertex -35.3167 -1.8804 13.9687
      vertex -36.6784 -3.64264 13.3147
      vertex -34.5772 -2.71961 13.9687
    endloop
  endfacet
  facet normal -0.214989 -0.189423 0.95807
    outer loop
      vertex -34.5772 -2.71961 13.9687
      vertex -36.6784 -3.64264 13.3147
      vertex -35.7496 -4.6968 13.3147
    endloop
  endfacet
  facet normal -0.187527 -0.293822 0.937285
    outer loop
      vertex -34.7223 -5.58503 13.3147
      vertex -35.6044 -7.56222 12.5184
      vertex -34.2895 -8.40143 12.5184
    endloop
  endfacet
  facet normal -0.187518 -0.293822 0.937286
    outer loop
      vertex -33.6143 -6.29216 13.3147
      vertex -34.7223 -5.58503 13.3147
      vertex -34.2895 -8.40143 12.5184
    endloop
  endfacet
  facet normal -0.234585 -0.271292 0.933472
    outer loop
      vertex -34.7223 -5.58503 13.3147
      vertex -36.8235 -6.50807 12.5184
      vertex -35.6044 -7.56222 12.5184
    endloop
  endfacet
  facet normal -0.292836 -0.338658 0.89418
    outer loop
      vertex -35.6044 -7.56222 12.5184
      vertex -36.8235 -6.50807 12.5184
      vertex -36.3906 -9.32447 11.5935
    endloop
  endfacet
  facet normal -0.613834 -0.31696 0.72301
    outer loop
      vertex -42.2413 -4.14616 10.5557
      vertex -43.2041 -4.8656 9.42289
      vertex -41.214 -6.13566 10.5557
    endloop
  endfacet
  facet normal -0.518676 -0.267824 0.811939
    outer loop
      vertex -40.1401 -5.0692 11.5935
      vertex -42.2413 -4.14616 10.5557
      vertex -41.214 -6.13566 10.5557
    endloop
  endfacet
  facet normal -0.562883 -0.381446 0.733254
    outer loop
      vertex -39.9949 -7.93463 10.5557
      vertex -41.214 -6.13566 10.5557
      vertex -40.7811 -8.95207 9.42289
    endloop
  endfacet
  facet normal -0.501077 -0.44151 0.744305
    outer loop
      vertex -39.9949 -7.93463 10.5557
      vertex -40.7811 -8.95207 9.42289
      vertex -38.6048 -9.51228 10.5557
    endloop
  endfacet
  facet normal -0.429157 -0.22159 0.875627
    outer loop
      vertex -39.7072 -2.2528 12.5184
      vertex -40.1401 -5.0692 11.5935
      vertex -38.8926 -3.83045 12.5184
    endloop
  endfacet
  facet normal -0.429178 -0.221584 0.875618
    outer loop
      vertex -39.7072 -2.2528 12.5184
      vertex -41.0689 -3.27024 11.5935
      vertex -40.1401 -5.0692 11.5935
    endloop
  endfacet
  facet normal -0.290138 -0.110579 0.950575
    outer loop
      vertex -36.9466 1.27636 13.9687
      vertex -38.7258 0.322634 13.3147
      vertex -38.1793 -1.11127 13.3147
    endloop
  endfacet
  facet normal -0.372109 -0.141821 0.91729
    outer loop
      vertex -38.7258 0.322634 13.3147
      vertex -39.7072 -2.2528 12.5184
      vertex -38.1793 -1.11127 13.3147
    endloop
  endfacet
  facet normal -0.581432 -0.152511 0.799173
    outer loop
      vertex -42.3458 0.719009 11.5935
      vertex -43.059 -2.00017 10.5557
      vertex -41.8084 -1.32977 11.5935
    endloop
  endfacet
  facet normal -0.55459 -0.21135 0.804836
    outer loop
      vertex -41.8084 -1.32977 11.5935
      vertex -43.059 -2.00017 10.5557
      vertex -41.0689 -3.27024 11.5935
    endloop
  endfacet
  facet normal -0.428541 0.495606 -0.755465
    outer loop
      vertex -37.0675 20.8416 -0.555702
      vertex -39.2817 20.6538 0.577112
      vertex -37.6234 22.0877 0.577112
    endloop
  endfacet
  facet normal -0.503978 0.582848 -0.637412
    outer loop
      vertex -37.6234 22.0877 0.577112
      vertex -39.2817 20.6538 0.577112
      vertex -38.0489 23.0414 1.7856
    endloop
  endfacet
  facet normal -0.419811 0.369928 0.828801
    outer loop
      vertex -38.6048 19.5123 10.5557
      vertex -39.0377 16.6959 11.5935
      vertex -37.7807 18.1224 11.5935
    endloop
  endfacet
  facet normal -0.562866 0.38145 0.733265
    outer loop
      vertex -40.7811 18.9521 9.42289
      vertex -41.214 16.1357 10.5557
      vertex -39.9949 17.9346 10.5557
    endloop
  endfacet
  facet normal -0.128461 0.499023 0.857014
    outer loop
      vertex -31.6683 21.399 11.5935
      vertex -33.6584 22.669 10.5557
      vertex -33.308 20.9769 11.5935
    endloop
  endfacet
  facet normal -0.21045 0.479075 0.852172
    outer loop
      vertex -33.6584 22.669 10.5557
      vertex -35.4092 21.8999 10.5557
      vertex -33.308 20.9769 11.5935
    endloop
  endfacet
  facet normal -0.0523982 0.61773 0.784643
    outer loop
      vertex -30 24.7312 9.42289
      vertex -31.845 23.1358 10.5557
      vertex -30 23.2923 10.5557
    endloop
  endfacet
  facet normal -0.0350742 0.413528 0.909816
    outer loop
      vertex -30 21.5405 11.5935
      vertex -31.6683 21.399 11.5935
      vertex -30 19.5056 12.5184
    endloop
  endfacet
  facet normal -0.40898 0.640805 0.649695
    outer loop
      vertex -35.8347 23.2293 9.42289
      vertex -38.0489 23.0414 8.21439
      vertex -37.6234 22.0877 9.42289
    endloop
  endfacet
  facet normal -0.0431939 0.509219 0.859552
    outer loop
      vertex -30 23.2923 10.5557
      vertex -31.845 23.1358 10.5557
      vertex -31.6683 21.399 11.5935
    endloop
  endfacet
  facet normal -0.387342 0.881766 0.269173
    outer loop
      vertex -34.3905 26.2049 5.65403
      vertex -36.3806 24.9348 6.9509
      vertex -34.3154 25.842 6.9509
    endloop
  endfacet
  facet normal -0.387378 0.881767 0.269118
    outer loop
      vertex -34.3905 26.2049 5.65403
      vertex -36.4917 25.2818 5.65403
      vertex -36.3806 24.9348 6.9509
    endloop
  endfacet
  facet normal -0.18549 0.720606 0.668072
    outer loop
      vertex -32.1012 25.6542 8.21439
      vertex -34.1664 25.1226 8.21439
      vertex -31.9901 24.5624 9.42289
    endloop
  endfacet
  facet normal -0.215562 0.837433 0.502234
    outer loop
      vertex -32.1012 25.6542 8.21439
      vertex -34.3154 25.842 6.9509
      vertex -34.1664 25.1226 8.21439
    endloop
  endfacet
  facet normal -0.0692899 0.108577 0.99167
    outer loop
      vertex -31.2692 8.96528 14.8079
      vertex -32.7322 11.1242 14.4693
      vertex -31.6583 8.71697 14.8079
    endloop
  endfacet
  facet normal -0.0869813 0.100606 0.991117
    outer loop
      vertex -32.7322 11.1242 14.4693
      vertex -33.3266 10.6103 14.4693
      vertex -31.6583 8.71697 14.8079
    endloop
  endfacet
  facet normal -0.117565 0.0796735 0.989864
    outer loop
      vertex -33.864 10.0004 14.4693
      vertex -34.3353 9.30496 14.4693
      vertex -32.3451 8.03489 14.8079
    endloop
  endfacet
  facet normal -0.117558 0.0796832 0.989864
    outer loop
      vertex -32.3451 8.03489 14.8079
      vertex -34.3353 9.30496 14.4693
      vertex -32.6312 7.6128 14.8079
    endloop
  endfacet
  facet normal 0.0215107 0.253765 0.967027
    outer loop
      vertex -28.7672 17.118 13.3147
      vertex -30 17.2225 13.3147
      vertex -29.0186 14.6471 13.9687
    endloop
  endfacet
  facet normal 0.0279047 0.329196 0.943849
    outer loop
      vertex -30 19.5056 12.5184
      vertex -30 17.2225 13.3147
      vertex -28.7672 17.118 13.3147
    endloop
  endfacet
  facet normal -0.608105 0.0308141 0.793259
    outer loop
      vertex -42.6719 7.15897 11.5935
      vertex -44.0141 7.38763 10.5557
      vertex -42.7813 5 11.5935
    endloop
  endfacet
  facet normal -0.506846 0.0256831 0.861654
    outer loop
      vertex -42.6719 7.15897 11.5935
      vertex -42.7813 5 11.5935
      vertex -41.113 6.89336 12.5184
    endloop
  endfacet
  facet normal -0.292821 0.338657 0.894185
    outer loop
      vertex -36.3906 19.3245 11.5935
      vertex -36.8235 16.5081 12.5184
      vertex -35.6044 17.5622 12.5184
    endloop
  endfacet
  facet normal -0.234622 0.367618 0.899894
    outer loop
      vertex -34.2895 18.4014 12.5184
      vertex -36.3906 19.3245 11.5935
      vertex -35.6044 17.5622 12.5184
    endloop
  endfacet
  facet normal -0.608114 -0.0307925 -0.793252
    outer loop
      vertex -44.0141 2.61237 -0.555702
      vertex -44.135 5 -0.555702
      vertex -42.7813 5 -1.59346
    endloop
  endfacet
  facet normal -0.816928 -0.0413694 -0.575255
    outer loop
      vertex -45.9601 2.28082 1.7856
      vertex -46.0978 5 1.7856
      vertex -45.1164 2.42456 0.577112
    endloop
  endfacet
  facet normal -0.844513 0.321806 -0.428064
    outer loop
      vertex -44.8724 12.9722 1.7856
      vertex -45.4042 13.2573 3.0491
      vertex -43.9411 15.4162 1.7856
    endloop
  endfacet
  facet normal -0.785814 0.206131 -0.583101
    outer loop
      vertex -44.7273 10.1068 0.577112
      vertex -44.8724 12.9722 1.7856
      vertex -44.0862 12.5508 0.577112
    endloop
  endfacet
  facet normal -0.974664 0.0493492 -0.218162
    outer loop
      vertex -46.6733 5 3.0491
      vertex -46.8185 7.86543 4.34597
      vertex -46.5307 7.8164 3.0491
    endloop
  endfacet
  facet normal -0.964267 0.148217 -0.219593
    outer loop
      vertex -46.5307 7.8164 3.0491
      vertex -46.8185 7.86543 4.34597
      vertex -46.1052 10.5846 3.0491
    endloop
  endfacet
  facet normal 0.0643632 0.0332288 -0.997373
    outer loop
      vertex -27.1278 7.14599 -4.80785
      vertex -29.0371 5.71943 -4.97859
      vertex -27.3688 7.6128 -4.80785
    endloop
  endfacet
  facet normal 0.0102538 0.120893 -0.992613
    outer loop
      vertex -29.5671 9.25527 -4.80785
      vertex -30 12.0717 -4.4693
      vertex -29.2867 12.0112 -4.4693
    endloop
  endfacet
  facet normal -0.140064 0.0533806 -0.988703
    outer loop
      vertex -33.0641 6.64247 -4.80785
      vertex -35.0485 7.70621 -4.4693
      vertex -32.8722 7.14599 -4.80785
    endloop
  endfacet
  facet normal -0.0151129 -0.0587113 -0.998161
    outer loop
      vertex -30.4329 0.744731 -4.80785
      vertex -30.8584 0.854259 -4.80785
      vertex -30.2878 3.61016 -4.97859
    endloop
  endfacet
  facet normal -0.0248991 -0.0566802 -0.998082
    outer loop
      vertex -30.8584 0.854259 -4.80785
      vertex -31.2692 1.03472 -4.80785
      vertex -30.2878 3.61016 -4.97859
    endloop
  endfacet
  facet normal 0.153052 0.0235431 -0.987938
    outer loop
      vertex -26.7118 5.56022 -4.80785
      vertex -26.7965 6.11085 -4.80785
      vertex -24.5823 5.92304 -4.4693
    endloop
  endfacet
  facet normal -0.0694117 -0.026454 -0.997237
    outer loop
      vertex -32.8722 2.85401 -4.80785
      vertex -33.0641 3.35753 -4.80785
      vertex -31.0272 4.44937 -4.97859
    endloop
  endfacet
  facet normal 0.0758903 0.0116737 -0.997048
    outer loop
      vertex -26.7118 5.56022 -4.80785
      vertex -28.8977 5.18781 -4.97859
      vertex -26.7965 6.11085 -4.80785
    endloop
  endfacet
  facet normal 0.0772114 0.0039004 -0.997007
    outer loop
      vertex -26.6835 5 -4.80785
      vertex -28.8977 5.18781 -4.97859
      vertex -26.7118 5.56022 -4.80785
    endloop
  endfacet
  facet normal 0.024899 0.0566803 -0.998082
    outer loop
      vertex -28.7308 8.96528 -4.80785
      vertex -29.7122 6.38984 -4.97859
      vertex -29.1416 9.14574 -4.80785
    endloop
  endfacet
  facet normal 0.105906 0.165899 -0.980439
    outer loop
      vertex -27.2678 11.1242 -4.4693
      vertex -27.9088 11.5334 -4.4693
      vertex -26.2405 13.4267 -3.96873
    endloop
  endfacet
  facet normal 0.132812 0.153617 -0.979164
    outer loop
      vertex -26.6734 10.6103 -4.4693
      vertex -27.2678 11.1242 -4.4693
      vertex -26.2405 13.4267 -3.96873
    endloop
  endfacet
  facet normal 0.0430261 0.0497563 -0.997834
    outer loop
      vertex -27.981 8.40506 -4.80785
      vertex -29.3231 6.14153 -4.97859
      vertex -28.3417 8.71697 -4.80785
    endloop
  endfacet
  facet normal 0.0869781 0.100584 -0.991119
    outer loop
      vertex -27.981 8.40506 -4.80785
      vertex -28.3417 8.71697 -4.80785
      vertex -26.6734 10.6103 -4.4693
    endloop
  endfacet
  facet normal 0.0692789 -0.10856 -0.991673
    outer loop
      vertex -27.2678 -1.12424 -4.4693
      vertex -28.7308 1.03472 -4.80785
      vertex -28.3417 1.28303 -4.80785
    endloop
  endfacet
  facet normal 0.0582034 -0.0394467 -0.997525
    outer loop
      vertex -27.3688 2.3872 -4.80785
      vertex -29.2138 3.98257 -4.97859
      vertex -29.1179 4.12407 -4.97859
    endloop
  endfacet
  facet normal 0.0510661 0.044976 -0.997682
    outer loop
      vertex -29.2138 6.01743 -4.97859
      vertex -29.3231 6.14153 -4.97859
      vertex -27.6549 8.03489 -4.80785
    endloop
  endfacet
  facet normal 0.232745 0.0357787 -0.97188
    outer loop
      vertex -22.5454 6.27007 -3.96873
      vertex -24.5823 5.92304 -4.4693
      vertex -22.7373 7.5184 -3.96873
    endloop
  endfacet
  facet normal 0.31625 0.0486157 -0.947429
    outer loop
      vertex -22.5454 6.27007 -3.96873
      vertex -22.7373 7.5184 -3.96873
      vertex -20.8771 8.16343 -3.3147
    endloop
  endfacet
  facet normal 0.404759 -0.0622083 -0.912305
    outer loop
      vertex -19.1731 1.24567 -2.5184
      vertex -20.8771 1.83657 -3.3147
      vertex -20.6361 3.40464 -3.3147
    endloop
  endfacet
  facet normal 0.316259 -0.0486066 -0.947427
    outer loop
      vertex -20.8771 1.83657 -3.3147
      vertex -22.5454 3.72993 -3.96873
      vertex -20.6361 3.40464 -3.3147
    endloop
  endfacet
  facet normal 0.232757 -0.0357638 -0.971877
    outer loop
      vertex -22.7373 2.4816 -3.96873
      vertex -24.7217 3.16972 -4.4693
      vertex -24.5823 4.07696 -4.4693
    endloop
  endfacet
  facet normal 0.232745 -0.0357787 -0.97188
    outer loop
      vertex -22.7373 2.4816 -3.96873
      vertex -24.5823 4.07696 -4.4693
      vertex -22.5454 3.72993 -3.96873
    endloop
  endfacet
  facet normal 0.213218 -0.08124 -0.973621
    outer loop
      vertex -23.0534 1.27636 -3.96873
      vertex -25.2676 1.46417 -4.4693
      vertex -24.9515 2.29379 -4.4693
    endloop
  endfacet
  facet normal 0.140067 -0.053368 -0.988703
    outer loop
      vertex -25.2676 1.46417 -4.4693
      vertex -27.1278 2.85401 -4.80785
      vertex -24.9515 2.29379 -4.4693
    endloop
  endfacet
  facet normal 0.105883 -0.165914 -0.980439
    outer loop
      vertex -27.1226 -3.98967 -3.96873
      vertex -27.9088 -1.53337 -4.4693
      vertex -26.2405 -3.42673 -3.96873
    endloop
  endfacet
  facet normal 0.144964 -0.227151 -0.96301
    outer loop
      vertex -26.3857 -6.29216 -3.3147
      vertex -27.1226 -3.98967 -3.96873
      vertex -26.2405 -3.42673 -3.96873
    endloop
  endfacet
  facet normal -0.0692789 -0.10856 -0.991673
    outer loop
      vertex -31.2692 1.03472 -4.80785
      vertex -32.7322 -1.12424 -4.4693
      vertex -31.6583 1.28303 -4.80785
    endloop
  endfacet
  facet normal -0.0869686 -0.10059 -0.99112
    outer loop
      vertex -32.7322 -1.12424 -4.4693
      vertex -33.3266 -0.610332 -4.4693
      vertex -31.6583 1.28303 -4.80785
    endloop
  endfacet
  facet normal 0.0831895 -0.323166 -0.942679
    outer loop
      vertex -28.5369 -9.38151 -2.5184
      vertex -28.7672 -7.11798 -3.3147
      vertex -27.0989 -9.01134 -2.5184
    endloop
  endfacet
  facet normal 0.104429 -0.405675 -0.908032
    outer loop
      vertex -28.3317 -11.399 -1.59346
      vertex -28.5369 -9.38151 -2.5184
      vertex -27.0989 -9.01134 -2.5184
    endloop
  endfacet
  facet normal -0.0350767 -0.413544 -0.909808
    outer loop
      vertex -30 -9.50561 -2.5184
      vertex -31.6683 -11.399 -1.59346
      vertex -31.4631 -9.38151 -2.5184
    endloop
  endfacet
  facet normal -0.104429 -0.405675 -0.908032
    outer loop
      vertex -31.6683 -11.399 -1.59346
      vertex -32.9011 -9.01134 -2.5184
      vertex -31.4631 -9.38151 -2.5184
    endloop
  endfacet
  facet normal -0.0431889 -0.509201 -0.859563
    outer loop
      vertex -30 -13.2923 -0.555702
      vertex -31.6683 -11.399 -1.59346
      vertex -30 -11.5405 -1.59346
    endloop
  endfacet
  facet normal 0.0431889 -0.509201 -0.859563
    outer loop
      vertex -28.3317 -11.399 -1.59346
      vertex -30 -13.2923 -0.555702
      vertex -30 -11.5405 -1.59346
    endloop
  endfacet
  facet normal -0.187518 -0.293822 -0.937286
    outer loop
      vertex -34.2895 -8.40143 -2.5184
      vertex -34.7223 -5.58503 -3.3147
      vertex -33.6143 -6.29216 -3.3147
    endloop
  endfacet
  facet normal -0.136736 -0.311266 -0.940434
    outer loop
      vertex -32.9011 -9.01134 -2.5184
      vertex -34.2895 -8.40143 -2.5184
      vertex -33.6143 -6.29216 -3.3147
    endloop
  endfacet
  facet normal -0.554575 -0.211345 -0.804848
    outer loop
      vertex -41.0689 -3.27024 -1.59346
      vertex -43.059 -2.00017 -0.555702
      vertex -41.8084 -1.32977 -1.59346
    endloop
  endfacet
  facet normal -0.518663 -0.267817 -0.81195
    outer loop
      vertex -41.214 -6.13566 -0.555702
      vertex -42.2413 -4.14616 -0.555702
      vertex -40.1401 -5.0692 -1.59346
    endloop
  endfacet
  facet normal -0.753992 -0.287314 -0.590717
    outer loop
      vertex -43.9411 -5.41623 1.7856
      vertex -44.8724 -2.97224 1.7856
      vertex -44.0862 -2.5508 0.577112
    endloop
  endfacet
  facet normal -0.78581 -0.206131 -0.583106
    outer loop
      vertex -44.0862 -2.5508 0.577112
      vertex -44.8724 -2.97224 1.7856
      vertex -44.7273 -0.10681 0.577112
    endloop
  endfacet
  facet normal -0.683826 -0.179364 -0.707256
    outer loop
      vertex -43.059 -2.00017 -0.555702
      vertex -44.0862 -2.5508 0.577112
      vertex -43.6533 0.265595 -0.555702
    endloop
  endfacet
  facet normal -0.683806 -0.179374 -0.707272
    outer loop
      vertex -44.0862 -2.5508 0.577112
      vertex -44.7273 -0.10681 0.577112
      vertex -43.6533 0.265595 -0.555702
    endloop
  endfacet
  facet normal -0.0694117 0.026454 -0.997237
    outer loop
      vertex -31.0272 5.55063 -4.97859
      vertex -33.0641 6.64247 -4.80785
      vertex -32.8722 7.14599 -4.80785
    endloop
  endfacet
  facet normal -0.0732823 0.0192159 -0.997126
    outer loop
      vertex -31.0272 5.55063 -4.97859
      vertex -33.2035 6.11085 -4.80785
      vertex -33.0641 6.64247 -4.80785
    endloop
  endfacet
  facet normal 0.0305844 -0.118806 -0.992446
    outer loop
      vertex -29.2867 -2.01117 -4.4693
      vertex -29.5671 0.744731 -4.80785
      vertex -28.5857 -1.83071 -4.4693
    endloop
  endfacet
  facet normal 0.0102539 -0.120895 -0.992612
    outer loop
      vertex -29.2867 -2.01117 -4.4693
      vertex -30 -2.07167 -4.4693
      vertex -29.5671 0.744731 -4.80785
    endloop
  endfacet
  facet normal -0.0643621 -0.0332298 -0.997373
    outer loop
      vertex -30.8821 4.12407 -4.97859
      vertex -32.6312 2.3872 -4.80785
      vertex -30.9629 4.28057 -4.97859
    endloop
  endfacet
  facet normal -0.155692 0.00789392 -0.987774
    outer loop
      vertex -33.2882 5.56022 -4.80785
      vertex -35.4645 5 -4.4693
      vertex -35.4177 5.92304 -4.4693
    endloop
  endfacet
  facet normal -0.305757 0.0801914 -0.948726
    outer loop
      vertex -37.2627 7.5184 -3.96873
      vertex -39.1229 8.16343 -3.3147
      vertex -36.9466 8.72364 -3.96873
    endloop
  endfacet
  facet normal -0.236704 -0.0120014 -0.971508
    outer loop
      vertex -35.4177 4.07696 -4.4693
      vertex -37.4546 3.72993 -3.96873
      vertex -35.4645 5 -4.4693
    endloop
  endfacet
  facet normal -0.153052 -0.0235431 -0.987938
    outer loop
      vertex -33.2035 3.88915 -4.80785
      vertex -35.4177 4.07696 -4.4693
      vertex -33.2882 4.43978 -4.80785
    endloop
  endfacet
  facet normal -0.236715 -0.0119842 -0.971505
    outer loop
      vertex -37.4546 3.72993 -3.96873
      vertex -37.5189 5 -3.96873
      vertex -35.4645 5 -4.4693
    endloop
  endfacet
  facet normal -0.321533 -0.0162783 -0.946758
    outer loop
      vertex -37.4546 3.72993 -3.96873
      vertex -39.4447 5 -3.3147
      vertex -37.5189 5 -3.96873
    endloop
  endfacet
  facet normal -0.213218 -0.08124 -0.973621
    outer loop
      vertex -34.7324 1.46417 -4.4693
      vertex -36.9466 1.27636 -3.96873
      vertex -35.0485 2.29379 -4.4693
    endloop
  endfacet
  facet normal -0.213217 -0.0812498 -0.97362
    outer loop
      vertex -36.5116 0.134824 -3.96873
      vertex -36.9466 1.27636 -3.96873
      vertex -34.7324 1.46417 -4.4693
    endloop
  endfacet
  facet normal -0.71323 -0.0361123 -0.699999
    outer loop
      vertex -45.1164 2.42456 0.577112
      vertex -45.2468 5 0.577112
      vertex -44.135 5 -0.555702
    endloop
  endfacet
  facet normal -0.816921 0.0413625 -0.575264
    outer loop
      vertex -45.2468 5 0.577112
      vertex -46.0978 5 1.7856
      vertex -45.1164 7.57544 0.577112
    endloop
  endfacet
  facet normal -0.506853 0.0256724 -0.86165
    outer loop
      vertex -41.2089 5 -2.5184
      vertex -42.7813 5 -1.59346
      vertex -41.113 6.89336 -2.5184
    endloop
  endfacet
  facet normal -0.411311 0.0208332 -0.911257
    outer loop
      vertex -39.4447 5 -3.3147
      vertex -41.2089 5 -2.5184
      vertex -41.113 6.89336 -2.5184
    endloop
  endfacet
  facet normal -0.305759 0.0801993 -0.948725
    outer loop
      vertex -36.9466 8.72364 -3.96873
      vertex -39.1229 8.16343 -3.3147
      vertex -38.7258 9.67737 -3.3147
    endloop
  endfacet
  facet normal -0.40474 0.0622236 -0.912312
    outer loop
      vertex -39.3639 6.59536 -3.3147
      vertex -41.113 6.89336 -2.5184
      vertex -40.8269 8.75433 -2.5184
    endloop
  endfacet
  facet normal -0.129923 -0.0670789 -0.989252
    outer loop
      vertex -34.3353 0.695041 -4.4693
      vertex -34.7324 1.46417 -4.4693
      vertex -32.8722 2.85401 -4.80785
    endloop
  endfacet
  facet normal -0.147823 -0.0387619 -0.988254
    outer loop
      vertex -33.0641 3.35753 -4.80785
      vertex -35.0485 2.29379 -4.4693
      vertex -33.2035 3.88915 -4.80785
    endloop
  endfacet
  facet normal -0.0772114 -0.0039004 -0.997007
    outer loop
      vertex -33.2882 4.43978 -4.80785
      vertex -33.3165 5 -4.80785
      vertex -31.1023 4.81219 -4.97859
    endloop
  endfacet
  facet normal -0.483463 -0.126813 -0.866131
    outer loop
      vertex -41.8084 -1.32977 -1.59346
      vertex -42.3458 0.719009 -1.59346
      vertex -40.8269 1.24567 -2.5184
    endloop
  endfacet
  facet normal -0.316259 -0.0486066 -0.947427
    outer loop
      vertex -39.1229 1.83657 -3.3147
      vertex -39.3639 3.40464 -3.3147
      vertex -37.4546 3.72993 -3.96873
    endloop
  endfacet
  facet normal -0.29015 -0.110584 -0.95057
    outer loop
      vertex -38.1793 -1.11127 -3.3147
      vertex -38.7258 0.322634 -3.3147
      vertex -36.9466 1.27636 -3.96873
    endloop
  endfacet
  facet normal -0.290169 -0.110573 -0.950566
    outer loop
      vertex -36.5116 0.134824 -3.96873
      vertex -38.1793 -1.11127 -3.3147
      vertex -36.9466 1.27636 -3.96873
    endloop
  endfacet
  facet normal -0.244479 -0.165653 -0.9554
    outer loop
      vertex -35.3167 -1.8804 -3.96873
      vertex -37.493 -2.44061 -3.3147
      vertex -35.9651 -0.923462 -3.96873
    endloop
  endfacet
  facet normal -0.269621 -0.139233 -0.952848
    outer loop
      vertex -35.9651 -0.923462 -3.96873
      vertex -37.493 -2.44061 -3.3147
      vertex -36.5116 0.134824 -3.96873
    endloop
  endfacet
  facet normal -0.277168 -0.244208 -0.929269
    outer loop
      vertex -35.7496 -4.6968 -3.3147
      vertex -36.8235 -6.50807 -2.5184
      vertex -36.6784 -3.64264 -3.3147
    endloop
  endfacet
  facet normal -0.277143 -0.244211 -0.929276
    outer loop
      vertex -36.8235 -6.50807 -2.5184
      vertex -37.9259 -5.25701 -2.5184
      vertex -36.6784 -3.64264 -3.3147
    endloop
  endfacet
  facet normal -0.562883 -0.381447 -0.733254
    outer loop
      vertex -40.7811 -8.95207 0.577112
      vertex -42.0961 -7.01159 0.577112
      vertex -41.214 -6.13566 -0.555702
    endloop
  endfacet
  facet normal -0.654728 -0.443693 -0.611938
    outer loop
      vertex -41.3829 -9.73077 1.7856
      vertex -42.7713 -7.682 1.7856
      vertex -40.7811 -8.95207 0.577112
    endloop
  endfacet
  facet normal -0.79927 -0.41265 -0.436906
    outer loop
      vertex -43.2279 -8.13541 3.0491
      vertex -44.4395 -5.78864 3.0491
      vertex -43.9411 -5.41623 1.7856
    endloop
  endfacet
  facet normal -0.864286 -0.446217 -0.232163
    outer loop
      vertex -43.2279 -8.13541 3.0491
      vertex -44.6909 -5.97645 4.34597
      vertex -44.4395 -5.78864 3.0491
    endloop
  endfacet
  facet normal 0.147831 -0.0387835 0.988252
    outer loop
      vertex -24.7217 3.16972 14.4693
      vertex -26.7965 3.88915 14.8079
      vertex -24.9515 2.29379 14.4693
    endloop
  endfacet
  facet normal 0.244462 -0.165669 0.955402
    outer loop
      vertex -22.507 -2.44061 13.3147
      vertex -24.6833 -1.8804 13.9687
      vertex -23.3216 -3.64264 13.3147
    endloop
  endfacet
  facet normal 0.103171 -0.0909054 0.990501
    outer loop
      vertex -26.136 -0.000424385 14.4693
      vertex -27.6549 1.96511 14.8079
      vertex -26.6734 -0.610332 14.4693
    endloop
  endfacet
  facet normal 0.140087 -0.0533757 0.988699
    outer loop
      vertex -24.9515 2.29379 14.4693
      vertex -27.1278 2.85401 14.8079
      vertex -25.2676 1.46417 14.4693
    endloop
  endfacet
  facet normal -0.043016 -0.0497447 0.997835
    outer loop
      vertex -30.6769 3.85847 14.9786
      vertex -32.019 1.59494 14.8079
      vertex -31.6583 1.28303 14.8079
    endloop
  endfacet
  facet normal -0.0510482 -0.0449708 0.997683
    outer loop
      vertex -30.6769 3.85847 14.9786
      vertex -32.3451 1.96511 14.8079
      vertex -32.019 1.59494 14.8079
    endloop
  endfacet
  facet normal -0.105898 -0.165915 0.980438
    outer loop
      vertex -32.7322 -1.12424 14.4693
      vertex -33.7595 -3.42673 13.9687
      vertex -32.0912 -1.53337 14.4693
    endloop
  endfacet
  facet normal -0.105889 -0.165923 0.980437
    outer loop
      vertex -32.0912 -1.53337 14.4693
      vertex -33.7595 -3.42673 13.9687
      vertex -32.8774 -3.98967 13.9687
    endloop
  endfacet
  facet normal -0.00506552 -0.0597217 0.998202
    outer loop
      vertex -30 3.56113 14.9786
      vertex -30.4329 0.744731 14.8079
      vertex -30 0.708013 14.8079
    endloop
  endfacet
  facet normal 0.0305889 -0.118823 0.992444
    outer loop
      vertex -28.5857 -1.83071 14.4693
      vertex -29.5671 0.744731 14.8079
      vertex -29.2867 -2.01117 14.4693
    endloop
  endfacet
  facet normal -0.0429966 0.0497522 0.997836
    outer loop
      vertex -30.5559 6.2461 14.9786
      vertex -31.6583 8.71697 14.8079
      vertex -30.6769 6.14153 14.9786
    endloop
  endfacet
  facet normal -0.0342472 0.0536651 0.997972
    outer loop
      vertex -31.2692 8.96528 14.8079
      vertex -31.6583 8.71697 14.8079
      vertex -30.5559 6.2461 14.9786
    endloop
  endfacet
  facet normal -0.0732585 -0.0192374 0.997127
    outer loop
      vertex -31.074 4.62759 14.9786
      vertex -33.2035 3.88915 14.8079
      vertex -31.0272 4.44937 14.9786
    endloop
  endfacet
  facet normal -0.0503803 -0.114685 0.992124
    outer loop
      vertex -31.2692 1.03472 14.8079
      vertex -31.4143 -1.83071 14.4693
      vertex -30.8584 0.854259 14.8079
    endloop
  endfacet
  facet normal -0.0758887 -0.0116341 0.997048
    outer loop
      vertex -31.1023 4.81219 14.9786
      vertex -33.2035 3.88915 14.8079
      vertex -31.074 4.62759 14.9786
    endloop
  endfacet
  facet normal 0.00506666 -0.0597216 0.998202
    outer loop
      vertex -29.8549 3.57344 14.9786
      vertex -30 3.56113 14.9786
      vertex -29.5671 0.744731 14.8079
    endloop
  endfacet
  facet normal -0.117558 -0.0796832 0.989864
    outer loop
      vertex -32.6312 2.3872 14.8079
      vertex -34.3353 0.695041 14.4693
      vertex -32.3451 1.96511 14.8079
    endloop
  endfacet
  facet normal -0.129945 -0.0670865 0.989249
    outer loop
      vertex -32.8722 2.85401 14.8079
      vertex -34.3353 0.695041 14.4693
      vertex -32.6312 2.3872 14.8079
    endloop
  endfacet
  facet normal -0.140087 -0.0533757 0.988699
    outer loop
      vertex -32.8722 2.85401 14.8079
      vertex -35.0485 2.29379 14.4693
      vertex -34.7324 1.46417 14.4693
    endloop
  endfacet
  facet normal -0.140084 -0.0533883 0.988699
    outer loop
      vertex -33.0641 3.35753 14.8079
      vertex -35.0485 2.29379 14.4693
      vertex -32.8722 2.85401 14.8079
    endloop
  endfacet
  facet normal -0.179252 -0.121457 0.976277
    outer loop
      vertex -34.3353 0.695041 14.4693
      vertex -35.9651 -0.923462 13.9687
      vertex -35.3167 -1.8804 13.9687
    endloop
  endfacet
  facet normal -0.197932 -0.102212 0.974872
    outer loop
      vertex -34.3353 0.695041 14.4693
      vertex -36.5116 0.134824 13.9687
      vertex -35.9651 -0.923462 13.9687
    endloop
  endfacet
  facet normal -0.0869899 -0.100597 0.991117
    outer loop
      vertex -32.019 1.59494 14.8079
      vertex -33.3266 -0.610332 14.4693
      vertex -31.6583 1.28303 14.8079
    endloop
  endfacet
  facet normal -0.103184 -0.0909 0.9905
    outer loop
      vertex -32.3451 1.96511 14.8079
      vertex -33.3266 -0.610332 14.4693
      vertex -32.019 1.59494 14.8079
    endloop
  endfacet
  facet normal 0.0692968 -0.10857 0.991671
    outer loop
      vertex -27.2678 -1.12424 14.4693
      vertex -28.7308 1.03472 14.8079
      vertex -27.9088 -1.53337 14.4693
    endloop
  endfacet
  facet normal 0.0770346 -0.175372 0.981484
    outer loop
      vertex -27.1226 -3.98967 13.9687
      vertex -28.5857 -1.83071 14.4693
      vertex -28.054 -4.3988 13.9687
    endloop
  endfacet
  facet normal 0.105555 -0.2403 0.964942
    outer loop
      vertex -27.1226 -3.98967 13.9687
      vertex -28.054 -4.3988 13.9687
      vertex -26.3857 -6.29216 13.3147
    endloop
  endfacet
  facet normal 0.0503776 -0.114686 0.992124
    outer loop
      vertex -27.9088 -1.53337 14.4693
      vertex -28.7308 1.03472 14.8079
      vertex -28.5857 -1.83071 14.4693
    endloop
  endfacet
  facet normal 0.0831895 -0.323166 0.942679
    outer loop
      vertex -27.0989 -9.01134 12.5184
      vertex -28.7672 -7.11798 13.3147
      vertex -28.5369 -9.38151 12.5184
    endloop
  endfacet
  facet normal 0.0831882 -0.323167 0.942678
    outer loop
      vertex -27.5555 -6.80607 13.3147
      vertex -28.7672 -7.11798 13.3147
      vertex -27.0989 -9.01134 12.5184
    endloop
  endfacet
  facet normal 0.0215239 -0.253767 0.967026
    outer loop
      vertex -30 -4.73035 13.9687
      vertex -30 -7.22254 13.3147
      vertex -29.0186 -4.64711 13.9687
    endloop
  endfacet
  facet normal 0.0467955 -0.181778 0.982225
    outer loop
      vertex -28.5857 -1.83071 14.4693
      vertex -29.2867 -2.01117 14.4693
      vertex -29.0186 -4.64711 13.9687
    endloop
  endfacet
  facet normal 0.0429966 -0.0497522 0.997836
    outer loop
      vertex -29.3231 3.85847 14.9786
      vertex -29.4441 3.7539 14.9786
      vertex -28.3417 1.28303 14.8079
    endloop
  endfacet
  facet normal 0.0248967 -0.0566657 0.998083
    outer loop
      vertex -29.5745 3.67066 14.9786
      vertex -29.7122 3.61016 14.9786
      vertex -28.7308 1.03472 14.8079
    endloop
  endfacet
  facet normal -0.0248967 -0.0566657 0.998083
    outer loop
      vertex -30.4255 3.67066 14.9786
      vertex -31.2692 1.03472 14.8079
      vertex -30.2878 3.61016 14.9786
    endloop
  endfacet
  facet normal 0.0248991 -0.0566802 -0.998082
    outer loop
      vertex -29.1416 0.854259 -4.80785
      vertex -29.7122 3.61016 -4.97859
      vertex -28.7308 1.03472 -4.80785
    endloop
  endfacet
  facet normal -0.0102538 0.120893 -0.992613
    outer loop
      vertex -30.4329 9.25527 -4.80785
      vertex -30.7133 12.0112 -4.4693
      vertex -30 12.0717 -4.4693
    endloop
  endfacet
  facet normal -0.0305907 0.118804 -0.992446
    outer loop
      vertex -30.4329 9.25527 -4.80785
      vertex -31.4143 11.8307 -4.4693
      vertex -30.7133 12.0112 -4.4693
    endloop
  endfacet
  facet normal -0.021541 0.253786 -0.96702
    outer loop
      vertex -30 14.7304 -3.96873
      vertex -30.9814 14.6471 -3.96873
      vertex -30 17.2225 -3.3147
    endloop
  endfacet
  facet normal -0.0215117 0.253776 -0.967024
    outer loop
      vertex -30.9814 14.6471 -3.96873
      vertex -31.2328 17.118 -3.3147
      vertex -30 17.2225 -3.3147
    endloop
  endfacet
  facet normal 0.0305907 0.118804 -0.992446
    outer loop
      vertex -28.5857 11.8307 -4.4693
      vertex -29.5671 9.25527 -4.80785
      vertex -29.2867 12.0112 -4.4693
    endloop
  endfacet
  facet normal 0.0305827 0.118807 -0.992446
    outer loop
      vertex -29.1416 9.14574 -4.80785
      vertex -29.5671 9.25527 -4.80785
      vertex -28.5857 11.8307 -4.4693
    endloop
  endfacet
  facet normal 0.703444 0.10815 -0.702475
    outer loop
      vertex -15.9859 7.38763 -0.555702
      vertex -16.3467 9.7344 -0.555702
      vertex -15.2727 10.1068 0.577112
    endloop
  endfacet
  facet normal 0.683807 0.179373 -0.707272
    outer loop
      vertex -15.2727 10.1068 0.577112
      vertex -16.3467 9.7344 -0.555702
      vertex -15.9138 12.5508 0.577112
    endloop
  endfacet
  facet normal 0.314581 -0.213174 -0.924984
    outer loop
      vertex -22.0741 -5.25701 -2.5184
      vertex -22.507 -2.44061 -3.3147
      vertex -21.1074 -3.83045 -2.5184
    endloop
  endfacet
  facet normal 0.346355 -0.178836 -0.920899
    outer loop
      vertex -21.1074 -3.83045 -2.5184
      vertex -22.507 -2.44061 -3.3147
      vertex -20.2928 -2.2528 -2.5184
    endloop
  endfacet
  facet normal 0.214991 -0.189447 -0.958065
    outer loop
      vertex -23.3216 -3.64264 -3.3147
      vertex -25.4228 -2.71961 -3.96873
      vertex -24.6833 -1.8804 -3.96873
    endloop
  endfacet
  facet normal 0.244472 -0.165676 -0.955398
    outer loop
      vertex -23.3216 -3.64264 -3.3147
      vertex -24.6833 -1.8804 -3.96873
      vertex -22.507 -2.44061 -3.3147
    endloop
  endfacet
  facet normal 0.554575 -0.211345 -0.804848
    outer loop
      vertex -16.941 -2.00017 -0.555702
      vertex -18.9311 -3.27024 -1.59346
      vertex -18.1916 -1.32977 -1.59346
    endloop
  endfacet
  facet normal 0.460158 -0.175363 -0.870346
    outer loop
      vertex -18.9311 -3.27024 -1.59346
      vertex -20.2928 -2.2528 -2.5184
      vertex -18.1916 -1.32977 -1.59346
    endloop
  endfacet
  facet normal 0.0523982 -0.61773 0.784643
    outer loop
      vertex -30 -13.2923 10.5557
      vertex -30 -14.7312 9.42289
      vertex -28.155 -13.1358 10.5557
    endloop
  endfacet
  facet normal 0.0523956 -0.617728 0.784645
    outer loop
      vertex -28.155 -13.1358 10.5557
      vertex -30 -14.7312 9.42289
      vertex -28.0099 -14.5624 9.42289
    endloop
  endfacet
  facet normal 0.562882 -0.381447 0.733255
    outer loop
      vertex -18.786 -6.13566 10.5557
      vertex -19.2189 -8.95207 9.42289
      vertex -17.9039 -7.01159 9.42289
    endloop
  endfacet
  facet normal 0.65473 -0.443689 0.611938
    outer loop
      vertex -17.9039 -7.01159 9.42289
      vertex -19.2189 -8.95207 9.42289
      vertex -17.2287 -7.682 8.21439
    endloop
  endfacet
  facet normal 0.562883 -0.381446 0.733254
    outer loop
      vertex -18.786 -6.13566 10.5557
      vertex -20.0051 -7.93463 10.5557
      vertex -19.2189 -8.95207 9.42289
    endloop
  endfacet
  facet normal 0.473708 -0.321015 0.820091
    outer loop
      vertex -18.786 -6.13566 10.5557
      vertex -20.9623 -6.69588 11.5935
      vertex -20.0051 -7.93463 10.5557
    endloop
  endfacet
  facet normal 0.254272 -0.578831 0.774791
    outer loop
      vertex -24.5908 -11.8999 10.5557
      vertex -26.3416 -12.669 10.5557
      vertex -24.1653 -13.2293 9.42289
    endloop
  endfacet
  facet normal 0.40898 -0.640805 0.649695
    outer loop
      vertex -22.3766 -12.0877 9.42289
      vertex -24.1653 -13.2293 9.42289
      vertex -21.9511 -13.0414 8.21439
    endloop
  endfacet
  facet normal 0.144963 -0.227142 0.963012
    outer loop
      vertex -26.2405 -3.42673 13.9687
      vertex -26.3857 -6.29216 13.3147
      vertex -25.2777 -5.58503 13.3147
    endloop
  endfacet
  facet normal 0.181655 -0.210062 0.960664
    outer loop
      vertex -25.4228 -2.71961 13.9687
      vertex -26.2405 -3.42673 13.9687
      vertex -25.2777 -5.58503 13.3147
    endloop
  endfacet
  facet normal 0.314566 -0.213177 0.924988
    outer loop
      vertex -22.507 -2.44061 13.3147
      vertex -23.3216 -3.64264 13.3147
      vertex -22.0741 -5.25701 12.5184
    endloop
  endfacet
  facet normal 0.269637 -0.139215 0.952846
    outer loop
      vertex -23.4884 0.134824 13.9687
      vertex -24.0348 -0.923462 13.9687
      vertex -22.507 -2.44061 13.3147
    endloop
  endfacet
  facet normal -0.0468063 0.18178 0.982225
    outer loop
      vertex -30.9814 14.6471 13.9687
      vertex -31.4143 11.8307 14.4693
      vertex -30.7133 12.0112 14.4693
    endloop
  endfacet
  facet normal -0.0305952 0.118821 0.992444
    outer loop
      vertex -30.7133 12.0112 14.4693
      vertex -31.4143 11.8307 14.4693
      vertex -30.4329 9.25527 14.8079
    endloop
  endfacet
  facet normal -0.0248932 0.056667 0.998083
    outer loop
      vertex -30.8584 9.14574 14.8079
      vertex -31.2692 8.96528 14.8079
      vertex -30.2878 6.38984 14.9786
    endloop
  endfacet
  facet normal -0.0151096 0.0586976 0.998161
    outer loop
      vertex -30.4329 9.25527 14.8079
      vertex -30.8584 9.14574 14.8079
      vertex -30.2878 6.38984 14.9786
    endloop
  endfacet
  facet normal 0.391658 0.102712 0.91436
    outer loop
      vertex -19.6443 10.5511 12.5184
      vertex -21.2742 9.67737 13.3147
      vertex -19.1731 8.75433 12.5184
    endloop
  endfacet
  facet normal 0.483477 0.126791 0.866126
    outer loop
      vertex -18.1916 11.3298 11.5935
      vertex -19.6443 10.5511 12.5184
      vertex -19.1731 8.75433 12.5184
    endloop
  endfacet
  facet normal -0.753997 0.287315 -0.590711
    outer loop
      vertex -44.0862 12.5508 0.577112
      vertex -44.8724 12.9722 1.7856
      vertex -43.9411 15.4162 1.7856
    endloop
  endfacet
  facet normal -0.753983 0.28732 -0.590725
    outer loop
      vertex -43.2041 14.8656 0.577112
      vertex -44.0862 12.5508 0.577112
      vertex -43.9411 15.4162 1.7856
    endloop
  endfacet
  facet normal -0.59924 0.092129 -0.795251
    outer loop
      vertex -42.3458 9.28099 -1.59346
      vertex -44.0141 7.38763 -0.555702
      vertex -43.6533 9.7344 -0.555702
    endloop
  endfacet
  facet normal -0.703444 0.10815 -0.702475
    outer loop
      vertex -44.0141 7.38763 -0.555702
      vertex -44.7273 10.1068 0.577112
      vertex -43.6533 9.7344 -0.555702
    endloop
  endfacet
  facet normal 0.0770247 0.175363 -0.981486
    outer loop
      vertex -27.1226 13.9897 -3.96873
      vertex -28.5857 11.8307 -4.4693
      vertex -28.054 14.3988 -3.96873
    endloop
  endfacet
  facet normal 0.0467891 0.181767 -0.982228
    outer loop
      vertex -28.5857 11.8307 -4.4693
      vertex -29.0186 14.6471 -3.96873
      vertex -28.054 14.3988 -3.96873
    endloop
  endfacet
  facet normal 0.877326 -0.230143 -0.421109
    outer loop
      vertex -13.8948 -0.58461 3.0491
      vertex -15.1276 -2.97224 1.7856
      vertex -14.4507 -0.391838 1.7856
    endloop
  endfacet
  facet normal 0.87731 -0.230106 -0.421164
    outer loop
      vertex -14.5958 -3.25727 3.0491
      vertex -15.1276 -2.97224 1.7856
      vertex -13.8948 -0.58461 3.0491
    endloop
  endfacet
  facet normal 0.974677 0.0493558 -0.218103
    outer loop
      vertex -13.0364 5 4.34597
      vertex -13.3266 5 3.0491
      vertex -13.1815 7.86543 4.34597
    endloop
  endfacet
  facet normal 0.974677 -0.0493558 -0.218103
    outer loop
      vertex -13.1815 2.13457 4.34597
      vertex -13.3266 5 3.0491
      vertex -13.0364 5 4.34597
    endloop
  endfacet
  facet normal 0.224881 0.0589798 -0.9726
    outer loop
      vertex -22.7373 7.5184 -3.96873
      vertex -24.9515 7.70621 -4.4693
      vertex -23.0534 8.72364 -3.96873
    endloop
  endfacet
  facet normal 0.224882 0.0589977 -0.972598
    outer loop
      vertex -24.7217 6.83028 -4.4693
      vertex -24.9515 7.70621 -4.4693
      vertex -22.7373 7.5184 -3.96873
    endloop
  endfacet
  facet normal 0.117541 0.0796716 -0.989867
    outer loop
      vertex -27.3688 7.6128 -4.80785
      vertex -27.6549 8.03489 -4.80785
      vertex -25.6647 9.30496 -4.4693
    endloop
  endfacet
  facet normal 0.103156 0.0908934 -0.990504
    outer loop
      vertex -26.136 10.0004 -4.4693
      vertex -27.6549 8.03489 -4.80785
      vertex -26.6734 10.6103 -4.4693
    endloop
  endfacet
  facet normal 0.387378 0.881767 0.269118
    outer loop
      vertex -23.5083 25.2818 5.65403
      vertex -25.6095 26.2049 5.65403
      vertex -23.6194 24.9348 6.9509
    endloop
  endfacet
  facet normal 0.0728777 0.859175 0.506465
    outer loop
      vertex -30 26.5773 6.9509
      vertex -30 25.8325 8.21439
      vertex -27.8237 26.3927 6.9509
    endloop
  endfacet
  facet normal 0.0729044 0.859152 0.506501
    outer loop
      vertex -27.8237 26.3927 6.9509
      vertex -30 25.8325 8.21439
      vertex -27.8988 25.6542 8.21439
    endloop
  endfacet
  facet normal -0.387378 0.881767 -0.269118
    outer loop
      vertex -36.3806 24.9348 3.0491
      vertex -36.4917 25.2818 4.34597
      vertex -34.3905 26.2049 4.34597
    endloop
  endfacet
  facet normal -0.519139 0.813497 -0.262139
    outer loop
      vertex -36.3806 24.9348 3.0491
      vertex -38.3367 23.6865 3.0491
      vertex -36.4917 25.2818 4.34597
    endloop
  endfacet
  facet normal -0.0248933 -0.056667 0.998083
    outer loop
      vertex -30.2878 3.61016 14.9786
      vertex -31.2692 1.03472 14.8079
      vertex -30.8584 0.854259 14.8079
    endloop
  endfacet
  facet normal 0.00506666 0.0597215 0.998202
    outer loop
      vertex -29.5671 9.25527 14.8079
      vertex -30 6.43887 14.9786
      vertex -29.8549 6.42656 14.9786
    endloop
  endfacet
  facet normal 0.00506579 0.0597217 0.998202
    outer loop
      vertex -30 9.29199 14.8079
      vertex -30 6.43887 14.9786
      vertex -29.5671 9.25527 14.8079
    endloop
  endfacet
  facet normal 0.0694042 0.0264378 0.997238
    outer loop
      vertex -27.1278 7.14599 14.8079
      vertex -29.0371 5.71943 14.9786
      vertex -28.9728 5.55063 14.9786
    endloop
  endfacet
  facet normal 0.0151043 0.0586978 0.998162
    outer loop
      vertex -29.5671 9.25527 14.8079
      vertex -29.8549 6.42656 14.9786
      vertex -29.7122 6.38984 14.9786
    endloop
  endfacet
  facet normal 0.0693956 -0.0264478 0.997239
    outer loop
      vertex -26.9359 3.35753 14.8079
      vertex -28.9728 4.44937 14.9786
      vertex -27.1278 2.85401 14.8079
    endloop
  endfacet
  facet normal 0.0770292 0.175373 0.981484
    outer loop
      vertex -28.054 14.3988 13.9687
      vertex -28.5857 11.8307 14.4693
      vertex -27.1226 13.9897 13.9687
    endloop
  endfacet
  facet normal 0.0467918 0.181778 0.982226
    outer loop
      vertex -28.054 14.3988 13.9687
      vertex -29.0186 14.6471 13.9687
      vertex -28.5857 11.8307 14.4693
    endloop
  endfacet
  facet normal -0.136745 0.311276 0.94043
    outer loop
      vertex -32.9011 19.0113 12.5184
      vertex -33.6143 16.2922 13.3147
      vertex -32.4445 16.8061 13.3147
    endloop
  endfacet
  facet normal -0.136738 0.311275 0.940431
    outer loop
      vertex -32.9011 19.0113 12.5184
      vertex -34.2895 18.4014 12.5184
      vertex -33.6143 16.2922 13.3147
    endloop
  endfacet
  facet normal -0.42854 -0.495605 0.755466
    outer loop
      vertex -37.0675 -10.8416 10.5557
      vertex -39.2817 -10.6538 9.42289
      vertex -37.6234 -12.0877 9.42289
    endloop
  endfacet
  facet normal -0.50398 -0.582851 0.637408
    outer loop
      vertex -37.6234 -12.0877 9.42289
      vertex -39.2817 -10.6538 9.42289
      vertex -38.0489 -13.0414 8.21439
    endloop
  endfacet
  facet normal -0.215562 -0.837433 0.502234
    outer loop
      vertex -34.1664 -15.1226 8.21439
      vertex -34.3154 -15.842 6.9509
      vertex -32.1012 -15.6542 8.21439
    endloop
  endfacet
  facet normal -0.18549 -0.720606 0.668072
    outer loop
      vertex -31.9901 -14.5624 9.42289
      vertex -34.1664 -15.1226 8.21439
      vertex -32.1012 -15.6542 8.21439
    endloop
  endfacet
  facet normal -0.21045 -0.479075 0.852172
    outer loop
      vertex -33.308 -10.9769 11.5935
      vertex -35.4092 -11.8999 10.5557
      vertex -33.6584 -12.669 10.5557
    endloop
  endfacet
  facet normal -0.287302 -0.450169 0.845462
    outer loop
      vertex -34.8912 -10.2814 11.5935
      vertex -36.3906 -9.32447 11.5935
      vertex -35.4092 -11.8999 10.5557
    endloop
  endfacet
  facet normal -0.0279227 -0.3292 0.943847
    outer loop
      vertex -31.2328 -7.11798 13.3147
      vertex -31.4631 -9.38151 12.5184
      vertex -30 -9.50561 12.5184
    endloop
  endfacet
  facet normal -0.0279211 -0.3292 0.943847
    outer loop
      vertex -30 -7.22254 13.3147
      vertex -31.2328 -7.11798 13.3147
      vertex -30 -9.50561 12.5184
    endloop
  endfacet
  facet normal -0.428543 0.495598 -0.755469
    outer loop
      vertex -38.6048 19.5123 -0.555702
      vertex -39.2817 20.6538 0.577112
      vertex -37.0675 20.8416 -0.555702
    endloop
  endfacet
  facet normal -0.501077 0.441508 -0.744307
    outer loop
      vertex -38.6048 19.5123 -0.555702
      vertex -40.7811 18.9521 0.577112
      vertex -39.2817 20.6538 0.577112
    endloop
  endfacet
  facet normal -0.357462 0.413366 0.837466
    outer loop
      vertex -36.3906 19.3245 11.5935
      vertex -38.6048 19.5123 10.5557
      vertex -37.7807 18.1224 11.5935
    endloop
  endfacet
  facet normal -0.357456 0.413388 0.837458
    outer loop
      vertex -37.0675 20.8416 10.5557
      vertex -38.6048 19.5123 10.5557
      vertex -36.3906 19.3245 11.5935
    endloop
  endfacet
  facet normal -0.083197 0.323169 0.942677
    outer loop
      vertex -31.4631 19.3815 12.5184
      vertex -32.9011 19.0113 12.5184
      vertex -31.2328 17.118 13.3147
    endloop
  endfacet
  facet normal -0.0279231 0.329204 0.943846
    outer loop
      vertex -30 19.5056 12.5184
      vertex -31.4631 19.3815 12.5184
      vertex -31.2328 17.118 13.3147
    endloop
  endfacet
  facet normal -0.0431901 0.509216 0.859554
    outer loop
      vertex -30 23.2923 10.5557
      vertex -31.6683 21.399 11.5935
      vertex -30 21.5405 11.5935
    endloop
  endfacet
  facet normal 0.0431901 0.509216 0.859554
    outer loop
      vertex -30 23.2923 10.5557
      vertex -30 21.5405 11.5935
      vertex -28.3317 21.399 11.5935
    endloop
  endfacet
  facet normal -0.155603 0.604519 0.781246
    outer loop
      vertex -31.9901 24.5624 9.42289
      vertex -33.9462 24.0589 9.42289
      vertex -33.6584 22.669 10.5557
    endloop
  endfacet
  facet normal -0.287294 0.450172 0.845463
    outer loop
      vertex -35.4092 21.8999 10.5557
      vertex -36.3906 19.3245 11.5935
      vertex -34.8912 20.2814 11.5935
    endloop
  endfacet
  facet normal -0.0157037 0.185013 0.982611
    outer loop
      vertex -30 14.7304 13.9687
      vertex -30.9814 14.6471 13.9687
      vertex -30 12.0717 14.4693
    endloop
  endfacet
  facet normal 0.0157037 0.185013 0.982611
    outer loop
      vertex -30 14.7304 13.9687
      vertex -30 12.0717 14.4693
      vertex -29.0186 14.6471 13.9687
    endloop
  endfacet
  facet normal -0.713227 -0.0361149 -0.700002
    outer loop
      vertex -44.0141 2.61237 -0.555702
      vertex -45.1164 2.42456 0.577112
      vertex -44.135 5 -0.555702
    endloop
  endfacet
  facet normal -0.703471 -0.108131 -0.70245
    outer loop
      vertex -44.7273 -0.10681 0.577112
      vertex -45.1164 2.42456 0.577112
      vertex -44.0141 2.61237 -0.555702
    endloop
  endfacet
  facet normal -0.703471 0.108132 -0.70245
    outer loop
      vertex -44.0141 7.38763 -0.555702
      vertex -45.1164 7.57544 0.577112
      vertex -44.7273 10.1068 0.577112
    endloop
  endfacet
  facet normal -0.806633 0.123985 -0.577902
    outer loop
      vertex -44.7273 10.1068 0.577112
      vertex -45.9601 7.71918 1.7856
      vertex -45.5493 10.3918 1.7856
    endloop
  endfacet
  facet normal -0.0732756 -0.0192419 -0.997126
    outer loop
      vertex -31.0272 4.44937 -4.97859
      vertex -33.2035 3.88915 -4.80785
      vertex -31.074 4.62759 -4.97859
    endloop
  endfacet
  facet normal -0.0342552 0.0536777 -0.997971
    outer loop
      vertex -30.5559 6.2461 -4.97859
      vertex -31.6583 8.71697 -4.80785
      vertex -31.2692 8.96528 -4.80785
    endloop
  endfacet
  facet normal -0.00506784 -0.0597355 -0.998201
    outer loop
      vertex -30 3.56113 -4.97859
      vertex -30.4329 0.744731 -4.80785
      vertex -30.1451 3.57344 -4.97859
    endloop
  endfacet
  facet normal 0.0643621 0.0332298 -0.997373
    outer loop
      vertex -29.0371 5.71943 -4.97859
      vertex -29.1179 5.87593 -4.97859
      vertex -27.3688 7.6128 -4.80785
    endloop
  endfacet
  facet normal 0.0694204 0.0264439 -0.997237
    outer loop
      vertex -28.9728 5.55063 -4.97859
      vertex -29.0371 5.71943 -4.97859
      vertex -27.1278 7.14599 -4.80785
    endloop
  endfacet
  facet normal 0.0342552 -0.0536777 -0.997971
    outer loop
      vertex -28.7308 1.03472 -4.80785
      vertex -29.4441 3.7539 -4.97859
      vertex -28.3417 1.28303 -4.80785
    endloop
  endfacet
  facet normal 0.00506784 -0.0597355 -0.998201
    outer loop
      vertex -29.5671 0.744731 -4.80785
      vertex -30 3.56113 -4.97859
      vertex -29.8549 3.57344 -4.97859
    endloop
  endfacet
  facet normal 0.14781 0.0387779 -0.988255
    outer loop
      vertex -24.7217 6.83028 -4.4693
      vertex -26.7965 6.11085 -4.80785
      vertex -24.9515 7.70621 -4.4693
    endloop
  endfacet
  facet normal 0.15305 0.0235166 -0.987939
    outer loop
      vertex -24.5823 5.92304 -4.4693
      vertex -26.7965 6.11085 -4.80785
      vertex -24.7217 6.83028 -4.4693
    endloop
  endfacet
  facet normal 0.0050667 -0.0597357 -0.998201
    outer loop
      vertex -29.5671 0.744731 -4.80785
      vertex -30 0.708013 -4.80785
      vertex -30 3.56113 -4.97859
    endloop
  endfacet
  facet normal -0.0342552 -0.0536777 -0.997971
    outer loop
      vertex -31.2692 1.03472 -4.80785
      vertex -31.6583 1.28303 -4.80785
      vertex -30.5559 3.7539 -4.97859
    endloop
  endfacet
  facet normal 0.0503703 -0.114669 -0.992126
    outer loop
      vertex -28.5857 -1.83071 -4.4693
      vertex -28.7308 1.03472 -4.80785
      vertex -27.9088 -1.53337 -4.4693
    endloop
  endfacet
  facet normal 0.050373 -0.114669 -0.992126
    outer loop
      vertex -28.5857 -1.83071 -4.4693
      vertex -29.1416 0.854259 -4.80785
      vertex -28.7308 1.03472 -4.80785
    endloop
  endfacet
  facet normal -0.0582034 0.0394467 -0.997525
    outer loop
      vertex -30.8821 5.87593 -4.97859
      vertex -32.6312 7.6128 -4.80785
      vertex -30.7862 6.01743 -4.97859
    endloop
  endfacet
  facet normal 0.117541 -0.0796716 -0.989867
    outer loop
      vertex -25.6647 0.695041 -4.4693
      vertex -27.6549 1.96511 -4.80785
      vertex -27.3688 2.3872 -4.80785
    endloop
  endfacet
  facet normal 0.0582009 -0.0394496 -0.997525
    outer loop
      vertex -27.6549 1.96511 -4.80785
      vertex -29.2138 3.98257 -4.97859
      vertex -27.3688 2.3872 -4.80785
    endloop
  endfacet
  facet normal -0.0430261 -0.0497563 -0.997834
    outer loop
      vertex -31.6583 1.28303 -4.80785
      vertex -32.019 1.59494 -4.80785
      vertex -30.6769 3.85847 -4.97859
    endloop
  endfacet
  facet normal 0.0772153 -0.0039469 -0.997007
    outer loop
      vertex -26.6835 5 -4.80785
      vertex -28.8977 4.81219 -4.97859
      vertex -28.8881 5 -4.97859
    endloop
  endfacet
  facet normal 0.14781 -0.0387779 -0.988255
    outer loop
      vertex -24.9515 2.29379 -4.4693
      vertex -26.7965 3.88915 -4.80785
      vertex -24.7217 3.16972 -4.4693
    endloop
  endfacet
  facet normal 0.0732823 -0.0192159 -0.997126
    outer loop
      vertex -26.9359 3.35753 -4.80785
      vertex -28.9728 4.44937 -4.97859
      vertex -26.7965 3.88915 -4.80785
    endloop
  endfacet
  facet normal 0.00506784 0.0597355 -0.998201
    outer loop
      vertex -29.8549 6.42656 -4.97859
      vertex -30 6.43887 -4.97859
      vertex -29.5671 9.25527 -4.80785
    endloop
  endfacet
  facet normal 0.0342634 -0.0536755 -0.99797
    outer loop
      vertex -28.7308 1.03472 -4.80785
      vertex -29.5745 3.67066 -4.97859
      vertex -29.4441 3.7539 -4.97859
    endloop
  endfacet
  facet normal 0.321533 0.0162783 -0.946758
    outer loop
      vertex -22.4811 5 -3.96873
      vertex -22.5454 6.27007 -3.96873
      vertex -20.5553 5 -3.3147
    endloop
  endfacet
  facet normal 0.321533 -0.0162783 -0.946758
    outer loop
      vertex -20.5553 5 -3.3147
      vertex -22.5454 3.72993 -3.96873
      vertex -22.4811 5 -3.96873
    endloop
  endfacet
  facet normal -0.0467928 -0.181768 -0.982228
    outer loop
      vertex -30.9814 -4.64711 -3.96873
      vertex -31.4143 -1.83071 -4.4693
      vertex -30.7133 -2.01117 -4.4693
    endloop
  endfacet
  facet normal -0.0467911 -0.181767 -0.982228
    outer loop
      vertex -30.9814 -4.64711 -3.96873
      vertex -31.946 -4.3988 -3.96873
      vertex -31.4143 -1.83071 -4.4693
    endloop
  endfacet
  facet normal -0.129926 -0.0670768 -0.989252
    outer loop
      vertex -32.6312 2.3872 -4.80785
      vertex -34.3353 0.695041 -4.4693
      vertex -32.8722 2.85401 -4.80785
    endloop
  endfacet
  facet normal -0.117541 -0.0796716 -0.989867
    outer loop
      vertex -32.3451 1.96511 -4.80785
      vertex -34.3353 0.695041 -4.4693
      vertex -32.6312 2.3872 -4.80785
    endloop
  endfacet
  facet normal -0.155615 -0.604526 -0.781237
    outer loop
      vertex -31.9901 -14.5624 0.577112
      vertex -33.6584 -12.669 -0.555702
      vertex -31.845 -13.1358 -0.555702
    endloop
  endfacet
  facet normal -0.128454 -0.499012 -0.857022
    outer loop
      vertex -31.845 -13.1358 -0.555702
      vertex -33.6584 -12.669 -0.555702
      vertex -31.6683 -11.399 -1.59346
    endloop
  endfacet
  facet normal -0.40474 -0.0622236 -0.912312
    outer loop
      vertex -40.8269 1.24567 -2.5184
      vertex -41.113 3.10664 -2.5184
      vertex -39.3639 3.40464 -3.3147
    endloop
  endfacet
  facet normal -0.581417 -0.152507 -0.799185
    outer loop
      vertex -41.8084 -1.32977 -1.59346
      vertex -43.059 -2.00017 -0.555702
      vertex -42.3458 0.719009 -1.59346
    endloop
  endfacet
  facet normal -0.0249025 -0.0566789 -0.998082
    outer loop
      vertex -30.2878 3.61016 -4.97859
      vertex -31.2692 1.03472 -4.80785
      vertex -30.4255 3.67066 -4.97859
    endloop
  endfacet
  facet normal 0.0102541 -0.120895 -0.992612
    outer loop
      vertex -29.5671 0.744731 -4.80785
      vertex -30 -2.07167 -4.4693
      vertex -30 0.708013 -4.80785
    endloop
  endfacet
  facet normal 0.0151078 0.0587115 -0.998161
    outer loop
      vertex -29.7122 6.38984 -4.97859
      vertex -29.8549 6.42656 -4.97859
      vertex -29.5671 9.25527 -4.80785
    endloop
  endfacet
  facet normal -0.224882 0.0589977 -0.972598
    outer loop
      vertex -35.2783 6.83028 -4.4693
      vertex -37.2627 7.5184 -3.96873
      vertex -35.0485 7.70621 -4.4693
    endloop
  endfacet
  facet normal -0.14781 0.0387779 -0.988255
    outer loop
      vertex -33.2035 6.11085 -4.80785
      vertex -35.2783 6.83028 -4.4693
      vertex -35.0485 7.70621 -4.4693
    endloop
  endfacet
  facet normal -0.224881 -0.0589798 -0.9726
    outer loop
      vertex -36.9466 1.27636 -3.96873
      vertex -37.2627 2.4816 -3.96873
      vertex -35.0485 2.29379 -4.4693
    endloop
  endfacet
  facet normal -0.232757 -0.0357638 -0.971877
    outer loop
      vertex -35.2783 3.16972 -4.4693
      vertex -37.2627 2.4816 -3.96873
      vertex -35.4177 4.07696 -4.4693
    endloop
  endfacet
  facet normal -0.31625 0.0486157 -0.947429
    outer loop
      vertex -37.4546 6.27007 -3.96873
      vertex -39.1229 8.16343 -3.3147
      vertex -37.2627 7.5184 -3.96873
    endloop
  endfacet
  facet normal -0.404759 0.0622083 -0.912305
    outer loop
      vertex -39.3639 6.59536 -3.3147
      vertex -40.8269 8.75433 -2.5184
      vertex -39.1229 8.16343 -3.3147
    endloop
  endfacet
  facet normal -0.499035 -0.0767201 -0.863179
    outer loop
      vertex -40.8269 1.24567 -2.5184
      vertex -42.3458 0.719009 -1.59346
      vertex -41.113 3.10664 -2.5184
    endloop
  endfacet
  facet normal -0.411312 -0.0208317 -0.911257
    outer loop
      vertex -39.3639 3.40464 -3.3147
      vertex -41.113 3.10664 -2.5184
      vertex -39.4447 5 -3.3147
    endloop
  endfacet
  facet normal -0.305757 -0.0801914 -0.948726
    outer loop
      vertex -36.9466 1.27636 -3.96873
      vertex -39.1229 1.83657 -3.3147
      vertex -37.2627 2.4816 -3.96873
    endloop
  endfacet
  facet normal -0.31625 -0.0486157 -0.947429
    outer loop
      vertex -37.2627 2.4816 -3.96873
      vertex -39.1229 1.83657 -3.3147
      vertex -37.4546 3.72993 -3.96873
    endloop
  endfacet
  facet normal -0.404759 -0.0622083 -0.912305
    outer loop
      vertex -39.1229 1.83657 -3.3147
      vertex -40.8269 1.24567 -2.5184
      vertex -39.3639 3.40464 -3.3147
    endloop
  endfacet
  facet normal -0.391665 -0.102732 -0.914355
    outer loop
      vertex -38.7258 0.322634 -3.3147
      vertex -40.8269 1.24567 -2.5184
      vertex -39.1229 1.83657 -3.3147
    endloop
  endfacet
  facet normal -0.710519 -0.366849 -0.600487
    outer loop
      vertex -42.7713 -7.682 1.7856
      vertex -43.2041 -4.8656 0.577112
      vertex -42.0961 -7.01159 0.577112
    endloop
  endfacet
  facet normal -0.613826 -0.316926 -0.723032
    outer loop
      vertex -42.0961 -7.01159 0.577112
      vertex -43.2041 -4.8656 0.577112
      vertex -41.214 -6.13566 -0.555702
    endloop
  endfacet
  facet normal 0.157423 -0.138708 0.977741
    outer loop
      vertex -26.136 -0.000424385 14.4693
      vertex -26.6734 -0.610332 14.4693
      vertex -24.6833 -1.8804 13.9687
    endloop
  endfacet
  facet normal 0.157419 -0.138715 0.977741
    outer loop
      vertex -24.6833 -1.8804 13.9687
      vertex -26.6734 -0.610332 14.4693
      vertex -25.4228 -2.71961 13.9687
    endloop
  endfacet
  facet normal 0.346355 -0.178813 0.920904
    outer loop
      vertex -21.8207 -1.11127 13.3147
      vertex -22.507 -2.44061 13.3147
      vertex -20.2928 -2.2528 12.5184
    endloop
  endfacet
  facet normal 0.372109 -0.141821 0.91729
    outer loop
      vertex -21.2742 0.322634 13.3147
      vertex -21.8207 -1.11127 13.3147
      vertex -20.2928 -2.2528 12.5184
    endloop
  endfacet
  facet normal 0.21323 -0.0812446 0.973618
    outer loop
      vertex -24.9515 2.29379 14.4693
      vertex -25.2676 1.46417 14.4693
      vertex -23.0534 1.27636 13.9687
    endloop
  endfacet
  facet normal 0.305745 -0.0801881 0.948731
    outer loop
      vertex -22.7373 2.4816 13.9687
      vertex -23.0534 1.27636 13.9687
      vertex -20.8771 1.83657 13.3147
    endloop
  endfacet
  facet normal 0.213229 -0.0812544 0.973617
    outer loop
      vertex -23.0534 1.27636 13.9687
      vertex -25.2676 1.46417 14.4693
      vertex -23.4884 0.134824 13.9687
    endloop
  endfacet
  facet normal 0 0 1
    outer loop
      vertex -31.1119 5 14.9786
      vertex -28.8881 5 14.9786
      vertex -28.8977 5.18781 14.9786
    endloop
  endfacet
  facet normal 0 0 1
    outer loop
      vertex -31.1023 5.18781 14.9786
      vertex -28.8977 5.18781 14.9786
      vertex -28.926 5.37241 14.9786
    endloop
  endfacet
  facet normal 0 0 1
    outer loop
      vertex -28.8881 5 14.9786
      vertex -31.1119 5 14.9786
      vertex -28.8977 4.81219 14.9786
    endloop
  endfacet
  facet normal 0 0 1
    outer loop
      vertex -31.074 5.37241 14.9786
      vertex -28.926 5.37241 14.9786
      vertex -28.9728 5.55063 14.9786
    endloop
  endfacet
  facet normal 0 -0 1
    outer loop
      vertex -31.1023 4.81219 14.9786
      vertex -28.8977 4.81219 14.9786
      vertex -31.1119 5 14.9786
    endloop
  endfacet
  facet normal 0 0 1
    outer loop
      vertex -31.0272 5.55063 14.9786
      vertex -28.9728 5.55063 14.9786
      vertex -29.0371 5.71943 14.9786
    endloop
  endfacet
  facet normal 0 0 1
    outer loop
      vertex -28.8977 4.81219 14.9786
      vertex -31.1023 4.81219 14.9786
      vertex -28.926 4.62759 14.9786
    endloop
  endfacet
  facet normal 0 0 1
    outer loop
      vertex -30.9629 5.71943 14.9786
      vertex -29.0371 5.71943 14.9786
      vertex -29.1179 5.87593 14.9786
    endloop
  endfacet
  facet normal 0 -0 1
    outer loop
      vertex -31.074 4.62759 14.9786
      vertex -28.926 4.62759 14.9786
      vertex -31.1023 4.81219 14.9786
    endloop
  endfacet
  facet normal 0 0 1
    outer loop
      vertex -30.8821 5.87593 14.9786
      vertex -29.1179 5.87593 14.9786
      vertex -29.2138 6.01743 14.9786
    endloop
  endfacet
  facet normal 0 0 1
    outer loop
      vertex -28.926 4.62759 14.9786
      vertex -31.074 4.62759 14.9786
      vertex -28.9728 4.44937 14.9786
    endloop
  endfacet
  facet normal 0 0 1
    outer loop
      vertex -30.7862 6.01743 14.9786
      vertex -29.2138 6.01743 14.9786
      vertex -29.3231 6.14153 14.9786
    endloop
  endfacet
  facet normal 0 -0 1
    outer loop
      vertex -31.0272 4.44937 14.9786
      vertex -28.9728 4.44937 14.9786
      vertex -31.074 4.62759 14.9786
    endloop
  endfacet
  facet normal 0 0 1
    outer loop
      vertex -30.6769 6.14153 14.9786
      vertex -29.3231 6.14153 14.9786
      vertex -29.4441 6.2461 14.9786
    endloop
  endfacet
  facet normal 0 0 1
    outer loop
      vertex -28.9728 4.44937 14.9786
      vertex -31.0272 4.44937 14.9786
      vertex -29.0371 4.28057 14.9786
    endloop
  endfacet
  facet normal 0 0 1
    outer loop
      vertex -30.5559 6.2461 14.9786
      vertex -29.4441 6.2461 14.9786
      vertex -29.5745 6.32934 14.9786
    endloop
  endfacet
  facet normal 0 -0 1
    outer loop
      vertex -30.9629 4.28057 14.9786
      vertex -29.0371 4.28057 14.9786
      vertex -31.0272 4.44937 14.9786
    endloop
  endfacet
  facet normal 0 0 1
    outer loop
      vertex -30.4255 6.32934 14.9786
      vertex -29.5745 6.32934 14.9786
      vertex -29.7122 6.38984 14.9786
    endloop
  endfacet
  facet normal 0 0 1
    outer loop
      vertex -29.0371 4.28057 14.9786
      vertex -30.9629 4.28057 14.9786
      vertex -29.1179 4.12407 14.9786
    endloop
  endfacet
  facet normal 0 0 1
    outer loop
      vertex -30.4255 6.32934 14.9786
      vertex -29.7122 6.38984 14.9786
      vertex -29.8549 6.42656 14.9786
    endloop
  endfacet
  facet normal 0 -0 1
    outer loop
      vertex -30.8821 4.12407 14.9786
      vertex -29.1179 4.12407 14.9786
      vertex -30.9629 4.28057 14.9786
    endloop
  endfacet
  facet normal 0 0 1
    outer loop
      vertex -30.4255 6.32934 14.9786
      vertex -29.8549 6.42656 14.9786
      vertex -30 6.43887 14.9786
    endloop
  endfacet
  facet normal 0 0 1
    outer loop
      vertex -29.1179 4.12407 14.9786
      vertex -30.8821 4.12407 14.9786
      vertex -29.2138 3.98257 14.9786
    endloop
  endfacet
  facet normal 0 0 1
    outer loop
      vertex -30.4255 6.32934 14.9786
      vertex -30 6.43887 14.9786
      vertex -30.1451 6.42656 14.9786
    endloop
  endfacet
  facet normal 0 -0 1
    outer loop
      vertex -30.7862 3.98257 14.9786
      vertex -29.2138 3.98257 14.9786
      vertex -30.8821 4.12407 14.9786
    endloop
  endfacet
  facet normal 0 0 1
    outer loop
      vertex -30.4255 6.32934 14.9786
      vertex -30.1451 6.42656 14.9786
      vertex -30.2878 6.38984 14.9786
    endloop
  endfacet
  facet normal 0 0 1
    outer loop
      vertex -28.8977 5.18781 14.9786
      vertex -31.1023 5.18781 14.9786
      vertex -31.1119 5 14.9786
    endloop
  endfacet
  facet normal 0 0 1
    outer loop
      vertex -29.5745 6.32934 14.9786
      vertex -30.4255 6.32934 14.9786
      vertex -30.5559 6.2461 14.9786
    endloop
  endfacet
  facet normal 0 0 1
    outer loop
      vertex -29.2138 3.98257 14.9786
      vertex -30.7862 3.98257 14.9786
      vertex -29.3231 3.85847 14.9786
    endloop
  endfacet
  facet normal 0 0 1
    outer loop
      vertex -29.4441 6.2461 14.9786
      vertex -30.5559 6.2461 14.9786
      vertex -30.6769 6.14153 14.9786
    endloop
  endfacet
  facet normal 0 -0 1
    outer loop
      vertex -30.6769 3.85847 14.9786
      vertex -29.3231 3.85847 14.9786
      vertex -30.7862 3.98257 14.9786
    endloop
  endfacet
  facet normal 0 0 1
    outer loop
      vertex -29.3231 6.14153 14.9786
      vertex -30.6769 6.14153 14.9786
      vertex -30.7862 6.01743 14.9786
    endloop
  endfacet
  facet normal 0 0 1
    outer loop
      vertex -29.3231 3.85847 14.9786
      vertex -30.6769 3.85847 14.9786
      vertex -29.4441 3.7539 14.9786
    endloop
  endfacet
  facet normal 0 0 1
    outer loop
      vertex -29.2138 6.01743 14.9786
      vertex -30.7862 6.01743 14.9786
      vertex -30.8821 5.87593 14.9786
    endloop
  endfacet
  facet normal 0 -0 1
    outer loop
      vertex -30.5559 3.7539 14.9786
      vertex -29.4441 3.7539 14.9786
      vertex -30.6769 3.85847 14.9786
    endloop
  endfacet
  facet normal 0 0 1
    outer loop
      vertex -29.1179 5.87593 14.9786
      vertex -30.8821 5.87593 14.9786
      vertex -30.9629 5.71943 14.9786
    endloop
  endfacet
  facet normal 0 0 1
    outer loop
      vertex -28.926 5.37241 14.9786
      vertex -31.074 5.37241 14.9786
      vertex -31.1023 5.18781 14.9786
    endloop
  endfacet
  facet normal 0 0 1
    outer loop
      vertex -29.0371 5.71943 14.9786
      vertex -30.9629 5.71943 14.9786
      vertex -31.0272 5.55063 14.9786
    endloop
  endfacet
  facet normal 0 0 1
    outer loop
      vertex -28.9728 5.55063 14.9786
      vertex -31.0272 5.55063 14.9786
      vertex -31.074 5.37241 14.9786
    endloop
  endfacet
  facet normal 0 -0 1
    outer loop
      vertex -30.4255 3.67066 14.9786
      vertex -29.5745 3.67066 14.9786
      vertex -30.5559 3.7539 14.9786
    endloop
  endfacet
  facet normal 0 0 1
    outer loop
      vertex -30 3.56113 14.9786
      vertex -30.4255 3.67066 14.9786
      vertex -30.1451 3.57344 14.9786
    endloop
  endfacet
  facet normal 0 0 1
    outer loop
      vertex -29.8549 3.57344 14.9786
      vertex -30.4255 3.67066 14.9786
      vertex -30 3.56113 14.9786
    endloop
  endfacet
  facet normal 0 0 1
    outer loop
      vertex -30.1451 3.57344 14.9786
      vertex -30.4255 3.67066 14.9786
      vertex -30.2878 3.61016 14.9786
    endloop
  endfacet
  facet normal 0 0 1
    outer loop
      vertex -29.5745 3.67066 14.9786
      vertex -30.4255 3.67066 14.9786
      vertex -29.7122 3.61016 14.9786
    endloop
  endfacet
  facet normal 0 0 1
    outer loop
      vertex -29.7122 3.61016 14.9786
      vertex -30.4255 3.67066 14.9786
      vertex -29.8549 3.57344 14.9786
    endloop
  endfacet
  facet normal 0 0 1
    outer loop
      vertex -29.4441 3.7539 14.9786
      vertex -30.5559 3.7539 14.9786
      vertex -29.5745 3.67066 14.9786
    endloop
  endfacet
  facet normal 0.0869812 -0.100605 0.991117
    outer loop
      vertex -26.6734 -0.610332 14.4693
      vertex -28.3417 1.28303 14.8079
      vertex -27.2678 -1.12424 14.4693
    endloop
  endfacet
  facet normal -0.0643471 -0.033222 0.997374
    outer loop
      vertex -30.9629 4.28057 14.9786
      vertex -32.6312 2.3872 14.8079
      vertex -30.8821 4.12407 14.9786
    endloop
  endfacet
  facet normal -0.0643482 -0.033221 0.997374
    outer loop
      vertex -30.9629 4.28057 14.9786
      vertex -32.8722 2.85401 14.8079
      vertex -32.6312 2.3872 14.8079
    endloop
  endfacet
  facet normal 0.0581874 0.0394404 0.997526
    outer loop
      vertex -27.6549 8.03489 14.8079
      vertex -29.2138 6.01743 14.9786
      vertex -27.3688 7.6128 14.8079
    endloop
  endfacet
  facet normal 0.0732585 0.0192374 0.997127
    outer loop
      vertex -26.7965 6.11085 14.8079
      vertex -28.9728 5.55063 14.9786
      vertex -28.926 5.37241 14.9786
    endloop
  endfacet
  facet normal -0.0693956 -0.0264478 0.997239
    outer loop
      vertex -31.0272 4.44937 14.9786
      vertex -33.0641 3.35753 14.8079
      vertex -32.8722 2.85401 14.8079
    endloop
  endfacet
  facet normal -0.0732652 -0.0192114 0.997127
    outer loop
      vertex -31.0272 4.44937 14.9786
      vertex -33.2035 3.88915 14.8079
      vertex -33.0641 3.35753 14.8079
    endloop
  endfacet
  facet normal -0.0151043 0.0586978 0.998162
    outer loop
      vertex -30.1451 6.42656 14.9786
      vertex -30.4329 9.25527 14.8079
      vertex -30.2878 6.38984 14.9786
    endloop
  endfacet
  facet normal -0.00506666 -0.0597216 0.998202
    outer loop
      vertex -30.1451 3.57344 14.9786
      vertex -30.4329 0.744731 14.8079
      vertex -30 3.56113 14.9786
    endloop
  endfacet
  facet normal -0.117566 -0.0796715 0.989864
    outer loop
      vertex -32.3451 1.96511 14.8079
      vertex -34.3353 0.695041 14.4693
      vertex -33.864 -0.000424385 14.4693
    endloop
  endfacet
  facet normal -0.179236 -0.121464 0.976279
    outer loop
      vertex -34.3353 0.695041 14.4693
      vertex -35.3167 -1.8804 13.9687
      vertex -33.864 -0.000424385 14.4693
    endloop
  endfacet
  facet normal -0.224895 -0.0590011 0.972595
    outer loop
      vertex -35.2783 3.16972 14.4693
      vertex -37.2627 2.4816 13.9687
      vertex -35.0485 2.29379 14.4693
    endloop
  endfacet
  facet normal -0.147831 -0.0387835 0.988252
    outer loop
      vertex -33.2035 3.88915 14.8079
      vertex -35.2783 3.16972 14.4693
      vertex -35.0485 2.29379 14.4693
    endloop
  endfacet
  facet normal -0.26961 -0.139227 0.952852
    outer loop
      vertex -36.5116 0.134824 13.9687
      vertex -37.493 -2.44061 13.3147
      vertex -35.9651 -0.923462 13.9687
    endloop
  endfacet
  facet normal -0.244469 -0.165647 0.955404
    outer loop
      vertex -35.9651 -0.923462 13.9687
      vertex -37.493 -2.44061 13.3147
      vertex -35.3167 -1.8804 13.9687
    endloop
  endfacet
  facet normal 0.132822 -0.153625 0.979162
    outer loop
      vertex -26.6734 -0.610332 14.4693
      vertex -27.2678 -1.12424 14.4693
      vertex -26.2405 -3.42673 13.9687
    endloop
  endfacet
  facet normal 0.0510482 -0.0449708 0.997683
    outer loop
      vertex -27.6549 1.96511 14.8079
      vertex -29.3231 3.85847 14.9786
      vertex -27.981 1.59494 14.8079
    endloop
  endfacet
  facet normal -0.0102556 -0.120912 0.99261
    outer loop
      vertex -30 0.708013 14.8079
      vertex -30.4329 0.744731 14.8079
      vertex -30 -2.07167 14.4693
    endloop
  endfacet
  facet normal -0.0102554 -0.120912 0.99261
    outer loop
      vertex -30.4329 0.744731 14.8079
      vertex -30.7133 -2.01117 14.4693
      vertex -30 -2.07167 14.4693
    endloop
  endfacet
  facet normal 0.0279047 0.329196 -0.943849
    outer loop
      vertex -28.7672 17.118 -3.3147
      vertex -30 17.2225 -3.3147
      vertex -30 19.5056 -2.5184
    endloop
  endfacet
  facet normal 0.0215117 0.253776 -0.967024
    outer loop
      vertex -29.0186 14.6471 -3.96873
      vertex -30 17.2225 -3.3147
      vertex -28.7672 17.118 -3.3147
    endloop
  endfacet
  facet normal 0.0249025 0.0566789 -0.998082
    outer loop
      vertex -29.5745 6.32934 -4.97859
      vertex -29.7122 6.38984 -4.97859
      vertex -28.7308 8.96528 -4.80785
    endloop
  endfacet
  facet normal 0.0759064 0.0116368 -0.997047
    outer loop
      vertex -28.8977 5.18781 -4.97859
      vertex -28.926 5.37241 -4.97859
      vertex -26.7965 6.11085 -4.80785
    endloop
  endfacet
  facet normal 0.0102546 0.120894 -0.992613
    outer loop
      vertex -29.5671 9.25527 -4.80785
      vertex -30 9.29199 -4.80785
      vertex -30 12.0717 -4.4693
    endloop
  endfacet
  facet normal 0.00506697 0.0597356 -0.998201
    outer loop
      vertex -29.5671 9.25527 -4.80785
      vertex -30 6.43887 -4.97859
      vertex -30 9.29199 -4.80785
    endloop
  endfacet
  facet normal 0.785806 0.206136 -0.58311
    outer loop
      vertex -14.4507 10.3918 1.7856
      vertex -15.2727 10.1068 0.577112
      vertex -15.1276 12.9722 1.7856
    endloop
  endfacet
  facet normal 0.877324 0.230143 -0.421113
    outer loop
      vertex -14.4507 10.3918 1.7856
      vertex -15.1276 12.9722 1.7856
      vertex -13.8948 10.5846 3.0491
    endloop
  endfacet
  facet normal 0.0350755 -0.413529 0.909815
    outer loop
      vertex -28.5369 -9.38151 12.5184
      vertex -30 -9.50561 12.5184
      vertex -28.3317 -11.399 11.5935
    endloop
  endfacet
  facet normal 0.0431901 -0.509216 0.859554
    outer loop
      vertex -30 -11.5405 11.5935
      vertex -30 -13.2923 10.5557
      vertex -28.3317 -11.399 11.5935
    endloop
  endfacet
  facet normal 0.42854 -0.495605 0.755466
    outer loop
      vertex -20.7183 -10.6538 9.42289
      vertex -22.9325 -10.8416 10.5557
      vertex -22.3766 -12.0877 9.42289
    endloop
  endfacet
  facet normal 0.428543 -0.495591 0.755474
    outer loop
      vertex -21.3952 -9.51228 10.5557
      vertex -22.9325 -10.8416 10.5557
      vertex -20.7183 -10.6538 9.42289
    endloop
  endfacet
  facet normal 0.144958 -0.227142 0.963013
    outer loop
      vertex -26.2405 -3.42673 13.9687
      vertex -27.1226 -3.98967 13.9687
      vertex -26.3857 -6.29216 13.3147
    endloop
  endfacet
  facet normal 0.105889 -0.165923 0.980437
    outer loop
      vertex -26.2405 -3.42673 13.9687
      vertex -27.9088 -1.53337 14.4693
      vertex -27.1226 -3.98967 13.9687
    endloop
  endfacet
  facet normal -0.00506579 0.0597217 0.998202
    outer loop
      vertex -30 9.29199 14.8079
      vertex -30.4329 9.25527 14.8079
      vertex -30 6.43887 14.9786
    endloop
  endfacet
  facet normal 0.909073 0.0460605 -0.414084
    outer loop
      vertex -13.3266 5 3.0491
      vertex -14.0399 7.71918 1.7856
      vertex -13.4693 7.8164 3.0491
    endloop
  endfacet
  facet normal 0.909054 0.0460347 -0.414128
    outer loop
      vertex -13.9022 5 1.7856
      vertex -14.0399 7.71918 1.7856
      vertex -13.3266 5 3.0491
    endloop
  endfacet
  facet normal 0.117548 0.079662 -0.989867
    outer loop
      vertex -25.6647 9.30496 -4.4693
      vertex -27.6549 8.03489 -4.80785
      vertex -26.136 10.0004 -4.4693
    endloop
  endfacet
  facet normal 0.179221 0.121458 -0.976283
    outer loop
      vertex -25.6647 9.30496 -4.4693
      vertex -26.136 10.0004 -4.4693
      vertex -24.0348 10.9235 -3.96873
    endloop
  endfacet
  facet normal -0.249283 0.968431 0
    outer loop
      vertex -32.2142 26.7651 4.34597
      vertex -34.3905 26.2049 5.65403
      vertex -32.2142 26.7651 5.65403
    endloop
  endfacet
  facet normal -0.249283 0.968431 0
    outer loop
      vertex -34.3905 26.2049 5.65403
      vertex -32.2142 26.7651 4.34597
      vertex -34.3905 26.2049 4.34597
    endloop
  endfacet
  facet normal 0.0581899 0.0394375 0.997526
    outer loop
      vertex -27.3688 7.6128 14.8079
      vertex -29.2138 6.01743 14.9786
      vertex -29.1179 5.87593 14.9786
    endloop
  endfacet
  facet normal 0.069306 0.108566 0.99167
    outer loop
      vertex -27.9088 11.5334 14.4693
      vertex -28.7308 8.96528 14.8079
      vertex -27.2678 11.1242 14.4693
    endloop
  endfacet
  facet normal 0.0429966 0.0497522 0.997836
    outer loop
      vertex -28.3417 8.71697 14.8079
      vertex -29.4441 6.2461 14.9786
      vertex -29.3231 6.14153 14.9786
    endloop
  endfacet
  facet normal 0.0732652 0.0192114 0.997127
    outer loop
      vertex -26.9359 6.64247 14.8079
      vertex -28.9728 5.55063 14.9786
      vertex -26.7965 6.11085 14.8079
    endloop
  endfacet
  facet normal 0.0693956 0.0264478 0.997239
    outer loop
      vertex -27.1278 7.14599 14.8079
      vertex -28.9728 5.55063 14.9786
      vertex -26.9359 6.64247 14.8079
    endloop
  endfacet
  facet normal 0.0694042 -0.0264378 0.997238
    outer loop
      vertex -28.9728 4.44937 14.9786
      vertex -29.0371 4.28057 14.9786
      vertex -27.1278 2.85401 14.8079
    endloop
  endfacet
  facet normal 0.0342554 0.053663 0.997971
    outer loop
      vertex -28.7308 8.96528 14.8079
      vertex -29.5745 6.32934 14.9786
      vertex -29.4441 6.2461 14.9786
    endloop
  endfacet
  facet normal 0.0342472 0.0536651 0.997972
    outer loop
      vertex -28.7308 8.96528 14.8079
      vertex -29.4441 6.2461 14.9786
      vertex -28.3417 8.71697 14.8079
    endloop
  endfacet
  facet normal -0.105561 0.240291 0.964944
    outer loop
      vertex -32.4445 16.8061 13.3147
      vertex -33.6143 16.2922 13.3147
      vertex -31.946 14.3988 13.9687
    endloop
  endfacet
  facet normal -0.0641554 0.249237 0.966315
    outer loop
      vertex -31.2328 17.118 13.3147
      vertex -32.4445 16.8061 13.3147
      vertex -31.946 14.3988 13.9687
    endloop
  endfacet
  facet normal -0.302062 -0.687613 0.660263
    outer loop
      vertex -33.9462 -14.0589 9.42289
      vertex -35.8347 -13.2293 9.42289
      vertex -34.1664 -15.1226 8.21439
    endloop
  endfacet
  facet normal -0.185485 -0.720612 0.668067
    outer loop
      vertex -33.9462 -14.0589 9.42289
      vertex -34.1664 -15.1226 8.21439
      vertex -31.9901 -14.5624 9.42289
    endloop
  endfacet
  facet normal -0.171413 -0.390196 0.904635
    outer loop
      vertex -34.2895 -8.40143 12.5184
      vertex -34.8912 -10.2814 11.5935
      vertex -33.308 -10.9769 11.5935
    endloop
  endfacet
  facet normal -0.234625 -0.36763 0.899889
    outer loop
      vertex -34.2895 -8.40143 12.5184
      vertex -36.3906 -9.32447 11.5935
      vertex -34.8912 -10.2814 11.5935
    endloop
  endfacet
  facet normal 0.0523956 0.617728 0.784645
    outer loop
      vertex -28.0099 24.5624 9.42289
      vertex -30 24.7312 9.42289
      vertex -28.155 23.1358 10.5557
    endloop
  endfacet
  facet normal 0.0625719 0.737704 0.672219
    outer loop
      vertex -27.8988 25.6542 8.21439
      vertex -30 24.7312 9.42289
      vertex -28.0099 24.5624 9.42289
    endloop
  endfacet
  facet normal -0.185485 0.720612 0.668067
    outer loop
      vertex -31.9901 24.5624 9.42289
      vertex -34.1664 25.1226 8.21439
      vertex -33.9462 24.0589 9.42289
    endloop
  endfacet
  facet normal -0.254272 0.578831 0.774791
    outer loop
      vertex -33.6584 22.669 10.5557
      vertex -35.8347 23.2293 9.42289
      vertex -35.4092 21.8999 10.5557
    endloop
  endfacet
  facet normal -0.210455 0.479068 0.852175
    outer loop
      vertex -33.308 20.9769 11.5935
      vertex -35.4092 21.8999 10.5557
      vertex -34.8912 20.2814 11.5935
    endloop
  endfacet
  facet normal -0.171411 0.390192 0.904637
    outer loop
      vertex -33.308 20.9769 11.5935
      vertex -34.8912 20.2814 11.5935
      vertex -34.2895 18.4014 12.5184
    endloop
  endfacet
  facet normal -0.155615 0.604525 0.781239
    outer loop
      vertex -31.9901 24.5624 9.42289
      vertex -33.6584 22.669 10.5557
      vertex -31.845 23.1358 10.5557
    endloop
  endfacet
  facet normal -0.128458 0.499027 0.857013
    outer loop
      vertex -31.845 23.1358 10.5557
      vertex -33.6584 22.669 10.5557
      vertex -31.6683 21.399 11.5935
    endloop
  endfacet
  facet normal -0.254274 0.578828 0.774792
    outer loop
      vertex -33.9462 24.0589 9.42289
      vertex -35.8347 23.2293 9.42289
      vertex -33.6584 22.669 10.5557
    endloop
  endfacet
  facet normal -0.345872 0.541963 0.76593
    outer loop
      vertex -35.8347 23.2293 9.42289
      vertex -37.0675 20.8416 10.5557
      vertex -35.4092 21.8999 10.5557
    endloop
  endfacet
  facet normal -0.909075 0.0460283 -0.414082
    outer loop
      vertex -45.9601 7.71918 1.7856
      vertex -46.6733 5 3.0491
      vertex -46.5307 7.8164 3.0491
    endloop
  endfacet
  facet normal -0.898609 0.138125 -0.416442
    outer loop
      vertex -45.9601 7.71918 1.7856
      vertex -46.5307 7.8164 3.0491
      vertex -46.1052 10.5846 3.0491
    endloop
  endfacet
  facet normal -0.0342634 0.0536755 -0.99797
    outer loop
      vertex -30.5559 6.2461 -4.97859
      vertex -31.2692 8.96528 -4.80785
      vertex -30.4255 6.32934 -4.97859
    endloop
  endfacet
  facet normal -0.0758903 0.0116737 -0.997048
    outer loop
      vertex -31.1023 5.18781 -4.97859
      vertex -33.2882 5.56022 -4.80785
      vertex -33.2035 6.11085 -4.80785
    endloop
  endfacet
  facet normal -0.103156 0.0908934 -0.990504
    outer loop
      vertex -32.3451 8.03489 -4.80785
      vertex -33.864 10.0004 -4.4693
      vertex -33.3266 10.6103 -4.4693
    endloop
  endfacet
  facet normal -0.0430066 0.0497638 -0.997835
    outer loop
      vertex -30.6769 6.14153 -4.97859
      vertex -31.6583 8.71697 -4.80785
      vertex -30.5559 6.2461 -4.97859
    endloop
  endfacet
  facet normal 0.0732756 0.0192419 -0.997126
    outer loop
      vertex -28.926 5.37241 -4.97859
      vertex -28.9728 5.55063 -4.97859
      vertex -26.7965 6.11085 -4.80785
    endloop
  endfacet
  facet normal -0.155692 -0.00789392 -0.987774
    outer loop
      vertex -35.4177 4.07696 -4.4693
      vertex -35.4645 5 -4.4693
      vertex -33.2882 4.43978 -4.80785
    endloop
  endfacet
  facet normal -0.155685 -0.00786456 -0.987775
    outer loop
      vertex -33.2882 4.43978 -4.80785
      vertex -35.4645 5 -4.4693
      vertex -33.3165 5 -4.80785
    endloop
  endfacet
  facet normal 0.140064 0.0533806 -0.988703
    outer loop
      vertex -26.9359 6.64247 -4.80785
      vertex -27.1278 7.14599 -4.80785
      vertex -24.9515 7.70621 -4.4693
    endloop
  endfacet
  facet normal 0.0694117 0.026454 -0.997237
    outer loop
      vertex -26.9359 6.64247 -4.80785
      vertex -28.9728 5.55063 -4.97859
      vertex -27.1278 7.14599 -4.80785
    endloop
  endfacet
  facet normal -0.0151078 0.0587115 -0.998161
    outer loop
      vertex -30.2878 6.38984 -4.97859
      vertex -30.4329 9.25527 -4.80785
      vertex -30.1451 6.42656 -4.97859
    endloop
  endfacet
  facet normal 0.0151129 -0.0587113 -0.998161
    outer loop
      vertex -29.5671 0.744731 -4.80785
      vertex -29.7122 3.61016 -4.97859
      vertex -29.1416 0.854259 -4.80785
    endloop
  endfacet
  facet normal 0.0249025 -0.0566789 -0.998082
    outer loop
      vertex -28.7308 1.03472 -4.80785
      vertex -29.7122 3.61016 -4.97859
      vertex -29.5745 3.67066 -4.97859
    endloop
  endfacet
  facet normal 0.0510601 -0.0449813 -0.997682
    outer loop
      vertex -27.981 1.59494 -4.80785
      vertex -29.3231 3.85847 -4.97859
      vertex -27.6549 1.96511 -4.80785
    endloop
  endfacet
  facet normal 0.10317 -0.0908868 -0.990503
    outer loop
      vertex -26.6734 -0.610332 -4.4693
      vertex -27.981 1.59494 -4.80785
      vertex -27.6549 1.96511 -4.80785
    endloop
  endfacet
  facet normal 0.0643632 -0.0332288 -0.997373
    outer loop
      vertex -27.3688 2.3872 -4.80785
      vertex -29.0371 4.28057 -4.97859
      vertex -27.1278 2.85401 -4.80785
    endloop
  endfacet
  facet normal 0.129926 -0.0670768 -0.989252
    outer loop
      vertex -25.6647 0.695041 -4.4693
      vertex -27.3688 2.3872 -4.80785
      vertex -27.1278 2.85401 -4.80785
    endloop
  endfacet
  facet normal 0.147823 -0.0387619 -0.988254
    outer loop
      vertex -24.9515 2.29379 -4.4693
      vertex -26.9359 3.35753 -4.80785
      vertex -26.7965 3.88915 -4.80785
    endloop
  endfacet
  facet normal 0.140064 -0.0533806 -0.988703
    outer loop
      vertex -24.9515 2.29379 -4.4693
      vertex -27.1278 2.85401 -4.80785
      vertex -26.9359 3.35753 -4.80785
    endloop
  endfacet
  facet normal -0.0770306 -0.175362 -0.981486
    outer loop
      vertex -31.4143 -1.83071 -4.4693
      vertex -32.8774 -3.98967 -3.96873
      vertex -32.0912 -1.53337 -4.4693
    endloop
  endfacet
  facet normal -0.105883 -0.165914 -0.980439
    outer loop
      vertex -32.8774 -3.98967 -3.96873
      vertex -33.7595 -3.42673 -3.96873
      vertex -32.0912 -1.53337 -4.4693
    endloop
  endfacet
  facet normal -0.0305844 -0.118806 -0.992446
    outer loop
      vertex -30.7133 -2.01117 -4.4693
      vertex -31.4143 -1.83071 -4.4693
      vertex -30.4329 0.744731 -4.80785
    endloop
  endfacet
  facet normal -0.0102539 -0.120895 -0.992612
    outer loop
      vertex -30 -2.07167 -4.4693
      vertex -30.7133 -2.01117 -4.4693
      vertex -30.4329 0.744731 -4.80785
    endloop
  endfacet
  facet normal -0.179226 -0.121457 -0.976282
    outer loop
      vertex -33.864 -0.000424385 -4.4693
      vertex -35.3167 -1.8804 -3.96873
      vertex -34.3353 0.695041 -4.4693
    endloop
  endfacet
  facet normal -0.117549 -0.07966 -0.989867
    outer loop
      vertex -33.864 -0.000424385 -4.4693
      vertex -34.3353 0.695041 -4.4693
      vertex -32.3451 1.96511 -4.80785
    endloop
  endfacet
  facet normal -0.599206 -0.0920825 -0.795282
    outer loop
      vertex -42.3458 0.719009 -1.59346
      vertex -44.0141 2.61237 -0.555702
      vertex -42.6719 2.84103 -1.59346
    endloop
  endfacet
  facet normal -0.608089 -0.0308133 -0.793271
    outer loop
      vertex -42.6719 2.84103 -1.59346
      vertex -44.0141 2.61237 -0.555702
      vertex -42.7813 5 -1.59346
    endloop
  endfacet
  facet normal -0.460158 -0.175363 -0.870346
    outer loop
      vertex -41.0689 -3.27024 -1.59346
      vertex -41.8084 -1.32977 -1.59346
      vertex -39.7072 -2.2528 -2.5184
    endloop
  endfacet
  facet normal -0.429192 -0.221591 -0.875609
    outer loop
      vertex -40.1401 -5.0692 -1.59346
      vertex -41.0689 -3.27024 -1.59346
      vertex -39.7072 -2.2528 -2.5184
    endloop
  endfacet
  facet normal -0.0643621 0.0332298 -0.997373
    outer loop
      vertex -30.9629 5.71943 -4.97859
      vertex -32.6312 7.6128 -4.80785
      vertex -30.8821 5.87593 -4.97859
    endloop
  endfacet
  facet normal -0.0694204 -0.0264439 -0.997237
    outer loop
      vertex -30.9629 4.28057 -4.97859
      vertex -32.8722 2.85401 -4.80785
      vertex -31.0272 4.44937 -4.97859
    endloop
  endfacet
  facet normal -0.0694204 0.0264439 -0.997237
    outer loop
      vertex -31.0272 5.55063 -4.97859
      vertex -32.8722 7.14599 -4.80785
      vertex -30.9629 5.71943 -4.97859
    endloop
  endfacet
  facet normal -0.0342634 -0.0536755 -0.99797
    outer loop
      vertex -30.4255 3.67066 -4.97859
      vertex -31.2692 1.03472 -4.80785
      vertex -30.5559 3.7539 -4.97859
    endloop
  endfacet
  facet normal -0.0510661 0.044976 -0.997682
    outer loop
      vertex -30.7862 6.01743 -4.97859
      vertex -32.3451 8.03489 -4.80785
      vertex -30.6769 6.14153 -4.97859
    endloop
  endfacet
  facet normal -0.0510601 -0.0449813 -0.997682
    outer loop
      vertex -32.019 1.59494 -4.80785
      vertex -32.3451 1.96511 -4.80785
      vertex -30.6769 3.85847 -4.97859
    endloop
  endfacet
  facet normal -0.0510661 -0.044976 -0.997682
    outer loop
      vertex -30.6769 3.85847 -4.97859
      vertex -32.3451 1.96511 -4.80785
      vertex -30.7862 3.98257 -4.97859
    endloop
  endfacet
  facet normal -0.232757 0.0357638 -0.971877
    outer loop
      vertex -35.4177 5.92304 -4.4693
      vertex -37.2627 7.5184 -3.96873
      vertex -35.2783 6.83028 -4.4693
    endloop
  endfacet
  facet normal -0.15305 0.0235166 -0.987939
    outer loop
      vertex -33.2035 6.11085 -4.80785
      vertex -35.4177 5.92304 -4.4693
      vertex -35.2783 6.83028 -4.4693
    endloop
  endfacet
  facet normal -0.316259 0.0486066 -0.947427
    outer loop
      vertex -37.4546 6.27007 -3.96873
      vertex -39.3639 6.59536 -3.3147
      vertex -39.1229 8.16343 -3.3147
    endloop
  endfacet
  facet normal -0.321537 0.0162848 -0.946757
    outer loop
      vertex -37.4546 6.27007 -3.96873
      vertex -39.4447 5 -3.3147
      vertex -39.3639 6.59536 -3.3147
    endloop
  endfacet
  facet normal -0.483491 -0.126798 -0.866117
    outer loop
      vertex -40.3557 -0.551055 -2.5184
      vertex -41.8084 -1.32977 -1.59346
      vertex -40.8269 1.24567 -2.5184
    endloop
  endfacet
  facet normal -0.391658 -0.102714 -0.91436
    outer loop
      vertex -40.3557 -0.551055 -2.5184
      vertex -40.8269 1.24567 -2.5184
      vertex -38.7258 0.322634 -3.3147
    endloop
  endfacet
  facet normal 0.197937 -0.102195 0.974873
    outer loop
      vertex -25.2676 1.46417 14.4693
      vertex -25.6647 0.695041 14.4693
      vertex -23.4884 0.134824 13.9687
    endloop
  endfacet
  facet normal 0.244463 -0.165668 0.955402
    outer loop
      vertex -24.0348 -0.923462 13.9687
      vertex -24.6833 -1.8804 13.9687
      vertex -22.507 -2.44061 13.3147
    endloop
  endfacet
  facet normal 0.232758 -0.0357808 0.971876
    outer loop
      vertex -22.5454 3.72993 13.9687
      vertex -24.5823 4.07696 14.4693
      vertex -22.7373 2.4816 13.9687
    endloop
  endfacet
  facet normal 0.23277 -0.0357658 0.971874
    outer loop
      vertex -24.5823 4.07696 14.4693
      vertex -24.7217 3.16972 14.4693
      vertex -22.7373 2.4816 13.9687
    endloop
  endfacet
  facet normal 0.224894 -0.0589832 0.972596
    outer loop
      vertex -22.7373 2.4816 13.9687
      vertex -24.9515 2.29379 14.4693
      vertex -23.0534 1.27636 13.9687
    endloop
  endfacet
  facet normal 0.224895 -0.0590011 0.972595
    outer loop
      vertex -24.7217 3.16972 14.4693
      vertex -24.9515 2.29379 14.4693
      vertex -22.7373 2.4816 13.9687
    endloop
  endfacet
  facet normal -0.00506666 0.0597215 0.998202
    outer loop
      vertex -30 6.43887 14.9786
      vertex -30.4329 9.25527 14.8079
      vertex -30.1451 6.42656 14.9786
    endloop
  endfacet
  facet normal 0.0342472 -0.0536651 0.997972
    outer loop
      vertex -28.3417 1.28303 14.8079
      vertex -29.4441 3.7539 14.9786
      vertex -28.7308 1.03472 14.8079
    endloop
  endfacet
  facet normal 0.117566 -0.0796715 0.989864
    outer loop
      vertex -25.6647 0.695041 14.4693
      vertex -27.6549 1.96511 14.8079
      vertex -26.136 -0.000424385 14.4693
    endloop
  endfacet
  facet normal 0.179236 -0.121464 0.976279
    outer loop
      vertex -25.6647 0.695041 14.4693
      vertex -26.136 -0.000424385 14.4693
      vertex -24.6833 -1.8804 13.9687
    endloop
  endfacet
  facet normal 0.140084 -0.0533883 0.988699
    outer loop
      vertex -26.9359 3.35753 14.8079
      vertex -27.1278 2.85401 14.8079
      vertex -24.9515 2.29379 14.4693
    endloop
  endfacet
  facet normal 0.0732652 -0.0192114 0.997127
    outer loop
      vertex -26.7965 3.88915 14.8079
      vertex -28.9728 4.44937 14.9786
      vertex -26.9359 3.35753 14.8079
    endloop
  endfacet
  facet normal -0.157423 -0.138708 0.977741
    outer loop
      vertex -33.864 -0.000424385 14.4693
      vertex -35.3167 -1.8804 13.9687
      vertex -33.3266 -0.610332 14.4693
    endloop
  endfacet
  facet normal -0.103171 -0.0909054 0.990501
    outer loop
      vertex -32.3451 1.96511 14.8079
      vertex -33.864 -0.000424385 14.4693
      vertex -33.3266 -0.610332 14.4693
    endloop
  endfacet
  facet normal 0.0102554 -0.120912 0.99261
    outer loop
      vertex -29.5671 0.744731 14.8079
      vertex -30 -2.07167 14.4693
      vertex -29.2867 -2.01117 14.4693
    endloop
  endfacet
  facet normal 0.0156924 -0.185015 0.98261
    outer loop
      vertex -29.2867 -2.01117 14.4693
      vertex -30 -2.07167 14.4693
      vertex -29.0186 -4.64711 13.9687
    endloop
  endfacet
  facet normal 0.0431939 -0.509219 0.859552
    outer loop
      vertex -28.3317 -11.399 11.5935
      vertex -30 -13.2923 10.5557
      vertex -28.155 -13.1358 10.5557
    endloop
  endfacet
  facet normal -0.0431901 -0.509216 0.859554
    outer loop
      vertex -30 -11.5405 11.5935
      vertex -31.6683 -11.399 11.5935
      vertex -30 -13.2923 10.5557
    endloop
  endfacet
  facet normal 0.287302 -0.450169 0.845462
    outer loop
      vertex -23.6094 -9.32447 11.5935
      vertex -25.1088 -10.2814 11.5935
      vertex -24.5908 -11.8999 10.5557
    endloop
  endfacet
  facet normal 0.210455 -0.479068 0.852175
    outer loop
      vertex -25.1088 -10.2814 11.5935
      vertex -26.692 -10.9769 11.5935
      vertex -24.5908 -11.8999 10.5557
    endloop
  endfacet
  facet normal 0.806633 0.123985 -0.577902
    outer loop
      vertex -14.0399 7.71918 1.7856
      vertex -15.2727 10.1068 0.577112
      vertex -14.4507 10.3918 1.7856
    endloop
  endfacet
  facet normal 0.898611 0.138123 -0.416437
    outer loop
      vertex -14.0399 7.71918 1.7856
      vertex -14.4507 10.3918 1.7856
      vertex -13.8948 10.5846 3.0491
    endloop
  endfacet
  facet normal -0.302043 0.687606 0.660278
    outer loop
      vertex -34.1664 25.1226 8.21439
      vertex -36.1604 24.2467 8.21439
      vertex -35.8347 23.2293 9.42289
    endloop
  endfacet
  facet normal -0.408981 0.640803 0.649697
    outer loop
      vertex -36.1604 24.2467 8.21439
      vertex -38.0489 23.0414 8.21439
      vertex -35.8347 23.2293 9.42289
    endloop
  endfacet
  facet normal -0.816928 0.0413694 -0.575255
    outer loop
      vertex -45.1164 7.57544 0.577112
      vertex -46.0978 5 1.7856
      vertex -45.9601 7.71918 1.7856
    endloop
  endfacet
  facet normal -0.806636 0.12399 -0.577897
    outer loop
      vertex -45.1164 7.57544 0.577112
      vertex -45.9601 7.71918 1.7856
      vertex -44.7273 10.1068 0.577112
    endloop
  endfacet
  facet normal -0.0759064 0.0116368 -0.997047
    outer loop
      vertex -31.1023 5.18781 -4.97859
      vertex -33.2035 6.11085 -4.80785
      vertex -31.074 5.37241 -4.97859
    endloop
  endfacet
  facet normal -0.0249025 0.0566789 -0.998082
    outer loop
      vertex -30.4255 6.32934 -4.97859
      vertex -31.2692 8.96528 -4.80785
      vertex -30.2878 6.38984 -4.97859
    endloop
  endfacet
  facet normal -0.0772153 0.0039469 -0.997007
    outer loop
      vertex -31.1119 5 -4.97859
      vertex -33.3165 5 -4.80785
      vertex -31.1023 5.18781 -4.97859
    endloop
  endfacet
  facet normal -0.10317 0.0908876 -0.990503
    outer loop
      vertex -32.3451 8.03489 -4.80785
      vertex -33.3266 10.6103 -4.4693
      vertex -32.019 8.40506 -4.80785
    endloop
  endfacet
  facet normal 0.0643621 -0.0332298 -0.997373
    outer loop
      vertex -27.3688 2.3872 -4.80785
      vertex -29.1179 4.12407 -4.97859
      vertex -29.0371 4.28057 -4.97859
    endloop
  endfacet
  facet normal -0.0869687 0.100592 -0.991119
    outer loop
      vertex -31.6583 8.71697 -4.80785
      vertex -33.3266 10.6103 -4.4693
      vertex -32.7322 11.1242 -4.4693
    endloop
  endfacet
  facet normal -0.0692798 0.108561 -0.991673
    outer loop
      vertex -31.6583 8.71697 -4.80785
      vertex -32.7322 11.1242 -4.4693
      vertex -31.2692 8.96528 -4.80785
    endloop
  endfacet
  facet normal -0.0732823 -0.0192159 -0.997126
    outer loop
      vertex -33.0641 3.35753 -4.80785
      vertex -33.2035 3.88915 -4.80785
      vertex -31.0272 4.44937 -4.97859
    endloop
  endfacet
  facet normal -0.0643632 0.0332288 -0.997373
    outer loop
      vertex -30.9629 5.71943 -4.97859
      vertex -32.8722 7.14599 -4.80785
      vertex -32.6312 7.6128 -4.80785
    endloop
  endfacet
  facet normal -0.129926 0.0670768 -0.989252
    outer loop
      vertex -32.8722 7.14599 -4.80785
      vertex -34.3353 9.30496 -4.4693
      vertex -32.6312 7.6128 -4.80785
    endloop
  endfacet
  facet normal 0 0 -1
    outer loop
      vertex -31.1119 5 -4.97859
      vertex -28.8881 5 -4.97859
      vertex -28.8977 4.81219 -4.97859
    endloop
  endfacet
  facet normal 0 0 -1
    outer loop
      vertex -31.1023 4.81219 -4.97859
      vertex -28.8977 4.81219 -4.97859
      vertex -28.926 4.62759 -4.97859
    endloop
  endfacet
  facet normal 0 0 -1
    outer loop
      vertex -28.8881 5 -4.97859
      vertex -31.1119 5 -4.97859
      vertex -28.8977 5.18781 -4.97859
    endloop
  endfacet
  facet normal 0 0 -1
    outer loop
      vertex -31.074 4.62759 -4.97859
      vertex -28.926 4.62759 -4.97859
      vertex -28.9728 4.44937 -4.97859
    endloop
  endfacet
  facet normal 0 -0 -1
    outer loop
      vertex -31.1023 5.18781 -4.97859
      vertex -28.8977 5.18781 -4.97859
      vertex -31.1119 5 -4.97859
    endloop
  endfacet
  facet normal 0 0 -1
    outer loop
      vertex -31.0272 4.44937 -4.97859
      vertex -28.9728 4.44937 -4.97859
      vertex -29.0371 4.28057 -4.97859
    endloop
  endfacet
  facet normal 0 0 -1
    outer loop
      vertex -28.8977 5.18781 -4.97859
      vertex -31.1023 5.18781 -4.97859
      vertex -28.926 5.37241 -4.97859
    endloop
  endfacet
  facet normal 0 0 -1
    outer loop
      vertex -30.9629 4.28057 -4.97859
      vertex -29.0371 4.28057 -4.97859
      vertex -29.1179 4.12407 -4.97859
    endloop
  endfacet
  facet normal 0 -0 -1
    outer loop
      vertex -31.074 5.37241 -4.97859
      vertex -28.926 5.37241 -4.97859
      vertex -31.1023 5.18781 -4.97859
    endloop
  endfacet
  facet normal 0 0 -1
    outer loop
      vertex -30.8821 4.12407 -4.97859
      vertex -29.1179 4.12407 -4.97859
      vertex -29.2138 3.98257 -4.97859
    endloop
  endfacet
  facet normal 0 0 -1
    outer loop
      vertex -28.926 5.37241 -4.97859
      vertex -31.074 5.37241 -4.97859
      vertex -28.9728 5.55063 -4.97859
    endloop
  endfacet
  facet normal 0 0 -1
    outer loop
      vertex -30.7862 3.98257 -4.97859
      vertex -29.2138 3.98257 -4.97859
      vertex -29.3231 3.85847 -4.97859
    endloop
  endfacet
  facet normal 0 -0 -1
    outer loop
      vertex -31.0272 5.55063 -4.97859
      vertex -28.9728 5.55063 -4.97859
      vertex -31.074 5.37241 -4.97859
    endloop
  endfacet
  facet normal 0 0 -1
    outer loop
      vertex -30.6769 3.85847 -4.97859
      vertex -29.3231 3.85847 -4.97859
      vertex -29.4441 3.7539 -4.97859
    endloop
  endfacet
  facet normal 0 0 -1
    outer loop
      vertex -28.9728 5.55063 -4.97859
      vertex -31.0272 5.55063 -4.97859
      vertex -29.0371 5.71943 -4.97859
    endloop
  endfacet
  facet normal 0 0 -1
    outer loop
      vertex -30.5559 3.7539 -4.97859
      vertex -29.4441 3.7539 -4.97859
      vertex -29.5745 3.67066 -4.97859
    endloop
  endfacet
  facet normal 0 -0 -1
    outer loop
      vertex -30.9629 5.71943 -4.97859
      vertex -29.0371 5.71943 -4.97859
      vertex -31.0272 5.55063 -4.97859
    endloop
  endfacet
  facet normal 0 0 -1
    outer loop
      vertex -30.4255 3.67066 -4.97859
      vertex -29.5745 3.67066 -4.97859
      vertex -29.7122 3.61016 -4.97859
    endloop
  endfacet
  facet normal 0 0 -1
    outer loop
      vertex -29.0371 5.71943 -4.97859
      vertex -30.9629 5.71943 -4.97859
      vertex -29.1179 5.87593 -4.97859
    endloop
  endfacet
  facet normal 0 0 -1
    outer loop
      vertex -30.4255 3.67066 -4.97859
      vertex -29.7122 3.61016 -4.97859
      vertex -29.8549 3.57344 -4.97859
    endloop
  endfacet
  facet normal 0 -0 -1
    outer loop
      vertex -30.8821 5.87593 -4.97859
      vertex -29.1179 5.87593 -4.97859
      vertex -30.9629 5.71943 -4.97859
    endloop
  endfacet
  facet normal 0 0 -1
    outer loop
      vertex -30.4255 3.67066 -4.97859
      vertex -29.8549 3.57344 -4.97859
      vertex -30 3.56113 -4.97859
    endloop
  endfacet
  facet normal 0 0 -1
    outer loop
      vertex -29.1179 5.87593 -4.97859
      vertex -30.8821 5.87593 -4.97859
      vertex -29.2138 6.01743 -4.97859
    endloop
  endfacet
  facet normal 0 0 -1
    outer loop
      vertex -30.4255 3.67066 -4.97859
      vertex -30 3.56113 -4.97859
      vertex -30.1451 3.57344 -4.97859
    endloop
  endfacet
  facet normal 0 -0 -1
    outer loop
      vertex -30.7862 6.01743 -4.97859
      vertex -29.2138 6.01743 -4.97859
      vertex -30.8821 5.87593 -4.97859
    endloop
  endfacet
  facet normal 0 0 -1
    outer loop
      vertex -30.4255 3.67066 -4.97859
      vertex -30.1451 3.57344 -4.97859
      vertex -30.2878 3.61016 -4.97859
    endloop
  endfacet
  facet normal 0 0 -1
    outer loop
      vertex -28.8977 4.81219 -4.97859
      vertex -31.1023 4.81219 -4.97859
      vertex -31.1119 5 -4.97859
    endloop
  endfacet
  facet normal 0 0 -1
    outer loop
      vertex -29.5745 3.67066 -4.97859
      vertex -30.4255 3.67066 -4.97859
      vertex -30.5559 3.7539 -4.97859
    endloop
  endfacet
  facet normal 0 0 -1
    outer loop
      vertex -29.2138 6.01743 -4.97859
      vertex -30.7862 6.01743 -4.97859
      vertex -29.3231 6.14153 -4.97859
    endloop
  endfacet
  facet normal 0 0 -1
    outer loop
      vertex -29.4441 3.7539 -4.97859
      vertex -30.5559 3.7539 -4.97859
      vertex -30.6769 3.85847 -4.97859
    endloop
  endfacet
  facet normal 0 -0 -1
    outer loop
      vertex -30.6769 6.14153 -4.97859
      vertex -29.3231 6.14153 -4.97859
      vertex -30.7862 6.01743 -4.97859
    endloop
  endfacet
  facet normal 0 0 -1
    outer loop
      vertex -29.3231 3.85847 -4.97859
      vertex -30.6769 3.85847 -4.97859
      vertex -30.7862 3.98257 -4.97859
    endloop
  endfacet
  facet normal 0 0 -1
    outer loop
      vertex -29.3231 6.14153 -4.97859
      vertex -30.6769 6.14153 -4.97859
      vertex -29.4441 6.2461 -4.97859
    endloop
  endfacet
  facet normal 0 0 -1
    outer loop
      vertex -29.2138 3.98257 -4.97859
      vertex -30.7862 3.98257 -4.97859
      vertex -30.8821 4.12407 -4.97859
    endloop
  endfacet
  facet normal 0 -0 -1
    outer loop
      vertex -30.5559 6.2461 -4.97859
      vertex -29.4441 6.2461 -4.97859
      vertex -30.6769 6.14153 -4.97859
    endloop
  endfacet
  facet normal 0 0 -1
    outer loop
      vertex -29.1179 4.12407 -4.97859
      vertex -30.8821 4.12407 -4.97859
      vertex -30.9629 4.28057 -4.97859
    endloop
  endfacet
  facet normal 0 0 -1
    outer loop
      vertex -28.926 4.62759 -4.97859
      vertex -31.074 4.62759 -4.97859
      vertex -31.1023 4.81219 -4.97859
    endloop
  endfacet
  facet normal 0 0 -1
    outer loop
      vertex -29.0371 4.28057 -4.97859
      vertex -30.9629 4.28057 -4.97859
      vertex -31.0272 4.44937 -4.97859
    endloop
  endfacet
  facet normal 0 0 -1
    outer loop
      vertex -28.9728 4.44937 -4.97859
      vertex -31.0272 4.44937 -4.97859
      vertex -31.074 4.62759 -4.97859
    endloop
  endfacet
  facet normal 0 -0 -1
    outer loop
      vertex -30.4255 6.32934 -4.97859
      vertex -29.5745 6.32934 -4.97859
      vertex -30.5559 6.2461 -4.97859
    endloop
  endfacet
  facet normal 0 0 -1
    outer loop
      vertex -30 6.43887 -4.97859
      vertex -30.4255 6.32934 -4.97859
      vertex -30.1451 6.42656 -4.97859
    endloop
  endfacet
  facet normal -0 0 -1
    outer loop
      vertex -29.8549 6.42656 -4.97859
      vertex -30.4255 6.32934 -4.97859
      vertex -30 6.43887 -4.97859
    endloop
  endfacet
  facet normal 0 0 -1
    outer loop
      vertex -30.1451 6.42656 -4.97859
      vertex -30.4255 6.32934 -4.97859
      vertex -30.2878 6.38984 -4.97859
    endloop
  endfacet
  facet normal 0 0 -1
    outer loop
      vertex -29.5745 6.32934 -4.97859
      vertex -30.4255 6.32934 -4.97859
      vertex -29.7122 6.38984 -4.97859
    endloop
  endfacet
  facet normal -0 0 -1
    outer loop
      vertex -29.7122 6.38984 -4.97859
      vertex -30.4255 6.32934 -4.97859
      vertex -29.8549 6.42656 -4.97859
    endloop
  endfacet
  facet normal 0 0 -1
    outer loop
      vertex -29.4441 6.2461 -4.97859
      vertex -30.5559 6.2461 -4.97859
      vertex -29.5745 6.32934 -4.97859
    endloop
  endfacet
  facet normal -0.0759064 -0.0116368 -0.997047
    outer loop
      vertex -31.074 4.62759 -4.97859
      vertex -33.2035 3.88915 -4.80785
      vertex -31.1023 4.81219 -4.97859
    endloop
  endfacet
  facet normal -0.0692868 -0.108554 -0.991673
    outer loop
      vertex -32.0912 -1.53337 -4.4693
      vertex -32.7322 -1.12424 -4.4693
      vertex -31.2692 1.03472 -4.80785
    endloop
  endfacet
  facet normal -0.105892 -0.165905 -0.98044
    outer loop
      vertex -32.0912 -1.53337 -4.4693
      vertex -33.7595 -3.42673 -3.96873
      vertex -32.7322 -1.12424 -4.4693
    endloop
  endfacet
  facet normal -0.518655 -0.267781 -0.811967
    outer loop
      vertex -40.1401 -5.0692 -1.59346
      vertex -42.2413 -4.14616 -0.555702
      vertex -41.0689 -3.27024 -1.59346
    endloop
  endfacet
  facet normal -0.554562 -0.211308 -0.804867
    outer loop
      vertex -42.2413 -4.14616 -0.555702
      vertex -43.059 -2.00017 -0.555702
      vertex -41.0689 -3.27024 -1.59346
    endloop
  endfacet
  facet normal 0.0869899 -0.100597 0.991117
    outer loop
      vertex -27.981 1.59494 14.8079
      vertex -28.3417 1.28303 14.8079
      vertex -26.6734 -0.610332 14.4693
    endloop
  endfacet
  facet normal 0.103184 -0.0909 0.9905
    outer loop
      vertex -27.6549 1.96511 14.8079
      vertex -27.981 1.59494 14.8079
      vertex -26.6734 -0.610332 14.4693
    endloop
  endfacet
  facet normal 0.129945 -0.0670865 0.989249
    outer loop
      vertex -27.1278 2.85401 14.8079
      vertex -27.3688 2.3872 14.8079
      vertex -25.6647 0.695041 14.4693
    endloop
  endfacet
  facet normal 0.129942 -0.0670886 0.989249
    outer loop
      vertex -25.2676 1.46417 14.4693
      vertex -27.1278 2.85401 14.8079
      vertex -25.6647 0.695041 14.4693
    endloop
  endfacet
  facet normal 0.0732585 -0.0192374 0.997127
    outer loop
      vertex -28.926 4.62759 14.9786
      vertex -28.9728 4.44937 14.9786
      vertex -26.7965 3.88915 14.8079
    endloop
  endfacet
  facet normal 0.0758887 -0.0116341 0.997048
    outer loop
      vertex -28.8977 4.81219 14.9786
      vertex -28.926 4.62759 14.9786
      vertex -26.7965 3.88915 14.8079
    endloop
  endfacet
  facet normal 0.0350743 -0.41353 0.909815
    outer loop
      vertex -30 -9.50561 12.5184
      vertex -30 -11.5405 11.5935
      vertex -28.3317 -11.399 11.5935
    endloop
  endfacet
  facet normal -0.0350743 -0.41353 0.909815
    outer loop
      vertex -30 -9.50561 12.5184
      vertex -31.6683 -11.399 11.5935
      vertex -30 -11.5405 11.5935
    endloop
  endfacet
  facet normal -0.0430261 0.0497563 -0.997834
    outer loop
      vertex -30.6769 6.14153 -4.97859
      vertex -32.019 8.40506 -4.80785
      vertex -31.6583 8.71697 -4.80785
    endloop
  endfacet
  facet normal -0.0510601 0.0449813 -0.997682
    outer loop
      vertex -30.6769 6.14153 -4.97859
      vertex -32.3451 8.03489 -4.80785
      vertex -32.019 8.40506 -4.80785
    endloop
  endfacet
  facet normal 0.0510542 -0.0449655 0.997683
    outer loop
      vertex -29.2138 3.98257 14.9786
      vertex -29.3231 3.85847 14.9786
      vertex -27.6549 1.96511 14.8079
    endloop
  endfacet
  facet normal 0.0643471 -0.033222 0.997374
    outer loop
      vertex -29.0371 4.28057 14.9786
      vertex -29.1179 4.12407 14.9786
      vertex -27.3688 2.3872 14.8079
    endloop
  endfacet
  facet normal 0.292836 -0.338658 0.89418
    outer loop
      vertex 36.8235 -6.50807 12.5184
      vertex 35.6044 -7.56222 12.5184
      vertex 36.3906 -9.32447 11.5935
    endloop
  endfacet
  facet normal -0.181655 -0.210062 0.960664
    outer loop
      vertex 25.4228 -2.71961 13.9687
      vertex 25.2777 -5.58503 13.3147
      vertex 26.2405 -3.42673 13.9687
    endloop
  endfacet
  facet normal 0.0523982 0.61773 0.784643
    outer loop
      vertex 30 24.7312 9.42289
      vertex 30 23.2923 10.5557
      vertex 31.845 23.1358 10.5557
    endloop
  endfacet
  facet normal -0.153074 -0.0235464 0.987934
    outer loop
      vertex 26.7118 4.43978 14.8079
      vertex 24.5823 4.07696 14.4693
      vertex 26.7965 3.88915 14.8079
    endloop
  endfacet
  facet normal -0.964267 0.148217 0.219593
    outer loop
      vertex 13.8948 10.5846 6.9509
      vertex 13.1815 7.86543 5.65403
      vertex 13.4693 7.8164 6.9509
    endloop
  endfacet
  facet normal -0.65473 -0.443689 0.611938
    outer loop
      vertex 17.9039 -7.01159 9.42289
      vertex 17.2287 -7.682 8.21439
      vertex 19.2189 -8.95207 9.42289
    endloop
  endfacet
  facet normal -0.816924 0.0413626 0.57526
    outer loop
      vertex 14.8836 7.57544 9.42289
      vertex 13.9022 5 8.21439
      vertex 14.7532 5 9.42289
    endloop
  endfacet
  facet normal 0.179244 0.121456 0.976279
    outer loop
      vertex 35.3167 11.8804 13.9687
      vertex 33.864 10.0004 14.4693
      vertex 35.9651 10.9235 13.9687
    endloop
  endfacet
  facet normal -0.66641 -0.587211 0.459436
    outer loop
      vertex 20.2003 -11.5275 8.21439
      vertex 18.6171 -9.73077 8.21439
      vertex 19.8499 -12.1184 6.9509
    endloop
  endfacet
  facet normal -0.128461 0.499023 0.857014
    outer loop
      vertex 28.3317 21.399 11.5935
      vertex 26.3416 22.669 10.5557
      vertex 26.692 20.9769 11.5935
    endloop
  endfacet
  facet normal 0.483447 0.126808 0.86614
    outer loop
      vertex 41.8084 11.3298 11.5935
      vertex 40.8269 8.75433 12.5184
      vertex 42.3458 9.28099 11.5935
    endloop
  endfacet
  facet normal -0.155715 -0.00789505 0.987771
    outer loop
      vertex 26.7118 4.43978 14.8079
      vertex 24.5355 5 14.4693
      vertex 24.5823 4.07696 14.4693
    endloop
  endfacet
  facet normal -0.39073 -0.264798 -0.881596
    outer loop
      vertex 20.9623 -6.69588 -1.59346
      vertex 19.8599 -5.0692 -1.59346
      vertex 22.0741 -5.25701 -2.5184
    endloop
  endfacet
  facet normal -0.816928 0.0413694 -0.575255
    outer loop
      vertex 14.8836 7.57544 0.577112
      vertex 13.9022 5 1.7856
      vertex 14.0399 7.71918 1.7856
    endloop
  endfacet
  facet normal 0.554575 -0.211345 -0.804848
    outer loop
      vertex 43.059 -2.00017 -0.555702
      vertex 41.0689 -3.27024 -1.59346
      vertex 41.8084 -1.32977 -1.59346
    endloop
  endfacet
  facet normal 0.473708 -0.321015 0.820091
    outer loop
      vertex 41.214 -6.13566 10.5557
      vertex 39.0377 -6.69588 11.5935
      vertex 39.9949 -7.93463 10.5557
    endloop
  endfacet
  facet normal 0.483477 0.126791 0.866126
    outer loop
      vertex 41.8084 11.3298 11.5935
      vertex 40.3557 10.5511 12.5184
      vertex 40.8269 8.75433 12.5184
    endloop
  endfacet
  facet normal -0.0641581 0.249248 -0.966312
    outer loop
      vertex 28.054 14.3988 -3.96873
      vertex 27.5555 16.8061 -3.3147
      vertex 28.7672 17.118 -3.3147
    endloop
  endfacet
  facet normal 0.0510601 -0.0449813 -0.997682
    outer loop
      vertex 32.019 1.59494 -4.80785
      vertex 30.6769 3.85847 -4.97859
      vertex 32.3451 1.96511 -4.80785
    endloop
  endfacet
  facet normal -0.346355 -0.178813 -0.920904
    outer loop
      vertex 22.507 -2.44061 -3.3147
      vertex 20.2928 -2.2528 -2.5184
      vertex 21.8207 -1.11127 -3.3147
    endloop
  endfacet
  facet normal -0.4198 0.369918 -0.828812
    outer loop
      vertex 22.2193 18.1224 -1.59346
      vertex 20.9623 16.6959 -1.59346
      vertex 21.3952 19.5123 -0.555702
    endloop
  endfacet
  facet normal 0.89861 0.138123 0.41644
    outer loop
      vertex 46.1052 10.5846 6.9509
      vertex 45.5493 10.3918 8.21439
      vertex 45.9601 7.71918 8.21439
    endloop
  endfacet
  facet normal 0.713225 -0.0361149 0.700004
    outer loop
      vertex 44.135 5 10.5557
      vertex 44.0141 2.61237 10.5557
      vertex 45.1164 2.42456 9.42289
    endloop
  endfacet
  facet normal -0.0342554 0.053663 0.997971
    outer loop
      vertex 29.5745 6.32934 14.9786
      vertex 28.7308 8.96528 14.8079
      vertex 29.4441 6.2461 14.9786
    endloop
  endfacet
  facet normal 0.0581899 -0.0394375 0.997526
    outer loop
      vertex 30.8821 4.12407 14.9786
      vertex 30.7862 3.98257 14.9786
      vertex 32.6312 2.3872 14.8079
    endloop
  endfacet
  facet normal -0.239713 0.931253 -0.274418
    outer loop
      vertex 27.8237 26.3927 3.0491
      vertex 25.6095 26.2049 4.34597
      vertex 27.7858 26.7651 4.34597
    endloop
  endfacet
  facet normal 0.710521 -0.366851 0.600483
    outer loop
      vertex 43.2041 -4.8656 9.42289
      vertex 42.0961 -7.01159 9.42289
      vertex 42.7713 -7.682 8.21439
    endloop
  endfacet
  facet normal -0.877306 0.230101 -0.421174
    outer loop
      vertex 15.1276 12.9722 1.7856
      vertex 13.8948 10.5846 3.0491
      vertex 14.5958 13.2573 3.0491
    endloop
  endfacet
  facet normal 0.799269 -0.41265 0.436909
    outer loop
      vertex 43.9411 -5.41623 8.21439
      vertex 43.2279 -8.13541 6.9509
      vertex 44.4395 -5.78864 6.9509
    endloop
  endfacet
  facet normal -0.710536 -0.366844 -0.60047
    outer loop
      vertex 17.2287 -7.682 1.7856
      vertex 16.0589 -5.41623 1.7856
      vertex 16.7959 -4.8656 0.577112
    endloop
  endfacet
  facet normal 0.753999 0.287316 0.590707
    outer loop
      vertex 44.8724 12.9722 8.21439
      vertex 43.9411 15.4162 8.21439
      vertex 44.0862 12.5508 9.42289
    endloop
  endfacet
  facet normal 0.357446 -0.413372 -0.83747
    outer loop
      vertex 38.6048 -9.51228 -0.555702
      vertex 36.3906 -9.32447 -1.59346
      vertex 37.7807 -8.12244 -1.59346
    endloop
  endfacet
  facet normal 0.0811989 0.957352 -0.277279
    outer loop
      vertex 32.1763 26.3927 3.0491
      vertex 30 26.9529 4.34597
      vertex 32.2142 26.7651 4.34597
    endloop
  endfacet
  facet normal -0.021541 0.253786 -0.96702
    outer loop
      vertex 30 14.7304 -3.96873
      vertex 29.0186 14.6471 -3.96873
      vertex 30 17.2225 -3.3147
    endloop
  endfacet
  facet normal 0.40474 -0.0622236 0.912312
    outer loop
      vertex 41.113 3.10664 12.5184
      vertex 39.3639 3.40464 13.3147
      vertex 40.8269 1.24567 12.5184
    endloop
  endfacet
  facet normal 0.372126 0.141813 0.917285
    outer loop
      vertex 39.7072 12.2528 12.5184
      vertex 38.7258 9.67737 13.3147
      vertex 40.3557 10.5511 12.5184
    endloop
  endfacet
  facet normal 0.827829 -0.560981 0
    outer loop
      vertex 41.9951 -10.523 5.65403
      vertex 43.4581 -8.36408 4.34597
      vertex 43.4581 -8.36408 5.65403
    endloop
  endfacet
  facet normal 0.827829 -0.560981 0
    outer loop
      vertex 43.4581 -8.36408 4.34597
      vertex 41.9951 -10.523 5.65403
      vertex 41.9951 -10.523 4.34597
    endloop
  endfacet
  facet normal 0.181627 -0.210065 0.960669
    outer loop
      vertex 35.7496 -4.6968 13.3147
      vertex 34.5772 -2.71961 13.9687
      vertex 34.7223 -5.58503 13.3147
    endloop
  endfacet
  facet normal 0.66646 0.587208 0.459367
    outer loop
      vertex 41.7898 20.2574 6.9509
      vertex 40.1501 22.1184 6.9509
      vertex 41.3829 19.7308 8.21439
    endloop
  endfacet
  facet normal 0.785813 -0.206132 0.583102
    outer loop
      vertex 44.7273 -0.10681 9.42289
      vertex 44.0862 -2.5508 9.42289
      vertex 44.8724 -2.97224 8.21439
    endloop
  endfacet
  facet normal -0.460141 -0.17535 0.870358
    outer loop
      vertex 19.6443 -0.551055 12.5184
      vertex 18.1916 -1.32977 11.5935
      vertex 20.2928 -2.2528 12.5184
    endloop
  endfacet
  facet normal 0.254274 -0.578829 -0.774791
    outer loop
      vertex 33.9462 -14.0589 0.577112
      vertex 33.6584 -12.669 -0.555702
      vertex 35.8347 -13.2293 0.577112
    endloop
  endfacet
  facet normal 0.0151096 0.0586976 0.998161
    outer loop
      vertex 30.4329 9.25527 14.8079
      vertex 30.2878 6.38984 14.9786
      vertex 30.8584 9.14574 14.8079
    endloop
  endfacet
  facet normal -0.608129 -0.0307932 0.79324
    outer loop
      vertex 17.2187 5 11.5935
      vertex 15.865 5 10.5557
      vertex 15.9859 2.61237 10.5557
    endloop
  endfacet
  facet normal 0.0467928 -0.181768 -0.982228
    outer loop
      vertex 30.9814 -4.64711 -3.96873
      vertex 30.7133 -2.01117 -4.4693
      vertex 31.4143 -1.83071 -4.4693
    endloop
  endfacet
  facet normal 0.473693 0.321018 -0.820099
    outer loop
      vertex 41.214 16.1357 -0.555702
      vertex 39.0377 16.6959 -1.59346
      vertex 39.9949 17.9346 -0.555702
    endloop
  endfacet
  facet normal 0.666411 -0.587212 -0.459433
    outer loop
      vertex 40.1501 -12.1184 3.0491
      vertex 39.7997 -11.5275 1.7856
      vertex 41.3829 -9.73077 1.7856
    endloop
  endfacet
  facet normal -0.391665 0.102732 -0.914355
    outer loop
      vertex 20.8771 8.16343 -3.3147
      vertex 19.1731 8.75433 -2.5184
      vertex 21.2742 9.67737 -3.3147
    endloop
  endfacet
  facet normal -0.244462 -0.165669 0.955402
    outer loop
      vertex 24.6833 -1.8804 13.9687
      vertex 22.507 -2.44061 13.3147
      vertex 23.3216 -3.64264 13.3147
    endloop
  endfacet
  facet normal -0.964267 -0.148217 0.219593
    outer loop
      vertex 13.4693 2.1836 6.9509
      vertex 13.1815 2.13457 5.65403
      vertex 13.8948 -0.58461 6.9509
    endloop
  endfacet
  facet normal 0.179242 -0.12145 -0.97628
    outer loop
      vertex 35.3167 -1.8804 -3.96873
      vertex 34.3353 0.695041 -4.4693
      vertex 35.9651 -0.923462 -3.96873
    endloop
  endfacet
  facet normal 0.632592 -0.731549 0.25429
    outer loop
      vertex 40.1501 -12.1184 6.9509
      vertex 38.3367 -13.6865 6.9509
      vertex 40.3268 -12.4164 5.65403
    endloop
  endfacet
  facet normal 0.654055 -0.249219 -0.714215
    outer loop
      vertex 44.0862 -2.5508 0.577112
      vertex 42.2413 -4.14616 -0.555702
      vertex 43.059 -2.00017 -0.555702
    endloop
  endfacet
  facet normal 0.844528 0.321857 -0.427996
    outer loop
      vertex 45.4042 13.2573 3.0491
      vertex 43.9411 15.4162 1.7856
      vertex 44.4395 15.7886 3.0491
    endloop
  endfacet
  facet normal 0.61383 0.316926 0.723029
    outer loop
      vertex 42.0961 17.0116 9.42289
      vertex 41.214 16.1357 10.5557
      vertex 43.2041 14.8656 9.42289
    endloop
  endfacet
  facet normal 0.357456 0.413388 0.837458
    outer loop
      vertex 37.0675 20.8416 10.5557
      vertex 36.3906 19.3245 11.5935
      vertex 38.6048 19.5123 10.5557
    endloop
  endfacet
  facet normal -0.305745 -0.0801881 0.948731
    outer loop
      vertex 22.7373 2.4816 13.9687
      vertex 20.8771 1.83657 13.3147
      vertex 23.0534 1.27636 13.9687
    endloop
  endfacet
  facet normal 0.0759064 0.0116368 -0.997047
    outer loop
      vertex 31.1023 5.18781 -4.97859
      vertex 31.074 5.37241 -4.97859
      vertex 33.2035 6.11085 -4.80785
    endloop
  endfacet
  facet normal 0.214983 0.189442 0.958068
    outer loop
      vertex 36.6784 13.6426 13.3147
      vertex 34.5772 12.7196 13.9687
      vertex 35.3167 11.8804 13.9687
    endloop
  endfacet
  facet normal 0.234624 0.367641 -0.899884
    outer loop
      vertex 36.3906 19.3245 -1.59346
      vertex 34.2895 18.4014 -2.5184
      vertex 34.8912 20.2814 -1.59346
    endloop
  endfacet
  facet normal 0.0729044 0.859152 0.506501
    outer loop
      vertex 32.1763 26.3927 6.9509
      vertex 30 25.8325 8.21439
      vertex 32.1012 25.6542 8.21439
    endloop
  endfacet
  facet normal -0.0429966 0.0497522 0.997836
    outer loop
      vertex 29.4441 6.2461 14.9786
      vertex 28.3417 8.71697 14.8079
      vertex 29.3231 6.14153 14.9786
    endloop
  endfacet
  facet normal 0.909074 -0.0460282 0.414085
    outer loop
      vertex 46.6733 5 6.9509
      vertex 45.9601 2.28082 8.21439
      vertex 46.5307 2.1836 6.9509
    endloop
  endfacet
  facet normal 0.387378 0.881767 0.269118
    outer loop
      vertex 36.4917 25.2818 5.65403
      vertex 34.3905 26.2049 5.65403
      vertex 36.3806 24.9348 6.9509
    endloop
  endfacet
  facet normal 0.402217 0.915544 -0
    outer loop
      vertex 36.4917 25.2818 4.34597
      vertex 34.3905 26.2049 5.65403
      vertex 36.4917 25.2818 5.65403
    endloop
  endfacet
  facet normal 0.402217 0.915544 0
    outer loop
      vertex 34.3905 26.2049 5.65403
      vertex 36.4917 25.2818 4.34597
      vertex 34.3905 26.2049 4.34597
    endloop
  endfacet
  facet normal 0.94304 0.247378 0.222438
    outer loop
      vertex 46.3856 10.6818 5.65403
      vertex 45.6723 13.401 5.65403
      vertex 46.1052 10.5846 6.9509
    endloop
  endfacet
  facet normal 0.974661 -0.049355 -0.218175
    outer loop
      vertex 46.8185 2.13457 4.34597
      vertex 46.6733 5 3.0491
      vertex 46.9636 5 4.34597
    endloop
  endfacet
  facet normal 0.185485 0.720609 -0.668071
    outer loop
      vertex 33.9462 24.0589 0.577112
      vertex 31.9901 24.5624 0.577112
      vertex 34.1664 25.1226 1.7856
    endloop
  endfacet
  facet normal 0.0468063 0.18178 0.982225
    outer loop
      vertex 30.9814 14.6471 13.9687
      vertex 30.7133 12.0112 14.4693
      vertex 31.4143 11.8307 14.4693
    endloop
  endfacet
  facet normal -0.0157037 0.185013 0.982611
    outer loop
      vertex 30 14.7304 13.9687
      vertex 29.0186 14.6471 13.9687
      vertex 30 12.0717 14.4693
    endloop
  endfacet
  facet normal -0.666455 -0.587204 0.459378
    outer loop
      vertex 18.6171 -9.73077 8.21439
      vertex 18.2102 -10.2574 6.9509
      vertex 19.8499 -12.1184 6.9509
    endloop
  endfacet
  facet normal -0.785807 -0.206135 0.583109
    outer loop
      vertex 15.2727 -0.10681 9.42289
      vertex 14.4507 -0.391838 8.21439
      vertex 15.1276 -2.97224 8.21439
    endloop
  endfacet
  facet normal -0.197937 -0.102195 0.974873
    outer loop
      vertex 25.2676 1.46417 14.4693
      vertex 23.4884 0.134824 13.9687
      vertex 25.6647 0.695041 14.4693
    endloop
  endfacet
  facet normal -0.292832 0.338669 -0.894177
    outer loop
      vertex 24.3956 17.5622 -2.5184
      vertex 23.1765 16.5081 -2.5184
      vertex 23.6094 19.3245 -1.59346
    endloop
  endfacet
  facet normal -0.683806 0.179373 0.707273
    outer loop
      vertex 15.9138 12.5508 9.42289
      vertex 15.2727 10.1068 9.42289
      vertex 16.3467 9.7344 10.5557
    endloop
  endfacet
  facet normal -0.799266 0.41265 -0.436914
    outer loop
      vertex 17.2287 17.682 1.7856
      vertex 16.0589 15.4162 1.7856
      vertex 16.7721 18.1354 3.0491
    endloop
  endfacet
  facet normal -0.974677 -0.0493558 0.218103
    outer loop
      vertex 13.3266 5 6.9509
      vertex 13.0364 5 5.65403
      vertex 13.1815 2.13457 5.65403
    endloop
  endfacet
  facet normal -0.974677 0.0493558 0.218103
    outer loop
      vertex 13.1815 7.86543 5.65403
      vertex 13.0364 5 5.65403
      vertex 13.3266 5 6.9509
    endloop
  endfacet
  facet normal -0.964266 -0.148214 0.219597
    outer loop
      vertex 13.8948 -0.58461 6.9509
      vertex 13.1815 2.13457 5.65403
      vertex 13.6144 -0.681828 5.65403
    endloop
  endfacet
  facet normal -0.187527 -0.293822 -0.937285
    outer loop
      vertex 25.7105 -8.40143 -2.5184
      vertex 24.3956 -7.56222 -2.5184
      vertex 25.2777 -5.58503 -3.3147
    endloop
  endfacet
  facet normal 0.349594 -0.795857 -0.494364
    outer loop
      vertex 34.3154 -15.842 3.0491
      vertex 34.1664 -15.1226 1.7856
      vertex 36.1604 -14.2467 1.7856
    endloop
  endfacet
  facet normal -0.00506697 0.0597356 -0.998201
    outer loop
      vertex 30 6.43887 -4.97859
      vertex 29.5671 9.25527 -4.80785
      vertex 30 9.29199 -4.80785
    endloop
  endfacet
  facet normal -0.428544 -0.495592 -0.755472
    outer loop
      vertex 22.9325 -10.8416 -0.555702
      vertex 20.7183 -10.6538 0.577112
      vertex 21.3952 -9.51228 -0.555702
    endloop
  endfacet
  facet normal -0.157423 -0.138708 0.977741
    outer loop
      vertex 26.136 -0.000424385 14.4693
      vertex 24.6833 -1.8804 13.9687
      vertex 26.6734 -0.610332 14.4693
    endloop
  endfacet
  facet normal -0.0811989 -0.957352 -0.277279
    outer loop
      vertex 30 -16.9529 4.34597
      vertex 27.7858 -16.7651 4.34597
      vertex 27.8237 -16.3927 3.0491
    endloop
  endfacet
  facet normal 0.66641 -0.587211 0.459436
    outer loop
      vertex 41.3829 -9.73077 8.21439
      vertex 39.7997 -11.5275 8.21439
      vertex 40.1501 -12.1184 6.9509
    endloop
  endfacet
  facet normal 0.314581 -0.213174 0.924984
    outer loop
      vertex 38.8926 -3.83045 12.5184
      vertex 37.493 -2.44061 13.3147
      vertex 37.9259 -5.25701 12.5184
    endloop
  endfacet
  facet normal 0.0643482 0.033221 0.997374
    outer loop
      vertex 32.6312 7.6128 14.8079
      vertex 30.9629 5.71943 14.9786
      vertex 32.8722 7.14599 14.8079
    endloop
  endfacet
  facet normal 0.0431926 0.509204 -0.859562
    outer loop
      vertex 31.6683 21.399 -1.59346
      vertex 30 23.2923 -0.555702
      vertex 31.845 23.1358 -0.555702
    endloop
  endfacet
  facet normal 0.345901 0.54197 -0.765912
    outer loop
      vertex 37.0675 20.8416 -0.555702
      vertex 35.8347 23.2293 0.577112
      vertex 37.6234 22.0877 0.577112
    endloop
  endfacet
  facet normal 0.372126 0.141813 -0.917285
    outer loop
      vertex 40.3557 10.5511 -2.5184
      vertex 38.7258 9.67737 -3.3147
      vertex 39.7072 12.2528 -2.5184
    endloop
  endfacet
  facet normal 0.703471 -0.108131 -0.70245
    outer loop
      vertex 44.7273 -0.10681 0.577112
      vertex 44.0141 2.61237 -0.555702
      vertex 45.1164 2.42456 0.577112
    endloop
  endfacet
  facet normal 0.586017 -0.516342 0.62448
    outer loop
      vertex 40.7811 -8.95207 9.42289
      vertex 39.2817 -10.6538 9.42289
      vertex 39.7997 -11.5275 8.21439
    endloop
  endfacet
  facet normal -0.390731 -0.264777 -0.881602
    outer loop
      vertex 22.0741 -5.25701 -2.5184
      vertex 19.8599 -5.0692 -1.59346
      vertex 21.1074 -3.83045 -2.5184
    endloop
  endfacet
  facet normal 0.910148 -0.346822 0.226594
    outer loop
      vertex 45.4042 -3.25727 6.9509
      vertex 44.6909 -5.97645 5.65403
      vertex 45.6723 -3.40101 5.65403
    endloop
  endfacet
  facet normal 0.608129 -0.0307932 0.79324
    outer loop
      vertex 44.135 5 10.5557
      vertex 42.7813 5 11.5935
      vertex 44.0141 2.61237 10.5557
    endloop
  endfacet
  facet normal 0.909079 -0.046036 0.414072
    outer loop
      vertex 46.0978 5 8.21439
      vertex 45.9601 2.28082 8.21439
      vertex 46.6733 5 6.9509
    endloop
  endfacet
  facet normal 0.816928 0.0413694 -0.575255
    outer loop
      vertex 46.0978 5 1.7856
      vertex 45.1164 7.57544 0.577112
      vertex 45.9601 7.71918 1.7856
    endloop
  endfacet
  facet normal 0.470817 -0.73769 0.483886
    outer loop
      vertex 38.0489 -13.0414 8.21439
      vertex 36.1604 -14.2467 8.21439
      vertex 38.3367 -13.6865 6.9509
    endloop
  endfacet
  facet normal -0.0831895 -0.323166 0.942679
    outer loop
      vertex 28.7672 -7.11798 13.3147
      vertex 27.0989 -9.01134 12.5184
      vertex 28.5369 -9.38151 12.5184
    endloop
  endfacet
  facet normal 0.411311 0.0208332 0.911257
    outer loop
      vertex 41.113 6.89336 12.5184
      vertex 39.4447 5 13.3147
      vertex 41.2089 5 12.5184
    endloop
  endfacet
  facet normal 0.499018 -0.0767176 0.863189
    outer loop
      vertex 41.113 3.10664 12.5184
      vertex 40.8269 1.24567 12.5184
      vertex 42.3458 0.719009 11.5935
    endloop
  endfacet
  facet normal 0.0151043 0.0586978 0.998162
    outer loop
      vertex 30.4329 9.25527 14.8079
      vertex 30.1451 6.42656 14.9786
      vertex 30.2878 6.38984 14.9786
    endloop
  endfacet
  facet normal -0.390717 -0.264789 0.881605
    outer loop
      vertex 22.0741 -5.25701 12.5184
      vertex 19.8599 -5.0692 11.5935
      vertex 20.9623 -6.69588 11.5935
    endloop
  endfacet
  facet normal -0.117549 -0.07966 -0.989867
    outer loop
      vertex 26.136 -0.000424385 -4.4693
      vertex 25.6647 0.695041 -4.4693
      vertex 27.6549 1.96511 -4.80785
    endloop
  endfacet
  facet normal -0.10556 -0.24031 -0.964939
    outer loop
      vertex 28.054 -4.3988 -3.96873
      vertex 26.3857 -6.29216 -3.3147
      vertex 27.1226 -3.98967 -3.96873
    endloop
  endfacet
  facet normal -0.287284 0.450158 -0.845474
    outer loop
      vertex 23.6094 19.3245 -1.59346
      vertex 22.9325 20.8416 -0.555702
      vertex 24.5908 21.8999 -0.555702
    endloop
  endfacet
  facet normal 0.179233 0.121449 -0.976281
    outer loop
      vertex 35.9651 10.9235 -3.96873
      vertex 33.864 10.0004 -4.4693
      vertex 35.3167 11.8804 -3.96873
    endloop
  endfacet
  facet normal -0.0523956 0.617728 0.784645
    outer loop
      vertex 30 24.7312 9.42289
      vertex 28.0099 24.5624 9.42289
      vertex 28.155 23.1358 10.5557
    endloop
  endfacet
  facet normal -0.0845127 0.996422 0
    outer loop
      vertex 30 26.9529 4.34597
      vertex 27.7858 26.7651 5.65403
      vertex 30 26.9529 5.65403
    endloop
  endfacet
  facet normal -0.0845127 0.996422 0
    outer loop
      vertex 27.7858 26.7651 5.65403
      vertex 30 26.9529 4.34597
      vertex 27.7858 26.7651 4.34597
    endloop
  endfacet
  facet normal 0.144974 0.227137 0.963012
    outer loop
      vertex 34.7223 15.585 13.3147
      vertex 33.6143 16.2922 13.3147
      vertex 33.7595 13.4267 13.9687
    endloop
  endfacet
  facet normal -0.0729044 0.859152 0.506501
    outer loop
      vertex 30 25.8325 8.21439
      vertex 27.8237 26.3927 6.9509
      vertex 27.8988 25.6542 8.21439
    endloop
  endfacet
  facet normal 0.346354 0.178818 0.920903
    outer loop
      vertex 39.7072 12.2528 12.5184
      vertex 37.493 12.4406 13.3147
      vertex 38.1793 11.1113 13.3147
    endloop
  endfacet
  facet normal 0.799265 0.412649 0.436916
    outer loop
      vertex 43.2279 18.1354 6.9509
      vertex 42.7713 17.682 8.21439
      vertex 43.9411 15.4162 8.21439
    endloop
  endfacet
  facet normal 0.909074 0.0460282 0.414085
    outer loop
      vertex 46.5307 7.8164 6.9509
      vertex 45.9601 7.71918 8.21439
      vertex 46.6733 5 6.9509
    endloop
  endfacet
  facet normal 0.877323 0.230143 0.421116
    outer loop
      vertex 46.1052 10.5846 6.9509
      vertex 44.8724 12.9722 8.21439
      vertex 45.5493 10.3918 8.21439
    endloop
  endfacet
  facet normal 0.710545 0.366844 0.60046
    outer loop
      vertex 43.9411 15.4162 8.21439
      vertex 42.7713 17.682 8.21439
      vertex 43.2041 14.8656 9.42289
    endloop
  endfacet
  facet normal 0.864288 0.446243 0.232109
    outer loop
      vertex 43.4581 18.3641 5.65403
      vertex 43.2279 18.1354 6.9509
      vertex 44.6909 15.9764 5.65403
    endloop
  endfacet
  facet normal 0.104437 0.405673 -0.908032
    outer loop
      vertex 32.9011 19.0113 -2.5184
      vertex 31.4631 19.3815 -2.5184
      vertex 31.6683 21.399 -1.59346
    endloop
  endfacet
  facet normal 0.357452 0.413355 -0.837476
    outer loop
      vertex 37.7807 18.1224 -1.59346
      vertex 36.3906 19.3245 -1.59346
      vertex 38.6048 19.5123 -0.555702
    endloop
  endfacet
  facet normal 0.632588 0.731557 -0.254277
    outer loop
      vertex 40.3268 22.4164 4.34597
      vertex 38.3367 23.6865 3.0491
      vertex 38.4818 24.0118 4.34597
    endloop
  endfacet
  facet normal 0.155615 0.604526 -0.781237
    outer loop
      vertex 33.6584 22.669 -0.555702
      vertex 31.845 23.1358 -0.555702
      vertex 31.9901 24.5624 0.577112
    endloop
  endfacet
  facet normal -0.0431926 0.509204 -0.859562
    outer loop
      vertex 28.3317 21.399 -1.59346
      vertex 28.155 23.1358 -0.555702
      vertex 30 23.2923 -0.555702
    endloop
  endfacet
  facet normal 0.562888 0.381447 0.73325
    outer loop
      vertex 42.0961 17.0116 9.42289
      vertex 40.7811 18.9521 9.42289
      vertex 41.214 16.1357 10.5557
    endloop
  endfacet
  facet normal 0.0845127 0.996422 -0
    outer loop
      vertex 32.2142 26.7651 4.34597
      vertex 30 26.9529 5.65403
      vertex 32.2142 26.7651 5.65403
    endloop
  endfacet
  facet normal 0.0845127 0.996422 0
    outer loop
      vertex 30 26.9529 5.65403
      vertex 32.2142 26.7651 4.34597
      vertex 30 26.9529 4.34597
    endloop
  endfacet
  facet normal 0.42918 0.221595 -0.875614
    outer loop
      vertex 39.7072 12.2528 -2.5184
      vertex 38.8926 13.8305 -2.5184
      vertex 40.1401 15.0692 -1.59346
    endloop
  endfacet
  facet normal -0.105892 0.16591 -0.980439
    outer loop
      vertex 27.9088 11.5334 -4.4693
      vertex 26.2405 13.4267 -3.96873
      vertex 27.1226 13.9897 -3.96873
    endloop
  endfacet
  facet normal -0.0770346 -0.175372 0.981484
    outer loop
      vertex 28.5857 -1.83071 14.4693
      vertex 27.1226 -3.98967 13.9687
      vertex 28.054 -4.3988 13.9687
    endloop
  endfacet
  facet normal 0.117558 0.0796832 0.989864
    outer loop
      vertex 34.3353 9.30496 14.4693
      vertex 32.3451 8.03489 14.8079
      vertex 32.6312 7.6128 14.8079
    endloop
  endfacet
  facet normal -0.974662 -0.0493837 0.218163
    outer loop
      vertex 13.3266 5 6.9509
      vertex 13.1815 2.13457 5.65403
      vertex 13.4693 2.1836 6.9509
    endloop
  endfacet
  facet normal -0.585983 -0.516343 0.624511
    outer loop
      vertex 19.2189 -8.95207 9.42289
      vertex 18.6171 -9.73077 8.21439
      vertex 20.2003 -11.5275 8.21439
    endloop
  endfacet
  facet normal -0.506846 -0.0256831 0.861654
    outer loop
      vertex 18.887 3.10664 12.5184
      vertex 17.2187 5 11.5935
      vertex 17.3281 2.84103 11.5935
    endloop
  endfacet
  facet normal -0.806639 -0.123989 0.577893
    outer loop
      vertex 14.8836 2.42456 9.42289
      vertex 14.0399 2.28082 8.21439
      vertex 15.2727 -0.10681 9.42289
    endloop
  endfacet
  facet normal -0.988392 -0.151923 0
    outer loop
      vertex 13.6144 -0.681828 4.34597
      vertex 13.1815 2.13457 5.65403
      vertex 13.1815 2.13457 4.34597
    endloop
  endfacet
  facet normal -0.988392 -0.151923 0
    outer loop
      vertex 13.1815 2.13457 5.65403
      vertex 13.6144 -0.681828 4.34597
      vertex 13.6144 -0.681828 5.65403
    endloop
  endfacet
  facet normal -0.877309 -0.230105 0.421166
    outer loop
      vertex 15.1276 -2.97224 8.21439
      vertex 13.8948 -0.58461 6.9509
      vertex 14.5958 -3.25727 6.9509
    endloop
  endfacet
  facet normal -0.909071 -0.0460604 0.414086
    outer loop
      vertex 14.0399 2.28082 8.21439
      vertex 13.3266 5 6.9509
      vertex 13.4693 2.1836 6.9509
    endloop
  endfacet
  facet normal -0.785816 0.206132 0.583097
    outer loop
      vertex 15.9138 12.5508 9.42289
      vertex 15.1276 12.9722 8.21439
      vertex 15.2727 10.1068 9.42289
    endloop
  endfacet
  facet normal -0.34511 0.304092 0.887934
    outer loop
      vertex 23.1765 16.5081 12.5184
      vertex 20.9623 16.6959 11.5935
      vertex 22.0741 15.257 12.5184
    endloop
  endfacet
  facet normal -0.506836 -0.0256716 0.86166
    outer loop
      vertex 18.7911 5 12.5184
      vertex 17.2187 5 11.5935
      vertex 18.887 3.10664 12.5184
    endloop
  endfacet
  facet normal -0.585979 0.516347 0.624511
    outer loop
      vertex 20.2003 21.5275 8.21439
      vertex 18.6171 19.7308 8.21439
      vertex 19.2189 18.9521 9.42289
    endloop
  endfacet
  facet normal -0.51914 0.813497 0.262137
    outer loop
      vertex 23.5083 25.2818 5.65403
      vertex 21.5182 24.0118 5.65403
      vertex 21.6633 23.6865 6.9509
    endloop
  endfacet
  facet normal -0.215585 0.837405 0.502271
    outer loop
      vertex 27.8237 26.3927 6.9509
      vertex 25.6846 25.842 6.9509
      vertex 27.8988 25.6542 8.21439
    endloop
  endfacet
  facet normal -0.613831 0.316927 -0.723028
    outer loop
      vertex 18.786 16.1357 -0.555702
      vertex 16.7959 14.8656 0.577112
      vertex 17.9039 17.0116 0.577112
    endloop
  endfacet
  facet normal -0.613826 -0.316926 -0.723032
    outer loop
      vertex 17.9039 -7.01159 0.577112
      vertex 16.7959 -4.8656 0.577112
      vertex 18.786 -6.13566 -0.555702
    endloop
  endfacet
  facet normal -0.844527 0.321856 0.427998
    outer loop
      vertex 15.5605 15.7886 6.9509
      vertex 14.5958 13.2573 6.9509
      vertex 16.0589 15.4162 8.21439
    endloop
  endfacet
  facet normal -0.877323 0.230143 0.421116
    outer loop
      vertex 15.1276 12.9722 8.21439
      vertex 13.8948 10.5846 6.9509
      vertex 14.4507 10.3918 8.21439
    endloop
  endfacet
  facet normal -0.974662 0.0493837 0.218163
    outer loop
      vertex 13.4693 7.8164 6.9509
      vertex 13.1815 7.86543 5.65403
      vertex 13.3266 5 6.9509
    endloop
  endfacet
  facet normal -0.934454 -0.356084 0
    outer loop
      vertex 15.3091 -5.97645 4.34597
      vertex 14.3277 -3.40101 5.65403
      vertex 14.3277 -3.40101 4.34597
    endloop
  endfacet
  facet normal -0.934454 -0.356084 0
    outer loop
      vertex 14.3277 -3.40101 5.65403
      vertex 15.3091 -5.97645 4.34597
      vertex 15.3091 -5.97645 5.65403
    endloop
  endfacet
  facet normal -0.785814 0.206131 -0.583101
    outer loop
      vertex 15.2727 10.1068 0.577112
      vertex 15.1276 12.9722 1.7856
      vertex 15.9138 12.5508 0.577112
    endloop
  endfacet
  facet normal 0.128457 -0.499008 -0.857024
    outer loop
      vertex 33.6584 -12.669 -0.555702
      vertex 31.6683 -11.399 -1.59346
      vertex 33.308 -10.9769 -1.59346
    endloop
  endfacet
  facet normal -0.0503703 -0.114669 -0.992126
    outer loop
      vertex 28.5857 -1.83071 -4.4693
      vertex 27.9088 -1.53337 -4.4693
      vertex 28.7308 1.03472 -4.80785
    endloop
  endfacet
  facet normal 0.654732 0.443689 -0.611937
    outer loop
      vertex 42.7713 17.682 1.7856
      vertex 40.7811 18.9521 0.577112
      vertex 41.3829 19.7308 1.7856
    endloop
  endfacet
  facet normal -0.234633 -0.367643 -0.899881
    outer loop
      vertex 25.1088 -10.2814 -1.59346
      vertex 23.6094 -9.32447 -1.59346
      vertex 25.7105 -8.40143 -2.5184
    endloop
  endfacet
  facet normal -0.654728 -0.443693 -0.611938
    outer loop
      vertex 18.6171 -9.73077 1.7856
      vertex 17.2287 -7.682 1.7856
      vertex 19.2189 -8.95207 0.577112
    endloop
  endfacet
  facet normal -0.21045 -0.479075 0.852172
    outer loop
      vertex 26.692 -10.9769 11.5935
      vertex 24.5908 -11.8999 10.5557
      vertex 26.3416 -12.669 10.5557
    endloop
  endfacet
  facet normal -0.750299 -0.661099 0
    outer loop
      vertex 19.6732 -12.4164 4.34597
      vertex 18.0049 -10.523 5.65403
      vertex 18.0049 -10.523 4.34597
    endloop
  endfacet
  facet normal -0.750299 -0.661099 0
    outer loop
      vertex 18.0049 -10.523 5.65403
      vertex 19.6732 -12.4164 4.34597
      vertex 19.6732 -12.4164 5.65403
    endloop
  endfacet
  facet normal -0.117558 -0.0796832 0.989864
    outer loop
      vertex 27.3688 2.3872 14.8079
      vertex 25.6647 0.695041 14.4693
      vertex 27.6549 1.96511 14.8079
    endloop
  endfacet
  facet normal 0.234578 -0.271306 0.93347
    outer loop
      vertex 35.7496 -4.6968 13.3147
      vertex 34.7223 -5.58503 13.3147
      vertex 36.8235 -6.50807 12.5184
    endloop
  endfacet
  facet normal -0.391658 0.102712 0.91436
    outer loop
      vertex 19.6443 10.5511 12.5184
      vertex 19.1731 8.75433 12.5184
      vertex 21.2742 9.67737 13.3147
    endloop
  endfacet
  facet normal -0.576705 -0.66692 0.471836
    outer loop
      vertex 20.2003 -11.5275 8.21439
      vertex 19.8499 -12.1184 6.9509
      vertex 21.6633 -13.6865 6.9509
    endloop
  endfacet
  facet normal 0.31625 0.0486157 -0.947429
    outer loop
      vertex 37.4546 6.27007 -3.96873
      vertex 37.2627 7.5184 -3.96873
      vertex 39.1229 8.16343 -3.3147
    endloop
  endfacet
  facet normal -0.0467891 0.181767 -0.982228
    outer loop
      vertex 28.5857 11.8307 -4.4693
      vertex 28.054 14.3988 -3.96873
      vertex 29.0186 14.6471 -3.96873
    endloop
  endfacet
  facet normal 0.483493 0.126795 -0.866116
    outer loop
      vertex 40.8269 8.75433 -2.5184
      vertex 40.3557 10.5511 -2.5184
      vertex 41.8084 11.3298 -1.59346
    endloop
  endfacet
  facet normal 0.910148 -0.346822 -0.226594
    outer loop
      vertex 45.6723 -3.40101 4.34597
      vertex 44.6909 -5.97645 4.34597
      vertex 45.4042 -3.25727 3.0491
    endloop
  endfacet
  facet normal 0.964266 -0.148214 -0.219597
    outer loop
      vertex 46.3856 -0.681828 4.34597
      vertex 46.1052 -0.58461 3.0491
      vertex 46.8185 2.13457 4.34597
    endloop
  endfacet
  facet normal 0.943039 -0.24738 -0.222442
    outer loop
      vertex 46.3856 -0.681828 4.34597
      vertex 45.6723 -3.40101 4.34597
      vertex 46.1052 -0.58461 3.0491
    endloop
  endfacet
  facet normal 0.803889 -0.544758 -0.238748
    outer loop
      vertex 43.4581 -8.36408 4.34597
      vertex 41.9951 -10.523 4.34597
      vertex 43.2279 -8.13541 3.0491
    endloop
  endfacet
  facet normal 0.349605 -0.79586 -0.494352
    outer loop
      vertex 36.3806 -14.9348 3.0491
      vertex 34.3154 -15.842 3.0491
      vertex 36.1604 -14.2467 1.7856
    endloop
  endfacet
  facet normal 0.632588 -0.731557 0.254277
    outer loop
      vertex 40.3268 -12.4164 5.65403
      vertex 38.3367 -13.6865 6.9509
      vertex 38.4818 -14.0118 5.65403
    endloop
  endfacet
  facet normal 0.239713 -0.931253 0.274418
    outer loop
      vertex 34.3905 -16.2049 5.65403
      vertex 32.1763 -16.3927 6.9509
      vertex 32.2142 -16.7651 5.65403
    endloop
  endfacet
  facet normal 0.864284 -0.446254 -0.2321
    outer loop
      vertex 43.4581 -8.36408 4.34597
      vertex 43.2279 -8.13541 3.0491
      vertex 44.6909 -5.97645 4.34597
    endloop
  endfacet
  facet normal 0.967273 -0.253737 0
    outer loop
      vertex 45.6723 -3.40101 5.65403
      vertex 46.3856 -0.681828 4.34597
      vertex 46.3856 -0.681828 5.65403
    endloop
  endfacet
  facet normal 0.967273 -0.253737 0
    outer loop
      vertex 46.3856 -0.681828 4.34597
      vertex 45.6723 -3.40101 5.65403
      vertex 45.6723 -3.40101 4.34597
    endloop
  endfacet
  facet normal 0.988392 -0.151923 0
    outer loop
      vertex 46.3856 -0.681828 5.65403
      vertex 46.8185 2.13457 4.34597
      vertex 46.8185 2.13457 5.65403
    endloop
  endfacet
  facet normal 0.988392 -0.151923 0
    outer loop
      vertex 46.8185 2.13457 4.34597
      vertex 46.3856 -0.681828 5.65403
      vertex 46.3856 -0.681828 4.34597
    endloop
  endfacet
  facet normal 0.806639 -0.123989 0.577893
    outer loop
      vertex 45.1164 2.42456 9.42289
      vertex 44.7273 -0.10681 9.42289
      vertex 45.9601 2.28082 8.21439
    endloop
  endfacet
  facet normal 0.81693 -0.0413696 0.575251
    outer loop
      vertex 46.0978 5 8.21439
      vertex 45.1164 2.42456 9.42289
      vertex 45.9601 2.28082 8.21439
    endloop
  endfacet
  facet normal 0.654057 0.249218 0.714213
    outer loop
      vertex 44.0862 12.5508 9.42289
      vertex 42.2413 14.1462 10.5557
      vertex 43.059 12.0002 10.5557
    endloop
  endfacet
  facet normal 0.608105 -0.0308141 0.793259
    outer loop
      vertex 42.7813 5 11.5935
      vertex 42.6719 2.84103 11.5935
      vertex 44.0141 2.61237 10.5557
    endloop
  endfacet
  facet normal 0.753983 -0.28732 0.590726
    outer loop
      vertex 44.0862 -2.5508 9.42289
      vertex 43.2041 -4.8656 9.42289
      vertex 43.9411 -5.41623 8.21439
    endloop
  endfacet
  facet normal 0.483447 -0.126809 0.86614
    outer loop
      vertex 42.3458 0.719009 11.5935
      vertex 40.8269 1.24567 12.5184
      vertex 41.8084 -1.32977 11.5935
    endloop
  endfacet
  facet normal 0.305745 0.0801881 0.948731
    outer loop
      vertex 39.1229 8.16343 13.3147
      vertex 36.9466 8.72364 13.9687
      vertex 37.2627 7.5184 13.9687
    endloop
  endfacet
  facet normal 0.0729044 -0.859152 0.506501
    outer loop
      vertex 32.1012 -15.6542 8.21439
      vertex 30 -15.8325 8.21439
      vertex 32.1763 -16.3927 6.9509
    endloop
  endfacet
  facet normal -0.0431901 -0.509216 0.859554
    outer loop
      vertex 30 -11.5405 11.5935
      vertex 28.3317 -11.399 11.5935
      vertex 30 -13.2923 10.5557
    endloop
  endfacet
  facet normal 0.321524 -0.0162842 0.946762
    outer loop
      vertex 39.4447 5 13.3147
      vertex 37.4546 3.72993 13.9687
      vertex 39.3639 3.40464 13.3147
    endloop
  endfacet
  facet normal 0.554569 0.21131 0.804861
    outer loop
      vertex 42.2413 14.1462 10.5557
      vertex 41.0689 13.2702 11.5935
      vertex 43.059 12.0002 10.5557
    endloop
  endfacet
  facet normal -0.00506552 -0.0597217 0.998202
    outer loop
      vertex 30 3.56113 14.9786
      vertex 29.5671 0.744731 14.8079
      vertex 30 0.708013 14.8079
    endloop
  endfacet
  facet normal 0.06416 -0.24924 0.966314
    outer loop
      vertex 31.946 -4.3988 13.9687
      vertex 30.9814 -4.64711 13.9687
      vertex 31.2328 -7.11798 13.3147
    endloop
  endfacet
  facet normal -0.136744 -0.311268 0.940433
    outer loop
      vertex 27.5555 -6.80607 13.3147
      vertex 26.3857 -6.29216 13.3147
      vertex 27.0989 -9.01134 12.5184
    endloop
  endfacet
  facet normal -0.411312 -0.0208317 0.911257
    outer loop
      vertex 20.5553 5 13.3147
      vertex 18.887 3.10664 12.5184
      vertex 20.6361 3.40464 13.3147
    endloop
  endfacet
  facet normal 0.10556 -0.24031 -0.964939
    outer loop
      vertex 33.6143 -6.29216 -3.3147
      vertex 31.946 -4.3988 -3.96873
      vertex 32.8774 -3.98967 -3.96873
    endloop
  endfacet
  facet normal -0.132835 0.153613 -0.979162
    outer loop
      vertex 26.6734 10.6103 -4.4693
      vertex 25.4228 12.7196 -3.96873
      vertex 26.2405 13.4267 -3.96873
    endloop
  endfacet
  facet normal -0.806633 0.123985 -0.577902
    outer loop
      vertex 15.2727 10.1068 0.577112
      vertex 14.0399 7.71918 1.7856
      vertex 14.4507 10.3918 1.7856
    endloop
  endfacet
  facet normal -0.785806 0.206136 -0.58311
    outer loop
      vertex 15.2727 10.1068 0.577112
      vertex 14.4507 10.3918 1.7856
      vertex 15.1276 12.9722 1.7856
    endloop
  endfacet
  facet normal 0.0643621 0.0332298 -0.997373
    outer loop
      vertex 30.9629 5.71943 -4.97859
      vertex 30.8821 5.87593 -4.97859
      vertex 32.6312 7.6128 -4.80785
    endloop
  endfacet
  facet normal 0.0156916 -0.185004 -0.982612
    outer loop
      vertex 30.9814 -4.64711 -3.96873
      vertex 30 -4.73035 -3.96873
      vertex 30 -2.07167 -4.4693
    endloop
  endfacet
  facet normal 0.185485 -0.720609 -0.668071
    outer loop
      vertex 34.1664 -15.1226 1.7856
      vertex 31.9901 -14.5624 0.577112
      vertex 33.9462 -14.0589 0.577112
    endloop
  endfacet
  facet normal -0.215563 -0.837434 -0.502231
    outer loop
      vertex 27.8988 -15.6542 1.7856
      vertex 25.6846 -15.842 3.0491
      vertex 25.8336 -15.1226 1.7856
    endloop
  endfacet
  facet normal -0.234624 0.367641 -0.899884
    outer loop
      vertex 25.7105 18.4014 -2.5184
      vertex 23.6094 19.3245 -1.59346
      vertex 25.1088 20.2814 -1.59346
    endloop
  endfacet
  facet normal -0.740291 0.501669 -0.447546
    outer loop
      vertex 17.2287 17.682 1.7856
      vertex 16.7721 18.1354 3.0491
      vertex 18.6171 19.7308 1.7856
    endloop
  endfacet
  facet normal -0.23463 0.36763 -0.899887
    outer loop
      vertex 24.3956 17.5622 -2.5184
      vertex 23.6094 19.3245 -1.59346
      vertex 25.7105 18.4014 -2.5184
    endloop
  endfacet
  facet normal -0.234577 0.271295 -0.933473
    outer loop
      vertex 25.2777 15.585 -3.3147
      vertex 23.1765 16.5081 -2.5184
      vertex 24.3956 17.5622 -2.5184
    endloop
  endfacet
  facet normal -0.287286 0.450159 -0.845473
    outer loop
      vertex 25.1088 20.2814 -1.59346
      vertex 23.6094 19.3245 -1.59346
      vertex 24.5908 21.8999 -0.555702
    endloop
  endfacet
  facet normal -0.562867 0.38145 -0.733264
    outer loop
      vertex 20.0051 17.9346 -0.555702
      vertex 18.786 16.1357 -0.555702
      vertex 19.2189 18.9521 0.577112
    endloop
  endfacet
  facet normal 0.666404 0.587216 0.459437
    outer loop
      vertex 40.1501 22.1184 6.9509
      vertex 39.7997 21.5275 8.21439
      vertex 41.3829 19.7308 8.21439
    endloop
  endfacet
  facet normal 0.429165 0.221587 0.875623
    outer loop
      vertex 40.1401 15.0692 11.5935
      vertex 38.8926 13.8305 12.5184
      vertex 39.7072 12.2528 12.5184
    endloop
  endfacet
  facet normal 0.654734 0.443687 0.611936
    outer loop
      vertex 42.7713 17.682 8.21439
      vertex 40.7811 18.9521 9.42289
      vertex 42.0961 17.0116 9.42289
    endloop
  endfacet
  facet normal 0.576705 0.66692 0.471836
    outer loop
      vertex 40.1501 22.1184 6.9509
      vertex 38.3367 23.6865 6.9509
      vertex 39.7997 21.5275 8.21439
    endloop
  endfacet
  facet normal 0.179238 0.121469 0.976278
    outer loop
      vertex 35.9651 10.9235 13.9687
      vertex 33.864 10.0004 14.4693
      vertex 34.3353 9.30496 14.4693
    endloop
  endfacet
  facet normal 0.171404 0.39019 0.90464
    outer loop
      vertex 33.308 20.9769 11.5935
      vertex 32.9011 19.0113 12.5184
      vertex 34.2895 18.4014 12.5184
    endloop
  endfacet
  facet normal -0.345901 0.54197 -0.765912
    outer loop
      vertex 22.9325 20.8416 -0.555702
      vertex 22.3766 22.0877 0.577112
      vertex 24.1653 23.2293 0.577112
    endloop
  endfacet
  facet normal -0.51914 0.813497 -0.262137
    outer loop
      vertex 21.6633 23.6865 3.0491
      vertex 21.5182 24.0118 4.34597
      vertex 23.5083 25.2818 4.34597
    endloop
  endfacet
  facet normal -0.803853 0.544779 0.238824
    outer loop
      vertex 18.0049 20.523 5.65403
      vertex 16.7721 18.1354 6.9509
      vertex 18.2102 20.2574 6.9509
    endloop
  endfacet
  facet normal -0.185485 0.720612 0.668067
    outer loop
      vertex 28.0099 24.5624 9.42289
      vertex 25.8336 25.1226 8.21439
      vertex 26.0538 24.0589 9.42289
    endloop
  endfacet
  facet normal 0.473706 0.321026 0.820088
    outer loop
      vertex 41.214 16.1357 10.5557
      vertex 39.0377 16.6959 11.5935
      vertex 40.1401 15.0692 11.5935
    endloop
  endfacet
  facet normal 0.390716 0.264785 0.881606
    outer loop
      vertex 39.0377 16.6959 11.5935
      vertex 37.9259 15.257 12.5184
      vertex 40.1401 15.0692 11.5935
    endloop
  endfacet
  facet normal 0.3459 0.541969 0.765913
    outer loop
      vertex 37.6234 22.0877 9.42289
      vertex 35.8347 23.2293 9.42289
      vertex 37.0675 20.8416 10.5557
    endloop
  endfacet
  facet normal 0.470796 0.737742 0.483826
    outer loop
      vertex 36.3806 24.9348 6.9509
      vertex 36.1604 24.2467 8.21439
      vertex 38.3367 23.6865 6.9509
    endloop
  endfacet
  facet normal 0.910149 0.346828 -0.226584
    outer loop
      vertex 45.4042 13.2573 3.0491
      vertex 44.6909 15.9764 4.34597
      vertex 45.6723 13.401 4.34597
    endloop
  endfacet
  facet normal 0.964266 0.148216 0.219596
    outer loop
      vertex 46.3856 10.6818 5.65403
      vertex 46.1052 10.5846 6.9509
      vertex 46.8185 7.86543 5.65403
    endloop
  endfacet
  facet normal 0.74029 0.501669 0.447548
    outer loop
      vertex 43.2279 18.1354 6.9509
      vertex 41.3829 19.7308 8.21439
      vertex 42.7713 17.682 8.21439
    endloop
  endfacet
  facet normal 0.599255 0.0921314 0.795239
    outer loop
      vertex 43.6533 9.7344 10.5557
      vertex 42.3458 9.28099 11.5935
      vertex 44.0141 7.38763 10.5557
    endloop
  endfacet
  facet normal 0.562867 0.38145 -0.733264
    outer loop
      vertex 41.214 16.1357 -0.555702
      vertex 39.9949 17.9346 -0.555702
      vertex 40.7811 18.9521 0.577112
    endloop
  endfacet
  facet normal 0.501077 0.441496 -0.744314
    outer loop
      vertex 39.9949 17.9346 -0.555702
      vertex 38.6048 19.5123 -0.555702
      vertex 40.7811 18.9521 0.577112
    endloop
  endfacet
  facet normal 0.710542 0.366843 -0.600464
    outer loop
      vertex 43.2041 14.8656 0.577112
      vertex 42.7713 17.682 1.7856
      vertex 43.9411 15.4162 1.7856
    endloop
  endfacet
  facet normal 0.974664 0.0493492 0.218162
    outer loop
      vertex 46.8185 7.86543 5.65403
      vertex 46.5307 7.8164 6.9509
      vertex 46.6733 5 6.9509
    endloop
  endfacet
  facet normal 0.503978 0.582848 -0.637412
    outer loop
      vertex 39.2817 20.6538 0.577112
      vertex 37.6234 22.0877 0.577112
      vertex 38.0489 23.0414 1.7856
    endloop
  endfacet
  facet normal 0.537952 0.842975 -0
    outer loop
      vertex 38.4818 24.0118 4.34597
      vertex 36.4917 25.2818 5.65403
      vertex 38.4818 24.0118 5.65403
    endloop
  endfacet
  facet normal 0.537952 0.842975 0
    outer loop
      vertex 36.4917 25.2818 5.65403
      vertex 38.4818 24.0118 4.34597
      vertex 36.4917 25.2818 4.34597
    endloop
  endfacet
  facet normal 0.943065 0.247349 0.222366
    outer loop
      vertex 45.6723 13.401 5.65403
      vertex 45.4042 13.2573 6.9509
      vertex 46.1052 10.5846 6.9509
    endloop
  endfacet
  facet normal 0.740291 0.501669 -0.447546
    outer loop
      vertex 42.7713 17.682 1.7856
      vertex 41.3829 19.7308 1.7856
      vertex 43.2279 18.1354 3.0491
    endloop
  endfacet
  facet normal 0.632592 0.731549 -0.25429
    outer loop
      vertex 40.1501 22.1184 3.0491
      vertex 38.3367 23.6865 3.0491
      vertex 40.3268 22.4164 4.34597
    endloop
  endfacet
  facet normal 0.727188 0.640715 -0.246336
    outer loop
      vertex 41.7898 20.2574 3.0491
      vertex 40.1501 22.1184 3.0491
      vertex 41.9951 20.523 4.34597
    endloop
  endfacet
  facet normal -0.185489 0.720603 -0.668076
    outer loop
      vertex 28.0099 24.5624 0.577112
      vertex 25.8336 25.1226 1.7856
      vertex 27.8988 25.6542 1.7856
    endloop
  endfacet
  facet normal -0.0523983 0.617731 -0.784642
    outer loop
      vertex 30 23.2923 -0.555702
      vertex 28.155 23.1358 -0.555702
      vertex 30 24.7312 0.577112
    endloop
  endfacet
  facet normal 0.0523957 0.617729 -0.784643
    outer loop
      vertex 31.845 23.1358 -0.555702
      vertex 30 24.7312 0.577112
      vertex 31.9901 24.5624 0.577112
    endloop
  endfacet
  facet normal -0.0625716 0.7377 -0.672223
    outer loop
      vertex 28.0099 24.5624 0.577112
      vertex 27.8988 25.6542 1.7856
      vertex 30 24.7312 0.577112
    endloop
  endfacet
  facet normal 0.287286 0.450159 -0.845473
    outer loop
      vertex 36.3906 19.3245 -1.59346
      vertex 34.8912 20.2814 -1.59346
      vertex 35.4092 21.8999 -0.555702
    endloop
  endfacet
  facet normal -0.187538 0.293823 -0.937282
    outer loop
      vertex 26.3857 16.2922 -3.3147
      vertex 25.2777 15.585 -3.3147
      vertex 25.7105 18.4014 -2.5184
    endloop
  endfacet
  facet normal 0.239741 0.931232 -0.274467
    outer loop
      vertex 34.3154 25.842 3.0491
      vertex 32.1763 26.3927 3.0491
      vertex 34.3905 26.2049 4.34597
    endloop
  endfacet
  facet normal 0.185489 0.720603 -0.668076
    outer loop
      vertex 34.1664 25.1226 1.7856
      vertex 31.9901 24.5624 0.577112
      vertex 32.1012 25.6542 1.7856
    endloop
  endfacet
  facet normal -0.654734 0.443687 0.611936
    outer loop
      vertex 19.2189 18.9521 9.42289
      vertex 17.2287 17.682 8.21439
      vertex 17.9039 17.0116 9.42289
    endloop
  endfacet
  facet normal -0.236728 0.0119849 0.971502
    outer loop
      vertex 22.5454 6.27007 13.9687
      vertex 22.4811 5 13.9687
      vertex 24.5355 5 14.4693
    endloop
  endfacet
  facet normal -0.499055 -0.0766918 0.86317
    outer loop
      vertex 18.887 3.10664 12.5184
      vertex 17.3281 2.84103 11.5935
      vertex 17.6542 0.719009 11.5935
    endloop
  endfacet
  facet normal -0.654731 -0.443695 0.611934
    outer loop
      vertex 19.2189 -8.95207 9.42289
      vertex 17.2287 -7.682 8.21439
      vertex 18.6171 -9.73077 8.21439
    endloop
  endfacet
  facet normal -0.943063 -0.247352 0.222373
    outer loop
      vertex 14.5958 -3.25727 6.9509
      vertex 13.8948 -0.58461 6.9509
      vertex 14.3277 -3.40101 5.65403
    endloop
  endfacet
  facet normal -0.460158 -0.175363 -0.870346
    outer loop
      vertex 18.9311 -3.27024 -1.59346
      vertex 18.1916 -1.32977 -1.59346
      vertex 20.2928 -2.2528 -2.5184
    endloop
  endfacet
  facet normal -0.372109 -0.141821 0.91729
    outer loop
      vertex 21.2742 0.322634 13.3147
      vertex 20.2928 -2.2528 12.5184
      vertex 21.8207 -1.11127 13.3147
    endloop
  endfacet
  facet normal -0.81693 -0.0413696 0.575251
    outer loop
      vertex 14.8836 2.42456 9.42289
      vertex 13.9022 5 8.21439
      vertex 14.0399 2.28082 8.21439
    endloop
  endfacet
  facet normal -0.910123 -0.346846 -0.226658
    outer loop
      vertex 15.3091 -5.97645 4.34597
      vertex 14.5958 -3.25727 3.0491
      vertex 15.5605 -5.78864 3.0491
    endloop
  endfacet
  facet normal -0.844531 -0.321849 -0.427997
    outer loop
      vertex 15.5605 -5.78864 3.0491
      vertex 14.5958 -3.25727 3.0491
      vertex 16.0589 -5.41623 1.7856
    endloop
  endfacet
  facet normal -0.654057 0.249218 0.714213
    outer loop
      vertex 17.7587 14.1462 10.5557
      vertex 15.9138 12.5508 9.42289
      vertex 16.941 12.0002 10.5557
    endloop
  endfacet
  facet normal -0.70347 0.108132 0.702451
    outer loop
      vertex 15.2727 10.1068 9.42289
      vertex 14.8836 7.57544 9.42289
      vertex 15.9859 7.38763 10.5557
    endloop
  endfacet
  facet normal -0.910149 0.346828 0.226584
    outer loop
      vertex 15.3091 15.9764 5.65403
      vertex 14.3277 13.401 5.65403
      vertex 14.5958 13.2573 6.9509
    endloop
  endfacet
  facet normal -0.753983 0.28732 -0.590725
    outer loop
      vertex 16.7959 14.8656 0.577112
      vertex 15.9138 12.5508 0.577112
      vertex 16.0589 15.4162 1.7856
    endloop
  endfacet
  facet normal -0.74029 0.501669 0.447548
    outer loop
      vertex 18.6171 19.7308 8.21439
      vertex 16.7721 18.1354 6.9509
      vertex 17.2287 17.682 8.21439
    endloop
  endfacet
  facet normal -0.727183 0.640731 0.246309
    outer loop
      vertex 19.6732 22.4164 5.65403
      vertex 18.0049 20.523 5.65403
      vertex 19.8499 22.1184 6.9509
    endloop
  endfacet
  facet normal -0.94304 0.247378 0.222438
    outer loop
      vertex 14.3277 13.401 5.65403
      vertex 13.6144 10.6818 5.65403
      vertex 13.8948 10.5846 6.9509
    endloop
  endfacet
  facet normal -0.967274 0.253735 0
    outer loop
      vertex 13.6144 10.6818 4.34597
      vertex 14.3277 13.401 5.65403
      vertex 14.3277 13.401 4.34597
    endloop
  endfacet
  facet normal -0.967274 0.253735 0
    outer loop
      vertex 14.3277 13.401 5.65403
      vertex 13.6144 10.6818 4.34597
      vertex 13.6144 10.6818 5.65403
    endloop
  endfacet
  facet normal -0.785804 -0.206135 -0.583113
    outer loop
      vertex 15.1276 -2.97224 1.7856
      vertex 14.4507 -0.391838 1.7856
      vertex 15.2727 -0.10681 0.577112
    endloop
  endfacet
  facet normal -0.898607 0.138125 0.416445
    outer loop
      vertex 13.8948 10.5846 6.9509
      vertex 13.4693 7.8164 6.9509
      vertex 14.0399 7.71918 8.21439
    endloop
  endfacet
  facet normal -0.909071 0.0460604 0.414086
    outer loop
      vertex 13.4693 7.8164 6.9509
      vertex 13.3266 5 6.9509
      vertex 14.0399 7.71918 8.21439
    endloop
  endfacet
  facet normal -0.898607 -0.138124 0.416445
    outer loop
      vertex 14.0399 2.28082 8.21439
      vertex 13.4693 2.1836 6.9509
      vertex 13.8948 -0.58461 6.9509
    endloop
  endfacet
  facet normal -0.81693 0.0413696 0.575251
    outer loop
      vertex 14.0399 7.71918 8.21439
      vertex 13.9022 5 8.21439
      vertex 14.8836 7.57544 9.42289
    endloop
  endfacet
  facet normal -0.99872 -0.0505733 0
    outer loop
      vertex 13.1815 2.13457 4.34597
      vertex 13.0364 5 5.65403
      vertex 13.0364 5 4.34597
    endloop
  endfacet
  facet normal -0.99872 -0.0505733 0
    outer loop
      vertex 13.0364 5 5.65403
      vertex 13.1815 2.13457 4.34597
      vertex 13.1815 2.13457 5.65403
    endloop
  endfacet
  facet normal 0.104429 -0.405675 -0.908032
    outer loop
      vertex 31.6683 -11.399 -1.59346
      vertex 31.4631 -9.38151 -2.5184
      vertex 32.9011 -9.01134 -2.5184
    endloop
  endfacet
  facet normal 0.408979 -0.640801 -0.6497
    outer loop
      vertex 36.1604 -14.2467 1.7856
      vertex 35.8347 -13.2293 0.577112
      vertex 38.0489 -13.0414 1.7856
    endloop
  endfacet
  facet normal 0.345872 -0.541963 0.76593
    outer loop
      vertex 37.0675 -10.8416 10.5557
      vertex 35.4092 -11.8999 10.5557
      vertex 35.8347 -13.2293 9.42289
    endloop
  endfacet
  facet normal 0.345121 -0.3041 -0.887927
    outer loop
      vertex 37.7807 -8.12244 -1.59346
      vertex 36.8235 -6.50807 -2.5184
      vertex 39.0377 -6.69588 -1.59346
    endloop
  endfacet
  facet normal 0.224882 -0.0589977 -0.972598
    outer loop
      vertex 37.2627 2.4816 -3.96873
      vertex 35.0485 2.29379 -4.4693
      vertex 35.2783 3.16972 -4.4693
    endloop
  endfacet
  facet normal 0.404759 0.0622083 -0.912305
    outer loop
      vertex 39.3639 6.59536 -3.3147
      vertex 39.1229 8.16343 -3.3147
      vertex 40.8269 8.75433 -2.5184
    endloop
  endfacet
  facet normal 0.224881 -0.0589798 -0.9726
    outer loop
      vertex 36.9466 1.27636 -3.96873
      vertex 35.0485 2.29379 -4.4693
      vertex 37.2627 2.4816 -3.96873
    endloop
  endfacet
  facet normal 0.411311 0.0208332 -0.911257
    outer loop
      vertex 41.2089 5 -2.5184
      vertex 39.4447 5 -3.3147
      vertex 41.113 6.89336 -2.5184
    endloop
  endfacet
  facet normal -0.518649 0.267772 -0.811974
    outer loop
      vertex 18.9311 13.2702 -1.59346
      vertex 17.7587 14.1462 -0.555702
      vertex 19.8599 15.0692 -1.59346
    endloop
  endfacet
  facet normal -0.346355 -0.178836 -0.920899
    outer loop
      vertex 21.1074 -3.83045 -2.5184
      vertex 20.2928 -2.2528 -2.5184
      vertex 22.507 -2.44061 -3.3147
    endloop
  endfacet
  facet normal -0.239741 -0.931232 -0.274467
    outer loop
      vertex 27.8237 -16.3927 3.0491
      vertex 25.6095 -16.2049 4.34597
      vertex 25.6846 -15.842 3.0491
    endloop
  endfacet
  facet normal -0.387378 -0.881767 0.269118
    outer loop
      vertex 23.6194 -14.9348 6.9509
      vertex 23.5083 -15.2818 5.65403
      vertex 25.6095 -16.2049 5.65403
    endloop
  endfacet
  facet normal -0.0431939 -0.509219 0.859552
    outer loop
      vertex 28.3317 -11.399 11.5935
      vertex 28.155 -13.1358 10.5557
      vertex 30 -13.2923 10.5557
    endloop
  endfacet
  facet normal 0.585983 -0.516343 0.624511
    outer loop
      vertex 40.7811 -8.95207 9.42289
      vertex 39.7997 -11.5275 8.21439
      vertex 41.3829 -9.73077 8.21439
    endloop
  endfacet
  facet normal -0.171409 -0.390195 0.904636
    outer loop
      vertex 27.0989 -9.01134 12.5184
      vertex 25.7105 -8.40143 12.5184
      vertex 26.692 -10.9769 11.5935
    endloop
  endfacet
  facet normal -0.864286 -0.446217 0.232163
    outer loop
      vertex 15.5605 -5.78864 6.9509
      vertex 15.3091 -5.97645 5.65403
      vertex 16.7721 -8.13541 6.9509
    endloop
  endfacet
  facet normal -0.803851 -0.54478 0.238825
    outer loop
      vertex 18.2102 -10.2574 6.9509
      vertex 16.7721 -8.13541 6.9509
      vertex 18.0049 -10.523 5.65403
    endloop
  endfacet
  facet normal -0.0770351 -0.175372 0.981484
    outer loop
      vertex 27.9088 -1.53337 14.4693
      vertex 27.1226 -3.98967 13.9687
      vertex 28.5857 -1.83071 14.4693
    endloop
  endfacet
  facet normal -0.147831 -0.0387835 0.988252
    outer loop
      vertex 26.7965 3.88915 14.8079
      vertex 24.7217 3.16972 14.4693
      vertex 24.9515 2.29379 14.4693
    endloop
  endfacet
  facet normal -0.0694042 -0.0264378 0.997238
    outer loop
      vertex 28.9728 4.44937 14.9786
      vertex 27.1278 2.85401 14.8079
      vertex 29.0371 4.28057 14.9786
    endloop
  endfacet
  facet normal -0.140084 -0.0533883 0.988699
    outer loop
      vertex 26.9359 3.35753 14.8079
      vertex 24.9515 2.29379 14.4693
      vertex 27.1278 2.85401 14.8079
    endloop
  endfacet
  facet normal -0.236718 -0.0120021 0.971504
    outer loop
      vertex 24.5355 5 14.4693
      vertex 22.5454 3.72993 13.9687
      vertex 24.5823 4.07696 14.4693
    endloop
  endfacet
  facet normal -0.0771973 0.00394598 0.997008
    outer loop
      vertex 28.8977 5.18781 14.9786
      vertex 26.6835 5 14.8079
      vertex 28.8881 5 14.9786
    endloop
  endfacet
  facet normal -0.391658 -0.102714 0.91436
    outer loop
      vertex 21.2742 0.322634 13.3147
      vertex 19.1731 1.24567 12.5184
      vertex 19.6443 -0.551055 12.5184
    endloop
  endfacet
  facet normal -0.473708 -0.321015 0.820091
    outer loop
      vertex 20.9623 -6.69588 11.5935
      vertex 18.786 -6.13566 10.5557
      vertex 20.0051 -7.93463 10.5557
    endloop
  endfacet
  facet normal -0.0510601 0.0449813 -0.997682
    outer loop
      vertex 29.3231 6.14153 -4.97859
      vertex 27.6549 8.03489 -4.80785
      vertex 27.981 8.40506 -4.80785
    endloop
  endfacet
  facet normal 0.128454 0.499012 -0.857022
    outer loop
      vertex 33.6584 22.669 -0.555702
      vertex 31.6683 21.399 -1.59346
      vertex 31.845 23.1358 -0.555702
    endloop
  endfacet
  facet normal 0.305759 -0.0801995 -0.948725
    outer loop
      vertex 38.7258 0.322634 -3.3147
      vertex 36.9466 1.27636 -3.96873
      vertex 39.1229 1.83657 -3.3147
    endloop
  endfacet
  facet normal 0.75398 -0.287319 -0.59073
    outer loop
      vertex 43.9411 -5.41623 1.7856
      vertex 43.2041 -4.8656 0.577112
      vertex 44.0862 -2.5508 0.577112
    endloop
  endfacet
  facet normal 0.877309 -0.230105 0.421166
    outer loop
      vertex 46.1052 -0.58461 6.9509
      vertex 44.8724 -2.97224 8.21439
      vertex 45.4042 -3.25727 6.9509
    endloop
  endfacet
  facet normal 0.909075 0.0460283 -0.414082
    outer loop
      vertex 46.6733 5 3.0491
      vertex 45.9601 7.71918 1.7856
      vertex 46.5307 7.8164 3.0491
    endloop
  endfacet
  facet normal 0.411312 0.0208317 -0.911257
    outer loop
      vertex 39.4447 5 -3.3147
      vertex 39.3639 6.59536 -3.3147
      vertex 41.113 6.89336 -2.5184
    endloop
  endfacet
  facet normal 0.710519 -0.366849 -0.600487
    outer loop
      vertex 42.7713 -7.682 1.7856
      vertex 42.0961 -7.01159 0.577112
      vertex 43.2041 -4.8656 0.577112
    endloop
  endfacet
  facet normal 0.844519 -0.32181 -0.42805
    outer loop
      vertex 45.4042 -3.25727 3.0491
      vertex 43.9411 -5.41623 1.7856
      vertex 44.8724 -2.97224 1.7856
    endloop
  endfacet
  facet normal 0.844531 -0.321849 -0.427997
    outer loop
      vertex 44.4395 -5.78864 3.0491
      vertex 43.9411 -5.41623 1.7856
      vertex 45.4042 -3.25727 3.0491
    endloop
  endfacet
  facet normal 0.654066 -0.249245 -0.714196
    outer loop
      vertex 43.2041 -4.8656 0.577112
      vertex 42.2413 -4.14616 -0.555702
      vertex 44.0862 -2.5508 0.577112
    endloop
  endfacet
  facet normal 0.562883 -0.381447 -0.733254
    outer loop
      vertex 42.0961 -7.01159 0.577112
      vertex 40.7811 -8.95207 0.577112
      vertex 41.214 -6.13566 -0.555702
    endloop
  endfacet
  facet normal 0.632588 -0.731557 -0.254277
    outer loop
      vertex 38.4818 -14.0118 4.34597
      vertex 38.3367 -13.6865 3.0491
      vertex 40.3268 -12.4164 4.34597
    endloop
  endfacet
  facet normal 0.387342 -0.881766 -0.269173
    outer loop
      vertex 34.3905 -16.2049 4.34597
      vertex 34.3154 -15.842 3.0491
      vertex 36.3806 -14.9348 3.0491
    endloop
  endfacet
  facet normal 0.65473 -0.443689 0.611938
    outer loop
      vertex 42.0961 -7.01159 9.42289
      vertex 40.7811 -8.95207 9.42289
      vertex 42.7713 -7.682 8.21439
    endloop
  endfacet
  facet normal 0.727188 -0.640715 0.246336
    outer loop
      vertex 41.7898 -10.2574 6.9509
      vertex 40.1501 -12.1184 6.9509
      vertex 41.9951 -10.523 5.65403
    endloop
  endfacet
  facet normal 0.613825 -0.316925 0.723033
    outer loop
      vertex 43.2041 -4.8656 9.42289
      vertex 41.214 -6.13566 10.5557
      vertex 42.0961 -7.01159 9.42289
    endloop
  endfacet
  facet normal 0.799261 -0.412653 0.43692
    outer loop
      vertex 43.9411 -5.41623 8.21439
      vertex 42.7713 -7.682 8.21439
      vertex 43.2279 -8.13541 6.9509
    endloop
  endfacet
  facet normal 0.753995 -0.287315 0.590713
    outer loop
      vertex 44.0862 -2.5508 9.42289
      vertex 43.9411 -5.41623 8.21439
      vertex 44.8724 -2.97224 8.21439
    endloop
  endfacet
  facet normal 0.910123 -0.346846 0.226658
    outer loop
      vertex 45.4042 -3.25727 6.9509
      vertex 44.4395 -5.78864 6.9509
      vertex 44.6909 -5.97645 5.65403
    endloop
  endfacet
  facet normal 0.803884 0.54476 -0.23876
    outer loop
      vertex 43.2279 18.1354 3.0491
      vertex 41.9951 20.523 4.34597
      vertex 43.4581 18.3641 4.34597
    endloop
  endfacet
  facet normal 0.806636 0.123985 0.577898
    outer loop
      vertex 45.5493 10.3918 8.21439
      vertex 44.7273 10.1068 9.42289
      vertex 45.9601 7.71918 8.21439
    endloop
  endfacet
  facet normal 0.785809 0.206136 0.583106
    outer loop
      vertex 44.8724 12.9722 8.21439
      vertex 44.7273 10.1068 9.42289
      vertex 45.5493 10.3918 8.21439
    endloop
  endfacet
  facet normal 0.898607 0.138125 0.416445
    outer loop
      vertex 46.1052 10.5846 6.9509
      vertex 45.9601 7.71918 8.21439
      vertex 46.5307 7.8164 6.9509
    endloop
  endfacet
  facet normal 0.816924 -0.0413626 0.57526
    outer loop
      vertex 45.2468 5 9.42289
      vertex 45.1164 2.42456 9.42289
      vertex 46.0978 5 8.21439
    endloop
  endfacet
  facet normal 0.419838 -0.369928 0.828788
    outer loop
      vertex 39.0377 -6.69588 11.5935
      vertex 38.6048 -9.51228 10.5557
      vertex 39.9949 -7.93463 10.5557
    endloop
  endfacet
  facet normal 0.864284 -0.446254 0.2321
    outer loop
      vertex 44.6909 -5.97645 5.65403
      vertex 43.2279 -8.13541 6.9509
      vertex 43.4581 -8.36408 5.65403
    endloop
  endfacet
  facet normal 0.864286 -0.446217 0.232163
    outer loop
      vertex 44.4395 -5.78864 6.9509
      vertex 43.2279 -8.13541 6.9509
      vertex 44.6909 -5.97645 5.65403
    endloop
  endfacet
  facet normal 0.683805 -0.179374 0.707273
    outer loop
      vertex 44.7273 -0.10681 9.42289
      vertex 43.6533 0.265595 10.5557
      vertex 44.0862 -2.5508 9.42289
    endloop
  endfacet
  facet normal 0.599255 -0.0921312 0.795239
    outer loop
      vertex 44.0141 2.61237 10.5557
      vertex 42.3458 0.719009 11.5935
      vertex 43.6533 0.265595 10.5557
    endloop
  endfacet
  facet normal 0.314566 -0.213177 0.924988
    outer loop
      vertex 37.493 -2.44061 13.3147
      vertex 36.6784 -3.64264 13.3147
      vertex 37.9259 -5.25701 12.5184
    endloop
  endfacet
  facet normal 0.499055 -0.0766918 0.86317
    outer loop
      vertex 42.6719 2.84103 11.5935
      vertex 41.113 3.10664 12.5184
      vertex 42.3458 0.719009 11.5935
    endloop
  endfacet
  facet normal 0.518676 -0.267824 0.811939
    outer loop
      vertex 42.2413 -4.14616 10.5557
      vertex 40.1401 -5.0692 11.5935
      vertex 41.214 -6.13566 10.5557
    endloop
  endfacet
  facet normal 0.197932 -0.102212 0.974872
    outer loop
      vertex 36.5116 0.134824 13.9687
      vertex 34.3353 0.695041 14.4693
      vertex 35.9651 -0.923462 13.9687
    endloop
  endfacet
  facet normal 0.613834 -0.31696 0.72301
    outer loop
      vertex 42.2413 -4.14616 10.5557
      vertex 41.214 -6.13566 10.5557
      vertex 43.2041 -4.8656 9.42289
    endloop
  endfacet
  facet normal 0.460143 -0.175357 0.870355
    outer loop
      vertex 41.8084 -1.32977 11.5935
      vertex 39.7072 -2.2528 12.5184
      vertex 41.0689 -3.27024 11.5935
    endloop
  endfacet
  facet normal -0.128461 -0.499023 0.857014
    outer loop
      vertex 26.692 -10.9769 11.5935
      vertex 26.3416 -12.669 10.5557
      vertex 28.3317 -11.399 11.5935
    endloop
  endfacet
  facet normal 0.104425 -0.405661 0.908039
    outer loop
      vertex 32.9011 -9.01134 12.5184
      vertex 31.4631 -9.38151 12.5184
      vertex 31.6683 -11.399 11.5935
    endloop
  endfacet
  facet normal 0.214982 -0.189439 0.958069
    outer loop
      vertex 35.3167 -1.8804 13.9687
      vertex 34.5772 -2.71961 13.9687
      vertex 36.6784 -3.64264 13.3147
    endloop
  endfacet
  facet normal 0.147845 -0.0387675 0.98825
    outer loop
      vertex 33.2035 3.88915 14.8079
      vertex 33.0641 3.35753 14.8079
      vertex 35.0485 2.29379 14.4693
    endloop
  endfacet
  facet normal -0.0342554 -0.053663 0.997971
    outer loop
      vertex 29.4441 3.7539 14.9786
      vertex 28.7308 1.03472 14.8079
      vertex 29.5745 3.67066 14.9786
    endloop
  endfacet
  facet normal -0.0581874 -0.0394404 0.997526
    outer loop
      vertex 29.2138 3.98257 14.9786
      vertex 27.3688 2.3872 14.8079
      vertex 27.6549 1.96511 14.8079
    endloop
  endfacet
  facet normal 0.179252 -0.121457 0.976277
    outer loop
      vertex 35.9651 -0.923462 13.9687
      vertex 34.3353 0.695041 14.4693
      vertex 35.3167 -1.8804 13.9687
    endloop
  endfacet
  facet normal 0.346355 -0.178836 0.920899
    outer loop
      vertex 39.7072 -2.2528 12.5184
      vertex 37.493 -2.44061 13.3147
      vertex 38.8926 -3.83045 12.5184
    endloop
  endfacet
  facet normal 0.0156925 -0.185015 0.98261
    outer loop
      vertex 30 -2.07167 14.4693
      vertex 30 -4.73035 13.9687
      vertex 30.9814 -4.64711 13.9687
    endloop
  endfacet
  facet normal -0.232758 -0.0357808 0.971876
    outer loop
      vertex 24.5823 4.07696 14.4693
      vertex 22.5454 3.72993 13.9687
      vertex 22.7373 2.4816 13.9687
    endloop
  endfacet
  facet normal -0.269648 -0.139221 -0.952842
    outer loop
      vertex 24.0348 -0.923462 -3.96873
      vertex 22.507 -2.44061 -3.3147
      vertex 23.4884 0.134824 -3.96873
    endloop
  endfacet
  facet normal -0.314571 0.213176 -0.924987
    outer loop
      vertex 22.507 12.4406 -3.3147
      vertex 21.1074 13.8305 -2.5184
      vertex 22.0741 15.257 -2.5184
    endloop
  endfacet
  facet normal 0.0151131 0.0587113 -0.998161
    outer loop
      vertex 30.8584 9.14574 -4.80785
      vertex 30.2878 6.38984 -4.97859
      vertex 30.4329 9.25527 -4.80785
    endloop
  endfacet
  facet normal 0.518655 -0.267781 -0.811967
    outer loop
      vertex 42.2413 -4.14616 -0.555702
      vertex 40.1401 -5.0692 -1.59346
      vertex 41.0689 -3.27024 -1.59346
    endloop
  endfacet
  facet normal -0.105569 -0.240303 -0.96494
    outer loop
      vertex 27.5555 -6.80607 -3.3147
      vertex 26.3857 -6.29216 -3.3147
      vertex 28.054 -4.3988 -3.96873
    endloop
  endfacet
  facet normal -0.181659 0.210073 -0.960661
    outer loop
      vertex 25.4228 12.7196 -3.96873
      vertex 25.2777 15.585 -3.3147
      vertex 26.2405 13.4267 -3.96873
    endloop
  endfacet
  facet normal -0.050373 -0.114669 -0.992126
    outer loop
      vertex 29.1416 0.854259 -4.80785
      vertex 28.5857 -1.83071 -4.4693
      vertex 28.7308 1.03472 -4.80785
    endloop
  endfacet
  facet normal -0.129926 -0.0670768 -0.989252
    outer loop
      vertex 27.3688 2.3872 -4.80785
      vertex 25.6647 0.695041 -4.4693
      vertex 27.1278 2.85401 -4.80785
    endloop
  endfacet
  facet normal 0.10317 -0.0908868 -0.990503
    outer loop
      vertex 33.3266 -0.610332 -4.4693
      vertex 32.019 1.59494 -4.80785
      vertex 32.3451 1.96511 -4.80785
    endloop
  endfacet
  facet normal 0.0503703 -0.114669 -0.992126
    outer loop
      vertex 31.4143 -1.83071 -4.4693
      vertex 31.2692 1.03472 -4.80785
      vertex 32.0912 -1.53337 -4.4693
    endloop
  endfacet
  facet normal 0.0641608 -0.24925 -0.966311
    outer loop
      vertex 32.4445 -6.80607 -3.3147
      vertex 31.2328 -7.11798 -3.3147
      vertex 31.946 -4.3988 -3.96873
    endloop
  endfacet
  facet normal 0.0279211 -0.3292 -0.943847
    outer loop
      vertex 31.2328 -7.11798 -3.3147
      vertex 30 -9.50561 -2.5184
      vertex 30 -7.22254 -3.3147
    endloop
  endfacet
  facet normal -0.187524 0.293822 -0.937285
    outer loop
      vertex 25.2777 15.585 -3.3147
      vertex 24.3956 17.5622 -2.5184
      vertex 25.7105 18.4014 -2.5184
    endloop
  endfacet
  facet normal -0.14498 0.227146 -0.963009
    outer loop
      vertex 26.2405 13.4267 -3.96873
      vertex 25.2777 15.585 -3.3147
      vertex 26.3857 16.2922 -3.3147
    endloop
  endfacet
  facet normal -0.155603 0.60452 -0.781245
    outer loop
      vertex 26.3416 22.669 -0.555702
      vertex 26.0538 24.0589 0.577112
      vertex 28.0099 24.5624 0.577112
    endloop
  endfacet
  facet normal -0.254274 0.578829 -0.774791
    outer loop
      vertex 26.3416 22.669 -0.555702
      vertex 24.1653 23.2293 0.577112
      vertex 26.0538 24.0589 0.577112
    endloop
  endfacet
  facet normal -0.562889 0.381448 -0.733249
    outer loop
      vertex 18.786 16.1357 -0.555702
      vertex 17.9039 17.0116 0.577112
      vertex 19.2189 18.9521 0.577112
    endloop
  endfacet
  facet normal -0.292868 0.33867 -0.894165
    outer loop
      vertex 23.1765 16.5081 -2.5184
      vertex 22.2193 18.1224 -1.59346
      vertex 23.6094 19.3245 -1.59346
    endloop
  endfacet
  facet normal -0.473693 0.321018 -0.820099
    outer loop
      vertex 20.9623 16.6959 -1.59346
      vertex 18.786 16.1357 -0.555702
      vertex 20.0051 17.9346 -0.555702
    endloop
  endfacet
  facet normal -0.666461 0.587209 -0.459365
    outer loop
      vertex 18.6171 19.7308 1.7856
      vertex 18.2102 20.2574 3.0491
      vertex 19.8499 22.1184 3.0491
    endloop
  endfacet
  facet normal -0.0625964 0.737676 -0.672247
    outer loop
      vertex 30 24.7312 0.577112
      vertex 27.8988 25.6542 1.7856
      vertex 30 25.8325 1.7856
    endloop
  endfacet
  facet normal -0.128457 0.499008 -0.857024
    outer loop
      vertex 26.692 20.9769 -1.59346
      vertex 26.3416 22.669 -0.555702
      vertex 28.3317 21.399 -1.59346
    endloop
  endfacet
  facet normal 0.391658 0.102712 0.91436
    outer loop
      vertex 40.3557 10.5511 12.5184
      vertex 38.7258 9.67737 13.3147
      vertex 40.8269 8.75433 12.5184
    endloop
  endfacet
  facet normal 0.46014 0.175354 0.870357
    outer loop
      vertex 41.8084 11.3298 11.5935
      vertex 39.7072 12.2528 12.5184
      vertex 40.3557 10.5511 12.5184
    endloop
  endfacet
  facet normal -0.576705 0.66692 0.471836
    outer loop
      vertex 21.6633 23.6865 6.9509
      vertex 19.8499 22.1184 6.9509
      vertex 20.2003 21.5275 8.21439
    endloop
  endfacet
  facet normal 0.654087 0.756419 -0
    outer loop
      vertex 40.3268 22.4164 4.34597
      vertex 38.4818 24.0118 5.65403
      vertex 40.3268 22.4164 5.65403
    endloop
  endfacet
  facet normal 0.654087 0.756419 0
    outer loop
      vertex 38.4818 24.0118 5.65403
      vertex 40.3268 22.4164 4.34597
      vertex 38.4818 24.0118 4.34597
    endloop
  endfacet
  facet normal 0.210455 0.479068 0.852175
    outer loop
      vertex 35.4092 21.8999 10.5557
      vertex 33.308 20.9769 11.5935
      vertex 34.8912 20.2814 11.5935
    endloop
  endfacet
  facet normal 0.0728777 0.859175 0.506465
    outer loop
      vertex 30 26.5773 6.9509
      vertex 30 25.8325 8.21439
      vertex 32.1763 26.3927 6.9509
    endloop
  endfacet
  facet normal 0.727188 0.640715 0.246336
    outer loop
      vertex 41.9951 20.523 5.65403
      vertex 40.1501 22.1184 6.9509
      vertex 41.7898 20.2574 6.9509
    endloop
  endfacet
  facet normal 0.155603 0.604519 0.781246
    outer loop
      vertex 33.9462 24.0589 9.42289
      vertex 31.9901 24.5624 9.42289
      vertex 33.6584 22.669 10.5557
    endloop
  endfacet
  facet normal 0.254274 0.578828 0.774792
    outer loop
      vertex 33.9462 24.0589 9.42289
      vertex 33.6584 22.669 10.5557
      vertex 35.8347 23.2293 9.42289
    endloop
  endfacet
  facet normal 0.128461 0.499023 0.857014
    outer loop
      vertex 33.6584 22.669 10.5557
      vertex 31.6683 21.399 11.5935
      vertex 33.308 20.9769 11.5935
    endloop
  endfacet
  facet normal -0.419851 0.369927 0.828782
    outer loop
      vertex 21.3952 19.5123 10.5557
      vertex 20.0051 17.9346 10.5557
      vertex 20.9623 16.6959 11.5935
    endloop
  endfacet
  facet normal 0.287292 0.450171 0.845464
    outer loop
      vertex 37.0675 20.8416 10.5557
      vertex 35.4092 21.8999 10.5557
      vertex 36.3906 19.3245 11.5935
    endloop
  endfacet
  facet normal -0.244462 0.165674 0.955401
    outer loop
      vertex 24.6833 11.8804 13.9687
      vertex 22.507 12.4406 13.3147
      vertex 24.0348 10.9235 13.9687
    endloop
  endfacet
  facet normal -0.0732652 0.0192114 0.997127
    outer loop
      vertex 26.9359 6.64247 14.8079
      vertex 26.7965 6.11085 14.8079
      vertex 28.9728 5.55063 14.9786
    endloop
  endfacet
  facet normal 0.404759 0.0622083 0.912305
    outer loop
      vertex 40.8269 8.75433 12.5184
      vertex 39.1229 8.16343 13.3147
      vertex 39.3639 6.59536 13.3147
    endloop
  endfacet
  facet normal 0.105561 0.240291 0.964944
    outer loop
      vertex 32.4445 16.8061 13.3147
      vertex 31.946 14.3988 13.9687
      vertex 33.6143 16.2922 13.3147
    endloop
  endfacet
  facet normal -0.387378 0.881767 0.269118
    outer loop
      vertex 25.6095 26.2049 5.65403
      vertex 23.5083 25.2818 5.65403
      vertex 23.6194 24.9348 6.9509
    endloop
  endfacet
  facet normal -0.632592 0.731549 -0.25429
    outer loop
      vertex 19.8499 22.1184 3.0491
      vertex 19.6732 22.4164 4.34597
      vertex 21.6633 23.6865 3.0491
    endloop
  endfacet
  facet normal -0.501076 0.441495 0.744315
    outer loop
      vertex 21.3952 19.5123 10.5557
      vertex 19.2189 18.9521 9.42289
      vertex 20.0051 17.9346 10.5557
    endloop
  endfacet
  facet normal -0.473706 0.321027 0.820088
    outer loop
      vertex 20.0051 17.9346 10.5557
      vertex 18.786 16.1357 10.5557
      vertex 20.9623 16.6959 11.5935
    endloop
  endfacet
  facet normal 0.0625967 0.737679 0.672243
    outer loop
      vertex 30 25.8325 8.21439
      vertex 30 24.7312 9.42289
      vertex 32.1012 25.6542 8.21439
    endloop
  endfacet
  facet normal -0.470817 0.73769 0.483886
    outer loop
      vertex 23.8396 24.2467 8.21439
      vertex 21.6633 23.6865 6.9509
      vertex 21.9511 23.0414 8.21439
    endloop
  endfacet
  facet normal -0.0728777 0.859175 0.506465
    outer loop
      vertex 30 26.5773 6.9509
      vertex 27.8237 26.3927 6.9509
      vertex 30 25.8325 8.21439
    endloop
  endfacet
  facet normal 0.290156 0.110568 0.950571
    outer loop
      vertex 38.1793 11.1113 13.3147
      vertex 36.5116 9.86518 13.9687
      vertex 36.9466 8.72364 13.9687
    endloop
  endfacet
  facet normal 0.236728 0.0119849 0.971502
    outer loop
      vertex 37.4546 6.27007 13.9687
      vertex 35.4645 5 14.4693
      vertex 37.5189 5 13.9687
    endloop
  endfacet
  facet normal 0.506836 -0.0256716 0.86166
    outer loop
      vertex 41.2089 5 12.5184
      vertex 41.113 3.10664 12.5184
      vertex 42.7813 5 11.5935
    endloop
  endfacet
  facet normal 0.608129 0.0307932 0.79324
    outer loop
      vertex 44.0141 7.38763 10.5557
      vertex 42.7813 5 11.5935
      vertex 44.135 5 10.5557
    endloop
  endfacet
  facet normal 0.460142 0.175363 0.870354
    outer loop
      vertex 41.0689 13.2702 11.5935
      vertex 39.7072 12.2528 12.5184
      vertex 41.8084 11.3298 11.5935
    endloop
  endfacet
  facet normal 0.34511 0.304092 0.887934
    outer loop
      vertex 39.0377 16.6959 11.5935
      vertex 36.8235 16.5081 12.5184
      vertex 37.9259 15.257 12.5184
    endloop
  endfacet
  facet normal 0.613839 0.316963 0.723005
    outer loop
      vertex 43.2041 14.8656 9.42289
      vertex 41.214 16.1357 10.5557
      vertex 42.2413 14.1462 10.5557
    endloop
  endfacet
  facet normal 0.753986 0.287321 0.590721
    outer loop
      vertex 43.9411 15.4162 8.21439
      vertex 43.2041 14.8656 9.42289
      vertex 44.0862 12.5508 9.42289
    endloop
  endfacet
  facet normal 0.974661 0.049355 0.218175
    outer loop
      vertex 46.8185 7.86543 5.65403
      vertex 46.6733 5 6.9509
      vertex 46.9636 5 5.65403
    endloop
  endfacet
  facet normal 0.81693 0.0413696 0.575251
    outer loop
      vertex 45.9601 7.71918 8.21439
      vertex 45.1164 7.57544 9.42289
      vertex 46.0978 5 8.21439
    endloop
  endfacet
  facet normal 0.964267 0.148217 0.219593
    outer loop
      vertex 46.8185 7.86543 5.65403
      vertex 46.1052 10.5846 6.9509
      vertex 46.5307 7.8164 6.9509
    endloop
  endfacet
  facet normal 0.305759 0.0801993 -0.948725
    outer loop
      vertex 39.1229 8.16343 -3.3147
      vertex 36.9466 8.72364 -3.96873
      vertex 38.7258 9.67737 -3.3147
    endloop
  endfacet
  facet normal 0.806636 0.12399 -0.577897
    outer loop
      vertex 45.1164 7.57544 0.577112
      vertex 44.7273 10.1068 0.577112
      vertex 45.9601 7.71918 1.7856
    endloop
  endfacet
  facet normal 0.0831879 0.323176 -0.942675
    outer loop
      vertex 32.4445 16.8061 -3.3147
      vertex 31.2328 17.118 -3.3147
      vertex 32.9011 19.0113 -2.5184
    endloop
  endfacet
  facet normal 0.39073 0.264794 -0.881598
    outer loop
      vertex 40.1401 15.0692 -1.59346
      vertex 37.9259 15.257 -2.5184
      vertex 39.0377 16.6959 -1.59346
    endloop
  endfacet
  facet normal 0.864289 0.446213 -0.23216
    outer loop
      vertex 44.4395 15.7886 3.0491
      vertex 43.2279 18.1354 3.0491
      vertex 44.6909 15.9764 4.34597
    endloop
  endfacet
  facet normal 0.562889 0.381448 -0.733249
    outer loop
      vertex 41.214 16.1357 -0.555702
      vertex 40.7811 18.9521 0.577112
      vertex 42.0961 17.0116 0.577112
    endloop
  endfacet
  facet normal 0.65407 0.249246 -0.714191
    outer loop
      vertex 44.0862 12.5508 0.577112
      vertex 42.2413 14.1462 -0.555702
      vertex 43.2041 14.8656 0.577112
    endloop
  endfacet
  facet normal 0.654731 0.443686 -0.611939
    outer loop
      vertex 42.0961 17.0116 0.577112
      vertex 40.7811 18.9521 0.577112
      vertex 42.7713 17.682 1.7856
    endloop
  endfacet
  facet normal 0.254272 0.578832 -0.77479
    outer loop
      vertex 35.4092 21.8999 -0.555702
      vertex 33.6584 22.669 -0.555702
      vertex 35.8347 23.2293 0.577112
    endloop
  endfacet
  facet normal 0.51914 0.813497 -0.262137
    outer loop
      vertex 38.3367 23.6865 3.0491
      vertex 36.4917 25.2818 4.34597
      vertex 38.4818 24.0118 4.34597
    endloop
  endfacet
  facet normal 0.419839 0.369917 -0.828792
    outer loop
      vertex 39.0377 16.6959 -1.59346
      vertex 38.6048 19.5123 -0.555702
      vertex 39.9949 17.9346 -0.555702
    endloop
  endfacet
  facet normal 0.234577 0.271295 -0.933473
    outer loop
      vertex 36.8235 16.5081 -2.5184
      vertex 34.7223 15.585 -3.3147
      vertex 35.6044 17.5622 -2.5184
    endloop
  endfacet
  facet normal 0.586012 0.516346 0.624481
    outer loop
      vertex 39.7997 21.5275 8.21439
      vertex 39.2817 20.6538 9.42289
      vertex 40.7811 18.9521 9.42289
    endloop
  endfacet
  facet normal 0.710523 0.36685 0.600481
    outer loop
      vertex 42.7713 17.682 8.21439
      vertex 42.0961 17.0116 9.42289
      vertex 43.2041 14.8656 9.42289
    endloop
  endfacet
  facet normal 0.727183 0.640731 -0.246309
    outer loop
      vertex 41.9951 20.523 4.34597
      vertex 40.1501 22.1184 3.0491
      vertex 40.3268 22.4164 4.34597
    endloop
  endfacet
  facet normal 0.666461 0.587209 -0.459365
    outer loop
      vertex 41.3829 19.7308 1.7856
      vertex 40.1501 22.1184 3.0491
      vertex 41.7898 20.2574 3.0491
    endloop
  endfacet
  facet normal 0.803884 0.54476 0.23876
    outer loop
      vertex 43.4581 18.3641 5.65403
      vertex 41.9951 20.523 5.65403
      vertex 43.2279 18.1354 6.9509
    endloop
  endfacet
  facet normal 0.934452 0.356089 0
    outer loop
      vertex 45.6723 13.401 5.65403
      vertex 44.6909 15.9764 4.34597
      vertex 44.6909 15.9764 5.65403
    endloop
  endfacet
  facet normal 0.934452 0.356089 0
    outer loop
      vertex 44.6909 15.9764 4.34597
      vertex 45.6723 13.401 5.65403
      vertex 45.6723 13.401 4.34597
    endloop
  endfacet
  facet normal -0.0523957 0.617729 -0.784643
    outer loop
      vertex 28.155 23.1358 -0.555702
      vertex 28.0099 24.5624 0.577112
      vertex 30 24.7312 0.577112
    endloop
  endfacet
  facet normal -0.128454 0.499012 -0.857022
    outer loop
      vertex 28.3317 21.399 -1.59346
      vertex 26.3416 22.669 -0.555702
      vertex 28.155 23.1358 -0.555702
    endloop
  endfacet
  facet normal 0.215563 0.837434 -0.502231
    outer loop
      vertex 34.1664 25.1226 1.7856
      vertex 32.1012 25.6542 1.7856
      vertex 34.3154 25.842 3.0491
    endloop
  endfacet
  facet normal -0.387342 0.881766 -0.269173
    outer loop
      vertex 25.6846 25.842 3.0491
      vertex 23.6194 24.9348 3.0491
      vertex 25.6095 26.2049 4.34597
    endloop
  endfacet
  facet normal 0.0523983 0.617731 -0.784642
    outer loop
      vertex 31.845 23.1358 -0.555702
      vertex 30 23.2923 -0.555702
      vertex 30 24.7312 0.577112
    endloop
  endfacet
  facet normal -0.0831879 0.323176 -0.942675
    outer loop
      vertex 27.5555 16.8061 -3.3147
      vertex 27.0989 19.0113 -2.5184
      vertex 28.7672 17.118 -3.3147
    endloop
  endfacet
  facet normal 0.128457 0.499008 -0.857024
    outer loop
      vertex 33.308 20.9769 -1.59346
      vertex 31.6683 21.399 -1.59346
      vertex 33.6584 22.669 -0.555702
    endloop
  endfacet
  facet normal 0.292832 0.338669 -0.894177
    outer loop
      vertex 36.8235 16.5081 -2.5184
      vertex 35.6044 17.5622 -2.5184
      vertex 36.3906 19.3245 -1.59346
    endloop
  endfacet
  facet normal 0.103171 0.0909065 0.990501
    outer loop
      vertex 33.3266 10.6103 14.4693
      vertex 32.3451 8.03489 14.8079
      vertex 33.864 10.0004 14.4693
    endloop
  endfacet
  facet normal 0.14497 0.227137 0.963012
    outer loop
      vertex 33.6143 16.2922 13.3147
      vertex 32.8774 13.9897 13.9687
      vertex 33.7595 13.4267 13.9687
    endloop
  endfacet
  facet normal -0.104428 -0.405662 0.908038
    outer loop
      vertex 27.0989 -9.01134 12.5184
      vertex 26.692 -10.9769 11.5935
      vertex 28.3317 -11.399 11.5935
    endloop
  endfacet
  facet normal -0.144958 -0.227142 0.963013
    outer loop
      vertex 27.1226 -3.98967 13.9687
      vertex 26.2405 -3.42673 13.9687
      vertex 26.3857 -6.29216 13.3147
    endloop
  endfacet
  facet normal -0.581417 -0.152507 -0.799185
    outer loop
      vertex 18.1916 -1.32977 -1.59346
      vertex 16.941 -2.00017 -0.555702
      vertex 17.6542 0.719009 -1.59346
    endloop
  endfacet
  facet normal -0.740286 -0.501702 0.447517
    outer loop
      vertex 18.6171 -9.73077 8.21439
      vertex 16.7721 -8.13541 6.9509
      vertex 18.2102 -10.2574 6.9509
    endloop
  endfacet
  facet normal -0.554576 -0.211314 0.804855
    outer loop
      vertex 18.9311 -3.27024 11.5935
      vertex 16.941 -2.00017 10.5557
      vertex 17.7587 -4.14616 10.5557
    endloop
  endfacet
  facet normal -0.785813 -0.206132 0.583102
    outer loop
      vertex 15.2727 -0.10681 9.42289
      vertex 15.1276 -2.97224 8.21439
      vertex 15.9138 -2.5508 9.42289
    endloop
  endfacet
  facet normal -0.803889 -0.544758 -0.238748
    outer loop
      vertex 18.0049 -10.523 4.34597
      vertex 16.5419 -8.36408 4.34597
      vertex 16.7721 -8.13541 3.0491
    endloop
  endfacet
  facet normal -0.943039 -0.24738 -0.222442
    outer loop
      vertex 14.3277 -3.40101 4.34597
      vertex 13.6144 -0.681828 4.34597
      vertex 13.8948 -0.58461 3.0491
    endloop
  endfacet
  facet normal -0.964266 0.148216 -0.219596
    outer loop
      vertex 13.8948 10.5846 3.0491
      vertex 13.1815 7.86543 4.34597
      vertex 13.6144 10.6818 4.34597
    endloop
  endfacet
  facet normal -0.518655 -0.267781 -0.811967
    outer loop
      vertex 19.8599 -5.0692 -1.59346
      vertex 17.7587 -4.14616 -0.555702
      vertex 18.9311 -3.27024 -1.59346
    endloop
  endfacet
  facet normal -0.586015 -0.51634 -0.624484
    outer loop
      vertex 20.2003 -11.5275 1.7856
      vertex 19.2189 -8.95207 0.577112
      vertex 20.7183 -10.6538 0.577112
    endloop
  endfacet
  facet normal -0.32152 0.0162776 0.946763
    outer loop
      vertex 22.5454 6.27007 13.9687
      vertex 20.5553 5 13.3147
      vertex 22.4811 5 13.9687
    endloop
  endfacet
  facet normal -0.806639 0.12399 0.577893
    outer loop
      vertex 15.2727 10.1068 9.42289
      vertex 14.0399 7.71918 8.21439
      vertex 14.8836 7.57544 9.42289
    endloop
  endfacet
  facet normal -0.429184 0.221582 0.875616
    outer loop
      vertex 19.8599 15.0692 11.5935
      vertex 18.9311 13.2702 11.5935
      vertex 20.2928 12.2528 12.5184
    endloop
  endfacet
  facet normal -0.581433 0.152509 0.799173
    outer loop
      vertex 18.1916 11.3298 11.5935
      vertex 16.941 12.0002 10.5557
      vertex 17.6542 9.28099 11.5935
    endloop
  endfacet
  facet normal -0.844512 0.321806 0.428067
    outer loop
      vertex 16.0589 15.4162 8.21439
      vertex 14.5958 13.2573 6.9509
      vertex 15.1276 12.9722 8.21439
    endloop
  endfacet
  facet normal -0.91012 0.346855 0.226656
    outer loop
      vertex 15.3091 15.9764 5.65403
      vertex 14.5958 13.2573 6.9509
      vertex 15.5605 15.7886 6.9509
    endloop
  endfacet
  facet normal -0.710523 0.36685 0.600481
    outer loop
      vertex 17.2287 17.682 8.21439
      vertex 16.7959 14.8656 9.42289
      vertex 17.9039 17.0116 9.42289
    endloop
  endfacet
  facet normal -0.654734 0.44369 0.611933
    outer loop
      vertex 18.6171 19.7308 8.21439
      vertex 17.2287 17.682 8.21439
      vertex 19.2189 18.9521 9.42289
    endloop
  endfacet
  facet normal -0.710542 0.366843 -0.600464
    outer loop
      vertex 16.7959 14.8656 0.577112
      vertex 16.0589 15.4162 1.7856
      vertex 17.2287 17.682 1.7856
    endloop
  endfacet
  facet normal -0.519139 0.813497 0.262139
    outer loop
      vertex 23.5083 25.2818 5.65403
      vertex 21.6633 23.6865 6.9509
      vertex 23.6194 24.9348 6.9509
    endloop
  endfacet
  facet normal -0.864288 0.446243 0.232109
    outer loop
      vertex 16.5419 18.3641 5.65403
      vertex 15.3091 15.9764 5.65403
      vertex 16.7721 18.1354 6.9509
    endloop
  endfacet
  facet normal -0.934452 0.356089 0
    outer loop
      vertex 14.3277 13.401 4.34597
      vertex 15.3091 15.9764 5.65403
      vertex 15.3091 15.9764 4.34597
    endloop
  endfacet
  facet normal -0.934452 0.356089 0
    outer loop
      vertex 15.3091 15.9764 5.65403
      vertex 14.3277 13.401 4.34597
      vertex 14.3277 13.401 5.65403
    endloop
  endfacet
  facet normal -0.864289 0.446213 -0.23216
    outer loop
      vertex 15.5605 15.7886 3.0491
      vertex 15.3091 15.9764 4.34597
      vertex 16.7721 18.1354 3.0491
    endloop
  endfacet
  facet normal -0.713225 0.0361149 0.700004
    outer loop
      vertex 15.9859 7.38763 10.5557
      vertex 14.8836 7.57544 9.42289
      vertex 15.865 5 10.5557
    endloop
  endfacet
  facet normal -0.89861 0.138123 0.41644
    outer loop
      vertex 14.4507 10.3918 8.21439
      vertex 13.8948 10.5846 6.9509
      vertex 14.0399 7.71918 8.21439
    endloop
  endfacet
  facet normal -0.806635 -0.123984 0.5779
    outer loop
      vertex 15.2727 -0.10681 9.42289
      vertex 14.0399 2.28082 8.21439
      vertex 14.4507 -0.391838 8.21439
    endloop
  endfacet
  facet normal -0.713229 -0.0361123 0.700001
    outer loop
      vertex 15.865 5 10.5557
      vertex 14.7532 5 9.42289
      vertex 14.8836 2.42456 9.42289
    endloop
  endfacet
  facet normal -0.844513 0.321806 -0.428064
    outer loop
      vertex 15.1276 12.9722 1.7856
      vertex 14.5958 13.2573 3.0491
      vertex 16.0589 15.4162 1.7856
    endloop
  endfacet
  facet normal -0.898611 0.138123 -0.416437
    outer loop
      vertex 14.0399 7.71918 1.7856
      vertex 13.8948 10.5846 3.0491
      vertex 14.4507 10.3918 1.7856
    endloop
  endfacet
  facet normal 0.519139 -0.813497 -0.262139
    outer loop
      vertex 36.4917 -15.2818 4.34597
      vertex 36.3806 -14.9348 3.0491
      vertex 38.3367 -13.6865 3.0491
    endloop
  endfacet
  facet normal 0.666457 -0.587205 -0.459376
    outer loop
      vertex 41.7898 -10.2574 3.0491
      vertex 40.1501 -12.1184 3.0491
      vertex 41.3829 -9.73077 1.7856
    endloop
  endfacet
  facet normal -0.799263 -0.412653 -0.436917
    outer loop
      vertex 16.7721 -8.13541 3.0491
      vertex 16.0589 -5.41623 1.7856
      vertex 17.2287 -7.682 1.7856
    endloop
  endfacet
  facet normal 0.0729046 -0.859154 -0.506498
    outer loop
      vertex 32.1763 -16.3927 3.0491
      vertex 30 -15.8325 1.7856
      vertex 32.1012 -15.6542 1.7856
    endloop
  endfacet
  facet normal -0.349605 -0.79586 -0.494352
    outer loop
      vertex 25.6846 -15.842 3.0491
      vertex 23.6194 -14.9348 3.0491
      vertex 23.8396 -14.2467 1.7856
    endloop
  endfacet
  facet normal -0.0729046 -0.859154 -0.506498
    outer loop
      vertex 30 -15.8325 1.7856
      vertex 27.8237 -16.3927 3.0491
      vertex 27.8988 -15.6542 1.7856
    endloop
  endfacet
  facet normal 0.411311 -0.0208332 -0.911257
    outer loop
      vertex 41.113 3.10664 -2.5184
      vertex 39.4447 5 -3.3147
      vertex 41.2089 5 -2.5184
    endloop
  endfacet
  facet normal 0.29015 -0.110584 -0.95057
    outer loop
      vertex 38.1793 -1.11127 -3.3147
      vertex 36.9466 1.27636 -3.96873
      vertex 38.7258 0.322634 -3.3147
    endloop
  endfacet
  facet normal 0.15741 -0.138707 -0.977744
    outer loop
      vertex 34.5772 -2.71961 -3.96873
      vertex 33.3266 -0.610332 -4.4693
      vertex 35.3167 -1.8804 -3.96873
    endloop
  endfacet
  facet normal -0.153052 0.0235431 -0.987938
    outer loop
      vertex 26.7118 5.56022 -4.80785
      vertex 24.5823 5.92304 -4.4693
      vertex 26.7965 6.11085 -4.80785
    endloop
  endfacet
  facet normal 0.0510601 0.0449813 -0.997682
    outer loop
      vertex 32.3451 8.03489 -4.80785
      vertex 30.6769 6.14153 -4.97859
      vertex 32.019 8.40506 -4.80785
    endloop
  endfacet
  facet normal 0.290168 0.110572 -0.950566
    outer loop
      vertex 36.9466 8.72364 -3.96873
      vertex 36.5116 9.86518 -3.96873
      vertex 38.1793 11.1113 -3.3147
    endloop
  endfacet
  facet normal -0.654066 -0.249245 -0.714196
    outer loop
      vertex 16.7959 -4.8656 0.577112
      vertex 15.9138 -2.5508 0.577112
      vertex 17.7587 -4.14616 -0.555702
    endloop
  endfacet
  facet normal -0.345901 -0.54197 -0.765912
    outer loop
      vertex 24.1653 -13.2293 0.577112
      vertex 22.3766 -12.0877 0.577112
      vertex 22.9325 -10.8416 -0.555702
    endloop
  endfacet
  facet normal -0.727183 -0.640731 -0.246309
    outer loop
      vertex 19.6732 -12.4164 4.34597
      vertex 18.0049 -10.523 4.34597
      vertex 19.8499 -12.1184 3.0491
    endloop
  endfacet
  facet normal -0.473695 -0.321007 -0.820102
    outer loop
      vertex 20.0051 -7.93463 -0.555702
      vertex 18.786 -6.13566 -0.555702
      vertex 20.9623 -6.69588 -1.59346
    endloop
  endfacet
  facet normal -0.314581 -0.213174 -0.924984
    outer loop
      vertex 22.0741 -5.25701 -2.5184
      vertex 21.1074 -3.83045 -2.5184
      vertex 22.507 -2.44061 -3.3147
    endloop
  endfacet
  facet normal -0.909073 -0.0460605 -0.414084
    outer loop
      vertex 13.4693 2.1836 3.0491
      vertex 13.3266 5 3.0491
      vertex 14.0399 2.28082 1.7856
    endloop
  endfacet
  facet normal 0.51914 -0.813497 -0.262137
    outer loop
      vertex 38.4818 -14.0118 4.34597
      vertex 36.4917 -15.2818 4.34597
      vertex 38.3367 -13.6865 3.0491
    endloop
  endfacet
  facet normal 0.0811989 -0.957352 0.277279
    outer loop
      vertex 32.1763 -16.3927 6.9509
      vertex 30 -16.9529 5.65403
      vertex 32.2142 -16.7651 5.65403
    endloop
  endfacet
  facet normal -0.0811989 -0.957352 0.277279
    outer loop
      vertex 27.8237 -16.3927 6.9509
      vertex 27.7858 -16.7651 5.65403
      vertex 30 -16.9529 5.65403
    endloop
  endfacet
  facet normal -0.428543 -0.495591 0.755474
    outer loop
      vertex 21.3952 -9.51228 10.5557
      vertex 20.7183 -10.6538 9.42289
      vertex 22.9325 -10.8416 10.5557
    endloop
  endfacet
  facet normal -0.239713 -0.931253 0.274418
    outer loop
      vertex 27.8237 -16.3927 6.9509
      vertex 25.6095 -16.2049 5.65403
      vertex 27.7858 -16.7651 5.65403
    endloop
  endfacet
  facet normal 0.357456 -0.413382 0.837461
    outer loop
      vertex 38.6048 -9.51228 10.5557
      vertex 36.3906 -9.32447 11.5935
      vertex 37.0675 -10.8416 10.5557
    endloop
  endfacet
  facet normal -0.740285 -0.501673 0.447552
    outer loop
      vertex 17.2287 -7.682 8.21439
      vertex 16.7721 -8.13541 6.9509
      vertex 18.6171 -9.73077 8.21439
    endloop
  endfacet
  facet normal -0.727188 -0.640715 0.246336
    outer loop
      vertex 18.2102 -10.2574 6.9509
      vertex 18.0049 -10.523 5.65403
      vertex 19.8499 -12.1184 6.9509
    endloop
  endfacet
  facet normal -0.710538 -0.366846 0.600466
    outer loop
      vertex 16.7959 -4.8656 9.42289
      vertex 16.0589 -5.41623 8.21439
      vertex 17.2287 -7.682 8.21439
    endloop
  endfacet
  facet normal -0.799261 -0.412653 0.43692
    outer loop
      vertex 17.2287 -7.682 8.21439
      vertex 16.0589 -5.41623 8.21439
      vertex 16.7721 -8.13541 6.9509
    endloop
  endfacet
  facet normal -0.345109 -0.30409 0.887935
    outer loop
      vertex 23.1765 -6.50807 12.5184
      vertex 20.9623 -6.69588 11.5935
      vertex 22.2193 -8.12244 11.5935
    endloop
  endfacet
  facet normal -0.140087 -0.0533757 0.988699
    outer loop
      vertex 27.1278 2.85401 14.8079
      vertex 24.9515 2.29379 14.4693
      vertex 25.2676 1.46417 14.4693
    endloop
  endfacet
  facet normal -0.187518 -0.293822 0.937286
    outer loop
      vertex 26.3857 -6.29216 13.3147
      vertex 25.2777 -5.58503 13.3147
      vertex 25.7105 -8.40143 12.5184
    endloop
  endfacet
  facet normal -0.132846 -0.153621 0.979159
    outer loop
      vertex 26.6734 -0.610332 14.4693
      vertex 25.4228 -2.71961 13.9687
      vertex 26.2405 -3.42673 13.9687
    endloop
  endfacet
  facet normal -0.0693956 -0.0264478 0.997239
    outer loop
      vertex 28.9728 4.44937 14.9786
      vertex 26.9359 3.35753 14.8079
      vertex 27.1278 2.85401 14.8079
    endloop
  endfacet
  facet normal -0.0771934 -0.00389949 0.997009
    outer loop
      vertex 28.8977 4.81219 14.9786
      vertex 26.6835 5 14.8079
      vertex 26.7118 4.43978 14.8079
    endloop
  endfacet
  facet normal -0.236718 0.0120021 0.971504
    outer loop
      vertex 24.5823 5.92304 14.4693
      vertex 22.5454 6.27007 13.9687
      vertex 24.5355 5 14.4693
    endloop
  endfacet
  facet normal -0.32152 -0.0162776 0.946763
    outer loop
      vertex 22.4811 5 13.9687
      vertex 20.5553 5 13.3147
      vertex 22.5454 3.72993 13.9687
    endloop
  endfacet
  facet normal -0.37213 -0.141811 0.917284
    outer loop
      vertex 21.2742 0.322634 13.3147
      vertex 19.6443 -0.551055 12.5184
      vertex 20.2928 -2.2528 12.5184
    endloop
  endfacet
  facet normal -0.234585 -0.271292 0.933472
    outer loop
      vertex 25.2777 -5.58503 13.3147
      vertex 23.1765 -6.50807 12.5184
      vertex 24.3956 -7.56222 12.5184
    endloop
  endfacet
  facet normal -0.499018 -0.0767176 0.863189
    outer loop
      vertex 18.887 3.10664 12.5184
      vertex 17.6542 0.719009 11.5935
      vertex 19.1731 1.24567 12.5184
    endloop
  endfacet
  facet normal -0.483475 -0.126794 0.866127
    outer loop
      vertex 19.1731 1.24567 12.5184
      vertex 18.1916 -1.32977 11.5935
      vertex 19.6443 -0.551055 12.5184
    endloop
  endfacet
  facet normal -0.0692959 0.10855 -0.991673
    outer loop
      vertex 28.7308 8.96528 -4.80785
      vertex 27.2678 11.1242 -4.4693
      vertex 27.9088 11.5334 -4.4693
    endloop
  endfacet
  facet normal 0.0157028 0.185003 -0.982613
    outer loop
      vertex 30.9814 14.6471 -3.96873
      vertex 30 12.0717 -4.4693
      vertex 30 14.7304 -3.96873
    endloop
  endfacet
  facet normal 0.234578 -0.271306 -0.93347
    outer loop
      vertex 36.8235 -6.50807 -2.5184
      vertex 34.7223 -5.58503 -3.3147
      vertex 35.7496 -4.6968 -3.3147
    endloop
  endfacet
  facet normal 0.898609 -0.138125 -0.416442
    outer loop
      vertex 46.1052 -0.58461 3.0491
      vertex 45.9601 2.28082 1.7856
      vertex 46.5307 2.1836 3.0491
    endloop
  endfacet
  facet normal 0.499071 -0.0766943 -0.863161
    outer loop
      vertex 42.3458 0.719009 -1.59346
      vertex 41.113 3.10664 -2.5184
      vertex 42.6719 2.84103 -1.59346
    endloop
  endfacet
  facet normal 0.99872 -0.0505733 0
    outer loop
      vertex 46.8185 2.13457 5.65403
      vertex 46.9636 5 4.34597
      vertex 46.9636 5 5.65403
    endloop
  endfacet
  facet normal 0.99872 -0.0505733 0
    outer loop
      vertex 46.9636 5 4.34597
      vertex 46.8185 2.13457 5.65403
      vertex 46.8185 2.13457 4.34597
    endloop
  endfacet
  facet normal 0.844518 -0.321809 0.428052
    outer loop
      vertex 44.8724 -2.97224 8.21439
      vertex 43.9411 -5.41623 8.21439
      vertex 45.4042 -3.25727 6.9509
    endloop
  endfacet
  facet normal 0.91012 0.346855 -0.226656
    outer loop
      vertex 45.4042 13.2573 3.0491
      vertex 44.4395 15.7886 3.0491
      vertex 44.6909 15.9764 4.34597
    endloop
  endfacet
  facet normal 0.499035 0.0767201 -0.863179
    outer loop
      vertex 41.113 6.89336 -2.5184
      vertex 40.8269 8.75433 -2.5184
      vertex 42.3458 9.28099 -1.59346
    endloop
  endfacet
  facet normal 0.864288 0.446243 -0.232109
    outer loop
      vertex 44.6909 15.9764 4.34597
      vertex 43.2279 18.1354 3.0491
      vertex 43.4581 18.3641 4.34597
    endloop
  endfacet
  facet normal 0.654058 0.249219 -0.714211
    outer loop
      vertex 43.059 12.0002 -0.555702
      vertex 42.2413 14.1462 -0.555702
      vertex 44.0862 12.5508 0.577112
    endloop
  endfacet
  facet normal 0.806632 -0.123983 -0.577904
    outer loop
      vertex 45.5493 -0.391838 1.7856
      vertex 44.7273 -0.10681 0.577112
      vertex 45.9601 2.28082 1.7856
    endloop
  endfacet
  facet normal 0.683826 -0.179364 -0.707256
    outer loop
      vertex 44.0862 -2.5508 0.577112
      vertex 43.059 -2.00017 -0.555702
      vertex 43.6533 0.265595 -0.555702
    endloop
  endfacet
  facet normal 0.613835 -0.316961 -0.723009
    outer loop
      vertex 43.2041 -4.8656 0.577112
      vertex 41.214 -6.13566 -0.555702
      vertex 42.2413 -4.14616 -0.555702
    endloop
  endfacet
  facet normal 0.898613 -0.138121 -0.416434
    outer loop
      vertex 46.1052 -0.58461 3.0491
      vertex 45.5493 -0.391838 1.7856
      vertex 45.9601 2.28082 1.7856
    endloop
  endfacet
  facet normal 0.753992 -0.287314 -0.590717
    outer loop
      vertex 44.8724 -2.97224 1.7856
      vertex 43.9411 -5.41623 1.7856
      vertex 44.0862 -2.5508 0.577112
    endloop
  endfacet
  facet normal 0.562884 -0.381447 -0.733253
    outer loop
      vertex 40.7811 -8.95207 0.577112
      vertex 39.9949 -7.93463 -0.555702
      vertex 41.214 -6.13566 -0.555702
    endloop
  endfacet
  facet normal 0.613826 -0.316926 -0.723032
    outer loop
      vertex 42.0961 -7.01159 0.577112
      vertex 41.214 -6.13566 -0.555702
      vertex 43.2041 -4.8656 0.577112
    endloop
  endfacet
  facet normal 0.740287 -0.501702 -0.447514
    outer loop
      vertex 41.7898 -10.2574 3.0491
      vertex 41.3829 -9.73077 1.7856
      vertex 43.2279 -8.13541 3.0491
    endloop
  endfacet
  facet normal 0.727188 -0.640715 -0.246336
    outer loop
      vertex 41.9951 -10.523 4.34597
      vertex 40.1501 -12.1184 3.0491
      vertex 41.7898 -10.2574 3.0491
    endloop
  endfacet
  facet normal 0.302042 -0.687603 -0.660282
    outer loop
      vertex 36.1604 -14.2467 1.7856
      vertex 34.1664 -15.1226 1.7856
      vertex 35.8347 -13.2293 0.577112
    endloop
  endfacet
  facet normal 0.470818 -0.737691 -0.483883
    outer loop
      vertex 38.3367 -13.6865 3.0491
      vertex 36.1604 -14.2467 1.7856
      vertex 38.0489 -13.0414 1.7856
    endloop
  endfacet
  facet normal 0.503984 -0.582849 -0.637407
    outer loop
      vertex 39.7997 -11.5275 1.7856
      vertex 38.0489 -13.0414 1.7856
      vertex 39.2817 -10.6538 0.577112
    endloop
  endfacet
  facet normal 0.503978 -0.582848 -0.637412
    outer loop
      vertex 38.0489 -13.0414 1.7856
      vertex 37.6234 -12.0877 0.577112
      vertex 39.2817 -10.6538 0.577112
    endloop
  endfacet
  facet normal 0.727183 -0.640731 0.246309
    outer loop
      vertex 41.9951 -10.523 5.65403
      vertex 40.1501 -12.1184 6.9509
      vertex 40.3268 -12.4164 5.65403
    endloop
  endfacet
  facet normal 0.740285 -0.501673 0.447552
    outer loop
      vertex 42.7713 -7.682 8.21439
      vertex 41.3829 -9.73077 8.21439
      vertex 43.2279 -8.13541 6.9509
    endloop
  endfacet
  facet normal 0.666455 -0.587204 0.459378
    outer loop
      vertex 41.3829 -9.73077 8.21439
      vertex 40.1501 -12.1184 6.9509
      vertex 41.7898 -10.2574 6.9509
    endloop
  endfacet
  facet normal 0.750299 -0.661099 0
    outer loop
      vertex 40.3268 -12.4164 5.65403
      vertex 41.9951 -10.523 4.34597
      vertex 41.9951 -10.523 5.65403
    endloop
  endfacet
  facet normal 0.750299 -0.661099 0
    outer loop
      vertex 41.9951 -10.523 4.34597
      vertex 40.3268 -12.4164 5.65403
      vertex 40.3268 -12.4164 4.34597
    endloop
  endfacet
  facet normal 0.888549 -0.458782 0
    outer loop
      vertex 43.4581 -8.36408 5.65403
      vertex 44.6909 -5.97645 4.34597
      vertex 44.6909 -5.97645 5.65403
    endloop
  endfacet
  facet normal 0.888549 -0.458782 0
    outer loop
      vertex 44.6909 -5.97645 4.34597
      vertex 43.4581 -8.36408 5.65403
      vertex 43.4581 -8.36408 4.34597
    endloop
  endfacet
  facet normal 0.964267 -0.148217 0.219593
    outer loop
      vertex 46.5307 2.1836 6.9509
      vertex 46.1052 -0.58461 6.9509
      vertex 46.8185 2.13457 5.65403
    endloop
  endfacet
  facet normal 0.654064 -0.249244 0.714197
    outer loop
      vertex 44.0862 -2.5508 9.42289
      vertex 42.2413 -4.14616 10.5557
      vertex 43.2041 -4.8656 9.42289
    endloop
  endfacet
  facet normal 0.710538 -0.366846 0.600466
    outer loop
      vertex 43.2041 -4.8656 9.42289
      vertex 42.7713 -7.682 8.21439
      vertex 43.9411 -5.41623 8.21439
    endloop
  endfacet
  facet normal 0.683806 0.179373 0.707273
    outer loop
      vertex 44.0862 12.5508 9.42289
      vertex 43.6533 9.7344 10.5557
      vertex 44.7273 10.1068 9.42289
    endloop
  endfacet
  facet normal 0.785816 0.206132 0.583097
    outer loop
      vertex 44.8724 12.9722 8.21439
      vertex 44.0862 12.5508 9.42289
      vertex 44.7273 10.1068 9.42289
    endloop
  endfacet
  facet normal 0.70347 0.108132 0.702451
    outer loop
      vertex 44.7273 10.1068 9.42289
      vertex 44.0141 7.38763 10.5557
      vertex 45.1164 7.57544 9.42289
    endloop
  endfacet
  facet normal 0.703442 0.108149 0.702476
    outer loop
      vertex 44.7273 10.1068 9.42289
      vertex 43.6533 9.7344 10.5557
      vertex 44.0141 7.38763 10.5557
    endloop
  endfacet
  facet normal 0.713225 0.0361149 0.700004
    outer loop
      vertex 45.1164 7.57544 9.42289
      vertex 44.0141 7.38763 10.5557
      vertex 44.135 5 10.5557
    endloop
  endfacet
  facet normal 0.713229 -0.0361123 0.700001
    outer loop
      vertex 45.2468 5 9.42289
      vertex 44.135 5 10.5557
      vertex 45.1164 2.42456 9.42289
    endloop
  endfacet
  facet normal 0.740286 -0.501702 0.447517
    outer loop
      vertex 43.2279 -8.13541 6.9509
      vertex 41.3829 -9.73077 8.21439
      vertex 41.7898 -10.2574 6.9509
    endloop
  endfacet
  facet normal 0.964266 -0.148214 0.219597
    outer loop
      vertex 46.8185 2.13457 5.65403
      vertex 46.1052 -0.58461 6.9509
      vertex 46.3856 -0.681828 5.65403
    endloop
  endfacet
  facet normal 0.562882 -0.381447 0.733255
    outer loop
      vertex 41.214 -6.13566 10.5557
      vertex 40.7811 -8.95207 9.42289
      vertex 42.0961 -7.01159 9.42289
    endloop
  endfacet
  facet normal 0.501078 -0.441501 0.74431
    outer loop
      vertex 40.7811 -8.95207 9.42289
      vertex 38.6048 -9.51228 10.5557
      vertex 39.2817 -10.6538 9.42289
    endloop
  endfacet
  facet normal 0.703442 -0.108149 0.702476
    outer loop
      vertex 44.0141 2.61237 10.5557
      vertex 43.6533 0.265595 10.5557
      vertex 44.7273 -0.10681 9.42289
    endloop
  endfacet
  facet normal 0.70347 -0.108131 0.702451
    outer loop
      vertex 45.1164 2.42456 9.42289
      vertex 44.0141 2.61237 10.5557
      vertex 44.7273 -0.10681 9.42289
    endloop
  endfacet
  facet normal 0.506836 0.0256716 0.86166
    outer loop
      vertex 42.7813 5 11.5935
      vertex 41.113 6.89336 12.5184
      vertex 41.2089 5 12.5184
    endloop
  endfacet
  facet normal 0.32152 0.0162776 0.946763
    outer loop
      vertex 39.4447 5 13.3147
      vertex 37.4546 6.27007 13.9687
      vertex 37.5189 5 13.9687
    endloop
  endfacet
  facet normal 0.554576 -0.211314 0.804855
    outer loop
      vertex 43.059 -2.00017 10.5557
      vertex 41.0689 -3.27024 11.5935
      vertex 42.2413 -4.14616 10.5557
    endloop
  endfacet
  facet normal 0.37213 -0.141811 0.917284
    outer loop
      vertex 40.3557 -0.551055 12.5184
      vertex 38.7258 0.322634 13.3147
      vertex 39.7072 -2.2528 12.5184
    endloop
  endfacet
  facet normal 0.55459 -0.21135 0.804836
    outer loop
      vertex 41.8084 -1.32977 11.5935
      vertex 41.0689 -3.27024 11.5935
      vertex 43.059 -2.00017 10.5557
    endloop
  endfacet
  facet normal 0.429157 -0.22159 0.875627
    outer loop
      vertex 39.7072 -2.2528 12.5184
      vertex 38.8926 -3.83045 12.5184
      vertex 40.1401 -5.0692 11.5935
    endloop
  endfacet
  facet normal 0.654054 -0.249218 0.714216
    outer loop
      vertex 43.059 -2.00017 10.5557
      vertex 42.2413 -4.14616 10.5557
      vertex 44.0862 -2.5508 9.42289
    endloop
  endfacet
  facet normal 0.683825 -0.179364 0.707257
    outer loop
      vertex 43.6533 0.265595 10.5557
      vertex 43.059 -2.00017 10.5557
      vertex 44.0862 -2.5508 9.42289
    endloop
  endfacet
  facet normal 0.408981 -0.640803 0.649697
    outer loop
      vertex 38.0489 -13.0414 8.21439
      vertex 35.8347 -13.2293 9.42289
      vertex 36.1604 -14.2467 8.21439
    endloop
  endfacet
  facet normal 0.50398 -0.582851 0.637408
    outer loop
      vertex 39.2817 -10.6538 9.42289
      vertex 37.6234 -12.0877 9.42289
      vertex 38.0489 -13.0414 8.21439
    endloop
  endfacet
  facet normal 0.428543 -0.495591 0.755474
    outer loop
      vertex 38.6048 -9.51228 10.5557
      vertex 37.0675 -10.8416 10.5557
      vertex 39.2817 -10.6538 9.42289
    endloop
  endfacet
  facet normal 0.287289 -0.450166 0.845468
    outer loop
      vertex 36.3906 -9.32447 11.5935
      vertex 35.4092 -11.8999 10.5557
      vertex 37.0675 -10.8416 10.5557
    endloop
  endfacet
  facet normal 0.419828 -0.369928 0.828793
    outer loop
      vertex 39.0377 -6.69588 11.5935
      vertex 37.7807 -8.12244 11.5935
      vertex 38.6048 -9.51228 10.5557
    endloop
  endfacet
  facet normal 0.345109 -0.30409 0.887935
    outer loop
      vertex 39.0377 -6.69588 11.5935
      vertex 36.8235 -6.50807 12.5184
      vertex 37.7807 -8.12244 11.5935
    endloop
  endfacet
  facet normal 0.117566 -0.0796715 0.989864
    outer loop
      vertex 34.3353 0.695041 14.4693
      vertex 32.3451 1.96511 14.8079
      vertex 33.864 -0.000424385 14.4693
    endloop
  endfacet
  facet normal 0.132846 -0.153621 0.979159
    outer loop
      vertex 34.5772 -2.71961 13.9687
      vertex 33.3266 -0.610332 14.4693
      vertex 33.7595 -3.42673 13.9687
    endloop
  endfacet
  facet normal 0.128461 -0.499023 0.857014
    outer loop
      vertex 33.308 -10.9769 11.5935
      vertex 31.6683 -11.399 11.5935
      vertex 33.6584 -12.669 10.5557
    endloop
  endfacet
  facet normal -0.128458 -0.499027 0.857013
    outer loop
      vertex 28.3317 -11.399 11.5935
      vertex 26.3416 -12.669 10.5557
      vertex 28.155 -13.1358 10.5557
    endloop
  endfacet
  facet normal 0.0771973 -0.00394598 0.997008
    outer loop
      vertex 31.1119 5 14.9786
      vertex 31.1023 4.81219 14.9786
      vertex 33.3165 5 14.8079
    endloop
  endfacet
  facet normal 0.0643482 -0.033221 0.997374
    outer loop
      vertex 32.8722 2.85401 14.8079
      vertex 30.9629 4.28057 14.9786
      vertex 32.6312 2.3872 14.8079
    endloop
  endfacet
  facet normal 0.147845 0.0387675 0.98825
    outer loop
      vertex 35.0485 7.70621 14.4693
      vertex 33.0641 6.64247 14.8079
      vertex 33.2035 6.11085 14.8079
    endloop
  endfacet
  facet normal 0.0771973 0.00394598 0.997008
    outer loop
      vertex 33.3165 5 14.8079
      vertex 31.1023 5.18781 14.9786
      vertex 31.1119 5 14.9786
    endloop
  endfacet
  facet normal 0.26961 -0.139227 0.952852
    outer loop
      vertex 36.5116 0.134824 13.9687
      vertex 35.9651 -0.923462 13.9687
      vertex 37.493 -2.44061 13.3147
    endloop
  endfacet
  facet normal 0.391658 -0.102714 0.91436
    outer loop
      vertex 40.8269 1.24567 12.5184
      vertex 38.7258 0.322634 13.3147
      vertex 40.3557 -0.551055 12.5184
    endloop
  endfacet
  facet normal -0.0581899 0.0394375 0.997526
    outer loop
      vertex 29.2138 6.01743 14.9786
      vertex 27.3688 7.6128 14.8079
      vertex 29.1179 5.87593 14.9786
    endloop
  endfacet
  facet normal -0.103184 -0.0909 0.9905
    outer loop
      vertex 27.6549 1.96511 14.8079
      vertex 26.6734 -0.610332 14.4693
      vertex 27.981 1.59494 14.8079
    endloop
  endfacet
  facet normal -0.703471 -0.108131 -0.70245
    outer loop
      vertex 15.2727 -0.10681 0.577112
      vertex 14.8836 2.42456 0.577112
      vertex 15.9859 2.61237 -0.555702
    endloop
  endfacet
  facet normal -0.806636 -0.123989 -0.577897
    outer loop
      vertex 15.2727 -0.10681 0.577112
      vertex 14.0399 2.28082 1.7856
      vertex 14.8836 2.42456 0.577112
    endloop
  endfacet
  facet normal -0.34512 0.304112 -0.887924
    outer loop
      vertex 23.1765 16.5081 -2.5184
      vertex 20.9623 16.6959 -1.59346
      vertex 22.2193 18.1224 -1.59346
    endloop
  endfacet
  facet normal 0.0732756 -0.0192419 -0.997126
    outer loop
      vertex 33.2035 3.88915 -4.80785
      vertex 31.0272 4.44937 -4.97859
      vertex 31.074 4.62759 -4.97859
    endloop
  endfacet
  facet normal 0.0643632 -0.0332288 -0.997373
    outer loop
      vertex 32.6312 2.3872 -4.80785
      vertex 30.9629 4.28057 -4.97859
      vertex 32.8722 2.85401 -4.80785
    endloop
  endfacet
  facet normal 0.117541 -0.0796716 -0.989867
    outer loop
      vertex 34.3353 0.695041 -4.4693
      vertex 32.3451 1.96511 -4.80785
      vertex 32.6312 2.3872 -4.80785
    endloop
  endfacet
  facet normal -0.132812 0.153617 -0.979164
    outer loop
      vertex 26.6734 10.6103 -4.4693
      vertex 26.2405 13.4267 -3.96873
      vertex 27.2678 11.1242 -4.4693
    endloop
  endfacet
  facet normal -0.78581 -0.206131 -0.583106
    outer loop
      vertex 15.9138 -2.5508 0.577112
      vertex 15.1276 -2.97224 1.7856
      vertex 15.2727 -0.10681 0.577112
    endloop
  endfacet
  facet normal -0.419826 -0.369917 -0.828799
    outer loop
      vertex 21.3952 -9.51228 -0.555702
      vertex 20.0051 -7.93463 -0.555702
      vertex 20.9623 -6.69588 -1.59346
    endloop
  endfacet
  facet normal -0.214991 -0.189447 -0.958065
    outer loop
      vertex 25.4228 -2.71961 -3.96873
      vertex 23.3216 -3.64264 -3.3147
      vertex 24.6833 -1.8804 -3.96873
    endloop
  endfacet
  facet normal -0.214992 0.18945 -0.958064
    outer loop
      vertex 24.6833 11.8804 -3.96873
      vertex 23.3216 13.6426 -3.3147
      vertex 25.4228 12.7196 -3.96873
    endloop
  endfacet
  facet normal 0.0694204 -0.0264439 -0.997237
    outer loop
      vertex 32.8722 2.85401 -4.80785
      vertex 30.9629 4.28057 -4.97859
      vertex 31.0272 4.44937 -4.97859
    endloop
  endfacet
  facet normal 0.132839 -0.153612 -0.979161
    outer loop
      vertex 33.7595 -3.42673 -3.96873
      vertex 33.3266 -0.610332 -4.4693
      vertex 34.5772 -2.71961 -3.96873
    endloop
  endfacet
  facet normal 0.181635 -0.210073 -0.960665
    outer loop
      vertex 34.7223 -5.58503 -3.3147
      vertex 34.5772 -2.71961 -3.96873
      vertex 35.7496 -4.6968 -3.3147
    endloop
  endfacet
  facet normal -0.136744 -0.311268 -0.940433
    outer loop
      vertex 27.0989 -9.01134 -2.5184
      vertex 26.3857 -6.29216 -3.3147
      vertex 27.5555 -6.80607 -3.3147
    endloop
  endfacet
  facet normal -0.0869686 -0.10059 -0.99112
    outer loop
      vertex 27.2678 -1.12424 -4.4693
      vertex 26.6734 -0.610332 -4.4693
      vertex 28.3417 1.28303 -4.80785
    endloop
  endfacet
  facet normal -0.214998 -0.189431 -0.958067
    outer loop
      vertex 24.2504 -4.6968 -3.3147
      vertex 23.3216 -3.64264 -3.3147
      vertex 25.4228 -2.71961 -3.96873
    endloop
  endfacet
  facet normal -0.15741 -0.138707 -0.977744
    outer loop
      vertex 25.4228 -2.71961 -3.96873
      vertex 24.6833 -1.8804 -3.96873
      vertex 26.6734 -0.610332 -4.4693
    endloop
  endfacet
  facet normal -0.0467911 -0.181767 -0.982228
    outer loop
      vertex 29.0186 -4.64711 -3.96873
      vertex 28.054 -4.3988 -3.96873
      vertex 28.5857 -1.83071 -4.4693
    endloop
  endfacet
  facet normal 0.105569 -0.240303 -0.96494
    outer loop
      vertex 32.4445 -6.80607 -3.3147
      vertex 31.946 -4.3988 -3.96873
      vertex 33.6143 -6.29216 -3.3147
    endloop
  endfacet
  facet normal -0.0468036 0.181769 -0.982227
    outer loop
      vertex 29.2867 12.0112 -4.4693
      vertex 28.5857 11.8307 -4.4693
      vertex 29.0186 14.6471 -3.96873
    endloop
  endfacet
  facet normal -0.105552 0.240312 -0.96494
    outer loop
      vertex 27.1226 13.9897 -3.96873
      vertex 26.3857 16.2922 -3.3147
      vertex 28.054 14.3988 -3.96873
    endloop
  endfacet
  facet normal -0.0350766 0.413542 -0.909809
    outer loop
      vertex 28.5369 19.3815 -2.5184
      vertex 28.3317 21.399 -1.59346
      vertex 30 19.5056 -2.5184
    endloop
  endfacet
  facet normal -0.171417 0.390206 -0.90463
    outer loop
      vertex 25.7105 18.4014 -2.5184
      vertex 25.1088 20.2814 -1.59346
      vertex 26.692 20.9769 -1.59346
    endloop
  endfacet
  facet normal -0.501077 0.441508 -0.744307
    outer loop
      vertex 21.3952 19.5123 -0.555702
      vertex 19.2189 18.9521 0.577112
      vertex 20.7183 20.6538 0.577112
    endloop
  endfacet
  facet normal -0.345872 0.541964 -0.765929
    outer loop
      vertex 24.5908 21.8999 -0.555702
      vertex 22.9325 20.8416 -0.555702
      vertex 24.1653 23.2293 0.577112
    endloop
  endfacet
  facet normal -0.654731 0.443686 -0.611939
    outer loop
      vertex 17.9039 17.0116 0.577112
      vertex 17.2287 17.682 1.7856
      vertex 19.2189 18.9521 0.577112
    endloop
  endfacet
  facet normal -0.710521 0.366849 -0.600485
    outer loop
      vertex 17.9039 17.0116 0.577112
      vertex 16.7959 14.8656 0.577112
      vertex 17.2287 17.682 1.7856
    endloop
  endfacet
  facet normal -0.155615 0.604526 -0.781237
    outer loop
      vertex 28.155 23.1358 -0.555702
      vertex 26.3416 22.669 -0.555702
      vertex 28.0099 24.5624 0.577112
    endloop
  endfacet
  facet normal -0.210449 0.479054 -0.852185
    outer loop
      vertex 25.1088 20.2814 -1.59346
      vertex 24.5908 21.8999 -0.555702
      vertex 26.692 20.9769 -1.59346
    endloop
  endfacet
  facet normal -0.428541 0.495606 -0.755465
    outer loop
      vertex 22.9325 20.8416 -0.555702
      vertex 20.7183 20.6538 0.577112
      vertex 22.3766 22.0877 0.577112
    endloop
  endfacet
  facet normal -0.428543 0.495598 -0.755469
    outer loop
      vertex 21.3952 19.5123 -0.555702
      vertex 20.7183 20.6538 0.577112
      vertex 22.9325 20.8416 -0.555702
    endloop
  endfacet
  facet normal 0.349605 0.79586 -0.494352
    outer loop
      vertex 36.1604 24.2467 1.7856
      vertex 34.3154 25.842 3.0491
      vertex 36.3806 24.9348 3.0491
    endloop
  endfacet
  facet normal 0.0812055 0.957354 -0.277269
    outer loop
      vertex 32.1763 26.3927 3.0491
      vertex 30 26.5773 3.0491
      vertex 30 26.9529 4.34597
    endloop
  endfacet
  facet normal 0.249283 0.968431 -0
    outer loop
      vertex 34.3905 26.2049 4.34597
      vertex 32.2142 26.7651 5.65403
      vertex 34.3905 26.2049 5.65403
    endloop
  endfacet
  facet normal 0.249283 0.968431 0
    outer loop
      vertex 32.2142 26.7651 5.65403
      vertex 34.3905 26.2049 4.34597
      vertex 32.2142 26.7651 4.34597
    endloop
  endfacet
  facet normal 0.585979 0.516347 0.624511
    outer loop
      vertex 41.3829 19.7308 8.21439
      vertex 39.7997 21.5275 8.21439
      vertex 40.7811 18.9521 9.42289
    endloop
  endfacet
  facet normal 0.387342 0.881766 0.269173
    outer loop
      vertex 34.3905 26.2049 5.65403
      vertex 34.3154 25.842 6.9509
      vertex 36.3806 24.9348 6.9509
    endloop
  endfacet
  facet normal 0.302062 0.687613 0.660263
    outer loop
      vertex 34.1664 25.1226 8.21439
      vertex 33.9462 24.0589 9.42289
      vertex 35.8347 23.2293 9.42289
    endloop
  endfacet
  facet normal 0.287294 0.450172 0.845463
    outer loop
      vertex 35.4092 21.8999 10.5557
      vertex 34.8912 20.2814 11.5935
      vertex 36.3906 19.3245 11.5935
    endloop
  endfacet
  facet normal 0.562866 0.38145 0.733265
    outer loop
      vertex 40.7811 18.9521 9.42289
      vertex 39.9949 17.9346 10.5557
      vertex 41.214 16.1357 10.5557
    endloop
  endfacet
  facet normal 0.654734 0.44369 0.611933
    outer loop
      vertex 41.3829 19.7308 8.21439
      vertex 40.7811 18.9521 9.42289
      vertex 42.7713 17.682 8.21439
    endloop
  endfacet
  facet normal 0.727183 0.640731 0.246309
    outer loop
      vertex 40.3268 22.4164 5.65403
      vertex 40.1501 22.1184 6.9509
      vertex 41.9951 20.523 5.65403
    endloop
  endfacet
  facet normal 0.51914 0.813497 0.262137
    outer loop
      vertex 38.4818 24.0118 5.65403
      vertex 36.4917 25.2818 5.65403
      vertex 38.3367 23.6865 6.9509
    endloop
  endfacet
  facet normal 0.428542 0.495597 0.75547
    outer loop
      vertex 39.2817 20.6538 9.42289
      vertex 37.0675 20.8416 10.5557
      vertex 38.6048 19.5123 10.5557
    endloop
  endfacet
  facet normal 0.292858 0.338659 0.894173
    outer loop
      vertex 37.7807 18.1224 11.5935
      vertex 36.3906 19.3245 11.5935
      vertex 36.8235 16.5081 12.5184
    endloop
  endfacet
  facet normal 0.345872 0.541963 0.76593
    outer loop
      vertex 35.8347 23.2293 9.42289
      vertex 35.4092 21.8999 10.5557
      vertex 37.0675 20.8416 10.5557
    endloop
  endfacet
  facet normal 0.171411 0.390192 0.904637
    outer loop
      vertex 34.8912 20.2814 11.5935
      vertex 33.308 20.9769 11.5935
      vertex 34.2895 18.4014 12.5184
    endloop
  endfacet
  facet normal -0.0694042 0.0264378 0.997238
    outer loop
      vertex 29.0371 5.71943 14.9786
      vertex 27.1278 7.14599 14.8079
      vertex 28.9728 5.55063 14.9786
    endloop
  endfacet
  facet normal 0.0693956 0.0264478 0.997239
    outer loop
      vertex 32.8722 7.14599 14.8079
      vertex 31.0272 5.55063 14.9786
      vertex 33.0641 6.64247 14.8079
    endloop
  endfacet
  facet normal -0.61383 0.316926 0.723029
    outer loop
      vertex 17.9039 17.0116 9.42289
      vertex 16.7959 14.8656 9.42289
      vertex 18.786 16.1357 10.5557
    endloop
  endfacet
  facet normal -0.0643482 0.033221 0.997374
    outer loop
      vertex 27.3688 7.6128 14.8079
      vertex 27.1278 7.14599 14.8079
      vertex 29.0371 5.71943 14.9786
    endloop
  endfacet
  facet normal 0.105548 0.240302 0.964943
    outer loop
      vertex 33.6143 16.2922 13.3147
      vertex 31.946 14.3988 13.9687
      vertex 32.8774 13.9897 13.9687
    endloop
  endfacet
  facet normal 0.187538 0.293823 0.937282
    outer loop
      vertex 34.2895 18.4014 12.5184
      vertex 33.6143 16.2922 13.3147
      vertex 34.7223 15.585 13.3147
    endloop
  endfacet
  facet normal 0.244468 0.165652 0.955403
    outer loop
      vertex 37.493 12.4406 13.3147
      vertex 35.3167 11.8804 13.9687
      vertex 35.9651 10.9235 13.9687
    endloop
  endfacet
  facet normal 0.21323 0.0812446 0.973618
    outer loop
      vertex 36.9466 8.72364 13.9687
      vertex 34.7324 8.53583 14.4693
      vertex 35.0485 7.70621 14.4693
    endloop
  endfacet
  facet normal -0.239741 0.931232 -0.274467
    outer loop
      vertex 25.6846 25.842 3.0491
      vertex 25.6095 26.2049 4.34597
      vertex 27.8237 26.3927 3.0491
    endloop
  endfacet
  facet normal -0.215586 0.837407 -0.502268
    outer loop
      vertex 27.8988 25.6542 1.7856
      vertex 25.6846 25.842 3.0491
      vertex 27.8237 26.3927 3.0491
    endloop
  endfacet
  facet normal -0.537952 0.842975 0
    outer loop
      vertex 23.5083 25.2818 4.34597
      vertex 21.5182 24.0118 5.65403
      vertex 23.5083 25.2818 5.65403
    endloop
  endfacet
  facet normal -0.537952 0.842975 0
    outer loop
      vertex 21.5182 24.0118 5.65403
      vertex 23.5083 25.2818 4.34597
      vertex 21.5182 24.0118 4.34597
    endloop
  endfacet
  facet normal -0.66646 0.587208 0.459367
    outer loop
      vertex 19.8499 22.1184 6.9509
      vertex 18.2102 20.2574 6.9509
      vertex 18.6171 19.7308 8.21439
    endloop
  endfacet
  facet normal -0.349605 0.79586 -0.494352
    outer loop
      vertex 23.8396 24.2467 1.7856
      vertex 23.6194 24.9348 3.0491
      vertex 25.6846 25.842 3.0491
    endloop
  endfacet
  facet normal -0.387378 0.881767 -0.269118
    outer loop
      vertex 23.6194 24.9348 3.0491
      vertex 23.5083 25.2818 4.34597
      vertex 25.6095 26.2049 4.34597
    endloop
  endfacet
  facet normal -0.349604 0.795858 0.494355
    outer loop
      vertex 25.6846 25.842 6.9509
      vertex 23.6194 24.9348 6.9509
      vertex 23.8396 24.2467 8.21439
    endloop
  endfacet
  facet normal -0.357456 0.413388 0.837458
    outer loop
      vertex 22.9325 20.8416 10.5557
      vertex 21.3952 19.5123 10.5557
      vertex 23.6094 19.3245 11.5935
    endloop
  endfacet
  facet normal -0.372112 0.14182 0.917289
    outer loop
      vertex 21.8207 11.1113 13.3147
      vertex 20.2928 12.2528 12.5184
      vertex 21.2742 9.67737 13.3147
    endloop
  endfacet
  facet normal -0.613839 0.316963 0.723005
    outer loop
      vertex 18.786 16.1357 10.5557
      vertex 16.7959 14.8656 9.42289
      vertex 17.7587 14.1462 10.5557
    endloop
  endfacet
  facet normal -0.0641568 0.249238 0.966315
    outer loop
      vertex 28.7672 17.118 13.3147
      vertex 28.054 14.3988 13.9687
      vertex 29.0186 14.6471 13.9687
    endloop
  endfacet
  facet normal -0.0467918 0.181778 0.982226
    outer loop
      vertex 29.0186 14.6471 13.9687
      vertex 28.054 14.3988 13.9687
      vertex 28.5857 11.8307 14.4693
    endloop
  endfacet
  facet normal 0.128458 0.499027 0.857013
    outer loop
      vertex 31.845 23.1358 10.5557
      vertex 31.6683 21.399 11.5935
      vertex 33.6584 22.669 10.5557
    endloop
  endfacet
  facet normal -0.0279231 0.329204 0.943846
    outer loop
      vertex 30 19.5056 12.5184
      vertex 28.5369 19.3815 12.5184
      vertex 28.7672 17.118 13.3147
    endloop
  endfacet
  facet normal 0.0157037 0.185013 0.982611
    outer loop
      vertex 30 14.7304 13.9687
      vertex 30 12.0717 14.4693
      vertex 30.9814 14.6471 13.9687
    endloop
  endfacet
  facet normal -0.0625967 0.737679 0.672243
    outer loop
      vertex 30 25.8325 8.21439
      vertex 27.8988 25.6542 8.21439
      vertex 30 24.7312 9.42289
    endloop
  endfacet
  facet normal 0.554587 0.211357 0.804837
    outer loop
      vertex 43.059 12.0002 10.5557
      vertex 41.0689 13.2702 11.5935
      vertex 41.8084 11.3298 11.5935
    endloop
  endfacet
  facet normal 0.518672 0.267822 0.811943
    outer loop
      vertex 41.214 16.1357 10.5557
      vertex 40.1401 15.0692 11.5935
      vertex 42.2413 14.1462 10.5557
    endloop
  endfacet
  facet normal 0.321524 0.0162842 0.946762
    outer loop
      vertex 39.3639 6.59536 13.3147
      vertex 37.4546 6.27007 13.9687
      vertex 39.4447 5 13.3147
    endloop
  endfacet
  facet normal 0.411312 0.0208317 0.911257
    outer loop
      vertex 41.113 6.89336 12.5184
      vertex 39.3639 6.59536 13.3147
      vertex 39.4447 5 13.3147
    endloop
  endfacet
  facet normal 0.974664 0.0493492 -0.218162
    outer loop
      vertex 46.6733 5 3.0491
      vertex 46.5307 7.8164 3.0491
      vertex 46.8185 7.86543 4.34597
    endloop
  endfacet
  facet normal 0.608114 -0.0307925 -0.793252
    outer loop
      vertex 44.0141 2.61237 -0.555702
      vertex 42.7813 5 -1.59346
      vertex 44.135 5 -0.555702
    endloop
  endfacet
  facet normal 0.877326 -0.230143 -0.421109
    outer loop
      vertex 46.1052 -0.58461 3.0491
      vertex 44.8724 -2.97224 1.7856
      vertex 45.5493 -0.391838 1.7856
    endloop
  endfacet
  facet normal 0.136738 0.311275 -0.940431
    outer loop
      vertex 33.6143 16.2922 -3.3147
      vertex 32.9011 19.0113 -2.5184
      vertex 34.2895 18.4014 -2.5184
    endloop
  endfacet
  facet normal 0.232745 0.0357787 -0.97188
    outer loop
      vertex 37.4546 6.27007 -3.96873
      vertex 35.4177 5.92304 -4.4693
      vertex 37.2627 7.5184 -3.96873
    endloop
  endfacet
  facet normal 0.518658 0.267815 -0.811954
    outer loop
      vertex 42.2413 14.1462 -0.555702
      vertex 40.1401 15.0692 -1.59346
      vertex 41.214 16.1357 -0.555702
    endloop
  endfacet
  facet normal 0.346354 0.178818 -0.920903
    outer loop
      vertex 38.1793 11.1113 -3.3147
      vertex 37.493 12.4406 -3.3147
      vertex 39.7072 12.2528 -2.5184
    endloop
  endfacet
  facet normal 0.117541 0.0796716 -0.989867
    outer loop
      vertex 32.6312 7.6128 -4.80785
      vertex 32.3451 8.03489 -4.80785
      vertex 34.3353 9.30496 -4.4693
    endloop
  endfacet
  facet normal 0.0692959 0.10855 -0.991673
    outer loop
      vertex 32.7322 11.1242 -4.4693
      vertex 31.2692 8.96528 -4.80785
      vertex 32.0912 11.5334 -4.4693
    endloop
  endfacet
  facet normal 0.576681 0.666921 -0.471864
    outer loop
      vertex 39.7997 21.5275 1.7856
      vertex 38.0489 23.0414 1.7856
      vertex 38.3367 23.6865 3.0491
    endloop
  endfacet
  facet normal 0.576706 0.666921 -0.471833
    outer loop
      vertex 39.7997 21.5275 1.7856
      vertex 38.3367 23.6865 3.0491
      vertex 40.1501 22.1184 3.0491
    endloop
  endfacet
  facet normal 0.740293 0.501704 -0.447505
    outer loop
      vertex 43.2279 18.1354 3.0491
      vertex 41.3829 19.7308 1.7856
      vertex 41.7898 20.2574 3.0491
    endloop
  endfacet
  facet normal 0.803853 0.544779 -0.238824
    outer loop
      vertex 43.2279 18.1354 3.0491
      vertex 41.7898 20.2574 3.0491
      vertex 41.9951 20.523 4.34597
    endloop
  endfacet
  facet normal 0.0625716 0.7377 -0.672223
    outer loop
      vertex 31.9901 24.5624 0.577112
      vertex 30 24.7312 0.577112
      vertex 32.1012 25.6542 1.7856
    endloop
  endfacet
  facet normal 0.470797 0.737744 -0.483823
    outer loop
      vertex 38.3367 23.6865 3.0491
      vertex 36.1604 24.2467 1.7856
      vertex 36.3806 24.9348 3.0491
    endloop
  endfacet
  facet normal 0.10443 0.40567 -0.908034
    outer loop
      vertex 32.9011 19.0113 -2.5184
      vertex 31.6683 21.399 -1.59346
      vertex 33.308 20.9769 -1.59346
    endloop
  endfacet
  facet normal 0.171417 0.390206 -0.90463
    outer loop
      vertex 34.2895 18.4014 -2.5184
      vertex 33.308 20.9769 -1.59346
      vertex 34.8912 20.2814 -1.59346
    endloop
  endfacet
  facet normal 0.799273 0.412647 -0.436903
    outer loop
      vertex 43.9411 15.4162 1.7856
      vertex 43.2279 18.1354 3.0491
      vertex 44.4395 15.7886 3.0491
    endloop
  endfacet
  facet normal 0.799266 0.41265 -0.436914
    outer loop
      vertex 43.9411 15.4162 1.7856
      vertex 42.7713 17.682 1.7856
      vertex 43.2279 18.1354 3.0491
    endloop
  endfacet
  facet normal 0.0728778 0.859177 -0.506462
    outer loop
      vertex 32.1763 26.3927 3.0491
      vertex 30 25.8325 1.7856
      vertex 30 26.5773 3.0491
    endloop
  endfacet
  facet normal 0.0729046 0.859154 -0.506498
    outer loop
      vertex 32.1012 25.6542 1.7856
      vertex 30 25.8325 1.7856
      vertex 32.1763 26.3927 3.0491
    endloop
  endfacet
  facet normal -0.17141 0.390204 -0.904632
    outer loop
      vertex 27.0989 19.0113 -2.5184
      vertex 25.7105 18.4014 -2.5184
      vertex 26.692 20.9769 -1.59346
    endloop
  endfacet
  facet normal -0.0431889 0.509201 -0.859563
    outer loop
      vertex 30 21.5405 -1.59346
      vertex 28.3317 21.399 -1.59346
      vertex 30 23.2923 -0.555702
    endloop
  endfacet
  facet normal -0.290139 0.110578 0.950575
    outer loop
      vertex 21.8207 11.1113 13.3147
      vertex 21.2742 9.67737 13.3147
      vertex 23.0534 8.72364 13.9687
    endloop
  endfacet
  facet normal -0.179231 0.121465 0.97628
    outer loop
      vertex 26.136 10.0004 14.4693
      vertex 24.0348 10.9235 13.9687
      vertex 25.6647 9.30496 14.4693
    endloop
  endfacet
  facet normal -0.0771973 -0.00394598 0.997008
    outer loop
      vertex 28.8881 5 14.9786
      vertex 26.6835 5 14.8079
      vertex 28.8977 4.81219 14.9786
    endloop
  endfacet
  facet normal -0.155707 0.0078657 0.987772
    outer loop
      vertex 26.7118 5.56022 14.8079
      vertex 24.5355 5 14.4693
      vertex 26.6835 5 14.8079
    endloop
  endfacet
  facet normal -0.0467938 -0.181778 0.982226
    outer loop
      vertex 28.5857 -1.83071 14.4693
      vertex 28.054 -4.3988 13.9687
      vertex 29.0186 -4.64711 13.9687
    endloop
  endfacet
  facet normal -0.0732585 0.0192374 0.997127
    outer loop
      vertex 28.9728 5.55063 14.9786
      vertex 26.7965 6.11085 14.8079
      vertex 28.926 5.37241 14.9786
    endloop
  endfacet
  facet normal -0.0248932 0.056667 0.998083
    outer loop
      vertex 29.1416 9.14574 14.8079
      vertex 28.7308 8.96528 14.8079
      vertex 29.7122 6.38984 14.9786
    endloop
  endfacet
  facet normal 0.0305952 0.118821 0.992444
    outer loop
      vertex 30.7133 12.0112 14.4693
      vertex 30.4329 9.25527 14.8079
      vertex 31.4143 11.8307 14.4693
    endloop
  endfacet
  facet normal -0.234625 -0.36763 0.899889
    outer loop
      vertex 25.7105 -8.40143 12.5184
      vertex 23.6094 -9.32447 11.5935
      vertex 25.1088 -10.2814 11.5935
    endloop
  endfacet
  facet normal -0.357456 -0.413383 0.83746
    outer loop
      vertex 22.2193 -8.12244 11.5935
      vertex 21.3952 -9.51228 10.5557
      vertex 23.6094 -9.32447 11.5935
    endloop
  endfacet
  facet normal -0.827829 -0.560981 0
    outer loop
      vertex 18.0049 -10.523 4.34597
      vertex 16.5419 -8.36408 5.65403
      vertex 16.5419 -8.36408 4.34597
    endloop
  endfacet
  facet normal -0.827829 -0.560981 0
    outer loop
      vertex 16.5419 -8.36408 5.65403
      vertex 18.0049 -10.523 4.34597
      vertex 18.0049 -10.523 5.65403
    endloop
  endfacet
  facet normal -0.562883 -0.381446 0.733254
    outer loop
      vertex 20.0051 -7.93463 10.5557
      vertex 18.786 -6.13566 10.5557
      vertex 19.2189 -8.95207 9.42289
    endloop
  endfacet
  facet normal -0.473709 -0.321032 0.820084
    outer loop
      vertex 19.8599 -5.0692 11.5935
      vertex 18.786 -6.13566 10.5557
      vertex 20.9623 -6.69588 11.5935
    endloop
  endfacet
  facet normal -0.402217 -0.915544 0
    outer loop
      vertex 23.5083 -15.2818 4.34597
      vertex 25.6095 -16.2049 5.65403
      vertex 23.5083 -15.2818 5.65403
    endloop
  endfacet
  facet normal -0.402217 -0.915544 -0
    outer loop
      vertex 25.6095 -16.2049 5.65403
      vertex 23.5083 -15.2818 4.34597
      vertex 25.6095 -16.2049 4.34597
    endloop
  endfacet
  facet normal -0.803889 -0.544758 0.238748
    outer loop
      vertex 16.7721 -8.13541 6.9509
      vertex 16.5419 -8.36408 5.65403
      vertex 18.0049 -10.523 5.65403
    endloop
  endfacet
  facet normal -0.910148 -0.346822 0.226594
    outer loop
      vertex 14.5958 -3.25727 6.9509
      vertex 14.3277 -3.40101 5.65403
      vertex 15.3091 -5.97645 5.65403
    endloop
  endfacet
  facet normal -0.967273 -0.253737 0
    outer loop
      vertex 14.3277 -3.40101 4.34597
      vertex 13.6144 -0.681828 5.65403
      vertex 13.6144 -0.681828 4.34597
    endloop
  endfacet
  facet normal -0.967273 -0.253737 0
    outer loop
      vertex 13.6144 -0.681828 5.65403
      vertex 14.3277 -3.40101 4.34597
      vertex 14.3277 -3.40101 5.65403
    endloop
  endfacet
  facet normal -0.974662 -0.0493837 -0.218163
    outer loop
      vertex 13.4693 2.1836 3.0491
      vertex 13.1815 2.13457 4.34597
      vertex 13.3266 5 3.0491
    endloop
  endfacet
  facet normal -0.864286 -0.446217 -0.232163
    outer loop
      vertex 16.7721 -8.13541 3.0491
      vertex 15.3091 -5.97645 4.34597
      vertex 15.5605 -5.78864 3.0491
    endloop
  endfacet
  facet normal -0.727188 -0.640715 -0.246336
    outer loop
      vertex 19.8499 -12.1184 3.0491
      vertex 18.0049 -10.523 4.34597
      vertex 18.2102 -10.2574 3.0491
    endloop
  endfacet
  facet normal -0.483447 0.126808 0.86614
    outer loop
      vertex 18.1916 11.3298 11.5935
      vertex 17.6542 9.28099 11.5935
      vertex 19.1731 8.75433 12.5184
    endloop
  endfacet
  facet normal -0.608129 0.0307932 0.79324
    outer loop
      vertex 15.9859 7.38763 10.5557
      vertex 15.865 5 10.5557
      vertex 17.2187 5 11.5935
    endloop
  endfacet
  facet normal -0.346354 0.17883 0.920901
    outer loop
      vertex 21.1074 13.8305 12.5184
      vertex 20.2928 12.2528 12.5184
      vertex 22.507 12.4406 13.3147
    endloop
  endfacet
  facet normal -0.292858 0.338659 0.894173
    outer loop
      vertex 23.6094 19.3245 11.5935
      vertex 22.2193 18.1224 11.5935
      vertex 23.1765 16.5081 12.5184
    endloop
  endfacet
  facet normal -0.703442 0.108149 0.702476
    outer loop
      vertex 16.3467 9.7344 10.5557
      vertex 15.2727 10.1068 9.42289
      vertex 15.9859 7.38763 10.5557
    endloop
  endfacet
  facet normal -0.581438 0.152506 0.799169
    outer loop
      vertex 16.941 12.0002 10.5557
      vertex 16.3467 9.7344 10.5557
      vertex 17.6542 9.28099 11.5935
    endloop
  endfacet
  facet normal -0.710545 0.366844 0.60046
    outer loop
      vertex 17.2287 17.682 8.21439
      vertex 16.0589 15.4162 8.21439
      vertex 16.7959 14.8656 9.42289
    endloop
  endfacet
  facet normal -0.753999 0.287316 0.590707
    outer loop
      vertex 16.0589 15.4162 8.21439
      vertex 15.1276 12.9722 8.21439
      vertex 15.9138 12.5508 9.42289
    endloop
  endfacet
  facet normal -0.943065 0.247349 0.222366
    outer loop
      vertex 14.3277 13.401 5.65403
      vertex 13.8948 10.5846 6.9509
      vertex 14.5958 13.2573 6.9509
    endloop
  endfacet
  facet normal -0.877305 0.230101 0.421177
    outer loop
      vertex 14.5958 13.2573 6.9509
      vertex 13.8948 10.5846 6.9509
      vertex 15.1276 12.9722 8.21439
    endloop
  endfacet
  facet normal -0.799265 0.412649 0.436916
    outer loop
      vertex 16.7721 18.1354 6.9509
      vertex 16.0589 15.4162 8.21439
      vertex 17.2287 17.682 8.21439
    endloop
  endfacet
  facet normal -0.753986 0.287321 0.590721
    outer loop
      vertex 16.0589 15.4162 8.21439
      vertex 15.9138 12.5508 9.42289
      vertex 16.7959 14.8656 9.42289
    endloop
  endfacet
  facet normal -0.91012 0.346855 -0.226656
    outer loop
      vertex 15.5605 15.7886 3.0491
      vertex 14.5958 13.2573 3.0491
      vertex 15.3091 15.9764 4.34597
    endloop
  endfacet
  facet normal -0.910149 0.346828 -0.226584
    outer loop
      vertex 14.5958 13.2573 3.0491
      vertex 14.3277 13.401 4.34597
      vertex 15.3091 15.9764 4.34597
    endloop
  endfacet
  facet normal -0.803884 0.54476 0.23876
    outer loop
      vertex 18.0049 20.523 5.65403
      vertex 16.5419 18.3641 5.65403
      vertex 16.7721 18.1354 6.9509
    endloop
  endfacet
  facet normal -0.864288 0.446243 -0.232109
    outer loop
      vertex 16.7721 18.1354 3.0491
      vertex 15.3091 15.9764 4.34597
      vertex 16.5419 18.3641 4.34597
    endloop
  endfacet
  facet normal -0.632588 0.731557 -0.254277
    outer loop
      vertex 21.6633 23.6865 3.0491
      vertex 19.6732 22.4164 4.34597
      vertex 21.5182 24.0118 4.34597
    endloop
  endfacet
  facet normal -0.740293 0.501704 -0.447505
    outer loop
      vertex 18.6171 19.7308 1.7856
      vertex 16.7721 18.1354 3.0491
      vertex 18.2102 20.2574 3.0491
    endloop
  endfacet
  facet normal -0.740291 0.501703 0.447507
    outer loop
      vertex 18.2102 20.2574 6.9509
      vertex 16.7721 18.1354 6.9509
      vertex 18.6171 19.7308 8.21439
    endloop
  endfacet
  facet normal -0.727188 0.640715 0.246336
    outer loop
      vertex 19.8499 22.1184 6.9509
      vertex 18.0049 20.523 5.65403
      vertex 18.2102 20.2574 6.9509
    endloop
  endfacet
  facet normal -0.877324 0.230143 -0.421113
    outer loop
      vertex 14.4507 10.3918 1.7856
      vertex 13.8948 10.5846 3.0491
      vertex 15.1276 12.9722 1.7856
    endloop
  endfacet
  facet normal -0.99872 0.0505733 0
    outer loop
      vertex 13.0364 5 4.34597
      vertex 13.1815 7.86543 5.65403
      vertex 13.1815 7.86543 4.34597
    endloop
  endfacet
  facet normal -0.99872 0.0505733 0
    outer loop
      vertex 13.1815 7.86543 5.65403
      vertex 13.0364 5 4.34597
      vertex 13.0364 5 5.65403
    endloop
  endfacet
  facet normal -0.806636 0.123985 0.577898
    outer loop
      vertex 14.4507 10.3918 8.21439
      vertex 14.0399 7.71918 8.21439
      vertex 15.2727 10.1068 9.42289
    endloop
  endfacet
  facet normal -0.785809 0.206136 0.583106
    outer loop
      vertex 15.1276 12.9722 8.21439
      vertex 14.4507 10.3918 8.21439
      vertex 15.2727 10.1068 9.42289
    endloop
  endfacet
  facet normal -0.909052 0.0460347 0.414131
    outer loop
      vertex 14.0399 7.71918 8.21439
      vertex 13.3266 5 6.9509
      vertex 13.9022 5 8.21439
    endloop
  endfacet
  facet normal -0.713229 0.0361123 0.700001
    outer loop
      vertex 14.8836 7.57544 9.42289
      vertex 14.7532 5 9.42289
      vertex 15.865 5 10.5557
    endloop
  endfacet
  facet normal -0.909052 -0.0460347 0.414131
    outer loop
      vertex 13.9022 5 8.21439
      vertex 13.3266 5 6.9509
      vertex 14.0399 2.28082 8.21439
    endloop
  endfacet
  facet normal -0.816924 -0.0413626 0.57526
    outer loop
      vertex 14.7532 5 9.42289
      vertex 13.9022 5 8.21439
      vertex 14.8836 2.42456 9.42289
    endloop
  endfacet
  facet normal -0.898612 -0.138121 0.416437
    outer loop
      vertex 14.0399 2.28082 8.21439
      vertex 13.8948 -0.58461 6.9509
      vertex 14.4507 -0.391838 8.21439
    endloop
  endfacet
  facet normal -0.877325 -0.230143 0.421111
    outer loop
      vertex 14.4507 -0.391838 8.21439
      vertex 13.8948 -0.58461 6.9509
      vertex 15.1276 -2.97224 8.21439
    endloop
  endfacet
  facet normal -0.70347 -0.108131 0.702451
    outer loop
      vertex 15.9859 2.61237 10.5557
      vertex 14.8836 2.42456 9.42289
      vertex 15.2727 -0.10681 9.42289
    endloop
  endfacet
  facet normal -0.713225 -0.0361149 0.700004
    outer loop
      vertex 15.865 5 10.5557
      vertex 14.8836 2.42456 9.42289
      vertex 15.9859 2.61237 10.5557
    endloop
  endfacet
  facet normal -0.372112 0.14182 -0.917289
    outer loop
      vertex 21.2742 9.67737 -3.3147
      vertex 20.2928 12.2528 -2.5184
      vertex 21.8207 11.1113 -3.3147
    endloop
  endfacet
  facet normal -0.71323 0.0361123 -0.699999
    outer loop
      vertex 15.865 5 -0.555702
      vertex 14.7532 5 0.577112
      vertex 14.8836 7.57544 0.577112
    endloop
  endfacet
  facet normal -0.753997 0.287315 -0.590711
    outer loop
      vertex 15.9138 12.5508 0.577112
      vertex 15.1276 12.9722 1.7856
      vertex 16.0589 15.4162 1.7856
    endloop
  endfacet
  facet normal -0.964267 0.148217 -0.219593
    outer loop
      vertex 13.4693 7.8164 3.0491
      vertex 13.1815 7.86543 4.34597
      vertex 13.8948 10.5846 3.0491
    endloop
  endfacet
  facet normal 0.470797 -0.737744 -0.483823
    outer loop
      vertex 36.3806 -14.9348 3.0491
      vertex 36.1604 -14.2467 1.7856
      vertex 38.3367 -13.6865 3.0491
    endloop
  endfacet
  facet normal 0.576681 -0.666921 -0.471864
    outer loop
      vertex 38.3367 -13.6865 3.0491
      vertex 38.0489 -13.0414 1.7856
      vertex 39.7997 -11.5275 1.7856
    endloop
  endfacet
  facet normal 0.349594 -0.795855 0.494367
    outer loop
      vertex 36.1604 -14.2467 8.21439
      vertex 34.1664 -15.1226 8.21439
      vertex 34.3154 -15.842 6.9509
    endloop
  endfacet
  facet normal 0.215562 -0.837433 0.502234
    outer loop
      vertex 34.1664 -15.1226 8.21439
      vertex 32.1012 -15.6542 8.21439
      vertex 34.3154 -15.842 6.9509
    endloop
  endfacet
  facet normal 0.155603 -0.60452 -0.781245
    outer loop
      vertex 33.9462 -14.0589 0.577112
      vertex 31.9901 -14.5624 0.577112
      vertex 33.6584 -12.669 -0.555702
    endloop
  endfacet
  facet normal 0.0431926 -0.509204 -0.859562
    outer loop
      vertex 31.845 -13.1358 -0.555702
      vertex 30 -13.2923 -0.555702
      vertex 31.6683 -11.399 -1.59346
    endloop
  endfacet
  facet normal -0.349594 -0.795857 -0.494364
    outer loop
      vertex 25.6846 -15.842 3.0491
      vertex 23.8396 -14.2467 1.7856
      vertex 25.8336 -15.1226 1.7856
    endloop
  endfacet
  facet normal 0.0431889 -0.509201 -0.859563
    outer loop
      vertex 31.6683 -11.399 -1.59346
      vertex 30 -13.2923 -0.555702
      vertex 30 -11.5405 -1.59346
    endloop
  endfacet
  facet normal 0.215585 -0.837405 0.502271
    outer loop
      vertex 34.3154 -15.842 6.9509
      vertex 32.1012 -15.6542 8.21439
      vertex 32.1763 -16.3927 6.9509
    endloop
  endfacet
  facet normal 0.239741 -0.931232 -0.274467
    outer loop
      vertex 34.3905 -16.2049 4.34597
      vertex 32.1763 -16.3927 3.0491
      vertex 34.3154 -15.842 3.0491
    endloop
  endfacet
  facet normal 0.404759 -0.0622083 -0.912305
    outer loop
      vertex 40.8269 1.24567 -2.5184
      vertex 39.1229 1.83657 -3.3147
      vertex 39.3639 3.40464 -3.3147
    endloop
  endfacet
  facet normal 0.411312 -0.0208317 -0.911257
    outer loop
      vertex 41.113 3.10664 -2.5184
      vertex 39.3639 3.40464 -3.3147
      vertex 39.4447 5 -3.3147
    endloop
  endfacet
  facet normal 0.0772153 0.0039469 -0.997007
    outer loop
      vertex 31.1119 5 -4.97859
      vertex 31.1023 5.18781 -4.97859
      vertex 33.3165 5 -4.80785
    endloop
  endfacet
  facet normal 0.236704 0.0120014 -0.971508
    outer loop
      vertex 35.4645 5 -4.4693
      vertex 35.4177 5.92304 -4.4693
      vertex 37.4546 6.27007 -3.96873
    endloop
  endfacet
  facet normal 0.0770306 -0.175362 -0.981486
    outer loop
      vertex 32.8774 -3.98967 -3.96873
      vertex 31.4143 -1.83071 -4.4693
      vertex 32.0912 -1.53337 -4.4693
    endloop
  endfacet
  facet normal 0.213218 0.08124 -0.973621
    outer loop
      vertex 35.0485 7.70621 -4.4693
      vertex 34.7324 8.53583 -4.4693
      vertex 36.9466 8.72364 -3.96873
    endloop
  endfacet
  facet normal 0.269627 0.139231 -0.952846
    outer loop
      vertex 36.5116 9.86518 -3.96873
      vertex 35.9651 10.9235 -3.96873
      vertex 37.493 12.4406 -3.3147
    endloop
  endfacet
  facet normal -0.302042 -0.687603 -0.660282
    outer loop
      vertex 25.8336 -15.1226 1.7856
      vertex 23.8396 -14.2467 1.7856
      vertex 24.1653 -13.2293 0.577112
    endloop
  endfacet
  facet normal -0.104431 -0.405676 -0.908031
    outer loop
      vertex 28.3317 -11.399 -1.59346
      vertex 26.692 -10.9769 -1.59346
      vertex 27.0989 -9.01134 -2.5184
    endloop
  endfacet
  facet normal -0.501079 -0.441502 -0.744309
    outer loop
      vertex 20.7183 -10.6538 0.577112
      vertex 19.2189 -8.95207 0.577112
      vertex 21.3952 -9.51228 -0.555702
    endloop
  endfacet
  facet normal -0.0625716 -0.7377 -0.672223
    outer loop
      vertex 30 -14.7312 0.577112
      vertex 27.8988 -15.6542 1.7856
      vertex 28.0099 -14.5624 0.577112
    endloop
  endfacet
  facet normal -0.79927 -0.41265 -0.436906
    outer loop
      vertex 16.7721 -8.13541 3.0491
      vertex 15.5605 -5.78864 3.0491
      vertex 16.0589 -5.41623 1.7856
    endloop
  endfacet
  facet normal -0.740286 -0.501673 -0.447549
    outer loop
      vertex 18.6171 -9.73077 1.7856
      vertex 16.7721 -8.13541 3.0491
      vertex 17.2287 -7.682 1.7856
    endloop
  endfacet
  facet normal -0.503978 -0.582848 -0.637412
    outer loop
      vertex 21.9511 -13.0414 1.7856
      vertex 20.7183 -10.6538 0.577112
      vertex 22.3766 -12.0877 0.577112
    endloop
  endfacet
  facet normal -0.585981 -0.516341 -0.624514
    outer loop
      vertex 20.2003 -11.5275 1.7856
      vertex 18.6171 -9.73077 1.7856
      vertex 19.2189 -8.95207 0.577112
    endloop
  endfacet
  facet normal -0.753992 -0.287314 -0.590717
    outer loop
      vertex 16.0589 -5.41623 1.7856
      vertex 15.1276 -2.97224 1.7856
      vertex 15.9138 -2.5508 0.577112
    endloop
  endfacet
  facet normal -0.499035 -0.0767201 -0.863179
    outer loop
      vertex 19.1731 1.24567 -2.5184
      vertex 17.6542 0.719009 -1.59346
      vertex 18.887 3.10664 -2.5184
    endloop
  endfacet
  facet normal -0.501078 -0.441511 -0.744304
    outer loop
      vertex 21.3952 -9.51228 -0.555702
      vertex 19.2189 -8.95207 0.577112
      vertex 20.0051 -7.93463 -0.555702
    endloop
  endfacet
  facet normal -0.562884 -0.381447 -0.733253
    outer loop
      vertex 19.2189 -8.95207 0.577112
      vertex 18.786 -6.13566 -0.555702
      vertex 20.0051 -7.93463 -0.555702
    endloop
  endfacet
  facet normal -0.387342 -0.881766 0.269173
    outer loop
      vertex 25.6846 -15.842 6.9509
      vertex 23.6194 -14.9348 6.9509
      vertex 25.6095 -16.2049 5.65403
    endloop
  endfacet
  facet normal -0.576706 -0.666921 -0.471833
    outer loop
      vertex 21.6633 -13.6865 3.0491
      vertex 19.8499 -12.1184 3.0491
      vertex 20.2003 -11.5275 1.7856
    endloop
  endfacet
  facet normal -0.254274 -0.578828 0.774792
    outer loop
      vertex 26.3416 -12.669 10.5557
      vertex 24.1653 -13.2293 9.42289
      vertex 26.0538 -14.0589 9.42289
    endloop
  endfacet
  facet normal 0.402217 -0.915544 0
    outer loop
      vertex 34.3905 -16.2049 4.34597
      vertex 36.4917 -15.2818 5.65403
      vertex 34.3905 -16.2049 5.65403
    endloop
  endfacet
  facet normal 0.402217 -0.915544 0
    outer loop
      vertex 36.4917 -15.2818 5.65403
      vertex 34.3905 -16.2049 4.34597
      vertex 36.4917 -15.2818 4.34597
    endloop
  endfacet
  facet normal -0.349594 -0.795855 0.494367
    outer loop
      vertex 25.8336 -15.1226 8.21439
      vertex 23.8396 -14.2467 8.21439
      vertex 25.6846 -15.842 6.9509
    endloop
  endfacet
  facet normal 0.185485 -0.720612 0.668067
    outer loop
      vertex 33.9462 -14.0589 9.42289
      vertex 31.9901 -14.5624 9.42289
      vertex 34.1664 -15.1226 8.21439
    endloop
  endfacet
  facet normal -0.249283 -0.968431 0
    outer loop
      vertex 25.6095 -16.2049 4.34597
      vertex 27.7858 -16.7651 5.65403
      vertex 25.6095 -16.2049 5.65403
    endloop
  endfacet
  facet normal -0.249283 -0.968431 -0
    outer loop
      vertex 27.7858 -16.7651 5.65403
      vertex 25.6095 -16.2049 4.34597
      vertex 27.7858 -16.7651 4.34597
    endloop
  endfacet
  facet normal -0.239713 -0.931253 -0.274418
    outer loop
      vertex 27.7858 -16.7651 4.34597
      vertex 25.6095 -16.2049 4.34597
      vertex 27.8237 -16.3927 3.0491
    endloop
  endfacet
  facet normal -0.586017 -0.516342 0.62448
    outer loop
      vertex 20.7183 -10.6538 9.42289
      vertex 19.2189 -8.95207 9.42289
      vertex 20.2003 -11.5275 8.21439
    endloop
  endfacet
  facet normal -0.727183 -0.640731 0.246309
    outer loop
      vertex 19.8499 -12.1184 6.9509
      vertex 18.0049 -10.523 5.65403
      vertex 19.6732 -12.4164 5.65403
    endloop
  endfacet
  facet normal -0.632592 -0.731549 0.25429
    outer loop
      vertex 19.8499 -12.1184 6.9509
      vertex 19.6732 -12.4164 5.65403
      vertex 21.6633 -13.6865 6.9509
    endloop
  endfacet
  facet normal -0.387378 -0.881767 -0.269118
    outer loop
      vertex 25.6095 -16.2049 4.34597
      vertex 23.5083 -15.2818 4.34597
      vertex 23.6194 -14.9348 3.0491
    endloop
  endfacet
  facet normal -0.210455 -0.479068 0.852175
    outer loop
      vertex 25.1088 -10.2814 11.5935
      vertex 24.5908 -11.8999 10.5557
      vertex 26.692 -10.9769 11.5935
    endloop
  endfacet
  facet normal -0.519139 -0.813497 0.262139
    outer loop
      vertex 23.6194 -14.9348 6.9509
      vertex 21.6633 -13.6865 6.9509
      vertex 23.5083 -15.2818 5.65403
    endloop
  endfacet
  facet normal -0.581432 -0.152511 0.799173
    outer loop
      vertex 17.6542 0.719009 11.5935
      vertex 16.941 -2.00017 10.5557
      vertex 18.1916 -1.32977 11.5935
    endloop
  endfacet
  facet normal -0.844518 -0.321809 0.428052
    outer loop
      vertex 15.1276 -2.97224 8.21439
      vertex 14.5958 -3.25727 6.9509
      vertex 16.0589 -5.41623 8.21439
    endloop
  endfacet
  facet normal -0.710521 -0.366851 0.600483
    outer loop
      vertex 17.9039 -7.01159 9.42289
      vertex 16.7959 -4.8656 9.42289
      vertex 17.2287 -7.682 8.21439
    endloop
  endfacet
  facet normal -0.562882 -0.381447 0.733255
    outer loop
      vertex 18.786 -6.13566 10.5557
      vertex 17.9039 -7.01159 9.42289
      vertex 19.2189 -8.95207 9.42289
    endloop
  endfacet
  facet normal -0.290157 -0.110569 0.95057
    outer loop
      vertex 23.0534 1.27636 13.9687
      vertex 21.8207 -1.11127 13.3147
      vertex 23.4884 0.134824 13.9687
    endloop
  endfacet
  facet normal -0.153072 -0.02352 0.987935
    outer loop
      vertex 26.7965 3.88915 14.8079
      vertex 24.5823 4.07696 14.4693
      vertex 24.7217 3.16972 14.4693
    endloop
  endfacet
  facet normal -0.224895 -0.0590011 0.972595
    outer loop
      vertex 24.7217 3.16972 14.4693
      vertex 22.7373 2.4816 13.9687
      vertex 24.9515 2.29379 14.4693
    endloop
  endfacet
  facet normal -0.23277 -0.0357658 0.971874
    outer loop
      vertex 24.5823 4.07696 14.4693
      vertex 22.7373 2.4816 13.9687
      vertex 24.7217 3.16972 14.4693
    endloop
  endfacet
  facet normal -0.157419 -0.138715 0.977741
    outer loop
      vertex 26.6734 -0.610332 14.4693
      vertex 24.6833 -1.8804 13.9687
      vertex 25.4228 -2.71961 13.9687
    endloop
  endfacet
  facet normal -0.136736 -0.311266 0.940434
    outer loop
      vertex 26.3857 -6.29216 13.3147
      vertex 25.7105 -8.40143 12.5184
      vertex 27.0989 -9.01134 12.5184
    endloop
  endfacet
  facet normal -0.345107 -0.304099 0.887933
    outer loop
      vertex 22.0741 -5.25701 12.5184
      vertex 20.9623 -6.69588 11.5935
      vertex 23.1765 -6.50807 12.5184
    endloop
  endfacet
  facet normal -0.181627 -0.210065 0.960669
    outer loop
      vertex 25.4228 -2.71961 13.9687
      vertex 24.2504 -4.6968 13.3147
      vertex 25.2777 -5.58503 13.3147
    endloop
  endfacet
  facet normal 0.0581874 -0.0394404 0.997526
    outer loop
      vertex 32.6312 2.3872 14.8079
      vertex 30.7862 3.98257 14.9786
      vertex 32.3451 1.96511 14.8079
    endloop
  endfacet
  facet normal -0.147845 -0.0387675 0.98825
    outer loop
      vertex 26.7965 3.88915 14.8079
      vertex 24.9515 2.29379 14.4693
      vertex 26.9359 3.35753 14.8079
    endloop
  endfacet
  facet normal -0.0156924 -0.185015 0.98261
    outer loop
      vertex 29.2867 -2.01117 14.4693
      vertex 29.0186 -4.64711 13.9687
      vertex 30 -2.07167 14.4693
    endloop
  endfacet
  facet normal -0.0156925 -0.185015 0.98261
    outer loop
      vertex 30 -2.07167 14.4693
      vertex 29.0186 -4.64711 13.9687
      vertex 30 -4.73035 13.9687
    endloop
  endfacet
  facet normal -0.411311 0.0208332 0.911257
    outer loop
      vertex 18.887 6.89336 12.5184
      vertex 18.7911 5 12.5184
      vertex 20.5553 5 13.3147
    endloop
  endfacet
  facet normal -0.321524 0.0162842 0.946762
    outer loop
      vertex 20.6361 6.59536 13.3147
      vertex 20.5553 5 13.3147
      vertex 22.5454 6.27007 13.9687
    endloop
  endfacet
  facet normal -0.483447 -0.126809 0.86614
    outer loop
      vertex 19.1731 1.24567 12.5184
      vertex 17.6542 0.719009 11.5935
      vertex 18.1916 -1.32977 11.5935
    endloop
  endfacet
  facet normal -0.753995 -0.287315 0.590713
    outer loop
      vertex 15.9138 -2.5508 9.42289
      vertex 15.1276 -2.97224 8.21439
      vertex 16.0589 -5.41623 8.21439
    endloop
  endfacet
  facet normal -0.105906 0.165899 -0.980439
    outer loop
      vertex 27.2678 11.1242 -4.4693
      vertex 26.2405 13.4267 -3.96873
      vertex 27.9088 11.5334 -4.4693
    endloop
  endfacet
  facet normal -0.0156917 0.185007 -0.982612
    outer loop
      vertex 29.2867 12.0112 -4.4693
      vertex 29.0186 14.6471 -3.96873
      vertex 30 12.0717 -4.4693
    endloop
  endfacet
  facet normal -0.0151078 0.0587115 -0.998161
    outer loop
      vertex 29.7122 6.38984 -4.97859
      vertex 29.5671 9.25527 -4.80785
      vertex 29.8549 6.42656 -4.97859
    endloop
  endfacet
  facet normal -0.0582009 -0.0394496 -0.997525
    outer loop
      vertex 27.6549 1.96511 -4.80785
      vertex 27.3688 2.3872 -4.80785
      vertex 29.2138 3.98257 -4.97859
    endloop
  endfacet
  facet normal -0.703444 0.10815 -0.702475
    outer loop
      vertex 15.9859 7.38763 -0.555702
      vertex 15.2727 10.1068 0.577112
      vertex 16.3467 9.7344 -0.555702
    endloop
  endfacet
  facet normal -0.236715 -0.0119842 -0.971505
    outer loop
      vertex 22.5454 3.72993 -3.96873
      vertex 22.4811 5 -3.96873
      vertex 24.5355 5 -4.4693
    endloop
  endfacet
  facet normal 0.021541 0.253786 -0.96702
    outer loop
      vertex 30.9814 14.6471 -3.96873
      vertex 30 14.7304 -3.96873
      vertex 30 17.2225 -3.3147
    endloop
  endfacet
  facet normal -0.136738 0.311275 -0.940431
    outer loop
      vertex 26.3857 16.2922 -3.3147
      vertex 25.7105 18.4014 -2.5184
      vertex 27.0989 19.0113 -2.5184
    endloop
  endfacet
  facet normal 0.844529 -0.321848 0.427999
    outer loop
      vertex 45.4042 -3.25727 6.9509
      vertex 43.9411 -5.41623 8.21439
      vertex 44.4395 -5.78864 6.9509
    endloop
  endfacet
  facet normal 0.877306 0.230101 -0.421174
    outer loop
      vertex 46.1052 10.5846 3.0491
      vertex 44.8724 12.9722 1.7856
      vertex 45.4042 13.2573 3.0491
    endloop
  endfacet
  facet normal 0.943065 0.247349 -0.222366
    outer loop
      vertex 46.1052 10.5846 3.0491
      vertex 45.4042 13.2573 3.0491
      vertex 45.6723 13.401 4.34597
    endloop
  endfacet
  facet normal 0.888554 0.458772 0
    outer loop
      vertex 44.6909 15.9764 5.65403
      vertex 43.4581 18.3641 4.34597
      vertex 43.4581 18.3641 5.65403
    endloop
  endfacet
  facet normal 0.888554 0.458772 0
    outer loop
      vertex 43.4581 18.3641 4.34597
      vertex 44.6909 15.9764 5.65403
      vertex 44.6909 15.9764 4.34597
    endloop
  endfacet
  facet normal 0.974664 -0.0493492 -0.218162
    outer loop
      vertex 46.8185 2.13457 4.34597
      vertex 46.5307 2.1836 3.0491
      vertex 46.6733 5 3.0491
    endloop
  endfacet
  facet normal 0.964267 -0.148217 -0.219593
    outer loop
      vertex 46.8185 2.13457 4.34597
      vertex 46.1052 -0.58461 3.0491
      vertex 46.5307 2.1836 3.0491
    endloop
  endfacet
  facet normal 0.518663 -0.267817 -0.81195
    outer loop
      vertex 41.214 -6.13566 -0.555702
      vertex 40.1401 -5.0692 -1.59346
      vertex 42.2413 -4.14616 -0.555702
    endloop
  endfacet
  facet normal 0.554562 -0.211308 -0.804867
    outer loop
      vertex 42.2413 -4.14616 -0.555702
      vertex 41.0689 -3.27024 -1.59346
      vertex 43.059 -2.00017 -0.555702
    endloop
  endfacet
  facet normal 0.87731 -0.230106 -0.421164
    outer loop
      vertex 45.4042 -3.25727 3.0491
      vertex 44.8724 -2.97224 1.7856
      vertex 46.1052 -0.58461 3.0491
    endloop
  endfacet
  facet normal 0.943063 -0.247352 -0.222373
    outer loop
      vertex 45.6723 -3.40101 4.34597
      vertex 45.4042 -3.25727 3.0491
      vertex 46.1052 -0.58461 3.0491
    endloop
  endfacet
  facet normal 0.909075 -0.0460283 -0.414082
    outer loop
      vertex 46.5307 2.1836 3.0491
      vertex 45.9601 2.28082 1.7856
      vertex 46.6733 5 3.0491
    endloop
  endfacet
  facet normal 0.79927 -0.41265 -0.436906
    outer loop
      vertex 44.4395 -5.78864 3.0491
      vertex 43.2279 -8.13541 3.0491
      vertex 43.9411 -5.41623 1.7856
    endloop
  endfacet
  facet normal 0.501078 -0.441511 -0.744304
    outer loop
      vertex 40.7811 -8.95207 0.577112
      vertex 38.6048 -9.51228 -0.555702
      vertex 39.9949 -7.93463 -0.555702
    endloop
  endfacet
  facet normal 0.740286 -0.501673 -0.447549
    outer loop
      vertex 43.2279 -8.13541 3.0491
      vertex 41.3829 -9.73077 1.7856
      vertex 42.7713 -7.682 1.7856
    endloop
  endfacet
  facet normal 0.0845127 -0.996422 0
    outer loop
      vertex 30 -16.9529 4.34597
      vertex 32.2142 -16.7651 5.65403
      vertex 30 -16.9529 5.65403
    endloop
  endfacet
  facet normal 0.0845127 -0.996422 0
    outer loop
      vertex 32.2142 -16.7651 5.65403
      vertex 30 -16.9529 4.34597
      vertex 32.2142 -16.7651 4.34597
    endloop
  endfacet
  facet normal 0.239713 -0.931253 -0.274418
    outer loop
      vertex 32.2142 -16.7651 4.34597
      vertex 32.1763 -16.3927 3.0491
      vertex 34.3905 -16.2049 4.34597
    endloop
  endfacet
  facet normal 0.357446 -0.41337 -0.837471
    outer loop
      vertex 37.0675 -10.8416 -0.555702
      vertex 36.3906 -9.32447 -1.59346
      vertex 38.6048 -9.51228 -0.555702
    endloop
  endfacet
  facet normal 0.654728 -0.443688 -0.611942
    outer loop
      vertex 42.7713 -7.682 1.7856
      vertex 40.7811 -8.95207 0.577112
      vertex 42.0961 -7.01159 0.577112
    endloop
  endfacet
  facet normal 0.460158 -0.175363 -0.870346
    outer loop
      vertex 41.0689 -3.27024 -1.59346
      vertex 39.7072 -2.2528 -2.5184
      vertex 41.8084 -1.32977 -1.59346
    endloop
  endfacet
  facet normal 0.473696 -0.321023 -0.820095
    outer loop
      vertex 41.214 -6.13566 -0.555702
      vertex 39.0377 -6.69588 -1.59346
      vertex 40.1401 -5.0692 -1.59346
    endloop
  endfacet
  facet normal 0.654728 -0.443693 -0.611938
    outer loop
      vertex 41.3829 -9.73077 1.7856
      vertex 40.7811 -8.95207 0.577112
      vertex 42.7713 -7.682 1.7856
    endloop
  endfacet
  facet normal 0.585981 -0.516341 -0.624514
    outer loop
      vertex 41.3829 -9.73077 1.7856
      vertex 39.7997 -11.5275 1.7856
      vertex 40.7811 -8.95207 0.577112
    endloop
  endfacet
  facet normal 0.654087 -0.756419 0
    outer loop
      vertex 38.4818 -14.0118 4.34597
      vertex 40.3268 -12.4164 5.65403
      vertex 38.4818 -14.0118 5.65403
    endloop
  endfacet
  facet normal 0.654087 -0.756419 0
    outer loop
      vertex 40.3268 -12.4164 5.65403
      vertex 38.4818 -14.0118 4.34597
      vertex 40.3268 -12.4164 4.34597
    endloop
  endfacet
  facet normal 0.803851 -0.54478 0.238825
    outer loop
      vertex 43.2279 -8.13541 6.9509
      vertex 41.7898 -10.2574 6.9509
      vertex 41.9951 -10.523 5.65403
    endloop
  endfacet
  facet normal 0.803889 -0.544758 0.238748
    outer loop
      vertex 43.2279 -8.13541 6.9509
      vertex 41.9951 -10.523 5.65403
      vertex 43.4581 -8.36408 5.65403
    endloop
  endfacet
  facet normal 0.727183 -0.640731 -0.246309
    outer loop
      vertex 40.3268 -12.4164 4.34597
      vertex 40.1501 -12.1184 3.0491
      vertex 41.9951 -10.523 4.34597
    endloop
  endfacet
  facet normal 0.803851 -0.54478 -0.238825
    outer loop
      vertex 41.9951 -10.523 4.34597
      vertex 41.7898 -10.2574 3.0491
      vertex 43.2279 -8.13541 3.0491
    endloop
  endfacet
  facet normal 0.654068 0.249246 0.714193
    outer loop
      vertex 43.2041 14.8656 9.42289
      vertex 42.2413 14.1462 10.5557
      vertex 44.0862 12.5508 9.42289
    endloop
  endfacet
  facet normal 0.683828 0.179362 0.707254
    outer loop
      vertex 44.0862 12.5508 9.42289
      vertex 43.059 12.0002 10.5557
      vertex 43.6533 9.7344 10.5557
    endloop
  endfacet
  facet normal 0.806639 0.12399 0.577893
    outer loop
      vertex 45.9601 7.71918 8.21439
      vertex 44.7273 10.1068 9.42289
      vertex 45.1164 7.57544 9.42289
    endloop
  endfacet
  facet normal 0.909079 0.046036 0.414072
    outer loop
      vertex 46.6733 5 6.9509
      vertex 45.9601 7.71918 8.21439
      vertex 46.0978 5 8.21439
    endloop
  endfacet
  facet normal 0.503986 -0.582851 0.637403
    outer loop
      vertex 39.2817 -10.6538 9.42289
      vertex 38.0489 -13.0414 8.21439
      vertex 39.7997 -11.5275 8.21439
    endloop
  endfacet
  facet normal 0.654731 -0.443695 0.611934
    outer loop
      vertex 42.7713 -7.682 8.21439
      vertex 40.7811 -8.95207 9.42289
      vertex 41.3829 -9.73077 8.21439
    endloop
  endfacet
  facet normal 0.506846 -0.0256831 0.861654
    outer loop
      vertex 42.7813 5 11.5935
      vertex 41.113 3.10664 12.5184
      vertex 42.6719 2.84103 11.5935
    endloop
  endfacet
  facet normal 0.599221 -0.0920849 0.79527
    outer loop
      vertex 42.6719 2.84103 11.5935
      vertex 42.3458 0.719009 11.5935
      vertex 44.0141 2.61237 10.5557
    endloop
  endfacet
  facet normal 0.608105 0.0308141 0.793259
    outer loop
      vertex 44.0141 7.38763 10.5557
      vertex 42.6719 7.15897 11.5935
      vertex 42.7813 5 11.5935
    endloop
  endfacet
  facet normal 0.599221 0.0920849 0.79527
    outer loop
      vertex 44.0141 7.38763 10.5557
      vertex 42.3458 9.28099 11.5935
      vertex 42.6719 7.15897 11.5935
    endloop
  endfacet
  facet normal 0.411312 -0.0208317 0.911257
    outer loop
      vertex 39.4447 5 13.3147
      vertex 39.3639 3.40464 13.3147
      vertex 41.113 3.10664 12.5184
    endloop
  endfacet
  facet normal 0.316246 -0.0486046 0.947431
    outer loop
      vertex 39.3639 3.40464 13.3147
      vertex 37.4546 3.72993 13.9687
      vertex 39.1229 1.83657 13.3147
    endloop
  endfacet
  facet normal 0.429178 -0.221584 0.875618
    outer loop
      vertex 41.0689 -3.27024 11.5935
      vertex 39.7072 -2.2528 12.5184
      vertex 40.1401 -5.0692 11.5935
    endloop
  endfacet
  facet normal 0.518669 -0.267788 0.811956
    outer loop
      vertex 41.0689 -3.27024 11.5935
      vertex 40.1401 -5.0692 11.5935
      vertex 42.2413 -4.14616 10.5557
    endloop
  endfacet
  facet normal 0.57668 -0.66692 0.471867
    outer loop
      vertex 39.7997 -11.5275 8.21439
      vertex 38.0489 -13.0414 8.21439
      vertex 38.3367 -13.6865 6.9509
    endloop
  endfacet
  facet normal 0.576705 -0.66692 0.471836
    outer loop
      vertex 39.7997 -11.5275 8.21439
      vertex 38.3367 -13.6865 6.9509
      vertex 40.1501 -12.1184 6.9509
    endloop
  endfacet
  facet normal 0.3459 -0.541969 0.765913
    outer loop
      vertex 37.0675 -10.8416 10.5557
      vertex 35.8347 -13.2293 9.42289
      vertex 37.6234 -12.0877 9.42289
    endloop
  endfacet
  facet normal 0.40898 -0.640805 0.649695
    outer loop
      vertex 37.6234 -12.0877 9.42289
      vertex 35.8347 -13.2293 9.42289
      vertex 38.0489 -13.0414 8.21439
    endloop
  endfacet
  facet normal 0.473709 -0.321032 0.820084
    outer loop
      vertex 40.1401 -5.0692 11.5935
      vertex 39.0377 -6.69588 11.5935
      vertex 41.214 -6.13566 10.5557
    endloop
  endfacet
  facet normal 0.345107 -0.304099 0.887933
    outer loop
      vertex 37.9259 -5.25701 12.5184
      vertex 36.8235 -6.50807 12.5184
      vertex 39.0377 -6.69588 11.5935
    endloop
  endfacet
  facet normal 0.128458 -0.499027 0.857013
    outer loop
      vertex 33.6584 -12.669 10.5557
      vertex 31.6683 -11.399 11.5935
      vertex 31.845 -13.1358 10.5557
    endloop
  endfacet
  facet normal 0.42854 -0.495605 0.755466
    outer loop
      vertex 39.2817 -10.6538 9.42289
      vertex 37.0675 -10.8416 10.5557
      vertex 37.6234 -12.0877 9.42289
    endloop
  endfacet
  facet normal 0.390717 -0.264789 0.881605
    outer loop
      vertex 40.1401 -5.0692 11.5935
      vertex 37.9259 -5.25701 12.5184
      vertex 39.0377 -6.69588 11.5935
    endloop
  endfacet
  facet normal 0.390718 -0.264768 0.881611
    outer loop
      vertex 38.8926 -3.83045 12.5184
      vertex 37.9259 -5.25701 12.5184
      vertex 40.1401 -5.0692 11.5935
    endloop
  endfacet
  facet normal 0.187518 -0.293822 0.937286
    outer loop
      vertex 34.7223 -5.58503 13.3147
      vertex 33.6143 -6.29216 13.3147
      vertex 34.2895 -8.40143 12.5184
    endloop
  endfacet
  facet normal 0.234628 -0.367623 0.89989
    outer loop
      vertex 35.6044 -7.56222 12.5184
      vertex 34.2895 -8.40143 12.5184
      vertex 36.3906 -9.32447 11.5935
    endloop
  endfacet
  facet normal 0.157419 -0.138715 0.977741
    outer loop
      vertex 35.3167 -1.8804 13.9687
      vertex 33.3266 -0.610332 14.4693
      vertex 34.5772 -2.71961 13.9687
    endloop
  endfacet
  facet normal 0.144958 -0.227142 0.963013
    outer loop
      vertex 33.7595 -3.42673 13.9687
      vertex 32.8774 -3.98967 13.9687
      vertex 33.6143 -6.29216 13.3147
    endloop
  endfacet
  facet normal 0.214989 -0.189423 0.95807
    outer loop
      vertex 36.6784 -3.64264 13.3147
      vertex 34.5772 -2.71961 13.9687
      vertex 35.7496 -4.6968 13.3147
    endloop
  endfacet
  facet normal 0.346355 -0.178813 0.920904
    outer loop
      vertex 38.1793 -1.11127 13.3147
      vertex 37.493 -2.44061 13.3147
      vertex 39.7072 -2.2528 12.5184
    endloop
  endfacet
  facet normal 0.064158 -0.24924 0.966314
    outer loop
      vertex 31.946 -4.3988 13.9687
      vertex 31.2328 -7.11798 13.3147
      vertex 32.4445 -6.80607 13.3147
    endloop
  endfacet
  facet normal 0.0279227 -0.3292 0.943847
    outer loop
      vertex 31.2328 -7.11798 13.3147
      vertex 30 -9.50561 12.5184
      vertex 31.4631 -9.38151 12.5184
    endloop
  endfacet
  facet normal -0.06416 -0.24924 0.966314
    outer loop
      vertex 29.0186 -4.64711 13.9687
      vertex 28.054 -4.3988 13.9687
      vertex 28.7672 -7.11798 13.3147
    endloop
  endfacet
  facet normal -0.144963 -0.227142 0.963012
    outer loop
      vertex 26.2405 -3.42673 13.9687
      vertex 25.2777 -5.58503 13.3147
      vertex 26.3857 -6.29216 13.3147
    endloop
  endfacet
  facet normal 0.0523982 -0.61773 0.784643
    outer loop
      vertex 30 -13.2923 10.5557
      vertex 30 -14.7312 9.42289
      vertex 31.845 -13.1358 10.5557
    endloop
  endfacet
  facet normal 0.0350755 -0.413529 0.909815
    outer loop
      vertex 31.4631 -9.38151 12.5184
      vertex 30 -9.50561 12.5184
      vertex 31.6683 -11.399 11.5935
    endloop
  endfacet
  facet normal -0.0643482 -0.033221 0.997374
    outer loop
      vertex 29.0371 4.28057 14.9786
      vertex 27.1278 2.85401 14.8079
      vertex 27.3688 2.3872 14.8079
    endloop
  endfacet
  facet normal 0.0643471 0.033222 0.997374
    outer loop
      vertex 32.6312 7.6128 14.8079
      vertex 30.8821 5.87593 14.9786
      vertex 30.9629 5.71943 14.9786
    endloop
  endfacet
  facet normal 0.197944 0.102198 0.974871
    outer loop
      vertex 35.9651 10.9235 13.9687
      vertex 34.3353 9.30496 14.4693
      vertex 34.7324 8.53583 14.4693
    endloop
  endfacet
  facet normal 0.155707 0.0078657 0.987772
    outer loop
      vertex 35.4645 5 14.4693
      vertex 33.2882 5.56022 14.8079
      vertex 33.3165 5 14.8079
    endloop
  endfacet
  facet normal -0.0510482 -0.0449708 0.997683
    outer loop
      vertex 29.3231 3.85847 14.9786
      vertex 27.6549 1.96511 14.8079
      vertex 27.981 1.59494 14.8079
    endloop
  endfacet
  facet normal 0.372109 -0.141821 0.91729
    outer loop
      vertex 38.7258 0.322634 13.3147
      vertex 38.1793 -1.11127 13.3147
      vertex 39.7072 -2.2528 12.5184
    endloop
  endfacet
  facet normal 0.290138 -0.110579 0.950575
    outer loop
      vertex 38.7258 0.322634 13.3147
      vertex 36.9466 1.27636 13.9687
      vertex 38.1793 -1.11127 13.3147
    endloop
  endfacet
  facet normal 0.460141 -0.17535 0.870358
    outer loop
      vertex 40.3557 -0.551055 12.5184
      vertex 39.7072 -2.2528 12.5184
      vertex 41.8084 -1.32977 11.5935
    endloop
  endfacet
  facet normal 0.483475 -0.126794 0.866127
    outer loop
      vertex 40.8269 1.24567 12.5184
      vertex 40.3557 -0.551055 12.5184
      vertex 41.8084 -1.32977 11.5935
    endloop
  endfacet
  facet normal -0.0279211 -0.3292 0.943847
    outer loop
      vertex 30 -7.22254 13.3147
      vertex 28.7672 -7.11798 13.3147
      vertex 30 -9.50561 12.5184
    endloop
  endfacet
  facet normal -0.0215239 -0.253767 0.967026
    outer loop
      vertex 30 -4.73035 13.9687
      vertex 29.0186 -4.64711 13.9687
      vertex 30 -7.22254 13.3147
    endloop
  endfacet
  facet normal -0.844519 -0.32181 -0.42805
    outer loop
      vertex 16.0589 -5.41623 1.7856
      vertex 14.5958 -3.25727 3.0491
      vertex 15.1276 -2.97224 1.7856
    endloop
  endfacet
  facet normal -0.909054 -0.0460347 -0.414128
    outer loop
      vertex 14.0399 2.28082 1.7856
      vertex 13.3266 5 3.0491
      vertex 13.9022 5 1.7856
    endloop
  endfacet
  facet normal -0.713227 -0.0361149 -0.700002
    outer loop
      vertex 15.9859 2.61237 -0.555702
      vertex 14.8836 2.42456 0.577112
      vertex 15.865 5 -0.555702
    endloop
  endfacet
  facet normal -0.816921 -0.0413625 -0.575264
    outer loop
      vertex 14.8836 2.42456 0.577112
      vertex 13.9022 5 1.7856
      vertex 14.7532 5 0.577112
    endloop
  endfacet
  facet normal -0.501077 0.441496 -0.744314
    outer loop
      vertex 20.0051 17.9346 -0.555702
      vertex 19.2189 18.9521 0.577112
      vertex 21.3952 19.5123 -0.555702
    endloop
  endfacet
  facet normal -0.419839 0.369917 -0.828792
    outer loop
      vertex 20.9623 16.6959 -1.59346
      vertex 20.0051 17.9346 -0.555702
      vertex 21.3952 19.5123 -0.555702
    endloop
  endfacet
  facet normal -0.0732756 0.0192419 -0.997126
    outer loop
      vertex 28.926 5.37241 -4.97859
      vertex 26.7965 6.11085 -4.80785
      vertex 28.9728 5.55063 -4.97859
    endloop
  endfacet
  facet normal 0.129923 -0.0670789 -0.989252
    outer loop
      vertex 34.3353 0.695041 -4.4693
      vertex 32.8722 2.85401 -4.80785
      vertex 34.7324 1.46417 -4.4693
    endloop
  endfacet
  facet normal 0.232757 0.0357638 -0.971877
    outer loop
      vertex 35.4177 5.92304 -4.4693
      vertex 35.2783 6.83028 -4.4693
      vertex 37.2627 7.5184 -3.96873
    endloop
  endfacet
  facet normal 0.0430066 0.0497638 -0.997835
    outer loop
      vertex 30.6769 6.14153 -4.97859
      vertex 30.5559 6.2461 -4.97859
      vertex 31.6583 8.71697 -4.80785
    endloop
  endfacet
  facet normal 0.0342552 0.0536777 -0.997971
    outer loop
      vertex 31.6583 8.71697 -4.80785
      vertex 30.5559 6.2461 -4.97859
      vertex 31.2692 8.96528 -4.80785
    endloop
  endfacet
  facet normal 0.0342634 0.0536755 -0.99797
    outer loop
      vertex 30.5559 6.2461 -4.97859
      vertex 30.4255 6.32934 -4.97859
      vertex 31.2692 8.96528 -4.80785
    endloop
  endfacet
  facet normal -0.61384 0.316963 -0.723004
    outer loop
      vertex 17.7587 14.1462 -0.555702
      vertex 16.7959 14.8656 0.577112
      vertex 18.786 16.1357 -0.555702
    endloop
  endfacet
  facet normal -0.213217 -0.0812498 -0.97362
    outer loop
      vertex 23.4884 0.134824 -3.96873
      vertex 23.0534 1.27636 -3.96873
      vertex 25.2676 1.46417 -4.4693
    endloop
  endfacet
  facet normal -0.391665 -0.102732 -0.914355
    outer loop
      vertex 21.2742 0.322634 -3.3147
      vertex 19.1731 1.24567 -2.5184
      vertex 20.8771 1.83657 -3.3147
    endloop
  endfacet
  facet normal -0.00506784 -0.0597355 -0.998201
    outer loop
      vertex 30 3.56113 -4.97859
      vertex 29.5671 0.744731 -4.80785
      vertex 29.8549 3.57344 -4.97859
    endloop
  endfacet
  facet normal -0.429171 -0.221597 -0.875618
    outer loop
      vertex 21.1074 -3.83045 -2.5184
      vertex 19.8599 -5.0692 -1.59346
      vertex 20.2928 -2.2528 -2.5184
    endloop
  endfacet
  facet normal -0.136736 -0.311266 -0.940434
    outer loop
      vertex 27.0989 -9.01134 -2.5184
      vertex 25.7105 -8.40143 -2.5184
      vertex 26.3857 -6.29216 -3.3147
    endloop
  endfacet
  facet normal -0.314566 -0.213177 -0.924988
    outer loop
      vertex 23.3216 -3.64264 -3.3147
      vertex 22.0741 -5.25701 -2.5184
      vertex 22.507 -2.44061 -3.3147
    endloop
  endfacet
  facet normal -0.506853 -0.0256724 -0.86165
    outer loop
      vertex 18.887 3.10664 -2.5184
      vertex 17.2187 5 -1.59346
      vertex 18.7911 5 -2.5184
    endloop
  endfacet
  facet normal -0.117541 0.0796716 -0.989867
    outer loop
      vertex 27.3688 7.6128 -4.80785
      vertex 25.6647 9.30496 -4.4693
      vertex 27.6549 8.03489 -4.80785
    endloop
  endfacet
  facet normal -0.132839 -0.153612 -0.979161
    outer loop
      vertex 26.2405 -3.42673 -3.96873
      vertex 25.4228 -2.71961 -3.96873
      vertex 26.6734 -0.610332 -4.4693
    endloop
  endfacet
  facet normal -0.213217 0.0812495 -0.973621
    outer loop
      vertex 25.2676 8.53583 -4.4693
      vertex 23.0534 8.72364 -3.96873
      vertex 23.4884 9.86518 -3.96873
    endloop
  endfacet
  facet normal -0.0694117 0.026454 -0.997237
    outer loop
      vertex 28.9728 5.55063 -4.97859
      vertex 26.9359 6.64247 -4.80785
      vertex 27.1278 7.14599 -4.80785
    endloop
  endfacet
  facet normal 0.429192 -0.221591 -0.875609
    outer loop
      vertex 40.1401 -5.0692 -1.59346
      vertex 39.7072 -2.2528 -2.5184
      vertex 41.0689 -3.27024 -1.59346
    endloop
  endfacet
  facet normal 0.29285 -0.33867 -0.894171
    outer loop
      vertex 37.7807 -8.12244 -1.59346
      vertex 36.3906 -9.32447 -1.59346
      vertex 36.8235 -6.50807 -2.5184
    endloop
  endfacet
  facet normal 0.197926 -0.102189 -0.974876
    outer loop
      vertex 36.5116 0.134824 -3.96873
      vertex 34.3353 0.695041 -4.4693
      vertex 34.7324 1.46417 -4.4693
    endloop
  endfacet
  facet normal 0.39073 -0.264798 -0.881596
    outer loop
      vertex 39.0377 -6.69588 -1.59346
      vertex 37.9259 -5.25701 -2.5184
      vertex 40.1401 -5.0692 -1.59346
    endloop
  endfacet
  facet normal 0.345119 -0.304109 -0.887925
    outer loop
      vertex 39.0377 -6.69588 -1.59346
      vertex 36.8235 -6.50807 -2.5184
      vertex 37.9259 -5.25701 -2.5184
    endloop
  endfacet
  facet normal 0.0350767 -0.413544 -0.909808
    outer loop
      vertex 31.6683 -11.399 -1.59346
      vertex 30 -9.50561 -2.5184
      vertex 31.4631 -9.38151 -2.5184
    endloop
  endfacet
  facet normal -0.244472 -0.165676 -0.955398
    outer loop
      vertex 23.3216 -3.64264 -3.3147
      vertex 22.507 -2.44061 -3.3147
      vertex 24.6833 -1.8804 -3.96873
    endloop
  endfacet
  facet normal -0.244473 -0.165675 -0.955398
    outer loop
      vertex 24.6833 -1.8804 -3.96873
      vertex 22.507 -2.44061 -3.3147
      vertex 24.0348 -0.923462 -3.96873
    endloop
  endfacet
  facet normal -0.277168 -0.244208 -0.929269
    outer loop
      vertex 24.2504 -4.6968 -3.3147
      vertex 23.1765 -6.50807 -2.5184
      vertex 23.3216 -3.64264 -3.3147
    endloop
  endfacet
  facet normal -0.0759064 0.0116368 -0.997047
    outer loop
      vertex 28.8977 5.18781 -4.97859
      vertex 26.7965 6.11085 -4.80785
      vertex 28.926 5.37241 -4.97859
    endloop
  endfacet
  facet normal -0.0102541 -0.120895 -0.992612
    outer loop
      vertex 30 -2.07167 -4.4693
      vertex 29.5671 0.744731 -4.80785
      vertex 30 0.708013 -4.80785
    endloop
  endfacet
  facet normal -0.0050667 -0.0597357 -0.998201
    outer loop
      vertex 30 0.708013 -4.80785
      vertex 29.5671 0.744731 -4.80785
      vertex 30 3.56113 -4.97859
    endloop
  endfacet
  facet normal -0.132814 -0.153616 -0.979164
    outer loop
      vertex 27.2678 -1.12424 -4.4693
      vertex 26.2405 -3.42673 -3.96873
      vertex 26.6734 -0.610332 -4.4693
    endloop
  endfacet
  facet normal -0.144964 -0.227151 -0.96301
    outer loop
      vertex 26.3857 -6.29216 -3.3147
      vertex 26.2405 -3.42673 -3.96873
      vertex 27.1226 -3.98967 -3.96873
    endloop
  endfacet
  facet normal 0.0467911 -0.181767 -0.982228
    outer loop
      vertex 31.946 -4.3988 -3.96873
      vertex 30.9814 -4.64711 -3.96873
      vertex 31.4143 -1.83071 -4.4693
    endloop
  endfacet
  facet normal 0.0770301 -0.175362 -0.981486
    outer loop
      vertex 31.946 -4.3988 -3.96873
      vertex 31.4143 -1.83071 -4.4693
      vertex 32.8774 -3.98967 -3.96873
    endloop
  endfacet
  facet normal -0.0641628 -0.249251 -0.966311
    outer loop
      vertex 28.7672 -7.11798 -3.3147
      vertex 28.054 -4.3988 -3.96873
      vertex 29.0186 -4.64711 -3.96873
    endloop
  endfacet
  facet normal 0.0215248 -0.253778 -0.967023
    outer loop
      vertex 30.9814 -4.64711 -3.96873
      vertex 30 -7.22254 -3.3147
      vertex 30 -4.73035 -3.96873
    endloop
  endfacet
  facet normal -0.0279231 0.329204 -0.943846
    outer loop
      vertex 28.7672 17.118 -3.3147
      vertex 28.5369 19.3815 -2.5184
      vertex 30 19.5056 -2.5184
    endloop
  endfacet
  facet normal 0.17141 0.390204 -0.904632
    outer loop
      vertex 34.2895 18.4014 -2.5184
      vertex 32.9011 19.0113 -2.5184
      vertex 33.308 20.9769 -1.59346
    endloop
  endfacet
  facet normal -0.654732 0.443689 -0.611937
    outer loop
      vertex 19.2189 18.9521 0.577112
      vertex 17.2287 17.682 1.7856
      vertex 18.6171 19.7308 1.7856
    endloop
  endfacet
  facet normal -0.576706 0.666921 -0.471833
    outer loop
      vertex 20.2003 21.5275 1.7856
      vertex 19.8499 22.1184 3.0491
      vertex 21.6633 23.6865 3.0491
    endloop
  endfacet
  facet normal -0.210444 0.479061 -0.852182
    outer loop
      vertex 26.692 20.9769 -1.59346
      vertex 24.5908 21.8999 -0.555702
      vertex 26.3416 22.669 -0.555702
    endloop
  endfacet
  facet normal -0.254272 0.578832 -0.77479
    outer loop
      vertex 24.5908 21.8999 -0.555702
      vertex 24.1653 23.2293 0.577112
      vertex 26.3416 22.669 -0.555702
    endloop
  endfacet
  facet normal -0.576681 0.666921 -0.471864
    outer loop
      vertex 21.9511 23.0414 1.7856
      vertex 20.2003 21.5275 1.7856
      vertex 21.6633 23.6865 3.0491
    endloop
  endfacet
  facet normal -0.58601 0.516344 -0.624485
    outer loop
      vertex 20.7183 20.6538 0.577112
      vertex 19.2189 18.9521 0.577112
      vertex 20.2003 21.5275 1.7856
    endloop
  endfacet
  facet normal 0.632592 0.731549 0.25429
    outer loop
      vertex 40.3268 22.4164 5.65403
      vertex 38.3367 23.6865 6.9509
      vertex 40.1501 22.1184 6.9509
    endloop
  endfacet
  facet normal 0.387342 0.881766 -0.269173
    outer loop
      vertex 36.3806 24.9348 3.0491
      vertex 34.3154 25.842 3.0491
      vertex 34.3905 26.2049 4.34597
    endloop
  endfacet
  facet normal 0.239713 0.931253 -0.274418
    outer loop
      vertex 34.3905 26.2049 4.34597
      vertex 32.1763 26.3927 3.0491
      vertex 32.2142 26.7651 4.34597
    endloop
  endfacet
  facet normal 0.215586 0.837407 -0.502268
    outer loop
      vertex 34.3154 25.842 3.0491
      vertex 32.1012 25.6542 1.7856
      vertex 32.1763 26.3927 3.0491
    endloop
  endfacet
  facet normal 0.0625964 0.737676 -0.672247
    outer loop
      vertex 32.1012 25.6542 1.7856
      vertex 30 24.7312 0.577112
      vertex 30 25.8325 1.7856
    endloop
  endfacet
  facet normal 0.239713 0.931253 0.274418
    outer loop
      vertex 32.2142 26.7651 5.65403
      vertex 32.1763 26.3927 6.9509
      vertex 34.3905 26.2049 5.65403
    endloop
  endfacet
  facet normal 0.0811989 0.957352 0.277279
    outer loop
      vertex 32.2142 26.7651 5.65403
      vertex 30 26.9529 5.65403
      vertex 32.1763 26.3927 6.9509
    endloop
  endfacet
  facet normal 0.519139 0.813497 0.262139
    outer loop
      vertex 36.4917 25.2818 5.65403
      vertex 36.3806 24.9348 6.9509
      vertex 38.3367 23.6865 6.9509
    endloop
  endfacet
  facet normal 0.408981 0.640803 0.649697
    outer loop
      vertex 36.1604 24.2467 8.21439
      vertex 35.8347 23.2293 9.42289
      vertex 38.0489 23.0414 8.21439
    endloop
  endfacet
  facet normal 0.349604 0.795858 0.494355
    outer loop
      vertex 36.3806 24.9348 6.9509
      vertex 34.3154 25.842 6.9509
      vertex 36.1604 24.2467 8.21439
    endloop
  endfacet
  facet normal 0.302043 0.687606 0.660278
    outer loop
      vertex 36.1604 24.2467 8.21439
      vertex 34.1664 25.1226 8.21439
      vertex 35.8347 23.2293 9.42289
    endloop
  endfacet
  facet normal 0.501076 0.441508 0.744308
    outer loop
      vertex 39.2817 20.6538 9.42289
      vertex 38.6048 19.5123 10.5557
      vertex 40.7811 18.9521 9.42289
    endloop
  endfacet
  facet normal 0.292821 0.338657 0.894185
    outer loop
      vertex 36.3906 19.3245 11.5935
      vertex 35.6044 17.5622 12.5184
      vertex 36.8235 16.5081 12.5184
    endloop
  endfacet
  facet normal 0.357462 0.413366 0.837466
    outer loop
      vertex 38.6048 19.5123 10.5557
      vertex 36.3906 19.3245 11.5935
      vertex 37.7807 18.1224 11.5935
    endloop
  endfacet
  facet normal 0.501076 0.441495 0.744315
    outer loop
      vertex 40.7811 18.9521 9.42289
      vertex 38.6048 19.5123 10.5557
      vertex 39.9949 17.9346 10.5557
    endloop
  endfacet
  facet normal 0.740291 0.501703 0.447507
    outer loop
      vertex 41.7898 20.2574 6.9509
      vertex 41.3829 19.7308 8.21439
      vertex 43.2279 18.1354 6.9509
    endloop
  endfacet
  facet normal 0.803853 0.544779 0.238824
    outer loop
      vertex 41.9951 20.523 5.65403
      vertex 41.7898 20.2574 6.9509
      vertex 43.2279 18.1354 6.9509
    endloop
  endfacet
  facet normal 0.750299 0.661099 0
    outer loop
      vertex 41.9951 20.523 5.65403
      vertex 40.3268 22.4164 4.34597
      vertex 40.3268 22.4164 5.65403
    endloop
  endfacet
  facet normal 0.750299 0.661099 0
    outer loop
      vertex 40.3268 22.4164 4.34597
      vertex 41.9951 20.523 5.65403
      vertex 41.9951 20.523 4.34597
    endloop
  endfacet
  facet normal 0.277145 0.244205 0.929276
    outer loop
      vertex 36.8235 16.5081 12.5184
      vertex 36.6784 13.6426 13.3147
      vertex 37.9259 15.257 12.5184
    endloop
  endfacet
  facet normal 0.390717 0.264778 0.881608
    outer loop
      vertex 40.1401 15.0692 11.5935
      vertex 37.9259 15.257 12.5184
      vertex 38.8926 13.8305 12.5184
    endloop
  endfacet
  facet normal 0.136738 0.311275 0.940431
    outer loop
      vertex 34.2895 18.4014 12.5184
      vertex 32.9011 19.0113 12.5184
      vertex 33.6143 16.2922 13.3147
    endloop
  endfacet
  facet normal 0.181623 0.210066 0.960669
    outer loop
      vertex 34.7223 15.585 13.3147
      vertex 34.5772 12.7196 13.9687
      vertex 35.7496 14.6968 13.3147
    endloop
  endfacet
  facet normal 0.187524 0.293822 0.937285
    outer loop
      vertex 35.6044 17.5622 12.5184
      vertex 34.2895 18.4014 12.5184
      vertex 34.7223 15.585 13.3147
    endloop
  endfacet
  facet normal -0.0503802 0.114686 0.992123
    outer loop
      vertex 29.1416 9.14574 14.8079
      vertex 28.5857 11.8307 14.4693
      vertex 28.7308 8.96528 14.8079
    endloop
  endfacet
  facet normal -0.128458 0.499027 0.857013
    outer loop
      vertex 28.155 23.1358 10.5557
      vertex 26.3416 22.669 10.5557
      vertex 28.3317 21.399 11.5935
    endloop
  endfacet
  facet normal -0.197936 0.102194 0.974873
    outer loop
      vertex 25.6647 9.30496 14.4693
      vertex 24.0348 10.9235 13.9687
      vertex 25.2676 8.53583 14.4693
    endloop
  endfacet
  facet normal -0.0350753 0.413527 0.909816
    outer loop
      vertex 30 19.5056 12.5184
      vertex 28.3317 21.399 11.5935
      vertex 28.5369 19.3815 12.5184
    endloop
  endfacet
  facet normal -0.473706 0.321026 0.820088
    outer loop
      vertex 20.9623 16.6959 11.5935
      vertex 18.786 16.1357 10.5557
      vertex 19.8599 15.0692 11.5935
    endloop
  endfacet
  facet normal 0.0350742 0.413528 0.909816
    outer loop
      vertex 30 21.5405 11.5935
      vertex 30 19.5056 12.5184
      vertex 31.6683 21.399 11.5935
    endloop
  endfacet
  facet normal 0.0641568 0.249238 0.966315
    outer loop
      vertex 31.2328 17.118 13.3147
      vertex 30.9814 14.6471 13.9687
      vertex 31.946 14.3988 13.9687
    endloop
  endfacet
  facet normal 0.277172 0.244202 0.929269
    outer loop
      vertex 36.8235 16.5081 12.5184
      vertex 35.7496 14.6968 13.3147
      vertex 36.6784 13.6426 13.3147
    endloop
  endfacet
  facet normal 0.181651 0.210064 0.960664
    outer loop
      vertex 34.7223 15.585 13.3147
      vertex 33.7595 13.4267 13.9687
      vertex 34.5772 12.7196 13.9687
    endloop
  endfacet
  facet normal 0.269615 0.139225 0.95285
    outer loop
      vertex 37.493 12.4406 13.3147
      vertex 35.9651 10.9235 13.9687
      vertex 36.5116 9.86518 13.9687
    endloop
  endfacet
  facet normal 0.269643 0.139213 0.952844
    outer loop
      vertex 37.493 12.4406 13.3147
      vertex 36.5116 9.86518 13.9687
      vertex 38.1793 11.1113 13.3147
    endloop
  endfacet
  facet normal 0.140084 0.0533883 0.988699
    outer loop
      vertex 35.0485 7.70621 14.4693
      vertex 32.8722 7.14599 14.8079
      vertex 33.0641 6.64247 14.8079
    endloop
  endfacet
  facet normal 0.31456 0.213179 0.92499
    outer loop
      vertex 37.9259 15.257 12.5184
      vertex 36.6784 13.6426 13.3147
      vertex 37.493 12.4406 13.3147
    endloop
  endfacet
  facet normal 0.244462 0.165673 0.955401
    outer loop
      vertex 36.6784 13.6426 13.3147
      vertex 35.3167 11.8804 13.9687
      vertex 37.493 12.4406 13.3147
    endloop
  endfacet
  facet normal -0.727183 0.640731 -0.246309
    outer loop
      vertex 19.8499 22.1184 3.0491
      vertex 18.0049 20.523 4.34597
      vertex 19.6732 22.4164 4.34597
    endloop
  endfacet
  facet normal -0.632592 0.731549 0.25429
    outer loop
      vertex 21.6633 23.6865 6.9509
      vertex 19.6732 22.4164 5.65403
      vertex 19.8499 22.1184 6.9509
    endloop
  endfacet
  facet normal -0.402217 0.915544 0
    outer loop
      vertex 25.6095 26.2049 4.34597
      vertex 23.5083 25.2818 5.65403
      vertex 25.6095 26.2049 5.65403
    endloop
  endfacet
  facet normal -0.402217 0.915544 0
    outer loop
      vertex 23.5083 25.2818 5.65403
      vertex 25.6095 26.2049 4.34597
      vertex 23.5083 25.2818 4.34597
    endloop
  endfacet
  facet normal -0.0811989 0.957352 -0.277279
    outer loop
      vertex 27.8237 26.3927 3.0491
      vertex 27.7858 26.7651 4.34597
      vertex 30 26.9529 4.34597
    endloop
  endfacet
  facet normal -0.0812055 0.957354 -0.277269
    outer loop
      vertex 30 26.5773 3.0491
      vertex 27.8237 26.3927 3.0491
      vertex 30 26.9529 4.34597
    endloop
  endfacet
  facet normal -0.3459 0.541969 0.765913
    outer loop
      vertex 24.1653 23.2293 9.42289
      vertex 22.3766 22.0877 9.42289
      vertex 22.9325 20.8416 10.5557
    endloop
  endfacet
  facet normal -0.57668 0.66692 0.471867
    outer loop
      vertex 21.6633 23.6865 6.9509
      vertex 20.2003 21.5275 8.21439
      vertex 21.9511 23.0414 8.21439
    endloop
  endfacet
  facet normal -0.518672 0.267822 0.811943
    outer loop
      vertex 18.786 16.1357 10.5557
      vertex 17.7587 14.1462 10.5557
      vertex 19.8599 15.0692 11.5935
    endloop
  endfacet
  facet normal -0.187524 0.293822 0.937285
    outer loop
      vertex 25.7105 18.4014 12.5184
      vertex 24.3956 17.5622 12.5184
      vertex 25.2777 15.585 13.3147
    endloop
  endfacet
  facet normal -0.518663 0.267779 0.811963
    outer loop
      vertex 19.8599 15.0692 11.5935
      vertex 17.7587 14.1462 10.5557
      vertex 18.9311 13.2702 11.5935
    endloop
  endfacet
  facet normal -0.608105 0.0308141 0.793259
    outer loop
      vertex 17.3281 7.15897 11.5935
      vertex 15.9859 7.38763 10.5557
      vertex 17.2187 5 11.5935
    endloop
  endfacet
  facet normal -0.302062 0.687613 0.660263
    outer loop
      vertex 25.8336 25.1226 8.21439
      vertex 24.1653 23.2293 9.42289
      vertex 26.0538 24.0589 9.42289
    endloop
  endfacet
  facet normal -0.0523982 0.61773 0.784643
    outer loop
      vertex 30 24.7312 9.42289
      vertex 28.155 23.1358 10.5557
      vertex 30 23.2923 10.5557
    endloop
  endfacet
  facet normal -0.0811989 0.957352 0.277279
    outer loop
      vertex 30 26.9529 5.65403
      vertex 27.7858 26.7651 5.65403
      vertex 27.8237 26.3927 6.9509
    endloop
  endfacet
  facet normal -0.239741 0.931232 0.274467
    outer loop
      vertex 27.8237 26.3927 6.9509
      vertex 25.6095 26.2049 5.65403
      vertex 25.6846 25.842 6.9509
    endloop
  endfacet
  facet normal -0.0625719 0.737704 0.672219
    outer loop
      vertex 30 24.7312 9.42289
      vertex 27.8988 25.6542 8.21439
      vertex 28.0099 24.5624 9.42289
    endloop
  endfacet
  facet normal -0.215562 0.837433 0.502234
    outer loop
      vertex 27.8988 25.6542 8.21439
      vertex 25.6846 25.842 6.9509
      vertex 25.8336 25.1226 8.21439
    endloop
  endfacet
  facet normal 0.104433 0.405658 0.908039
    outer loop
      vertex 31.6683 21.399 11.5935
      vertex 31.4631 19.3815 12.5184
      vertex 32.9011 19.0113 12.5184
    endloop
  endfacet
  facet normal 0.0431939 0.509219 0.859552
    outer loop
      vertex 31.845 23.1358 10.5557
      vertex 30 23.2923 10.5557
      vertex 31.6683 21.399 11.5935
    endloop
  endfacet
  facet normal 0.518663 0.267779 0.811963
    outer loop
      vertex 42.2413 14.1462 10.5557
      vertex 40.1401 15.0692 11.5935
      vertex 41.0689 13.2702 11.5935
    endloop
  endfacet
  facet normal 0.429184 0.221582 0.875616
    outer loop
      vertex 40.1401 15.0692 11.5935
      vertex 39.7072 12.2528 12.5184
      vertex 41.0689 13.2702 11.5935
    endloop
  endfacet
  facet normal 0.305746 0.080196 0.94873
    outer loop
      vertex 38.7258 9.67737 13.3147
      vertex 36.9466 8.72364 13.9687
      vertex 39.1229 8.16343 13.3147
    endloop
  endfacet
  facet normal 0.316237 0.0486137 0.947434
    outer loop
      vertex 39.1229 8.16343 13.3147
      vertex 37.2627 7.5184 13.9687
      vertex 37.4546 6.27007 13.9687
    endloop
  endfacet
  facet normal 0.974661 0.049355 -0.218175
    outer loop
      vertex 46.9636 5 4.34597
      vertex 46.6733 5 3.0491
      vertex 46.8185 7.86543 4.34597
    endloop
  endfacet
  facet normal 0.99872 0.0505733 0
    outer loop
      vertex 46.9636 5 5.65403
      vertex 46.8185 7.86543 4.34597
      vertex 46.8185 7.86543 5.65403
    endloop
  endfacet
  facet normal 0.99872 0.0505733 0
    outer loop
      vertex 46.8185 7.86543 4.34597
      vertex 46.9636 5 5.65403
      vertex 46.9636 5 4.34597
    endloop
  endfacet
  facet normal 0.683806 -0.179374 -0.707272
    outer loop
      vertex 44.0862 -2.5508 0.577112
      vertex 43.6533 0.265595 -0.555702
      vertex 44.7273 -0.10681 0.577112
    endloop
  endfacet
  facet normal 0.753983 0.28732 -0.590725
    outer loop
      vertex 44.0862 12.5508 0.577112
      vertex 43.2041 14.8656 0.577112
      vertex 43.9411 15.4162 1.7856
    endloop
  endfacet
  facet normal 0.608114 0.0307925 -0.793252
    outer loop
      vertex 44.135 5 -0.555702
      vertex 42.7813 5 -1.59346
      vertex 44.0141 7.38763 -0.555702
    endloop
  endfacet
  facet normal 0.236715 -0.0119842 -0.971505
    outer loop
      vertex 37.4546 3.72993 -3.96873
      vertex 35.4645 5 -4.4693
      vertex 37.5189 5 -3.96873
    endloop
  endfacet
  facet normal 0.136745 0.311276 -0.94043
    outer loop
      vertex 33.6143 16.2922 -3.3147
      vertex 32.4445 16.8061 -3.3147
      vertex 32.9011 19.0113 -2.5184
    endloop
  endfacet
  facet normal 0.144976 0.227146 -0.963009
    outer loop
      vertex 33.7595 13.4267 -3.96873
      vertex 32.8774 13.9897 -3.96873
      vertex 33.6143 16.2922 -3.3147
    endloop
  endfacet
  facet normal 0.473693 0.321018 -0.820099
    outer loop
      vertex 40.1401 15.0692 -1.59346
      vertex 39.0377 16.6959 -1.59346
      vertex 41.214 16.1357 -0.555702
    endloop
  endfacet
  facet normal 0.269654 0.139219 -0.95284
    outer loop
      vertex 38.1793 11.1113 -3.3147
      vertex 36.5116 9.86518 -3.96873
      vertex 37.493 12.4406 -3.3147
    endloop
  endfacet
  facet normal 0.372112 0.14182 -0.917289
    outer loop
      vertex 38.7258 9.67737 -3.3147
      vertex 38.1793 11.1113 -3.3147
      vertex 39.7072 12.2528 -2.5184
    endloop
  endfacet
  facet normal 0.290151 0.110582 -0.95057
    outer loop
      vertex 38.7258 9.67737 -3.3147
      vertex 36.9466 8.72364 -3.96873
      vertex 38.1793 11.1113 -3.3147
    endloop
  endfacet
  facet normal 0.0467891 0.181767 -0.982228
    outer loop
      vertex 31.4143 11.8307 -4.4693
      vertex 30.9814 14.6471 -3.96873
      vertex 31.946 14.3988 -3.96873
    endloop
  endfacet
  facet normal 0.105552 0.240312 -0.96494
    outer loop
      vertex 32.8774 13.9897 -3.96873
      vertex 31.946 14.3988 -3.96873
      vertex 33.6143 16.2922 -3.3147
    endloop
  endfacet
  facet normal 0.14498 0.227146 -0.963009
    outer loop
      vertex 33.7595 13.4267 -3.96873
      vertex 33.6143 16.2922 -3.3147
      vertex 34.7223 15.585 -3.3147
    endloop
  endfacet
  facet normal 0.213217 0.0812495 -0.973621
    outer loop
      vertex 36.9466 8.72364 -3.96873
      vertex 34.7324 8.53583 -4.4693
      vertex 36.5116 9.86518 -3.96873
    endloop
  endfacet
  facet normal 0.428541 0.495606 -0.755465
    outer loop
      vertex 39.2817 20.6538 0.577112
      vertex 37.0675 20.8416 -0.555702
      vertex 37.6234 22.0877 0.577112
    endloop
  endfacet
  facet normal 0.501077 0.441508 -0.744307
    outer loop
      vertex 40.7811 18.9521 0.577112
      vertex 38.6048 19.5123 -0.555702
      vertex 39.2817 20.6538 0.577112
    endloop
  endfacet
  facet normal 0.30206 0.68761 -0.660267
    outer loop
      vertex 35.8347 23.2293 0.577112
      vertex 33.9462 24.0589 0.577112
      vertex 34.1664 25.1226 1.7856
    endloop
  endfacet
  facet normal 0.470818 0.737691 -0.483883
    outer loop
      vertex 38.0489 23.0414 1.7856
      vertex 36.1604 24.2467 1.7856
      vertex 38.3367 23.6865 3.0491
    endloop
  endfacet
  facet normal 0.58601 0.516344 -0.624485
    outer loop
      vertex 40.7811 18.9521 0.577112
      vertex 39.2817 20.6538 0.577112
      vertex 39.7997 21.5275 1.7856
    endloop
  endfacet
  facet normal 0.503984 0.582849 -0.637407
    outer loop
      vertex 39.2817 20.6538 0.577112
      vertex 38.0489 23.0414 1.7856
      vertex 39.7997 21.5275 1.7856
    endloop
  endfacet
  facet normal 0.387378 0.881767 -0.269118
    outer loop
      vertex 36.3806 24.9348 3.0491
      vertex 34.3905 26.2049 4.34597
      vertex 36.4917 25.2818 4.34597
    endloop
  endfacet
  facet normal 0.519139 0.813497 -0.262139
    outer loop
      vertex 38.3367 23.6865 3.0491
      vertex 36.3806 24.9348 3.0491
      vertex 36.4917 25.2818 4.34597
    endloop
  endfacet
  facet normal 0.155603 0.60452 -0.781245
    outer loop
      vertex 33.6584 22.669 -0.555702
      vertex 31.9901 24.5624 0.577112
      vertex 33.9462 24.0589 0.577112
    endloop
  endfacet
  facet normal 0.408979 0.640802 -0.649699
    outer loop
      vertex 37.6234 22.0877 0.577112
      vertex 35.8347 23.2293 0.577112
      vertex 38.0489 23.0414 1.7856
    endloop
  endfacet
  facet normal 0.187538 0.293823 -0.937282
    outer loop
      vertex 34.7223 15.585 -3.3147
      vertex 33.6143 16.2922 -3.3147
      vertex 34.2895 18.4014 -2.5184
    endloop
  endfacet
  facet normal 0.083197 0.323169 -0.942677
    outer loop
      vertex 32.9011 19.0113 -2.5184
      vertex 31.2328 17.118 -3.3147
      vertex 31.4631 19.3815 -2.5184
    endloop
  endfacet
  facet normal 0.210444 0.479061 -0.852182
    outer loop
      vertex 35.4092 21.8999 -0.555702
      vertex 33.308 20.9769 -1.59346
      vertex 33.6584 22.669 -0.555702
    endloop
  endfacet
  facet normal 0.210449 0.479054 -0.852185
    outer loop
      vertex 34.8912 20.2814 -1.59346
      vertex 33.308 20.9769 -1.59346
      vertex 35.4092 21.8999 -0.555702
    endloop
  endfacet
  facet normal 0.349594 0.795857 -0.494364
    outer loop
      vertex 36.1604 24.2467 1.7856
      vertex 34.1664 25.1226 1.7856
      vertex 34.3154 25.842 3.0491
    endloop
  endfacet
  facet normal 0.254274 0.578829 -0.774791
    outer loop
      vertex 35.8347 23.2293 0.577112
      vertex 33.6584 22.669 -0.555702
      vertex 33.9462 24.0589 0.577112
    endloop
  endfacet
  facet normal -0.0729046 0.859154 -0.506498
    outer loop
      vertex 27.8988 25.6542 1.7856
      vertex 27.8237 26.3927 3.0491
      vertex 30 25.8325 1.7856
    endloop
  endfacet
  facet normal -0.0728778 0.859177 -0.506462
    outer loop
      vertex 30 25.8325 1.7856
      vertex 27.8237 26.3927 3.0491
      vertex 30 26.5773 3.0491
    endloop
  endfacet
  facet normal -0.0350754 0.413543 -0.909809
    outer loop
      vertex 30 19.5056 -2.5184
      vertex 28.3317 21.399 -1.59346
      vertex 30 21.5405 -1.59346
    endloop
  endfacet
  facet normal 0.0431889 0.509201 -0.859563
    outer loop
      vertex 31.6683 21.399 -1.59346
      vertex 30 21.5405 -1.59346
      vertex 30 23.2923 -0.555702
    endloop
  endfacet
  facet normal -0.236728 -0.0119849 0.971502
    outer loop
      vertex 24.5355 5 14.4693
      vertex 22.4811 5 13.9687
      vertex 22.5454 3.72993 13.9687
    endloop
  endfacet
  facet normal -0.153074 0.0235464 0.987934
    outer loop
      vertex 26.7965 6.11085 14.8079
      vertex 24.5823 5.92304 14.4693
      vertex 26.7118 5.56022 14.8079
    endloop
  endfacet
  facet normal 0.0102561 0.120911 0.99261
    outer loop
      vertex 30 12.0717 14.4693
      vertex 30 9.29199 14.8079
      vertex 30.4329 9.25527 14.8079
    endloop
  endfacet
  facet normal -0.0758887 0.0116341 0.997048
    outer loop
      vertex 28.926 5.37241 14.9786
      vertex 26.7965 6.11085 14.8079
      vertex 28.8977 5.18781 14.9786
    endloop
  endfacet
  facet normal -0.0248967 -0.0566657 0.998083
    outer loop
      vertex 29.5745 3.67066 14.9786
      vertex 28.7308 1.03472 14.8079
      vertex 29.7122 3.61016 14.9786
    endloop
  endfacet
  facet normal -0.0581899 -0.0394375 0.997526
    outer loop
      vertex 29.1179 4.12407 14.9786
      vertex 27.3688 2.3872 14.8079
      vertex 29.2138 3.98257 14.9786
    endloop
  endfacet
  facet normal 0.0732652 -0.0192114 0.997127
    outer loop
      vertex 33.2035 3.88915 14.8079
      vertex 31.0272 4.44937 14.9786
      vertex 33.0641 3.35753 14.8079
    endloop
  endfacet
  facet normal 0.0732652 0.0192114 0.997127
    outer loop
      vertex 33.0641 6.64247 14.8079
      vertex 31.0272 5.55063 14.9786
      vertex 33.2035 6.11085 14.8079
    endloop
  endfacet
  facet normal -0.117558 0.0796832 0.989864
    outer loop
      vertex 27.6549 8.03489 14.8079
      vertex 25.6647 9.30496 14.4693
      vertex 27.3688 7.6128 14.8079
    endloop
  endfacet
  facet normal -0.0625967 -0.737679 0.672243
    outer loop
      vertex 30 -14.7312 9.42289
      vertex 27.8988 -15.6542 8.21439
      vertex 30 -15.8325 8.21439
    endloop
  endfacet
  facet normal -0.0523982 -0.61773 0.784643
    outer loop
      vertex 30 -13.2923 10.5557
      vertex 28.155 -13.1358 10.5557
      vertex 30 -14.7312 9.42289
    endloop
  endfacet
  facet normal -0.943039 -0.24738 0.222442
    outer loop
      vertex 13.8948 -0.58461 6.9509
      vertex 13.6144 -0.681828 5.65403
      vertex 14.3277 -3.40101 5.65403
    endloop
  endfacet
  facet normal -0.357456 -0.413382 0.837461
    outer loop
      vertex 23.6094 -9.32447 11.5935
      vertex 21.3952 -9.51228 10.5557
      vertex 22.9325 -10.8416 10.5557
    endloop
  endfacet
  facet normal -0.419838 -0.369928 0.828788
    outer loop
      vertex 20.9623 -6.69588 11.5935
      vertex 20.0051 -7.93463 10.5557
      vertex 21.3952 -9.51228 10.5557
    endloop
  endfacet
  facet normal -0.518669 -0.267788 0.811956
    outer loop
      vertex 18.9311 -3.27024 11.5935
      vertex 17.7587 -4.14616 10.5557
      vertex 19.8599 -5.0692 11.5935
    endloop
  endfacet
  facet normal -0.429178 -0.221584 0.875618
    outer loop
      vertex 20.2928 -2.2528 12.5184
      vertex 18.9311 -3.27024 11.5935
      vertex 19.8599 -5.0692 11.5935
    endloop
  endfacet
  facet normal -0.666411 -0.587212 -0.459433
    outer loop
      vertex 19.8499 -12.1184 3.0491
      vertex 18.6171 -9.73077 1.7856
      vertex 20.2003 -11.5275 1.7856
    endloop
  endfacet
  facet normal -0.470797 -0.737744 -0.483823
    outer loop
      vertex 23.6194 -14.9348 3.0491
      vertex 21.6633 -13.6865 3.0491
      vertex 23.8396 -14.2467 1.7856
    endloop
  endfacet
  facet normal -0.864284 -0.446254 0.2321
    outer loop
      vertex 16.7721 -8.13541 6.9509
      vertex 15.3091 -5.97645 5.65403
      vertex 16.5419 -8.36408 5.65403
    endloop
  endfacet
  facet normal -0.910123 -0.346846 0.226658
    outer loop
      vertex 15.5605 -5.78864 6.9509
      vertex 14.5958 -3.25727 6.9509
      vertex 15.3091 -5.97645 5.65403
    endloop
  endfacet
  facet normal -0.87731 -0.230106 -0.421164
    outer loop
      vertex 14.5958 -3.25727 3.0491
      vertex 13.8948 -0.58461 3.0491
      vertex 15.1276 -2.97224 1.7856
    endloop
  endfacet
  facet normal -0.974677 -0.0493558 -0.218103
    outer loop
      vertex 13.1815 2.13457 4.34597
      vertex 13.0364 5 4.34597
      vertex 13.3266 5 3.0491
    endloop
  endfacet
  facet normal -0.411311 -0.0208332 0.911257
    outer loop
      vertex 20.5553 5 13.3147
      vertex 18.7911 5 12.5184
      vertex 18.887 3.10664 12.5184
    endloop
  endfacet
  facet normal -0.506836 0.0256716 0.86166
    outer loop
      vertex 18.887 6.89336 12.5184
      vertex 17.2187 5 11.5935
      vertex 18.7911 5 12.5184
    endloop
  endfacet
  facet normal -0.499019 0.0767176 0.863189
    outer loop
      vertex 19.1731 8.75433 12.5184
      vertex 17.6542 9.28099 11.5935
      vertex 18.887 6.89336 12.5184
    endloop
  endfacet
  facet normal -0.499055 0.0766919 0.86317
    outer loop
      vertex 17.6542 9.28099 11.5935
      vertex 17.3281 7.15897 11.5935
      vertex 18.887 6.89336 12.5184
    endloop
  endfacet
  facet normal -0.147831 0.0387835 0.988252
    outer loop
      vertex 24.9515 7.70621 14.4693
      vertex 24.7217 6.83028 14.4693
      vertex 26.7965 6.11085 14.8079
    endloop
  endfacet
  facet normal -0.129945 0.0670865 0.989249
    outer loop
      vertex 27.3688 7.6128 14.8079
      vertex 25.6647 9.30496 14.4693
      vertex 27.1278 7.14599 14.8079
    endloop
  endfacet
  facet normal -0.654068 0.249246 0.714193
    outer loop
      vertex 16.7959 14.8656 9.42289
      vertex 15.9138 12.5508 9.42289
      vertex 17.7587 14.1462 10.5557
    endloop
  endfacet
  facet normal -0.234622 0.367618 0.899894
    outer loop
      vertex 25.7105 18.4014 12.5184
      vertex 23.6094 19.3245 11.5935
      vertex 24.3956 17.5622 12.5184
    endloop
  endfacet
  facet normal -0.799272 0.412646 0.436906
    outer loop
      vertex 16.7721 18.1354 6.9509
      vertex 15.5605 15.7886 6.9509
      vertex 16.0589 15.4162 8.21439
    endloop
  endfacet
  facet normal -0.864289 0.446213 0.23216
    outer loop
      vertex 16.7721 18.1354 6.9509
      vertex 15.3091 15.9764 5.65403
      vertex 15.5605 15.7886 6.9509
    endloop
  endfacet
  facet normal -0.888554 0.458772 0
    outer loop
      vertex 15.3091 15.9764 4.34597
      vertex 16.5419 18.3641 5.65403
      vertex 16.5419 18.3641 4.34597
    endloop
  endfacet
  facet normal -0.888554 0.458772 0
    outer loop
      vertex 16.5419 18.3641 5.65403
      vertex 15.3091 15.9764 4.34597
      vertex 15.3091 15.9764 5.65403
    endloop
  endfacet
  facet normal -0.727188 0.640715 -0.246336
    outer loop
      vertex 18.2102 20.2574 3.0491
      vertex 18.0049 20.523 4.34597
      vertex 19.8499 22.1184 3.0491
    endloop
  endfacet
  facet normal -0.803853 0.544779 -0.238824
    outer loop
      vertex 18.2102 20.2574 3.0491
      vertex 16.7721 18.1354 3.0491
      vertex 18.0049 20.523 4.34597
    endloop
  endfacet
  facet normal -0.666404 0.587216 0.459437
    outer loop
      vertex 19.8499 22.1184 6.9509
      vertex 18.6171 19.7308 8.21439
      vertex 20.2003 21.5275 8.21439
    endloop
  endfacet
  facet normal -0.408981 0.640803 0.649697
    outer loop
      vertex 23.8396 24.2467 8.21439
      vertex 21.9511 23.0414 8.21439
      vertex 24.1653 23.2293 9.42289
    endloop
  endfacet
  facet normal -0.988392 0.151924 0
    outer loop
      vertex 13.1815 7.86543 4.34597
      vertex 13.6144 10.6818 5.65403
      vertex 13.6144 10.6818 4.34597
    endloop
  endfacet
  facet normal -0.988392 0.151924 0
    outer loop
      vertex 13.6144 10.6818 5.65403
      vertex 13.1815 7.86543 4.34597
      vertex 13.1815 7.86543 5.65403
    endloop
  endfacet
  facet normal -0.964266 0.148216 0.219596
    outer loop
      vertex 13.6144 10.6818 5.65403
      vertex 13.1815 7.86543 5.65403
      vertex 13.8948 10.5846 6.9509
    endloop
  endfacet
  facet normal -0.94304 0.247378 -0.222438
    outer loop
      vertex 13.8948 10.5846 3.0491
      vertex 13.6144 10.6818 4.34597
      vertex 14.3277 13.401 4.34597
    endloop
  endfacet
  facet normal -0.943065 0.247349 -0.222366
    outer loop
      vertex 14.5958 13.2573 3.0491
      vertex 13.8948 10.5846 3.0491
      vertex 14.3277 13.401 4.34597
    endloop
  endfacet
  facet normal -0.909073 0.0460605 -0.414084
    outer loop
      vertex 14.0399 7.71918 1.7856
      vertex 13.3266 5 3.0491
      vertex 13.4693 7.8164 3.0491
    endloop
  endfacet
  facet normal -0.898609 0.138125 -0.416442
    outer loop
      vertex 14.0399 7.71918 1.7856
      vertex 13.4693 7.8164 3.0491
      vertex 13.8948 10.5846 3.0491
    endloop
  endfacet
  facet normal -0.65407 0.249246 -0.714191
    outer loop
      vertex 17.7587 14.1462 -0.555702
      vertex 15.9138 12.5508 0.577112
      vertex 16.7959 14.8656 0.577112
    endloop
  endfacet
  facet normal -0.806636 0.12399 -0.577897
    outer loop
      vertex 14.8836 7.57544 0.577112
      vertex 14.0399 7.71918 1.7856
      vertex 15.2727 10.1068 0.577112
    endloop
  endfacet
  facet normal -0.290168 0.110572 -0.950566
    outer loop
      vertex 23.0534 8.72364 -3.96873
      vertex 21.8207 11.1113 -3.3147
      vertex 23.4884 9.86518 -3.96873
    endloop
  endfacet
  facet normal -0.613835 -0.316961 -0.723009
    outer loop
      vertex 18.786 -6.13566 -0.555702
      vertex 16.7959 -4.8656 0.577112
      vertex 17.7587 -4.14616 -0.555702
    endloop
  endfacet
  facet normal 0.632592 -0.731549 -0.25429
    outer loop
      vertex 40.3268 -12.4164 4.34597
      vertex 38.3367 -13.6865 3.0491
      vertex 40.1501 -12.1184 3.0491
    endloop
  endfacet
  facet normal 0.576706 -0.666921 -0.471833
    outer loop
      vertex 40.1501 -12.1184 3.0491
      vertex 38.3367 -13.6865 3.0491
      vertex 39.7997 -11.5275 1.7856
    endloop
  endfacet
  facet normal 0.408979 -0.640802 -0.649699
    outer loop
      vertex 38.0489 -13.0414 1.7856
      vertex 35.8347 -13.2293 0.577112
      vertex 37.6234 -12.0877 0.577112
    endloop
  endfacet
  facet normal 0.428541 -0.495606 -0.755465
    outer loop
      vertex 37.6234 -12.0877 0.577112
      vertex 37.0675 -10.8416 -0.555702
      vertex 39.2817 -10.6538 0.577112
    endloop
  endfacet
  facet normal 0.239741 -0.931232 0.274467
    outer loop
      vertex 34.3154 -15.842 6.9509
      vertex 32.1763 -16.3927 6.9509
      vertex 34.3905 -16.2049 5.65403
    endloop
  endfacet
  facet normal 0.210449 -0.479054 -0.852185
    outer loop
      vertex 35.4092 -11.8999 -0.555702
      vertex 33.308 -10.9769 -1.59346
      vertex 34.8912 -10.2814 -1.59346
    endloop
  endfacet
  facet normal 0.428544 -0.495592 -0.755472
    outer loop
      vertex 39.2817 -10.6538 0.577112
      vertex 37.0675 -10.8416 -0.555702
      vertex 38.6048 -9.51228 -0.555702
    endloop
  endfacet
  facet normal -0.0350756 -0.413545 -0.909808
    outer loop
      vertex 30 -11.5405 -1.59346
      vertex 28.3317 -11.399 -1.59346
      vertex 30 -9.50561 -2.5184
    endloop
  endfacet
  facet normal 0.0350756 -0.413545 -0.909808
    outer loop
      vertex 31.6683 -11.399 -1.59346
      vertex 30 -11.5405 -1.59346
      vertex 30 -9.50561 -2.5184
    endloop
  endfacet
  facet normal 0.0625964 -0.737676 -0.672247
    outer loop
      vertex 32.1012 -15.6542 1.7856
      vertex 30 -15.8325 1.7856
      vertex 30 -14.7312 0.577112
    endloop
  endfacet
  facet normal 0.215586 -0.837407 -0.502268
    outer loop
      vertex 32.1763 -16.3927 3.0491
      vertex 32.1012 -15.6542 1.7856
      vertex 34.3154 -15.842 3.0491
    endloop
  endfacet
  facet normal 0.321537 -0.0162848 -0.946757
    outer loop
      vertex 39.3639 3.40464 -3.3147
      vertex 37.4546 3.72993 -3.96873
      vertex 39.4447 5 -3.3147
    endloop
  endfacet
  facet normal 0.213217 -0.0812498 -0.97362
    outer loop
      vertex 36.5116 0.134824 -3.96873
      vertex 34.7324 1.46417 -4.4693
      vertex 36.9466 1.27636 -3.96873
    endloop
  endfacet
  facet normal 0.713227 -0.0361149 -0.700002
    outer loop
      vertex 45.1164 2.42456 0.577112
      vertex 44.0141 2.61237 -0.555702
      vertex 44.135 5 -0.555702
    endloop
  endfacet
  facet normal 0.37213 -0.141811 -0.917284
    outer loop
      vertex 39.7072 -2.2528 -2.5184
      vertex 38.7258 0.322634 -3.3147
      vertex 40.3557 -0.551055 -2.5184
    endloop
  endfacet
  facet normal 0.321533 -0.0162783 -0.946758
    outer loop
      vertex 39.4447 5 -3.3147
      vertex 37.4546 3.72993 -3.96873
      vertex 37.5189 5 -3.96873
    endloop
  endfacet
  facet normal 0.40474 0.0622236 -0.912312
    outer loop
      vertex 41.113 6.89336 -2.5184
      vertex 39.3639 6.59536 -3.3147
      vertex 40.8269 8.75433 -2.5184
    endloop
  endfacet
  facet normal 0.0694117 0.026454 -0.997237
    outer loop
      vertex 33.0641 6.64247 -4.80785
      vertex 31.0272 5.55063 -4.97859
      vertex 32.8722 7.14599 -4.80785
    endloop
  endfacet
  facet normal 0.140064 0.0533806 -0.988703
    outer loop
      vertex 33.0641 6.64247 -4.80785
      vertex 32.8722 7.14599 -4.80785
      vertex 35.0485 7.70621 -4.4693
    endloop
  endfacet
  facet normal 0.147823 -0.0387619 -0.988254
    outer loop
      vertex 35.0485 2.29379 -4.4693
      vertex 33.0641 3.35753 -4.80785
      vertex 33.2035 3.88915 -4.80785
    endloop
  endfacet
  facet normal -0.00506784 0.0597355 -0.998201
    outer loop
      vertex 29.8549 6.42656 -4.97859
      vertex 29.5671 9.25527 -4.80785
      vertex 30 6.43887 -4.97859
    endloop
  endfacet
  facet normal 0.244479 -0.165653 -0.9554
    outer loop
      vertex 37.493 -2.44061 -3.3147
      vertex 35.3167 -1.8804 -3.96873
      vertex 35.9651 -0.923462 -3.96873
    endloop
  endfacet
  facet normal 0.0692868 -0.108554 -0.991673
    outer loop
      vertex 32.0912 -1.53337 -4.4693
      vertex 31.2692 1.03472 -4.80785
      vertex 32.7322 -1.12424 -4.4693
    endloop
  endfacet
  facet normal 0.224881 0.0589798 -0.9726
    outer loop
      vertex 37.2627 7.5184 -3.96873
      vertex 35.0485 7.70621 -4.4693
      vertex 36.9466 8.72364 -3.96873
    endloop
  endfacet
  facet normal 0.305757 0.0801914 -0.948726
    outer loop
      vertex 37.2627 7.5184 -3.96873
      vertex 36.9466 8.72364 -3.96873
      vertex 39.1229 8.16343 -3.3147
    endloop
  endfacet
  facet normal -0.210449 -0.479054 -0.852185
    outer loop
      vertex 26.692 -10.9769 -1.59346
      vertex 24.5908 -11.8999 -0.555702
      vertex 25.1088 -10.2814 -1.59346
    endloop
  endfacet
  facet normal -0.210444 -0.479061 -0.852182
    outer loop
      vertex 26.3416 -12.669 -0.555702
      vertex 24.5908 -11.8999 -0.555702
      vertex 26.692 -10.9769 -1.59346
    endloop
  endfacet
  facet normal -0.128454 -0.499012 -0.857022
    outer loop
      vertex 28.155 -13.1358 -0.555702
      vertex 26.3416 -12.669 -0.555702
      vertex 28.3317 -11.399 -1.59346
    endloop
  endfacet
  facet normal -0.0523983 -0.617731 -0.784642
    outer loop
      vertex 30 -14.7312 0.577112
      vertex 28.155 -13.1358 -0.555702
      vertex 30 -13.2923 -0.555702
    endloop
  endfacet
  facet normal -0.0523957 -0.617729 -0.784643
    outer loop
      vertex 30 -14.7312 0.577112
      vertex 28.0099 -14.5624 0.577112
      vertex 28.155 -13.1358 -0.555702
    endloop
  endfacet
  facet normal -0.215586 -0.837407 -0.502268
    outer loop
      vertex 27.8237 -16.3927 3.0491
      vertex 25.6846 -15.842 3.0491
      vertex 27.8988 -15.6542 1.7856
    endloop
  endfacet
  facet normal -0.654728 -0.443688 -0.611942
    outer loop
      vertex 19.2189 -8.95207 0.577112
      vertex 17.2287 -7.682 1.7856
      vertex 17.9039 -7.01159 0.577112
    endloop
  endfacet
  facet normal -0.710519 -0.366849 -0.600487
    outer loop
      vertex 17.2287 -7.682 1.7856
      vertex 16.7959 -4.8656 0.577112
      vertex 17.9039 -7.01159 0.577112
    endloop
  endfacet
  facet normal -0.803851 -0.54478 -0.238825
    outer loop
      vertex 18.0049 -10.523 4.34597
      vertex 16.7721 -8.13541 3.0491
      vertex 18.2102 -10.2574 3.0491
    endloop
  endfacet
  facet normal -0.864284 -0.446254 -0.2321
    outer loop
      vertex 16.5419 -8.36408 4.34597
      vertex 15.3091 -5.97645 4.34597
      vertex 16.7721 -8.13541 3.0491
    endloop
  endfacet
  facet normal -0.429192 -0.221591 -0.875609
    outer loop
      vertex 19.8599 -5.0692 -1.59346
      vertex 18.9311 -3.27024 -1.59346
      vertex 20.2928 -2.2528 -2.5184
    endloop
  endfacet
  facet normal -0.562883 -0.381447 -0.733254
    outer loop
      vertex 19.2189 -8.95207 0.577112
      vertex 17.9039 -7.01159 0.577112
      vertex 18.786 -6.13566 -0.555702
    endloop
  endfacet
  facet normal -0.518663 -0.267817 -0.81195
    outer loop
      vertex 18.786 -6.13566 -0.555702
      vertex 17.7587 -4.14616 -0.555702
      vertex 19.8599 -5.0692 -1.59346
    endloop
  endfacet
  facet normal -0.75398 -0.287319 -0.59073
    outer loop
      vertex 16.0589 -5.41623 1.7856
      vertex 15.9138 -2.5508 0.577112
      vertex 16.7959 -4.8656 0.577112
    endloop
  endfacet
  facet normal 0.0811989 -0.957352 -0.277279
    outer loop
      vertex 32.2142 -16.7651 4.34597
      vertex 30 -16.9529 4.34597
      vertex 32.1763 -16.3927 3.0491
    endloop
  endfacet
  facet normal -0.0812055 -0.957354 0.277269
    outer loop
      vertex 30 -16.5773 6.9509
      vertex 27.8237 -16.3927 6.9509
      vertex 30 -16.9529 5.65403
    endloop
  endfacet
  facet normal -0.632588 -0.731557 0.254277
    outer loop
      vertex 21.6633 -13.6865 6.9509
      vertex 19.6732 -12.4164 5.65403
      vertex 21.5182 -14.0118 5.65403
    endloop
  endfacet
  facet normal -0.576681 -0.666921 -0.471864
    outer loop
      vertex 21.6633 -13.6865 3.0491
      vertex 20.2003 -11.5275 1.7856
      vertex 21.9511 -13.0414 1.7856
    endloop
  endfacet
  facet normal -0.0728777 -0.859175 0.506465
    outer loop
      vertex 30 -15.8325 8.21439
      vertex 27.8237 -16.3927 6.9509
      vertex 30 -16.5773 6.9509
    endloop
  endfacet
  facet normal -0.349604 -0.795858 0.494355
    outer loop
      vertex 23.8396 -14.2467 8.21439
      vertex 23.6194 -14.9348 6.9509
      vertex 25.6846 -15.842 6.9509
    endloop
  endfacet
  facet normal -0.470796 -0.737742 0.483826
    outer loop
      vertex 23.8396 -14.2467 8.21439
      vertex 21.6633 -13.6865 6.9509
      vertex 23.6194 -14.9348 6.9509
    endloop
  endfacet
  facet normal -0.18549 -0.720606 0.668072
    outer loop
      vertex 28.0099 -14.5624 9.42289
      vertex 25.8336 -15.1226 8.21439
      vertex 27.8988 -15.6542 8.21439
    endloop
  endfacet
  facet normal -0.185485 -0.720612 0.668067
    outer loop
      vertex 26.0538 -14.0589 9.42289
      vertex 25.8336 -15.1226 8.21439
      vertex 28.0099 -14.5624 9.42289
    endloop
  endfacet
  facet normal -0.470817 -0.73769 0.483886
    outer loop
      vertex 21.9511 -13.0414 8.21439
      vertex 21.6633 -13.6865 6.9509
      vertex 23.8396 -14.2467 8.21439
    endloop
  endfacet
  facet normal -0.654064 -0.249244 0.714197
    outer loop
      vertex 17.7587 -4.14616 10.5557
      vertex 15.9138 -2.5508 9.42289
      vertex 16.7959 -4.8656 9.42289
    endloop
  endfacet
  facet normal -0.753983 -0.28732 0.590726
    outer loop
      vertex 16.7959 -4.8656 9.42289
      vertex 15.9138 -2.5508 9.42289
      vertex 16.0589 -5.41623 8.21439
    endloop
  endfacet
  facet normal -0.419828 -0.369928 0.828793
    outer loop
      vertex 22.2193 -8.12244 11.5935
      vertex 20.9623 -6.69588 11.5935
      vertex 21.3952 -9.51228 10.5557
    endloop
  endfacet
  facet normal -0.518676 -0.267824 0.811939
    outer loop
      vertex 19.8599 -5.0692 11.5935
      vertex 17.7587 -4.14616 10.5557
      vertex 18.786 -6.13566 10.5557
    endloop
  endfacet
  facet normal -0.0758887 -0.0116341 0.997048
    outer loop
      vertex 28.8977 4.81219 14.9786
      vertex 26.7965 3.88915 14.8079
      vertex 28.926 4.62759 14.9786
    endloop
  endfacet
  facet normal -0.0758726 -0.011671 0.997049
    outer loop
      vertex 28.8977 4.81219 14.9786
      vertex 26.7118 4.43978 14.8079
      vertex 26.7965 3.88915 14.8079
    endloop
  endfacet
  facet normal -0.40474 -0.0622236 0.912312
    outer loop
      vertex 20.6361 3.40464 13.3147
      vertex 18.887 3.10664 12.5184
      vertex 19.1731 1.24567 12.5184
    endloop
  endfacet
  facet normal -0.391665 -0.102732 0.914355
    outer loop
      vertex 20.8771 1.83657 13.3147
      vertex 19.1731 1.24567 12.5184
      vertex 21.2742 0.322634 13.3147
    endloop
  endfacet
  facet normal -0.103171 -0.0909054 0.990501
    outer loop
      vertex 27.6549 1.96511 14.8079
      vertex 26.136 -0.000424385 14.4693
      vertex 26.6734 -0.610332 14.4693
    endloop
  endfacet
  facet normal -0.244463 -0.165668 0.955402
    outer loop
      vertex 24.0348 -0.923462 13.9687
      vertex 22.507 -2.44061 13.3147
      vertex 24.6833 -1.8804 13.9687
    endloop
  endfacet
  facet normal -0.105564 -0.240293 0.964943
    outer loop
      vertex 28.054 -4.3988 13.9687
      vertex 26.3857 -6.29216 13.3147
      vertex 27.5555 -6.80607 13.3147
    endloop
  endfacet
  facet normal -0.105555 -0.2403 0.964942
    outer loop
      vertex 27.1226 -3.98967 13.9687
      vertex 26.3857 -6.29216 13.3147
      vertex 28.054 -4.3988 13.9687
    endloop
  endfacet
  facet normal -0.277168 -0.244208 0.929269
    outer loop
      vertex 23.3216 -3.64264 13.3147
      vertex 23.1765 -6.50807 12.5184
      vertex 24.2504 -4.6968 13.3147
    endloop
  endfacet
  facet normal -0.234628 -0.367623 0.89989
    outer loop
      vertex 24.3956 -7.56222 12.5184
      vertex 23.6094 -9.32447 11.5935
      vertex 25.7105 -8.40143 12.5184
    endloop
  endfacet
  facet normal -0.129942 -0.0670886 0.989249
    outer loop
      vertex 27.1278 2.85401 14.8079
      vertex 25.2676 1.46417 14.4693
      vertex 25.6647 0.695041 14.4693
    endloop
  endfacet
  facet normal -0.129945 -0.0670865 0.989249
    outer loop
      vertex 27.1278 2.85401 14.8079
      vertex 25.6647 0.695041 14.4693
      vertex 27.3688 2.3872 14.8079
    endloop
  endfacet
  facet normal 0.0102554 -0.120912 0.99261
    outer loop
      vertex 30.4329 0.744731 14.8079
      vertex 30 -2.07167 14.4693
      vertex 30.7133 -2.01117 14.4693
    endloop
  endfacet
  facet normal 0.105564 -0.240293 0.964943
    outer loop
      vertex 33.6143 -6.29216 13.3147
      vertex 31.946 -4.3988 13.9687
      vertex 32.4445 -6.80607 13.3147
    endloop
  endfacet
  facet normal 0.132822 -0.153625 0.979162
    outer loop
      vertex 33.3266 -0.610332 14.4693
      vertex 32.7322 -1.12424 14.4693
      vertex 33.7595 -3.42673 13.9687
    endloop
  endfacet
  facet normal 0.069306 0.108566 0.99167
    outer loop
      vertex 32.0912 11.5334 14.4693
      vertex 31.2692 8.96528 14.8079
      vertex 32.7322 11.1242 14.4693
    endloop
  endfacet
  facet normal -0.404759 -0.0622083 0.912305
    outer loop
      vertex 20.6361 3.40464 13.3147
      vertex 19.1731 1.24567 12.5184
      vertex 20.8771 1.83657 13.3147
    endloop
  endfacet
  facet normal -0.321524 -0.0162842 0.946762
    outer loop
      vertex 22.5454 3.72993 13.9687
      vertex 20.5553 5 13.3147
      vertex 20.6361 3.40464 13.3147
    endloop
  endfacet
  facet normal -0.305746 0.080196 0.94873
    outer loop
      vertex 21.2742 9.67737 13.3147
      vertex 20.8771 8.16343 13.3147
      vertex 23.0534 8.72364 13.9687
    endloop
  endfacet
  facet normal -0.391665 0.102732 0.914355
    outer loop
      vertex 21.2742 9.67737 13.3147
      vertex 19.1731 8.75433 12.5184
      vertex 20.8771 8.16343 13.3147
    endloop
  endfacet
  facet normal -0.683825 -0.179364 0.707257
    outer loop
      vertex 16.3467 0.265595 10.5557
      vertex 15.9138 -2.5508 9.42289
      vertex 16.941 -2.00017 10.5557
    endloop
  endfacet
  facet normal -0.55459 -0.21135 0.804836
    outer loop
      vertex 18.1916 -1.32977 11.5935
      vertex 16.941 -2.00017 10.5557
      vertex 18.9311 -3.27024 11.5935
    endloop
  endfacet
  facet normal -0.024899 0.0566803 -0.998082
    outer loop
      vertex 29.7122 6.38984 -4.97859
      vertex 28.7308 8.96528 -4.80785
      vertex 29.1416 9.14574 -4.80785
    endloop
  endfacet
  facet normal -0.0503729 0.114669 -0.992126
    outer loop
      vertex 28.7308 8.96528 -4.80785
      vertex 28.5857 11.8307 -4.4693
      vertex 29.1416 9.14574 -4.80785
    endloop
  endfacet
  facet normal -0.0102538 0.120893 -0.992613
    outer loop
      vertex 29.5671 9.25527 -4.80785
      vertex 29.2867 12.0112 -4.4693
      vertex 30 12.0717 -4.4693
    endloop
  endfacet
  facet normal -0.0305907 0.118804 -0.992446
    outer loop
      vertex 29.5671 9.25527 -4.80785
      vertex 28.5857 11.8307 -4.4693
      vertex 29.2867 12.0112 -4.4693
    endloop
  endfacet
  facet normal 0.0305827 0.118807 -0.992446
    outer loop
      vertex 30.8584 9.14574 -4.80785
      vertex 30.4329 9.25527 -4.80785
      vertex 31.4143 11.8307 -4.4693
    endloop
  endfacet
  facet normal 0.00506697 0.0597356 -0.998201
    outer loop
      vertex 30.4329 9.25527 -4.80785
      vertex 30 6.43887 -4.97859
      vertex 30 9.29199 -4.80785
    endloop
  endfacet
  facet normal -0.144976 0.227146 -0.963009
    outer loop
      vertex 27.1226 13.9897 -3.96873
      vertex 26.2405 13.4267 -3.96873
      vertex 26.3857 16.2922 -3.3147
    endloop
  endfacet
  facet normal -0.0503638 0.11467 -0.992126
    outer loop
      vertex 28.7308 8.96528 -4.80785
      vertex 27.9088 11.5334 -4.4693
      vertex 28.5857 11.8307 -4.4693
    endloop
  endfacet
  facet normal -0.0641596 0.249248 -0.966312
    outer loop
      vertex 29.0186 14.6471 -3.96873
      vertex 28.054 14.3988 -3.96873
      vertex 28.7672 17.118 -3.3147
    endloop
  endfacet
  facet normal -0.0157028 0.185003 -0.982613
    outer loop
      vertex 30 12.0717 -4.4693
      vertex 29.0186 14.6471 -3.96873
      vertex 30 14.7304 -3.96873
    endloop
  endfacet
  facet normal 0.974661 -0.049355 0.218175
    outer loop
      vertex 46.9636 5 5.65403
      vertex 46.6733 5 6.9509
      vertex 46.8185 2.13457 5.65403
    endloop
  endfacet
  facet normal 0.806635 -0.123984 0.5779
    outer loop
      vertex 45.9601 2.28082 8.21439
      vertex 44.7273 -0.10681 9.42289
      vertex 45.5493 -0.391838 8.21439
    endloop
  endfacet
  facet normal 0.785807 -0.206135 0.583109
    outer loop
      vertex 45.5493 -0.391838 8.21439
      vertex 44.7273 -0.10681 9.42289
      vertex 44.8724 -2.97224 8.21439
    endloop
  endfacet
  facet normal 0.934454 -0.356084 0
    outer loop
      vertex 44.6909 -5.97645 5.65403
      vertex 45.6723 -3.40101 4.34597
      vertex 45.6723 -3.40101 5.65403
    endloop
  endfacet
  facet normal 0.934454 -0.356084 0
    outer loop
      vertex 45.6723 -3.40101 4.34597
      vertex 44.6909 -5.97645 5.65403
      vertex 44.6909 -5.97645 4.34597
    endloop
  endfacet
  facet normal 0.988392 0.151924 0
    outer loop
      vertex 46.8185 7.86543 5.65403
      vertex 46.3856 10.6818 4.34597
      vertex 46.3856 10.6818 5.65403
    endloop
  endfacet
  facet normal 0.988392 0.151924 0
    outer loop
      vertex 46.3856 10.6818 4.34597
      vertex 46.8185 7.86543 5.65403
      vertex 46.8185 7.86543 4.34597
    endloop
  endfacet
  facet normal 0.94304 0.247378 -0.222438
    outer loop
      vertex 46.1052 10.5846 3.0491
      vertex 45.6723 13.401 4.34597
      vertex 46.3856 10.6818 4.34597
    endloop
  endfacet
  facet normal 0.910149 0.346828 0.226584
    outer loop
      vertex 45.6723 13.401 5.65403
      vertex 44.6909 15.9764 5.65403
      vertex 45.4042 13.2573 6.9509
    endloop
  endfacet
  facet normal 0.967274 0.253735 0
    outer loop
      vertex 46.3856 10.6818 5.65403
      vertex 45.6723 13.401 4.34597
      vertex 45.6723 13.401 5.65403
    endloop
  endfacet
  facet normal 0.967274 0.253735 0
    outer loop
      vertex 45.6723 13.401 4.34597
      vertex 46.3856 10.6818 5.65403
      vertex 46.3856 10.6818 4.34597
    endloop
  endfacet
  facet normal 0.827826 0.560985 0
    outer loop
      vertex 43.4581 18.3641 5.65403
      vertex 41.9951 20.523 4.34597
      vertex 41.9951 20.523 5.65403
    endloop
  endfacet
  facet normal 0.827826 0.560985 0
    outer loop
      vertex 41.9951 20.523 4.34597
      vertex 43.4581 18.3641 5.65403
      vertex 43.4581 18.3641 4.34597
    endloop
  endfacet
  facet normal 0.483463 0.126812 -0.866131
    outer loop
      vertex 42.3458 9.28099 -1.59346
      vertex 40.8269 8.75433 -2.5184
      vertex 41.8084 11.3298 -1.59346
    endloop
  endfacet
  facet normal 0.608089 -0.0308133 -0.793271
    outer loop
      vertex 44.0141 2.61237 -0.555702
      vertex 42.6719 2.84103 -1.59346
      vertex 42.7813 5 -1.59346
    endloop
  endfacet
  facet normal 0.429171 -0.221597 -0.875618
    outer loop
      vertex 40.1401 -5.0692 -1.59346
      vertex 38.8926 -3.83045 -2.5184
      vertex 39.7072 -2.2528 -2.5184
    endloop
  endfacet
  facet normal 0.346355 -0.178836 -0.920899
    outer loop
      vertex 38.8926 -3.83045 -2.5184
      vertex 37.493 -2.44061 -3.3147
      vertex 39.7072 -2.2528 -2.5184
    endloop
  endfacet
  facet normal 0.910123 -0.346846 -0.226658
    outer loop
      vertex 44.6909 -5.97645 4.34597
      vertex 44.4395 -5.78864 3.0491
      vertex 45.4042 -3.25727 3.0491
    endloop
  endfacet
  facet normal 0.864286 -0.446217 -0.232163
    outer loop
      vertex 44.6909 -5.97645 4.34597
      vertex 43.2279 -8.13541 3.0491
      vertex 44.4395 -5.78864 3.0491
    endloop
  endfacet
  facet normal 0.215563 -0.837434 -0.502231
    outer loop
      vertex 34.3154 -15.842 3.0491
      vertex 32.1012 -15.6542 1.7856
      vertex 34.1664 -15.1226 1.7856
    endloop
  endfacet
  facet normal 0.30206 -0.68761 -0.660267
    outer loop
      vertex 34.1664 -15.1226 1.7856
      vertex 33.9462 -14.0589 0.577112
      vertex 35.8347 -13.2293 0.577112
    endloop
  endfacet
  facet normal 0.387378 -0.881767 -0.269118
    outer loop
      vertex 36.4917 -15.2818 4.34597
      vertex 34.3905 -16.2049 4.34597
      vertex 36.3806 -14.9348 3.0491
    endloop
  endfacet
  facet normal 0.537952 -0.842975 0
    outer loop
      vertex 36.4917 -15.2818 4.34597
      vertex 38.4818 -14.0118 5.65403
      vertex 36.4917 -15.2818 5.65403
    endloop
  endfacet
  facet normal 0.537952 -0.842975 0
    outer loop
      vertex 38.4818 -14.0118 5.65403
      vertex 36.4917 -15.2818 4.34597
      vertex 38.4818 -14.0118 4.34597
    endloop
  endfacet
  facet normal 0.345901 -0.54197 -0.765912
    outer loop
      vertex 37.6234 -12.0877 0.577112
      vertex 35.8347 -13.2293 0.577112
      vertex 37.0675 -10.8416 -0.555702
    endloop
  endfacet
  facet normal 0.104431 -0.405676 -0.908031
    outer loop
      vertex 33.308 -10.9769 -1.59346
      vertex 31.6683 -11.399 -1.59346
      vertex 32.9011 -9.01134 -2.5184
    endloop
  endfacet
  facet normal 0.419826 -0.369917 -0.828799
    outer loop
      vertex 39.9949 -7.93463 -0.555702
      vertex 38.6048 -9.51228 -0.555702
      vertex 39.0377 -6.69588 -1.59346
    endloop
  endfacet
  facet normal 0.473695 -0.321007 -0.820102
    outer loop
      vertex 39.9949 -7.93463 -0.555702
      vertex 39.0377 -6.69588 -1.59346
      vertex 41.214 -6.13566 -0.555702
    endloop
  endfacet
  facet normal 0.187518 -0.293822 -0.937286
    outer loop
      vertex 34.2895 -8.40143 -2.5184
      vertex 33.6143 -6.29216 -3.3147
      vertex 34.7223 -5.58503 -3.3147
    endloop
  endfacet
  facet normal 0.419817 -0.369918 -0.828803
    outer loop
      vertex 38.6048 -9.51228 -0.555702
      vertex 37.7807 -8.12244 -1.59346
      vertex 39.0377 -6.69588 -1.59346
    endloop
  endfacet
  facet normal 0.501079 -0.441502 -0.744309
    outer loop
      vertex 39.2817 -10.6538 0.577112
      vertex 38.6048 -9.51228 -0.555702
      vertex 40.7811 -8.95207 0.577112
    endloop
  endfacet
  facet normal 0.586015 -0.51634 -0.624484
    outer loop
      vertex 39.7997 -11.5275 1.7856
      vertex 39.2817 -10.6538 0.577112
      vertex 40.7811 -8.95207 0.577112
    endloop
  endfacet
  facet normal 0.581433 0.152509 0.799173
    outer loop
      vertex 43.059 12.0002 10.5557
      vertex 41.8084 11.3298 11.5935
      vertex 42.3458 9.28099 11.5935
    endloop
  endfacet
  facet normal 0.581438 0.152506 0.799169
    outer loop
      vertex 43.059 12.0002 10.5557
      vertex 42.3458 9.28099 11.5935
      vertex 43.6533 9.7344 10.5557
    endloop
  endfacet
  facet normal 0.713229 0.0361123 0.700001
    outer loop
      vertex 45.1164 7.57544 9.42289
      vertex 44.135 5 10.5557
      vertex 45.2468 5 9.42289
    endloop
  endfacet
  facet normal 0.816924 0.0413626 0.57526
    outer loop
      vertex 46.0978 5 8.21439
      vertex 45.1164 7.57544 9.42289
      vertex 45.2468 5 9.42289
    endloop
  endfacet
  facet normal 0.501077 -0.44151 0.744305
    outer loop
      vertex 39.9949 -7.93463 10.5557
      vertex 38.6048 -9.51228 10.5557
      vertex 40.7811 -8.95207 9.42289
    endloop
  endfacet
  facet normal 0.562883 -0.381446 0.733254
    outer loop
      vertex 41.214 -6.13566 10.5557
      vertex 39.9949 -7.93463 10.5557
      vertex 40.7811 -8.95207 9.42289
    endloop
  endfacet
  facet normal 0.581432 -0.152511 0.799173
    outer loop
      vertex 42.3458 0.719009 11.5935
      vertex 41.8084 -1.32977 11.5935
      vertex 43.059 -2.00017 10.5557
    endloop
  endfacet
  facet normal 0.581437 -0.152508 0.79917
    outer loop
      vertex 43.6533 0.265595 10.5557
      vertex 42.3458 0.719009 11.5935
      vertex 43.059 -2.00017 10.5557
    endloop
  endfacet
  facet normal 0.411311 -0.0208332 0.911257
    outer loop
      vertex 41.2089 5 12.5184
      vertex 39.4447 5 13.3147
      vertex 41.113 3.10664 12.5184
    endloop
  endfacet
  facet normal 0.305745 -0.0801881 0.948731
    outer loop
      vertex 37.2627 2.4816 13.9687
      vertex 36.9466 1.27636 13.9687
      vertex 39.1229 1.83657 13.3147
    endloop
  endfacet
  facet normal 0.506846 0.0256831 0.861654
    outer loop
      vertex 42.6719 7.15897 11.5935
      vertex 41.113 6.89336 12.5184
      vertex 42.7813 5 11.5935
    endloop
  endfacet
  facet normal 0.499055 0.0766919 0.86317
    outer loop
      vertex 42.3458 9.28099 11.5935
      vertex 41.113 6.89336 12.5184
      vertex 42.6719 7.15897 11.5935
    endloop
  endfacet
  facet normal 0.305746 -0.0801962 0.94873
    outer loop
      vertex 39.1229 1.83657 13.3147
      vertex 36.9466 1.27636 13.9687
      vertex 38.7258 0.322634 13.3147
    endloop
  endfacet
  facet normal 0.391665 -0.102732 0.914355
    outer loop
      vertex 39.1229 1.83657 13.3147
      vertex 38.7258 0.322634 13.3147
      vertex 40.8269 1.24567 12.5184
    endloop
  endfacet
  facet normal 0.302062 -0.687613 0.660263
    outer loop
      vertex 35.8347 -13.2293 9.42289
      vertex 33.9462 -14.0589 9.42289
      vertex 34.1664 -15.1226 8.21439
    endloop
  endfacet
  facet normal 0.302043 -0.687606 0.660278
    outer loop
      vertex 35.8347 -13.2293 9.42289
      vertex 34.1664 -15.1226 8.21439
      vertex 36.1604 -14.2467 8.21439
    endloop
  endfacet
  facet normal 0.29284 -0.338658 0.894179
    outer loop
      vertex 36.8235 -6.50807 12.5184
      vertex 36.3906 -9.32447 11.5935
      vertex 37.7807 -8.12244 11.5935
    endloop
  endfacet
  facet normal 0.357456 -0.413383 0.83746
    outer loop
      vertex 37.7807 -8.12244 11.5935
      vertex 36.3906 -9.32447 11.5935
      vertex 38.6048 -9.51228 10.5557
    endloop
  endfacet
  facet normal 0.234585 -0.271292 0.933472
    outer loop
      vertex 36.8235 -6.50807 12.5184
      vertex 34.7223 -5.58503 13.3147
      vertex 35.6044 -7.56222 12.5184
    endloop
  endfacet
  facet normal 0.187527 -0.293822 0.937285
    outer loop
      vertex 34.7223 -5.58503 13.3147
      vertex 34.2895 -8.40143 12.5184
      vertex 35.6044 -7.56222 12.5184
    endloop
  endfacet
  facet normal 0.277168 -0.244208 0.929269
    outer loop
      vertex 36.6784 -3.64264 13.3147
      vertex 35.7496 -4.6968 13.3147
      vertex 36.8235 -6.50807 12.5184
    endloop
  endfacet
  facet normal 0.277143 -0.244211 0.929276
    outer loop
      vertex 37.9259 -5.25701 12.5184
      vertex 36.6784 -3.64264 13.3147
      vertex 36.8235 -6.50807 12.5184
    endloop
  endfacet
  facet normal 0.269647 -0.139211 0.952844
    outer loop
      vertex 38.1793 -1.11127 13.3147
      vertex 36.5116 0.134824 13.9687
      vertex 37.493 -2.44061 13.3147
    endloop
  endfacet
  facet normal 0.290157 -0.110569 0.95057
    outer loop
      vertex 36.9466 1.27636 13.9687
      vertex 36.5116 0.134824 13.9687
      vertex 38.1793 -1.11127 13.3147
    endloop
  endfacet
  facet normal 0.244462 -0.165669 0.955402
    outer loop
      vertex 37.493 -2.44061 13.3147
      vertex 35.3167 -1.8804 13.9687
      vertex 36.6784 -3.64264 13.3147
    endloop
  endfacet
  facet normal 0.244469 -0.165647 0.955404
    outer loop
      vertex 35.9651 -0.923462 13.9687
      vertex 35.3167 -1.8804 13.9687
      vertex 37.493 -2.44061 13.3147
    endloop
  endfacet
  facet normal 0.0350743 -0.41353 0.909815
    outer loop
      vertex 30 -9.50561 12.5184
      vertex 30 -11.5405 11.5935
      vertex 31.6683 -11.399 11.5935
    endloop
  endfacet
  facet normal 0.136744 -0.311268 0.940433
    outer loop
      vertex 33.6143 -6.29216 13.3147
      vertex 32.4445 -6.80607 13.3147
      vertex 32.9011 -9.01134 12.5184
    endloop
  endfacet
  facet normal -0.0350743 -0.41353 0.909815
    outer loop
      vertex 30 -9.50561 12.5184
      vertex 28.3317 -11.399 11.5935
      vertex 30 -11.5405 11.5935
    endloop
  endfacet
  facet normal -0.104425 -0.405661 0.908039
    outer loop
      vertex 28.5369 -9.38151 12.5184
      vertex 27.0989 -9.01134 12.5184
      vertex 28.3317 -11.399 11.5935
    endloop
  endfacet
  facet normal 0.0625719 -0.737704 0.672219
    outer loop
      vertex 31.9901 -14.5624 9.42289
      vertex 30 -14.7312 9.42289
      vertex 32.1012 -15.6542 8.21439
    endloop
  endfacet
  facet normal 0.0431901 -0.509216 0.859554
    outer loop
      vertex 30 -11.5405 11.5935
      vertex 30 -13.2923 10.5557
      vertex 31.6683 -11.399 11.5935
    endloop
  endfacet
  facet normal 0.0429966 -0.0497522 0.997836
    outer loop
      vertex 30.6769 3.85847 14.9786
      vertex 30.5559 3.7539 14.9786
      vertex 31.6583 1.28303 14.8079
    endloop
  endfacet
  facet normal 0.043016 0.0497447 0.997835
    outer loop
      vertex 31.6583 8.71697 14.8079
      vertex 30.6769 6.14153 14.9786
      vertex 32.019 8.40506 14.8079
    endloop
  endfacet
  facet normal 0.0342554 0.053663 0.997971
    outer loop
      vertex 31.2692 8.96528 14.8079
      vertex 30.4255 6.32934 14.9786
      vertex 30.5559 6.2461 14.9786
    endloop
  endfacet
  facet normal 0.147831 0.0387835 0.988252
    outer loop
      vertex 35.0485 7.70621 14.4693
      vertex 33.2035 6.11085 14.8079
      vertex 35.2783 6.83028 14.4693
    endloop
  endfacet
  facet normal 0.0732585 0.0192374 0.997127
    outer loop
      vertex 33.2035 6.11085 14.8079
      vertex 31.0272 5.55063 14.9786
      vertex 31.074 5.37241 14.9786
    endloop
  endfacet
  facet normal -0.0342472 -0.0536651 0.997972
    outer loop
      vertex 29.4441 3.7539 14.9786
      vertex 28.3417 1.28303 14.8079
      vertex 28.7308 1.03472 14.8079
    endloop
  endfacet
  facet normal 0.0503711 0.114686 0.992124
    outer loop
      vertex 31.4143 11.8307 14.4693
      vertex 31.2692 8.96528 14.8079
      vertex 32.0912 11.5334 14.4693
    endloop
  endfacet
  facet normal 0.0342554 -0.053663 0.997971
    outer loop
      vertex 30.5559 3.7539 14.9786
      vertex 30.4255 3.67066 14.9786
      vertex 31.2692 1.03472 14.8079
    endloop
  endfacet
  facet normal 0.32152 -0.0162776 0.946763
    outer loop
      vertex 37.5189 5 13.9687
      vertex 37.4546 3.72993 13.9687
      vertex 39.4447 5 13.3147
    endloop
  endfacet
  facet normal 0.236728 -0.0119849 0.971502
    outer loop
      vertex 37.5189 5 13.9687
      vertex 35.4645 5 14.4693
      vertex 37.4546 3.72993 13.9687
    endloop
  endfacet
  facet normal -0.0510542 -0.0449655 0.997683
    outer loop
      vertex 29.2138 3.98257 14.9786
      vertex 27.6549 1.96511 14.8079
      vertex 29.3231 3.85847 14.9786
    endloop
  endfacet
  facet normal -0.117565 0.0796735 0.989864
    outer loop
      vertex 26.136 10.0004 14.4693
      vertex 25.6647 9.30496 14.4693
      vertex 27.6549 8.03489 14.8079
    endloop
  endfacet
  facet normal -0.0869908 0.100598 0.991117
    outer loop
      vertex 28.3417 8.71697 14.8079
      vertex 26.6734 10.6103 14.4693
      vertex 27.981 8.40506 14.8079
    endloop
  endfacet
  facet normal -0.0350755 -0.413529 0.909815
    outer loop
      vertex 28.5369 -9.38151 12.5184
      vertex 28.3317 -11.399 11.5935
      vertex 30 -9.50561 12.5184
    endloop
  endfacet
  facet normal 0.0279211 -0.3292 0.943847
    outer loop
      vertex 30 -7.22254 13.3147
      vertex 30 -9.50561 12.5184
      vertex 31.2328 -7.11798 13.3147
    endloop
  endfacet
  facet normal -0.898609 -0.138125 -0.416442
    outer loop
      vertex 13.8948 -0.58461 3.0491
      vertex 13.4693 2.1836 3.0491
      vertex 14.0399 2.28082 1.7856
    endloop
  endfacet
  facet normal -0.898613 -0.138121 -0.416434
    outer loop
      vertex 14.4507 -0.391838 1.7856
      vertex 13.8948 -0.58461 3.0491
      vertex 14.0399 2.28082 1.7856
    endloop
  endfacet
  facet normal -0.816921 0.0413625 -0.575264
    outer loop
      vertex 14.7532 5 0.577112
      vertex 13.9022 5 1.7856
      vertex 14.8836 7.57544 0.577112
    endloop
  endfacet
  facet normal -0.71323 -0.0361123 -0.699999
    outer loop
      vertex 14.8836 2.42456 0.577112
      vertex 14.7532 5 0.577112
      vertex 15.865 5 -0.555702
    endloop
  endfacet
  facet normal -0.357446 0.413377 -0.837468
    outer loop
      vertex 23.6094 19.3245 -1.59346
      vertex 21.3952 19.5123 -0.555702
      vertex 22.9325 20.8416 -0.555702
    endloop
  endfacet
  facet normal -0.357452 0.413355 -0.837476
    outer loop
      vertex 22.2193 18.1224 -1.59346
      vertex 21.3952 19.5123 -0.555702
      vertex 23.6094 19.3245 -1.59346
    endloop
  endfacet
  facet normal 0 0 -1
    outer loop
      vertex 28.8881 5 -4.97859
      vertex 31.1119 5 -4.97859
      vertex 31.1023 4.81219 -4.97859
    endloop
  endfacet
  facet normal 0 0 -1
    outer loop
      vertex 28.8977 4.81219 -4.97859
      vertex 31.1023 4.81219 -4.97859
      vertex 31.074 4.62759 -4.97859
    endloop
  endfacet
  facet normal 0 0 -1
    outer loop
      vertex 31.1119 5 -4.97859
      vertex 28.8881 5 -4.97859
      vertex 31.1023 5.18781 -4.97859
    endloop
  endfacet
  facet normal 0 0 -1
    outer loop
      vertex 28.926 4.62759 -4.97859
      vertex 31.074 4.62759 -4.97859
      vertex 31.0272 4.44937 -4.97859
    endloop
  endfacet
  facet normal 0 -0 -1
    outer loop
      vertex 28.8977 5.18781 -4.97859
      vertex 31.1023 5.18781 -4.97859
      vertex 28.8881 5 -4.97859
    endloop
  endfacet
  facet normal 0 0 -1
    outer loop
      vertex 28.9728 4.44937 -4.97859
      vertex 31.0272 4.44937 -4.97859
      vertex 30.9629 4.28057 -4.97859
    endloop
  endfacet
  facet normal 0 0 -1
    outer loop
      vertex 31.1023 5.18781 -4.97859
      vertex 28.8977 5.18781 -4.97859
      vertex 31.074 5.37241 -4.97859
    endloop
  endfacet
  facet normal 0 0 -1
    outer loop
      vertex 29.0371 4.28057 -4.97859
      vertex 30.9629 4.28057 -4.97859
      vertex 30.8821 4.12407 -4.97859
    endloop
  endfacet
  facet normal 0 -0 -1
    outer loop
      vertex 28.926 5.37241 -4.97859
      vertex 31.074 5.37241 -4.97859
      vertex 28.8977 5.18781 -4.97859
    endloop
  endfacet
  facet normal 0 0 -1
    outer loop
      vertex 29.1179 4.12407 -4.97859
      vertex 30.8821 4.12407 -4.97859
      vertex 30.7862 3.98257 -4.97859
    endloop
  endfacet
  facet normal 0 0 -1
    outer loop
      vertex 31.074 5.37241 -4.97859
      vertex 28.926 5.37241 -4.97859
      vertex 31.0272 5.55063 -4.97859
    endloop
  endfacet
  facet normal 0 0 -1
    outer loop
      vertex 29.2138 3.98257 -4.97859
      vertex 30.7862 3.98257 -4.97859
      vertex 30.6769 3.85847 -4.97859
    endloop
  endfacet
  facet normal 0 -0 -1
    outer loop
      vertex 28.9728 5.55063 -4.97859
      vertex 31.0272 5.55063 -4.97859
      vertex 28.926 5.37241 -4.97859
    endloop
  endfacet
  facet normal 0 0 -1
    outer loop
      vertex 29.3231 3.85847 -4.97859
      vertex 30.6769 3.85847 -4.97859
      vertex 30.5559 3.7539 -4.97859
    endloop
  endfacet
  facet normal 0 0 -1
    outer loop
      vertex 31.0272 5.55063 -4.97859
      vertex 28.9728 5.55063 -4.97859
      vertex 30.9629 5.71943 -4.97859
    endloop
  endfacet
  facet normal 0 0 -1
    outer loop
      vertex 29.4441 3.7539 -4.97859
      vertex 30.5559 3.7539 -4.97859
      vertex 30.4255 3.67066 -4.97859
    endloop
  endfacet
  facet normal 0 -0 -1
    outer loop
      vertex 29.0371 5.71943 -4.97859
      vertex 30.9629 5.71943 -4.97859
      vertex 28.9728 5.55063 -4.97859
    endloop
  endfacet
  facet normal 0 0 -1
    outer loop
      vertex 29.5745 3.67066 -4.97859
      vertex 30.4255 3.67066 -4.97859
      vertex 30.2878 3.61016 -4.97859
    endloop
  endfacet
  facet normal 0 0 -1
    outer loop
      vertex 30.9629 5.71943 -4.97859
      vertex 29.0371 5.71943 -4.97859
      vertex 30.8821 5.87593 -4.97859
    endloop
  endfacet
  facet normal 0 0 -1
    outer loop
      vertex 29.5745 3.67066 -4.97859
      vertex 30.2878 3.61016 -4.97859
      vertex 30.1451 3.57344 -4.97859
    endloop
  endfacet
  facet normal 0 -0 -1
    outer loop
      vertex 29.1179 5.87593 -4.97859
      vertex 30.8821 5.87593 -4.97859
      vertex 29.0371 5.71943 -4.97859
    endloop
  endfacet
  facet normal 0 0 -1
    outer loop
      vertex 29.5745 3.67066 -4.97859
      vertex 30.1451 3.57344 -4.97859
      vertex 30 3.56113 -4.97859
    endloop
  endfacet
  facet normal 0 0 -1
    outer loop
      vertex 30.8821 5.87593 -4.97859
      vertex 29.1179 5.87593 -4.97859
      vertex 30.7862 6.01743 -4.97859
    endloop
  endfacet
  facet normal 0 0 -1
    outer loop
      vertex 29.5745 3.67066 -4.97859
      vertex 30 3.56113 -4.97859
      vertex 29.8549 3.57344 -4.97859
    endloop
  endfacet
  facet normal 0 -0 -1
    outer loop
      vertex 29.2138 6.01743 -4.97859
      vertex 30.7862 6.01743 -4.97859
      vertex 29.1179 5.87593 -4.97859
    endloop
  endfacet
  facet normal 0 0 -1
    outer loop
      vertex 29.5745 3.67066 -4.97859
      vertex 29.8549 3.57344 -4.97859
      vertex 29.7122 3.61016 -4.97859
    endloop
  endfacet
  facet normal 0 0 -1
    outer loop
      vertex 31.1023 4.81219 -4.97859
      vertex 28.8977 4.81219 -4.97859
      vertex 28.8881 5 -4.97859
    endloop
  endfacet
  facet normal 0 0 -1
    outer loop
      vertex 30.4255 3.67066 -4.97859
      vertex 29.5745 3.67066 -4.97859
      vertex 29.4441 3.7539 -4.97859
    endloop
  endfacet
  facet normal 0 0 -1
    outer loop
      vertex 30.7862 6.01743 -4.97859
      vertex 29.2138 6.01743 -4.97859
      vertex 30.6769 6.14153 -4.97859
    endloop
  endfacet
  facet normal 0 0 -1
    outer loop
      vertex 30.5559 3.7539 -4.97859
      vertex 29.4441 3.7539 -4.97859
      vertex 29.3231 3.85847 -4.97859
    endloop
  endfacet
  facet normal 0 -0 -1
    outer loop
      vertex 29.3231 6.14153 -4.97859
      vertex 30.6769 6.14153 -4.97859
      vertex 29.2138 6.01743 -4.97859
    endloop
  endfacet
  facet normal 0 0 -1
    outer loop
      vertex 30.6769 3.85847 -4.97859
      vertex 29.3231 3.85847 -4.97859
      vertex 29.2138 3.98257 -4.97859
    endloop
  endfacet
  facet normal 0 0 -1
    outer loop
      vertex 30.6769 6.14153 -4.97859
      vertex 29.3231 6.14153 -4.97859
      vertex 30.5559 6.2461 -4.97859
    endloop
  endfacet
  facet normal 0 0 -1
    outer loop
      vertex 30.7862 3.98257 -4.97859
      vertex 29.2138 3.98257 -4.97859
      vertex 29.1179 4.12407 -4.97859
    endloop
  endfacet
  facet normal 0 -0 -1
    outer loop
      vertex 29.4441 6.2461 -4.97859
      vertex 30.5559 6.2461 -4.97859
      vertex 29.3231 6.14153 -4.97859
    endloop
  endfacet
  facet normal 0 0 -1
    outer loop
      vertex 30.8821 4.12407 -4.97859
      vertex 29.1179 4.12407 -4.97859
      vertex 29.0371 4.28057 -4.97859
    endloop
  endfacet
  facet normal 0 0 -1
    outer loop
      vertex 31.074 4.62759 -4.97859
      vertex 28.926 4.62759 -4.97859
      vertex 28.8977 4.81219 -4.97859
    endloop
  endfacet
  facet normal 0 0 -1
    outer loop
      vertex 30.9629 4.28057 -4.97859
      vertex 29.0371 4.28057 -4.97859
      vertex 28.9728 4.44937 -4.97859
    endloop
  endfacet
  facet normal 0 0 -1
    outer loop
      vertex 31.0272 4.44937 -4.97859
      vertex 28.9728 4.44937 -4.97859
      vertex 28.926 4.62759 -4.97859
    endloop
  endfacet
  facet normal 0 -0 -1
    outer loop
      vertex 29.5745 6.32934 -4.97859
      vertex 30.4255 6.32934 -4.97859
      vertex 29.4441 6.2461 -4.97859
    endloop
  endfacet
  facet normal 0 0 -1
    outer loop
      vertex 30 6.43887 -4.97859
      vertex 29.5745 6.32934 -4.97859
      vertex 29.8549 6.42656 -4.97859
    endloop
  endfacet
  facet normal -0 0 -1
    outer loop
      vertex 30.1451 6.42656 -4.97859
      vertex 29.5745 6.32934 -4.97859
      vertex 30 6.43887 -4.97859
    endloop
  endfacet
  facet normal 0 0 -1
    outer loop
      vertex 29.8549 6.42656 -4.97859
      vertex 29.5745 6.32934 -4.97859
      vertex 29.7122 6.38984 -4.97859
    endloop
  endfacet
  facet normal 0 0 -1
    outer loop
      vertex 30.4255 6.32934 -4.97859
      vertex 29.5745 6.32934 -4.97859
      vertex 30.2878 6.38984 -4.97859
    endloop
  endfacet
  facet normal -0 0 -1
    outer loop
      vertex 30.2878 6.38984 -4.97859
      vertex 29.5745 6.32934 -4.97859
      vertex 30.1451 6.42656 -4.97859
    endloop
  endfacet
  facet normal 0 0 -1
    outer loop
      vertex 30.5559 6.2461 -4.97859
      vertex 29.4441 6.2461 -4.97859
      vertex 30.4255 6.32934 -4.97859
    endloop
  endfacet
  facet normal 0.105906 0.165899 -0.980439
    outer loop
      vertex 32.7322 11.1242 -4.4693
      vertex 32.0912 11.5334 -4.4693
      vertex 33.7595 13.4267 -3.96873
    endloop
  endfacet
  facet normal 0.0430261 0.0497563 -0.997834
    outer loop
      vertex 32.019 8.40506 -4.80785
      vertex 30.6769 6.14153 -4.97859
      vertex 31.6583 8.71697 -4.80785
    endloop
  endfacet
  facet normal 0.0732823 0.0192159 -0.997126
    outer loop
      vertex 33.2035 6.11085 -4.80785
      vertex 31.0272 5.55063 -4.97859
      vertex 33.0641 6.64247 -4.80785
    endloop
  endfacet
  facet normal 0.147823 0.0387619 -0.988254
    outer loop
      vertex 33.2035 6.11085 -4.80785
      vertex 33.0641 6.64247 -4.80785
      vertex 35.0485 7.70621 -4.4693
    endloop
  endfacet
  facet normal 0.129926 -0.0670768 -0.989252
    outer loop
      vertex 34.3353 0.695041 -4.4693
      vertex 32.6312 2.3872 -4.80785
      vertex 32.8722 2.85401 -4.80785
    endloop
  endfacet
  facet normal -0.345122 0.304102 -0.887926
    outer loop
      vertex 22.0741 15.257 -2.5184
      vertex 20.9623 16.6959 -1.59346
      vertex 23.1765 16.5081 -2.5184
    endloop
  endfacet
  facet normal -0.157412 0.1387 -0.977744
    outer loop
      vertex 26.136 10.0004 -4.4693
      vertex 24.6833 11.8804 -3.96873
      vertex 26.6734 10.6103 -4.4693
    endloop
  endfacet
  facet normal -0.305757 -0.0801914 -0.948726
    outer loop
      vertex 23.0534 1.27636 -3.96873
      vertex 20.8771 1.83657 -3.3147
      vertex 22.7373 2.4816 -3.96873
    endloop
  endfacet
  facet normal -0.140067 0.053368 -0.988703
    outer loop
      vertex 27.1278 7.14599 -4.80785
      vertex 24.9515 7.70621 -4.4693
      vertex 25.2676 8.53583 -4.4693
    endloop
  endfacet
  facet normal -0.277145 0.244205 -0.929276
    outer loop
      vertex 23.3216 13.6426 -3.3147
      vertex 22.0741 15.257 -2.5184
      vertex 23.1765 16.5081 -2.5184
    endloop
  endfacet
  facet normal -0.31456 0.213179 -0.92499
    outer loop
      vertex 22.507 12.4406 -3.3147
      vertex 22.0741 15.257 -2.5184
      vertex 23.3216 13.6426 -3.3147
    endloop
  endfacet
  facet normal -0.40474 0.0622236 -0.912312
    outer loop
      vertex 20.6361 6.59536 -3.3147
      vertex 18.887 6.89336 -2.5184
      vertex 19.1731 8.75433 -2.5184
    endloop
  endfacet
  facet normal -0.357446 -0.413372 -0.83747
    outer loop
      vertex 23.6094 -9.32447 -1.59346
      vertex 21.3952 -9.51228 -0.555702
      vertex 22.2193 -8.12244 -1.59346
    endloop
  endfacet
  facet normal -0.419817 -0.369918 -0.828803
    outer loop
      vertex 21.3952 -9.51228 -0.555702
      vertex 20.9623 -6.69588 -1.59346
      vertex 22.2193 -8.12244 -1.59346
    endloop
  endfacet
  facet normal -0.171415 -0.390209 -0.904629
    outer loop
      vertex 26.692 -10.9769 -1.59346
      vertex 25.7105 -8.40143 -2.5184
      vertex 27.0989 -9.01134 -2.5184
    endloop
  endfacet
  facet normal -0.171419 -0.39021 -0.904628
    outer loop
      vertex 26.692 -10.9769 -1.59346
      vertex 25.1088 -10.2814 -1.59346
      vertex 25.7105 -8.40143 -2.5184
    endloop
  endfacet
  facet normal -0.10317 -0.0908868 -0.990503
    outer loop
      vertex 27.981 1.59494 -4.80785
      vertex 26.6734 -0.610332 -4.4693
      vertex 27.6549 1.96511 -4.80785
    endloop
  endfacet
  facet normal 0.0692789 -0.10856 -0.991673
    outer loop
      vertex 32.7322 -1.12424 -4.4693
      vertex 31.2692 1.03472 -4.80785
      vertex 31.6583 1.28303 -4.80785
    endloop
  endfacet
  facet normal -0.232757 -0.0357638 -0.971877
    outer loop
      vertex 24.7217 3.16972 -4.4693
      vertex 22.7373 2.4816 -3.96873
      vertex 24.5823 4.07696 -4.4693
    endloop
  endfacet
  facet normal -0.129923 -0.0670789 -0.989252
    outer loop
      vertex 25.6647 0.695041 -4.4693
      vertex 25.2676 1.46417 -4.4693
      vertex 27.1278 2.85401 -4.80785
    endloop
  endfacet
  facet normal -0.0582034 -0.0394467 -0.997525
    outer loop
      vertex 29.2138 3.98257 -4.97859
      vertex 27.3688 2.3872 -4.80785
      vertex 29.1179 4.12407 -4.97859
    endloop
  endfacet
  facet normal 0.0732756 0.0192419 -0.997126
    outer loop
      vertex 31.074 5.37241 -4.97859
      vertex 31.0272 5.55063 -4.97859
      vertex 33.2035 6.11085 -4.80785
    endloop
  endfacet
  facet normal -0.0342552 -0.0536777 -0.997971
    outer loop
      vertex 28.7308 1.03472 -4.80785
      vertex 28.3417 1.28303 -4.80785
      vertex 29.4441 3.7539 -4.97859
    endloop
  endfacet
  facet normal 0.314566 -0.213177 -0.924988
    outer loop
      vertex 37.9259 -5.25701 -2.5184
      vertex 36.6784 -3.64264 -3.3147
      vertex 37.493 -2.44061 -3.3147
    endloop
  endfacet
  facet normal 0.277143 -0.244211 -0.929276
    outer loop
      vertex 36.8235 -6.50807 -2.5184
      vertex 36.6784 -3.64264 -3.3147
      vertex 37.9259 -5.25701 -2.5184
    endloop
  endfacet
  facet normal 0.244472 -0.165676 -0.955398
    outer loop
      vertex 36.6784 -3.64264 -3.3147
      vertex 35.3167 -1.8804 -3.96873
      vertex 37.493 -2.44061 -3.3147
    endloop
  endfacet
  facet normal 0.214991 -0.189447 -0.958065
    outer loop
      vertex 36.6784 -3.64264 -3.3147
      vertex 34.5772 -2.71961 -3.96873
      vertex 35.3167 -1.8804 -3.96873
    endloop
  endfacet
  facet normal 0.28728 -0.450153 -0.845477
    outer loop
      vertex 37.0675 -10.8416 -0.555702
      vertex 35.4092 -11.8999 -0.555702
      vertex 36.3906 -9.32447 -1.59346
    endloop
  endfacet
  facet normal 0.181662 -0.210071 -0.960661
    outer loop
      vertex 34.7223 -5.58503 -3.3147
      vertex 33.7595 -3.42673 -3.96873
      vertex 34.5772 -2.71961 -3.96873
    endloop
  endfacet
  facet normal 0.0831882 -0.323167 -0.942678
    outer loop
      vertex 32.9011 -9.01134 -2.5184
      vertex 31.2328 -7.11798 -3.3147
      vertex 32.4445 -6.80607 -3.3147
    endloop
  endfacet
  facet normal 0.136744 -0.311268 -0.940433
    outer loop
      vertex 32.9011 -9.01134 -2.5184
      vertex 32.4445 -6.80607 -3.3147
      vertex 33.6143 -6.29216 -3.3147
    endloop
  endfacet
  facet normal -0.292846 -0.33867 -0.894172
    outer loop
      vertex 23.6094 -9.32447 -1.59346
      vertex 23.1765 -6.50807 -2.5184
      vertex 24.3956 -7.56222 -2.5184
    endloop
  endfacet
  facet normal -0.187518 -0.293822 -0.937286
    outer loop
      vertex 25.7105 -8.40143 -2.5184
      vertex 25.2777 -5.58503 -3.3147
      vertex 26.3857 -6.29216 -3.3147
    endloop
  endfacet
  facet normal 0.0156915 -0.185004 -0.982612
    outer loop
      vertex 30.9814 -4.64711 -3.96873
      vertex 30 -2.07167 -4.4693
      vertex 30.7133 -2.01117 -4.4693
    endloop
  endfacet
  facet normal 0.0305844 -0.118806 -0.992446
    outer loop
      vertex 30.7133 -2.01117 -4.4693
      vertex 30.4329 0.744731 -4.80785
      vertex 31.4143 -1.83071 -4.4693
    endloop
  endfacet
  facet normal -0.0215241 -0.253777 -0.967023
    outer loop
      vertex 30 -7.22254 -3.3147
      vertex 28.7672 -7.11798 -3.3147
      vertex 29.0186 -4.64711 -3.96873
    endloop
  endfacet
  facet normal -0.0279227 -0.3292 -0.943847
    outer loop
      vertex 30 -9.50561 -2.5184
      vertex 28.5369 -9.38151 -2.5184
      vertex 28.7672 -7.11798 -3.3147
    endloop
  endfacet
  facet normal -0.105883 -0.165914 -0.980439
    outer loop
      vertex 27.1226 -3.98967 -3.96873
      vertex 26.2405 -3.42673 -3.96873
      vertex 27.9088 -1.53337 -4.4693
    endloop
  endfacet
  facet normal -0.0692789 -0.10856 -0.991673
    outer loop
      vertex 28.7308 1.03472 -4.80785
      vertex 27.2678 -1.12424 -4.4693
      vertex 28.3417 1.28303 -4.80785
    endloop
  endfacet
  facet normal -0.0770306 -0.175362 -0.981486
    outer loop
      vertex 28.5857 -1.83071 -4.4693
      vertex 27.1226 -3.98967 -3.96873
      vertex 27.9088 -1.53337 -4.4693
    endloop
  endfacet
  facet normal -0.0770301 -0.175362 -0.981486
    outer loop
      vertex 28.054 -4.3988 -3.96873
      vertex 27.1226 -3.98967 -3.96873
      vertex 28.5857 -1.83071 -4.4693
    endloop
  endfacet
  facet normal -0.157414 -0.1387 -0.977744
    outer loop
      vertex 26.6734 -0.610332 -4.4693
      vertex 24.6833 -1.8804 -3.96873
      vertex 26.136 -0.000424385 -4.4693
    endloop
  endfacet
  facet normal -0.0869773 -0.100583 -0.99112
    outer loop
      vertex 28.3417 1.28303 -4.80785
      vertex 26.6734 -0.610332 -4.4693
      vertex 27.981 1.59494 -4.80785
    endloop
  endfacet
  facet normal 0.0215241 -0.253777 -0.967023
    outer loop
      vertex 31.2328 -7.11798 -3.3147
      vertex 30 -7.22254 -3.3147
      vertex 30.9814 -4.64711 -3.96873
    endloop
  endfacet
  facet normal 0.0641628 -0.249251 -0.966311
    outer loop
      vertex 31.2328 -7.11798 -3.3147
      vertex 30.9814 -4.64711 -3.96873
      vertex 31.946 -4.3988 -3.96873
    endloop
  endfacet
  facet normal -0.0831882 -0.323167 -0.942678
    outer loop
      vertex 28.7672 -7.11798 -3.3147
      vertex 27.0989 -9.01134 -2.5184
      vertex 27.5555 -6.80607 -3.3147
    endloop
  endfacet
  facet normal -0.0641608 -0.24925 -0.966311
    outer loop
      vertex 28.7672 -7.11798 -3.3147
      vertex 27.5555 -6.80607 -3.3147
      vertex 28.054 -4.3988 -3.96873
    endloop
  endfacet
  facet normal -0.10443 0.40567 -0.908034
    outer loop
      vertex 27.0989 19.0113 -2.5184
      vertex 26.692 20.9769 -1.59346
      vertex 28.3317 21.399 -1.59346
    endloop
  endfacet
  facet normal -0.104437 0.405673 -0.908032
    outer loop
      vertex 28.5369 19.3815 -2.5184
      vertex 27.0989 19.0113 -2.5184
      vertex 28.3317 21.399 -1.59346
    endloop
  endfacet
  facet normal -0.844528 0.321857 -0.427996
    outer loop
      vertex 16.0589 15.4162 1.7856
      vertex 14.5958 13.2573 3.0491
      vertex 15.5605 15.7886 3.0491
    endloop
  endfacet
  facet normal -0.799273 0.412647 -0.436903
    outer loop
      vertex 16.0589 15.4162 1.7856
      vertex 15.5605 15.7886 3.0491
      vertex 16.7721 18.1354 3.0491
    endloop
  endfacet
  facet normal -0.666405 0.587217 -0.459434
    outer loop
      vertex 20.2003 21.5275 1.7856
      vertex 18.6171 19.7308 1.7856
      vertex 19.8499 22.1184 3.0491
    endloop
  endfacet
  facet normal -0.585976 0.516345 -0.624515
    outer loop
      vertex 19.2189 18.9521 0.577112
      vertex 18.6171 19.7308 1.7856
      vertex 20.2003 21.5275 1.7856
    endloop
  endfacet
  facet normal -0.519139 0.813497 -0.262139
    outer loop
      vertex 23.6194 24.9348 3.0491
      vertex 21.6633 23.6865 3.0491
      vertex 23.5083 25.2818 4.34597
    endloop
  endfacet
  facet normal -0.503984 0.582849 -0.637407
    outer loop
      vertex 20.7183 20.6538 0.577112
      vertex 20.2003 21.5275 1.7856
      vertex 21.9511 23.0414 1.7856
    endloop
  endfacet
  facet normal 0.632588 0.731557 0.254277
    outer loop
      vertex 38.4818 24.0118 5.65403
      vertex 38.3367 23.6865 6.9509
      vertex 40.3268 22.4164 5.65403
    endloop
  endfacet
  facet normal -0.0812055 0.957354 0.277269
    outer loop
      vertex 30 26.9529 5.65403
      vertex 27.8237 26.3927 6.9509
      vertex 30 26.5773 6.9509
    endloop
  endfacet
  facet normal 0.0812055 0.957354 0.277269
    outer loop
      vertex 30 26.9529 5.65403
      vertex 30 26.5773 6.9509
      vertex 32.1763 26.3927 6.9509
    endloop
  endfacet
  facet normal 0.215585 0.837405 0.502271
    outer loop
      vertex 32.1763 26.3927 6.9509
      vertex 32.1012 25.6542 8.21439
      vertex 34.3154 25.842 6.9509
    endloop
  endfacet
  facet normal 0.239741 0.931232 0.274467
    outer loop
      vertex 34.3905 26.2049 5.65403
      vertex 32.1763 26.3927 6.9509
      vertex 34.3154 25.842 6.9509
    endloop
  endfacet
  facet normal 0.155615 0.604525 0.781239
    outer loop
      vertex 31.9901 24.5624 9.42289
      vertex 31.845 23.1358 10.5557
      vertex 33.6584 22.669 10.5557
    endloop
  endfacet
  facet normal -0.14497 0.227137 0.963012
    outer loop
      vertex 26.3857 16.2922 13.3147
      vertex 26.2405 13.4267 13.9687
      vertex 27.1226 13.9897 13.9687
    endloop
  endfacet
  facet normal 0.349594 0.795855 0.494367
    outer loop
      vertex 34.3154 25.842 6.9509
      vertex 34.1664 25.1226 8.21439
      vertex 36.1604 24.2467 8.21439
    endloop
  endfacet
  facet normal 0.215562 0.837433 0.502234
    outer loop
      vertex 34.3154 25.842 6.9509
      vertex 32.1012 25.6542 8.21439
      vertex 34.1664 25.1226 8.21439
    endloop
  endfacet
  facet normal 0.40898 0.640805 0.649695
    outer loop
      vertex 38.0489 23.0414 8.21439
      vertex 35.8347 23.2293 9.42289
      vertex 37.6234 22.0877 9.42289
    endloop
  endfacet
  facet normal 0.503986 0.582851 0.637403
    outer loop
      vertex 39.7997 21.5275 8.21439
      vertex 38.0489 23.0414 8.21439
      vertex 39.2817 20.6538 9.42289
    endloop
  endfacet
  facet normal 0.419851 0.369927 0.828782
    outer loop
      vertex 39.9949 17.9346 10.5557
      vertex 38.6048 19.5123 10.5557
      vertex 39.0377 16.6959 11.5935
    endloop
  endfacet
  facet normal 0.473706 0.321027 0.820088
    outer loop
      vertex 39.9949 17.9346 10.5557
      vertex 39.0377 16.6959 11.5935
      vertex 41.214 16.1357 10.5557
    endloop
  endfacet
  facet normal 0.234616 0.367628 0.899892
    outer loop
      vertex 34.8912 20.2814 11.5935
      vertex 34.2895 18.4014 12.5184
      vertex 36.3906 19.3245 11.5935
    endloop
  endfacet
  facet normal 0.234622 0.367618 0.899894
    outer loop
      vertex 36.3906 19.3245 11.5935
      vertex 34.2895 18.4014 12.5184
      vertex 35.6044 17.5622 12.5184
    endloop
  endfacet
  facet normal 0.314571 0.213176 0.924987
    outer loop
      vertex 37.9259 15.257 12.5184
      vertex 37.493 12.4406 13.3147
      vertex 38.8926 13.8305 12.5184
    endloop
  endfacet
  facet normal 0.346354 0.17883 0.920901
    outer loop
      vertex 38.8926 13.8305 12.5184
      vertex 37.493 12.4406 13.3147
      vertex 39.7072 12.2528 12.5184
    endloop
  endfacet
  facet normal 0.157421 0.138708 0.977742
    outer loop
      vertex 35.3167 11.8804 13.9687
      vertex 33.3266 10.6103 14.4693
      vertex 33.864 10.0004 14.4693
    endloop
  endfacet
  facet normal 0.117565 0.0796735 0.989864
    outer loop
      vertex 33.864 10.0004 14.4693
      vertex 32.3451 8.03489 14.8079
      vertex 34.3353 9.30496 14.4693
    endloop
  endfacet
  facet normal 0.13282 0.153625 0.979162
    outer loop
      vertex 33.7595 13.4267 13.9687
      vertex 32.7322 11.1242 14.4693
      vertex 33.3266 10.6103 14.4693
    endloop
  endfacet
  facet normal 0.214993 0.189419 0.95807
    outer loop
      vertex 35.7496 14.6968 13.3147
      vertex 34.5772 12.7196 13.9687
      vertex 36.6784 13.6426 13.3147
    endloop
  endfacet
  facet normal 0.0467918 0.181778 0.982226
    outer loop
      vertex 31.946 14.3988 13.9687
      vertex 30.9814 14.6471 13.9687
      vertex 31.4143 11.8307 14.4693
    endloop
  endfacet
  facet normal -0.0102553 0.120911 0.99261
    outer loop
      vertex 30 12.0717 14.4693
      vertex 29.2867 12.0112 14.4693
      vertex 29.5671 9.25527 14.8079
    endloop
  endfacet
  facet normal -0.357462 0.413366 0.837466
    outer loop
      vertex 23.6094 19.3245 11.5935
      vertex 21.3952 19.5123 10.5557
      vertex 22.2193 18.1224 11.5935
    endloop
  endfacet
  facet normal -0.105548 0.240302 0.964943
    outer loop
      vertex 28.054 14.3988 13.9687
      vertex 26.3857 16.2922 13.3147
      vertex 27.1226 13.9897 13.9687
    endloop
  endfacet
  facet normal -0.140087 0.0533757 0.988699
    outer loop
      vertex 25.2676 8.53583 14.4693
      vertex 24.9515 7.70621 14.4693
      vertex 27.1278 7.14599 14.8079
    endloop
  endfacet
  facet normal -0.277172 0.244202 0.929269
    outer loop
      vertex 24.2504 14.6968 13.3147
      vertex 23.1765 16.5081 12.5184
      vertex 23.3216 13.6426 13.3147
    endloop
  endfacet
  facet normal 0.0215107 0.253765 0.967027
    outer loop
      vertex 31.2328 17.118 13.3147
      vertex 30 17.2225 13.3147
      vertex 30.9814 14.6471 13.9687
    endloop
  endfacet
  facet normal 0.0279047 0.329196 0.943849
    outer loop
      vertex 30 19.5056 12.5184
      vertex 30 17.2225 13.3147
      vertex 31.2328 17.118 13.3147
    endloop
  endfacet
  facet normal 0.290139 0.110578 0.950575
    outer loop
      vertex 38.1793 11.1113 13.3147
      vertex 36.9466 8.72364 13.9687
      vertex 38.7258 9.67737 13.3147
    endloop
  endfacet
  facet normal 0.372112 0.14182 0.917289
    outer loop
      vertex 39.7072 12.2528 12.5184
      vertex 38.1793 11.1113 13.3147
      vertex 38.7258 9.67737 13.3147
    endloop
  endfacet
  facet normal -0.387342 0.881766 0.269173
    outer loop
      vertex 25.6095 26.2049 5.65403
      vertex 23.6194 24.9348 6.9509
      vertex 25.6846 25.842 6.9509
    endloop
  endfacet
  facet normal -0.239713 0.931253 0.274418
    outer loop
      vertex 27.7858 26.7651 5.65403
      vertex 25.6095 26.2049 5.65403
      vertex 27.8237 26.3927 6.9509
    endloop
  endfacet
  facet normal -0.215563 0.837434 -0.502231
    outer loop
      vertex 25.8336 25.1226 1.7856
      vertex 25.6846 25.842 3.0491
      vertex 27.8988 25.6542 1.7856
    endloop
  endfacet
  facet normal -0.470818 0.737691 -0.483883
    outer loop
      vertex 21.9511 23.0414 1.7856
      vertex 21.6633 23.6865 3.0491
      vertex 23.8396 24.2467 1.7856
    endloop
  endfacet
  facet normal -0.302043 0.687606 0.660278
    outer loop
      vertex 25.8336 25.1226 8.21439
      vertex 23.8396 24.2467 8.21439
      vertex 24.1653 23.2293 9.42289
    endloop
  endfacet
  facet normal -0.349594 0.795855 0.494367
    outer loop
      vertex 25.6846 25.842 6.9509
      vertex 23.8396 24.2467 8.21439
      vertex 25.8336 25.1226 8.21439
    endloop
  endfacet
  facet normal -0.586012 0.516346 0.624481
    outer loop
      vertex 20.2003 21.5275 8.21439
      vertex 19.2189 18.9521 9.42289
      vertex 20.7183 20.6538 9.42289
    endloop
  endfacet
  facet normal -0.501076 0.441508 0.744308
    outer loop
      vertex 20.7183 20.6538 9.42289
      vertex 19.2189 18.9521 9.42289
      vertex 21.3952 19.5123 10.5557
    endloop
  endfacet
  facet normal -0.562866 0.38145 0.733265
    outer loop
      vertex 19.2189 18.9521 9.42289
      vertex 18.786 16.1357 10.5557
      vertex 20.0051 17.9346 10.5557
    endloop
  endfacet
  facet normal -0.562888 0.381447 0.73325
    outer loop
      vertex 19.2189 18.9521 9.42289
      vertex 17.9039 17.0116 9.42289
      vertex 18.786 16.1357 10.5557
    endloop
  endfacet
  facet normal -0.460142 0.175363 0.870354
    outer loop
      vertex 18.9311 13.2702 11.5935
      vertex 18.1916 11.3298 11.5935
      vertex 20.2928 12.2528 12.5184
    endloop
  endfacet
  facet normal -0.372126 0.141813 0.917285
    outer loop
      vertex 20.2928 12.2528 12.5184
      vertex 19.6443 10.5511 12.5184
      vertex 21.2742 9.67737 13.3147
    endloop
  endfacet
  facet normal -0.683828 0.179362 0.707254
    outer loop
      vertex 16.941 12.0002 10.5557
      vertex 15.9138 12.5508 9.42289
      vertex 16.3467 9.7344 10.5557
    endloop
  endfacet
  facet normal -0.599255 0.0921314 0.795239
    outer loop
      vertex 16.3467 9.7344 10.5557
      vertex 15.9859 7.38763 10.5557
      vertex 17.6542 9.28099 11.5935
    endloop
  endfacet
  facet normal 0.0625719 0.737704 0.672219
    outer loop
      vertex 32.1012 25.6542 8.21439
      vertex 30 24.7312 9.42289
      vertex 31.9901 24.5624 9.42289
    endloop
  endfacet
  facet normal 0.0523956 0.617728 0.784645
    outer loop
      vertex 31.9901 24.5624 9.42289
      vertex 30 24.7312 9.42289
      vertex 31.845 23.1358 10.5557
    endloop
  endfacet
  facet normal -0.254274 0.578828 0.774792
    outer loop
      vertex 26.0538 24.0589 9.42289
      vertex 24.1653 23.2293 9.42289
      vertex 26.3416 22.669 10.5557
    endloop
  endfacet
  facet normal -0.18549 0.720606 0.668072
    outer loop
      vertex 27.8988 25.6542 8.21439
      vertex 25.8336 25.1226 8.21439
      vertex 28.0099 24.5624 9.42289
    endloop
  endfacet
  facet normal 0.083197 0.323169 0.942677
    outer loop
      vertex 31.4631 19.3815 12.5184
      vertex 31.2328 17.118 13.3147
      vertex 32.9011 19.0113 12.5184
    endloop
  endfacet
  facet normal 0.104426 0.405655 0.908041
    outer loop
      vertex 33.308 20.9769 11.5935
      vertex 31.6683 21.399 11.5935
      vertex 32.9011 19.0113 12.5184
    endloop
  endfacet
  facet normal 0.0431901 0.509216 0.859554
    outer loop
      vertex 30 23.2923 10.5557
      vertex 30 21.5405 11.5935
      vertex 31.6683 21.399 11.5935
    endloop
  endfacet
  facet normal -0.0431939 0.509219 0.859552
    outer loop
      vertex 30 23.2923 10.5557
      vertex 28.155 23.1358 10.5557
      vertex 28.3317 21.399 11.5935
    endloop
  endfacet
  facet normal -0.0279047 0.329196 0.943849
    outer loop
      vertex 30 19.5056 12.5184
      vertex 28.7672 17.118 13.3147
      vertex 30 17.2225 13.3147
    endloop
  endfacet
  facet normal -0.0215107 0.253765 0.967027
    outer loop
      vertex 30 17.2225 13.3147
      vertex 28.7672 17.118 13.3147
      vertex 29.0186 14.6471 13.9687
    endloop
  endfacet
  facet normal 0.391665 0.102732 0.914355
    outer loop
      vertex 40.8269 8.75433 12.5184
      vertex 38.7258 9.67737 13.3147
      vertex 39.1229 8.16343 13.3147
    endloop
  endfacet
  facet normal 0.316246 0.0486046 0.947431
    outer loop
      vertex 39.1229 8.16343 13.3147
      vertex 37.4546 6.27007 13.9687
      vertex 39.3639 6.59536 13.3147
    endloop
  endfacet
  facet normal 0.140087 0.0533757 0.988699
    outer loop
      vertex 34.7324 8.53583 14.4693
      vertex 32.8722 7.14599 14.8079
      vertex 35.0485 7.70621 14.4693
    endloop
  endfacet
  facet normal 0.153072 0.02352 0.987935
    outer loop
      vertex 35.2783 6.83028 14.4693
      vertex 33.2035 6.11085 14.8079
      vertex 35.4177 5.92304 14.4693
    endloop
  endfacet
  facet normal 0.683807 0.179373 -0.707272
    outer loop
      vertex 44.7273 10.1068 0.577112
      vertex 43.6533 9.7344 -0.555702
      vertex 44.0862 12.5508 0.577112
    endloop
  endfacet
  facet normal 0.683829 0.179363 -0.707253
    outer loop
      vertex 43.6533 9.7344 -0.555702
      vertex 43.059 12.0002 -0.555702
      vertex 44.0862 12.5508 0.577112
    endloop
  endfacet
  facet normal 0.844513 0.321806 -0.428064
    outer loop
      vertex 44.8724 12.9722 1.7856
      vertex 43.9411 15.4162 1.7856
      vertex 45.4042 13.2573 3.0491
    endloop
  endfacet
  facet normal 0.898609 0.138125 -0.416442
    outer loop
      vertex 46.5307 7.8164 3.0491
      vertex 45.9601 7.71918 1.7856
      vertex 46.1052 10.5846 3.0491
    endloop
  endfacet
  facet normal 0.581423 0.152502 -0.799181
    outer loop
      vertex 43.6533 9.7344 -0.555702
      vertex 42.3458 9.28099 -1.59346
      vertex 43.059 12.0002 -0.555702
    endloop
  endfacet
  facet normal 0.61384 0.316963 -0.723004
    outer loop
      vertex 42.2413 14.1462 -0.555702
      vertex 41.214 16.1357 -0.555702
      vertex 43.2041 14.8656 0.577112
    endloop
  endfacet
  facet normal 0.132835 0.153613 -0.979162
    outer loop
      vertex 34.5772 12.7196 -3.96873
      vertex 33.3266 10.6103 -4.4693
      vertex 33.7595 13.4267 -3.96873
    endloop
  endfacet
  facet normal 0.105566 0.240301 -0.964941
    outer loop
      vertex 33.6143 16.2922 -3.3147
      vertex 31.946 14.3988 -3.96873
      vertex 32.4445 16.8061 -3.3147
    endloop
  endfacet
  facet normal 0.234571 0.271307 -0.933472
    outer loop
      vertex 35.7496 14.6968 -3.3147
      vertex 34.7223 15.585 -3.3147
      vertex 36.8235 16.5081 -2.5184
    endloop
  endfacet
  facet normal 0.277172 0.244202 -0.929269
    outer loop
      vertex 36.6784 13.6426 -3.3147
      vertex 35.7496 14.6968 -3.3147
      vertex 36.8235 16.5081 -2.5184
    endloop
  endfacet
  facet normal 0.187524 0.293822 -0.937285
    outer loop
      vertex 34.7223 15.585 -3.3147
      vertex 34.2895 18.4014 -2.5184
      vertex 35.6044 17.5622 -2.5184
    endloop
  endfacet
  facet normal 0.23463 0.36763 -0.899887
    outer loop
      vertex 35.6044 17.5622 -2.5184
      vertex 34.2895 18.4014 -2.5184
      vertex 36.3906 19.3245 -1.59346
    endloop
  endfacet
  facet normal 0.460155 0.17536 -0.870348
    outer loop
      vertex 40.3557 10.5511 -2.5184
      vertex 39.7072 12.2528 -2.5184
      vertex 41.8084 11.3298 -1.59346
    endloop
  endfacet
  facet normal 0.277145 0.244205 -0.929276
    outer loop
      vertex 37.9259 15.257 -2.5184
      vertex 36.6784 13.6426 -3.3147
      vertex 36.8235 16.5081 -2.5184
    endloop
  endfacet
  facet normal 0.391658 0.102712 -0.91436
    outer loop
      vertex 40.8269 8.75433 -2.5184
      vertex 38.7258 9.67737 -3.3147
      vertex 40.3557 10.5511 -2.5184
    endloop
  endfacet
  facet normal 0.391665 0.102732 -0.914355
    outer loop
      vertex 39.1229 8.16343 -3.3147
      vertex 38.7258 9.67737 -3.3147
      vertex 40.8269 8.75433 -2.5184
    endloop
  endfacet
  facet normal 0.157412 0.1387 -0.977744
    outer loop
      vertex 33.864 10.0004 -4.4693
      vertex 33.3266 10.6103 -4.4693
      vertex 35.3167 11.8804 -3.96873
    endloop
  endfacet
  facet normal 0.117548 0.079662 -0.989867
    outer loop
      vertex 34.3353 9.30496 -4.4693
      vertex 32.3451 8.03489 -4.80785
      vertex 33.864 10.0004 -4.4693
    endloop
  endfacet
  facet normal 0.0770247 0.175363 -0.981486
    outer loop
      vertex 32.8774 13.9897 -3.96873
      vertex 31.4143 11.8307 -4.4693
      vertex 31.946 14.3988 -3.96873
    endloop
  endfacet
  facet normal 0.181659 0.210073 -0.960661
    outer loop
      vertex 34.5772 12.7196 -3.96873
      vertex 33.7595 13.4267 -3.96873
      vertex 34.7223 15.585 -3.3147
    endloop
  endfacet
  facet normal 0.0772153 -0.0039469 -0.997007
    outer loop
      vertex 33.3165 5 -4.80785
      vertex 31.1023 4.81219 -4.97859
      vertex 31.1119 5 -4.97859
    endloop
  endfacet
  facet normal 0.129926 0.0670768 -0.989252
    outer loop
      vertex 32.8722 7.14599 -4.80785
      vertex 32.6312 7.6128 -4.80785
      vertex 34.3353 9.30496 -4.4693
    endloop
  endfacet
  facet normal 0.103156 0.0908934 -0.990504
    outer loop
      vertex 33.864 10.0004 -4.4693
      vertex 32.3451 8.03489 -4.80785
      vertex 33.3266 10.6103 -4.4693
    endloop
  endfacet
  facet normal 0.244478 0.165659 -0.955399
    outer loop
      vertex 35.9651 10.9235 -3.96873
      vertex 35.3167 11.8804 -3.96873
      vertex 37.493 12.4406 -3.3147
    endloop
  endfacet
  facet normal 0.345122 0.304102 -0.887926
    outer loop
      vertex 37.9259 15.257 -2.5184
      vertex 36.8235 16.5081 -2.5184
      vertex 39.0377 16.6959 -1.59346
    endloop
  endfacet
  facet normal 0.4198 0.369918 -0.828812
    outer loop
      vertex 39.0377 16.6959 -1.59346
      vertex 37.7807 18.1224 -1.59346
      vertex 38.6048 19.5123 -0.555702
    endloop
  endfacet
  facet normal 0.666405 0.587217 -0.459434
    outer loop
      vertex 41.3829 19.7308 1.7856
      vertex 39.7997 21.5275 1.7856
      vertex 40.1501 22.1184 3.0491
    endloop
  endfacet
  facet normal 0.585976 0.516345 -0.624515
    outer loop
      vertex 40.7811 18.9521 0.577112
      vertex 39.7997 21.5275 1.7856
      vertex 41.3829 19.7308 1.7856
    endloop
  endfacet
  facet normal 0.287284 0.450158 -0.845474
    outer loop
      vertex 36.3906 19.3245 -1.59346
      vertex 35.4092 21.8999 -0.555702
      vertex 37.0675 20.8416 -0.555702
    endloop
  endfacet
  facet normal 0.345872 0.541964 -0.765929
    outer loop
      vertex 37.0675 20.8416 -0.555702
      vertex 35.4092 21.8999 -0.555702
      vertex 35.8347 23.2293 0.577112
    endloop
  endfacet
  facet normal -0.155707 -0.0078657 0.987772
    outer loop
      vertex 26.6835 5 14.8079
      vertex 24.5355 5 14.4693
      vertex 26.7118 4.43978 14.8079
    endloop
  endfacet
  facet normal -0.155715 0.00789505 0.987771
    outer loop
      vertex 24.5823 5.92304 14.4693
      vertex 24.5355 5 14.4693
      vertex 26.7118 5.56022 14.8079
    endloop
  endfacet
  facet normal -0.0771934 0.00389949 0.997009
    outer loop
      vertex 26.7118 5.56022 14.8079
      vertex 26.6835 5 14.8079
      vertex 28.8977 5.18781 14.9786
    endloop
  endfacet
  facet normal -0.0758726 0.011671 0.997049
    outer loop
      vertex 26.7965 6.11085 14.8079
      vertex 26.7118 5.56022 14.8079
      vertex 28.8977 5.18781 14.9786
    endloop
  endfacet
  facet normal 0.0429966 0.0497522 0.997836
    outer loop
      vertex 31.6583 8.71697 14.8079
      vertex 30.5559 6.2461 14.9786
      vertex 30.6769 6.14153 14.9786
    endloop
  endfacet
  facet normal 0.0869908 0.100598 0.991117
    outer loop
      vertex 33.3266 10.6103 14.4693
      vertex 31.6583 8.71697 14.8079
      vertex 32.019 8.40506 14.8079
    endloop
  endfacet
  facet normal -0.0102561 0.120911 0.99261
    outer loop
      vertex 30 12.0717 14.4693
      vertex 29.5671 9.25527 14.8079
      vertex 30 9.29199 14.8079
    endloop
  endfacet
  facet normal -0.0305952 0.118821 0.992444
    outer loop
      vertex 29.2867 12.0112 14.4693
      vertex 28.5857 11.8307 14.4693
      vertex 29.5671 9.25527 14.8079
    endloop
  endfacet
  facet normal 0.00506666 0.0597215 0.998202
    outer loop
      vertex 30.4329 9.25527 14.8079
      vertex 30 6.43887 14.9786
      vertex 30.1451 6.42656 14.9786
    endloop
  endfacet
  facet normal -0.0429966 -0.0497522 0.997836
    outer loop
      vertex 29.3231 3.85847 14.9786
      vertex 28.3417 1.28303 14.8079
      vertex 29.4441 3.7539 14.9786
    endloop
  endfacet
  facet normal -0.224894 0.0589832 0.972596
    outer loop
      vertex 23.0534 8.72364 13.9687
      vertex 22.7373 7.5184 13.9687
      vertex 24.9515 7.70621 14.4693
    endloop
  endfacet
  facet normal 0.0342472 -0.0536651 0.997972
    outer loop
      vertex 31.6583 1.28303 14.8079
      vertex 30.5559 3.7539 14.9786
      vertex 31.2692 1.03472 14.8079
    endloop
  endfacet
  facet normal 0.0758726 -0.011671 0.997049
    outer loop
      vertex 33.2882 4.43978 14.8079
      vertex 31.1023 4.81219 14.9786
      vertex 33.2035 3.88915 14.8079
    endloop
  endfacet
  facet normal -0.287289 -0.450166 0.845468
    outer loop
      vertex 23.6094 -9.32447 11.5935
      vertex 22.9325 -10.8416 10.5557
      vertex 24.5908 -11.8999 10.5557
    endloop
  endfacet
  facet normal -0.171413 -0.390196 0.904635
    outer loop
      vertex 25.7105 -8.40143 12.5184
      vertex 25.1088 -10.2814 11.5935
      vertex 26.692 -10.9769 11.5935
    endloop
  endfacet
  facet normal -0.0523956 -0.617728 0.784645
    outer loop
      vertex 28.155 -13.1358 10.5557
      vertex 28.0099 -14.5624 9.42289
      vertex 30 -14.7312 9.42289
    endloop
  endfacet
  facet normal -0.155615 -0.604525 0.781239
    outer loop
      vertex 28.155 -13.1358 10.5557
      vertex 26.3416 -12.669 10.5557
      vertex 28.0099 -14.5624 9.42289
    endloop
  endfacet
  facet normal -0.40898 -0.640805 0.649695
    outer loop
      vertex 22.3766 -12.0877 9.42289
      vertex 21.9511 -13.0414 8.21439
      vertex 24.1653 -13.2293 9.42289
    endloop
  endfacet
  facet normal -0.287302 -0.450169 0.845462
    outer loop
      vertex 25.1088 -10.2814 11.5935
      vertex 23.6094 -9.32447 11.5935
      vertex 24.5908 -11.8999 10.5557
    endloop
  endfacet
  facet normal -0.234578 -0.271306 0.93347
    outer loop
      vertex 24.2504 -4.6968 13.3147
      vertex 23.1765 -6.50807 12.5184
      vertex 25.2777 -5.58503 13.3147
    endloop
  endfacet
  facet normal -0.314566 -0.213177 0.924988
    outer loop
      vertex 22.507 -2.44061 13.3147
      vertex 22.0741 -5.25701 12.5184
      vertex 23.3216 -3.64264 13.3147
    endloop
  endfacet
  facet normal -0.460143 -0.175357 0.870355
    outer loop
      vertex 20.2928 -2.2528 12.5184
      vertex 18.1916 -1.32977 11.5935
      vertex 18.9311 -3.27024 11.5935
    endloop
  endfacet
  facet normal -0.581437 -0.152508 0.79917
    outer loop
      vertex 17.6542 0.719009 11.5935
      vertex 16.3467 0.265595 10.5557
      vertex 16.941 -2.00017 10.5557
    endloop
  endfacet
  facet normal -0.503984 -0.582849 -0.637407
    outer loop
      vertex 21.9511 -13.0414 1.7856
      vertex 20.2003 -11.5275 1.7856
      vertex 20.7183 -10.6538 0.577112
    endloop
  endfacet
  facet normal -0.519139 -0.813497 -0.262139
    outer loop
      vertex 23.5083 -15.2818 4.34597
      vertex 21.6633 -13.6865 3.0491
      vertex 23.6194 -14.9348 3.0491
    endloop
  endfacet
  facet normal -0.799269 -0.41265 0.436909
    outer loop
      vertex 16.0589 -5.41623 8.21439
      vertex 15.5605 -5.78864 6.9509
      vertex 16.7721 -8.13541 6.9509
    endloop
  endfacet
  facet normal -0.844529 -0.321848 0.427999
    outer loop
      vertex 16.0589 -5.41623 8.21439
      vertex 14.5958 -3.25727 6.9509
      vertex 15.5605 -5.78864 6.9509
    endloop
  endfacet
  facet normal -0.943063 -0.247352 -0.222373
    outer loop
      vertex 14.3277 -3.40101 4.34597
      vertex 13.8948 -0.58461 3.0491
      vertex 14.5958 -3.25727 3.0491
    endloop
  endfacet
  facet normal -0.910148 -0.346822 -0.226594
    outer loop
      vertex 15.3091 -5.97645 4.34597
      vertex 14.3277 -3.40101 4.34597
      vertex 14.5958 -3.25727 3.0491
    endloop
  endfacet
  facet normal -0.909054 0.0460347 -0.414128
    outer loop
      vertex 13.9022 5 1.7856
      vertex 13.3266 5 3.0491
      vertex 14.0399 7.71918 1.7856
    endloop
  endfacet
  facet normal -0.816928 -0.0413694 -0.575255
    outer loop
      vertex 14.0399 2.28082 1.7856
      vertex 13.9022 5 1.7856
      vertex 14.8836 2.42456 0.577112
    endloop
  endfacet
  facet normal -0.974662 0.0493837 -0.218163
    outer loop
      vertex 13.3266 5 3.0491
      vertex 13.1815 7.86543 4.34597
      vertex 13.4693 7.8164 3.0491
    endloop
  endfacet
  facet normal -0.974677 0.0493558 -0.218103
    outer loop
      vertex 13.3266 5 3.0491
      vertex 13.0364 5 4.34597
      vertex 13.1815 7.86543 4.34597
    endloop
  endfacet
  facet normal -0.599221 0.0920849 0.79527
    outer loop
      vertex 17.6542 9.28099 11.5935
      vertex 15.9859 7.38763 10.5557
      vertex 17.3281 7.15897 11.5935
    endloop
  endfacet
  facet normal -0.506846 0.0256831 0.861654
    outer loop
      vertex 17.3281 7.15897 11.5935
      vertex 17.2187 5 11.5935
      vertex 18.887 6.89336 12.5184
    endloop
  endfacet
  facet normal -0.40474 0.0622236 0.912312
    outer loop
      vertex 19.1731 8.75433 12.5184
      vertex 18.887 6.89336 12.5184
      vertex 20.6361 6.59536 13.3147
    endloop
  endfacet
  facet normal -0.411312 0.0208317 0.911257
    outer loop
      vertex 20.6361 6.59536 13.3147
      vertex 18.887 6.89336 12.5184
      vertex 20.5553 5 13.3147
    endloop
  endfacet
  facet normal -0.305745 0.0801881 0.948731
    outer loop
      vertex 23.0534 8.72364 13.9687
      vertex 20.8771 8.16343 13.3147
      vertex 22.7373 7.5184 13.9687
    endloop
  endfacet
  facet normal -0.224895 0.0590011 0.972595
    outer loop
      vertex 24.9515 7.70621 14.4693
      vertex 22.7373 7.5184 13.9687
      vertex 24.7217 6.83028 14.4693
    endloop
  endfacet
  facet normal -0.827826 0.560985 0
    outer loop
      vertex 16.5419 18.3641 4.34597
      vertex 18.0049 20.523 5.65403
      vertex 18.0049 20.523 4.34597
    endloop
  endfacet
  facet normal -0.827826 0.560985 0
    outer loop
      vertex 18.0049 20.523 5.65403
      vertex 16.5419 18.3641 4.34597
      vertex 16.5419 18.3641 5.65403
    endloop
  endfacet
  facet normal -0.803884 0.54476 -0.23876
    outer loop
      vertex 16.7721 18.1354 3.0491
      vertex 16.5419 18.3641 4.34597
      vertex 18.0049 20.523 4.34597
    endloop
  endfacet
  facet normal -0.654087 0.756419 0
    outer loop
      vertex 21.5182 24.0118 4.34597
      vertex 19.6732 22.4164 5.65403
      vertex 21.5182 24.0118 5.65403
    endloop
  endfacet
  facet normal -0.654087 0.756419 0
    outer loop
      vertex 19.6732 22.4164 5.65403
      vertex 21.5182 24.0118 4.34597
      vertex 19.6732 22.4164 4.34597
    endloop
  endfacet
  facet normal -0.750299 0.661099 0
    outer loop
      vertex 18.0049 20.523 4.34597
      vertex 19.6732 22.4164 5.65403
      vertex 19.6732 22.4164 4.34597
    endloop
  endfacet
  facet normal -0.750299 0.661099 0
    outer loop
      vertex 19.6732 22.4164 5.65403
      vertex 18.0049 20.523 4.34597
      vertex 18.0049 20.523 5.65403
    endloop
  endfacet
  facet normal -0.40898 0.640805 0.649695
    outer loop
      vertex 24.1653 23.2293 9.42289
      vertex 21.9511 23.0414 8.21439
      vertex 22.3766 22.0877 9.42289
    endloop
  endfacet
  facet normal -0.470796 0.737742 0.483826
    outer loop
      vertex 23.6194 24.9348 6.9509
      vertex 21.6633 23.6865 6.9509
      vertex 23.8396 24.2467 8.21439
    endloop
  endfacet
  facet normal -0.554555 0.211304 -0.804872
    outer loop
      vertex 18.9311 13.2702 -1.59346
      vertex 16.941 12.0002 -0.555702
      vertex 17.7587 14.1462 -0.555702
    endloop
  endfacet
  facet normal -0.37213 -0.141811 -0.917284
    outer loop
      vertex 20.2928 -2.2528 -2.5184
      vertex 19.6443 -0.551055 -2.5184
      vertex 21.2742 0.322634 -3.3147
    endloop
  endfacet
  facet normal -0.321537 0.0162848 -0.946757
    outer loop
      vertex 22.5454 6.27007 -3.96873
      vertex 20.5553 5 -3.3147
      vertex 20.6361 6.59536 -3.3147
    endloop
  endfacet
  facet normal -0.518658 0.267815 -0.811954
    outer loop
      vertex 19.8599 15.0692 -1.59346
      vertex 17.7587 14.1462 -0.555702
      vertex 18.786 16.1357 -0.555702
    endloop
  endfacet
  facet normal 0.51914 -0.813497 0.262137
    outer loop
      vertex 38.3367 -13.6865 6.9509
      vertex 36.4917 -15.2818 5.65403
      vertex 38.4818 -14.0118 5.65403
    endloop
  endfacet
  facet normal 0.387378 -0.881767 0.269118
    outer loop
      vertex 36.3806 -14.9348 6.9509
      vertex 34.3905 -16.2049 5.65403
      vertex 36.4917 -15.2818 5.65403
    endloop
  endfacet
  facet normal 0.249283 -0.968431 0
    outer loop
      vertex 32.2142 -16.7651 4.34597
      vertex 34.3905 -16.2049 5.65403
      vertex 32.2142 -16.7651 5.65403
    endloop
  endfacet
  facet normal 0.249283 -0.968431 0
    outer loop
      vertex 34.3905 -16.2049 5.65403
      vertex 32.2142 -16.7651 4.34597
      vertex 34.3905 -16.2049 4.34597
    endloop
  endfacet
  facet normal 0.349604 -0.795858 0.494355
    outer loop
      vertex 36.1604 -14.2467 8.21439
      vertex 34.3154 -15.842 6.9509
      vertex 36.3806 -14.9348 6.9509
    endloop
  endfacet
  facet normal 0.387342 -0.881766 0.269173
    outer loop
      vertex 36.3806 -14.9348 6.9509
      vertex 34.3154 -15.842 6.9509
      vertex 34.3905 -16.2049 5.65403
    endloop
  endfacet
  facet normal 0.0523983 -0.617731 -0.784642
    outer loop
      vertex 31.845 -13.1358 -0.555702
      vertex 30 -14.7312 0.577112
      vertex 30 -13.2923 -0.555702
    endloop
  endfacet
  facet normal 0.128454 -0.499012 -0.857022
    outer loop
      vertex 31.845 -13.1358 -0.555702
      vertex 31.6683 -11.399 -1.59346
      vertex 33.6584 -12.669 -0.555702
    endloop
  endfacet
  facet normal -0.0812055 -0.957354 -0.277269
    outer loop
      vertex 30 -16.9529 4.34597
      vertex 27.8237 -16.3927 3.0491
      vertex 30 -16.5773 3.0491
    endloop
  endfacet
  facet normal -0.0728778 -0.859177 -0.506462
    outer loop
      vertex 30 -16.5773 3.0491
      vertex 27.8237 -16.3927 3.0491
      vertex 30 -15.8325 1.7856
    endloop
  endfacet
  facet normal 0.305757 -0.0801914 -0.948726
    outer loop
      vertex 39.1229 1.83657 -3.3147
      vertex 36.9466 1.27636 -3.96873
      vertex 37.2627 2.4816 -3.96873
    endloop
  endfacet
  facet normal 0.290169 -0.110573 -0.950566
    outer loop
      vertex 38.1793 -1.11127 -3.3147
      vertex 36.5116 0.134824 -3.96873
      vertex 36.9466 1.27636 -3.96873
    endloop
  endfacet
  facet normal 0.316259 -0.0486066 -0.947427
    outer loop
      vertex 39.1229 1.83657 -3.3147
      vertex 37.4546 3.72993 -3.96873
      vertex 39.3639 3.40464 -3.3147
    endloop
  endfacet
  facet normal 0.31625 -0.0486157 -0.947429
    outer loop
      vertex 39.1229 1.83657 -3.3147
      vertex 37.2627 2.4816 -3.96873
      vertex 37.4546 3.72993 -3.96873
    endloop
  endfacet
  facet normal 0.581422 -0.152504 -0.799181
    outer loop
      vertex 43.059 -2.00017 -0.555702
      vertex 42.3458 0.719009 -1.59346
      vertex 43.6533 0.265595 -0.555702
    endloop
  endfacet
  facet normal 0.581417 -0.152507 -0.799185
    outer loop
      vertex 43.059 -2.00017 -0.555702
      vertex 41.8084 -1.32977 -1.59346
      vertex 42.3458 0.719009 -1.59346
    endloop
  endfacet
  facet normal 0.321537 0.0162848 -0.946757
    outer loop
      vertex 39.4447 5 -3.3147
      vertex 37.4546 6.27007 -3.96873
      vertex 39.3639 6.59536 -3.3147
    endloop
  endfacet
  facet normal 0.316259 0.0486066 -0.947427
    outer loop
      vertex 39.3639 6.59536 -3.3147
      vertex 37.4546 6.27007 -3.96873
      vertex 39.1229 8.16343 -3.3147
    endloop
  endfacet
  facet normal 0.0510661 0.044976 -0.997682
    outer loop
      vertex 30.7862 6.01743 -4.97859
      vertex 30.6769 6.14153 -4.97859
      vertex 32.3451 8.03489 -4.80785
    endloop
  endfacet
  facet normal 0.0102539 -0.120895 -0.992612
    outer loop
      vertex 30.7133 -2.01117 -4.4693
      vertex 30 -2.07167 -4.4693
      vertex 30.4329 0.744731 -4.80785
    endloop
  endfacet
  facet normal -0.0156915 -0.185004 -0.982612
    outer loop
      vertex 30 -2.07167 -4.4693
      vertex 29.0186 -4.64711 -3.96873
      vertex 29.2867 -2.01117 -4.4693
    endloop
  endfacet
  facet normal -0.129923 0.0670789 -0.989252
    outer loop
      vertex 27.1278 7.14599 -4.80785
      vertex 25.2676 8.53583 -4.4693
      vertex 25.6647 9.30496 -4.4693
    endloop
  endfacet
  facet normal 0.0249025 0.0566789 -0.998082
    outer loop
      vertex 30.4255 6.32934 -4.97859
      vertex 30.2878 6.38984 -4.97859
      vertex 31.2692 8.96528 -4.80785
    endloop
  endfacet
  facet normal 0.14781 -0.0387779 -0.988255
    outer loop
      vertex 35.0485 2.29379 -4.4693
      vertex 33.2035 3.88915 -4.80785
      vertex 35.2783 3.16972 -4.4693
    endloop
  endfacet
  facet normal 0.155685 0.00786456 -0.987775
    outer loop
      vertex 33.3165 5 -4.80785
      vertex 33.2882 5.56022 -4.80785
      vertex 35.4645 5 -4.4693
    endloop
  endfacet
  facet normal 0.0643621 -0.0332298 -0.997373
    outer loop
      vertex 32.6312 2.3872 -4.80785
      vertex 30.8821 4.12407 -4.97859
      vertex 30.9629 4.28057 -4.97859
    endloop
  endfacet
  facet normal 0.105892 -0.165905 -0.98044
    outer loop
      vertex 33.7595 -3.42673 -3.96873
      vertex 32.0912 -1.53337 -4.4693
      vertex 32.7322 -1.12424 -4.4693
    endloop
  endfacet
  facet normal 0.105883 -0.165914 -0.980439
    outer loop
      vertex 32.8774 -3.98967 -3.96873
      vertex 32.0912 -1.53337 -4.4693
      vertex 33.7595 -3.42673 -3.96873
    endloop
  endfacet
  facet normal 0.179226 -0.121457 -0.976282
    outer loop
      vertex 35.3167 -1.8804 -3.96873
      vertex 33.864 -0.000424385 -4.4693
      vertex 34.3353 0.695041 -4.4693
    endloop
  endfacet
  facet normal 0.157414 -0.1387 -0.977744
    outer loop
      vertex 35.3167 -1.8804 -3.96873
      vertex 33.3266 -0.610332 -4.4693
      vertex 33.864 -0.000424385 -4.4693
    endloop
  endfacet
  facet normal 0.0758903 0.0116737 -0.997048
    outer loop
      vertex 33.2882 5.56022 -4.80785
      vertex 31.1023 5.18781 -4.97859
      vertex 33.2035 6.11085 -4.80785
    endloop
  endfacet
  facet normal 0.15305 0.0235166 -0.987939
    outer loop
      vertex 35.4177 5.92304 -4.4693
      vertex 33.2035 6.11085 -4.80785
      vertex 35.2783 6.83028 -4.4693
    endloop
  endfacet
  facet normal -0.128457 -0.499008 -0.857024
    outer loop
      vertex 28.3317 -11.399 -1.59346
      vertex 26.3416 -12.669 -0.555702
      vertex 26.692 -10.9769 -1.59346
    endloop
  endfacet
  facet normal -0.408979 -0.640801 -0.6497
    outer loop
      vertex 23.8396 -14.2467 1.7856
      vertex 21.9511 -13.0414 1.7856
      vertex 24.1653 -13.2293 0.577112
    endloop
  endfacet
  facet normal -0.428541 -0.495606 -0.755465
    outer loop
      vertex 22.3766 -12.0877 0.577112
      vertex 20.7183 -10.6538 0.577112
      vertex 22.9325 -10.8416 -0.555702
    endloop
  endfacet
  facet normal -0.287293 -0.450156 -0.845472
    outer loop
      vertex 24.5908 -11.8999 -0.555702
      vertex 23.6094 -9.32447 -1.59346
      vertex 25.1088 -10.2814 -1.59346
    endloop
  endfacet
  facet normal -0.185489 -0.720603 -0.668076
    outer loop
      vertex 27.8988 -15.6542 1.7856
      vertex 25.8336 -15.1226 1.7856
      vertex 28.0099 -14.5624 0.577112
    endloop
  endfacet
  facet normal -0.0625964 -0.737676 -0.672247
    outer loop
      vertex 30 -15.8325 1.7856
      vertex 27.8988 -15.6542 1.7856
      vertex 30 -14.7312 0.577112
    endloop
  endfacet
  facet normal -0.387342 -0.881766 -0.269173
    outer loop
      vertex 25.6095 -16.2049 4.34597
      vertex 23.6194 -14.9348 3.0491
      vertex 25.6846 -15.842 3.0491
    endloop
  endfacet
  facet normal -0.51914 -0.813497 -0.262137
    outer loop
      vertex 23.5083 -15.2818 4.34597
      vertex 21.5182 -14.0118 4.34597
      vertex 21.6633 -13.6865 3.0491
    endloop
  endfacet
  facet normal -0.408979 -0.640802 -0.649699
    outer loop
      vertex 24.1653 -13.2293 0.577112
      vertex 21.9511 -13.0414 1.7856
      vertex 22.3766 -12.0877 0.577112
    endloop
  endfacet
  facet normal -0.345872 -0.541964 -0.765929
    outer loop
      vertex 24.1653 -13.2293 0.577112
      vertex 22.9325 -10.8416 -0.555702
      vertex 24.5908 -11.8999 -0.555702
    endloop
  endfacet
  facet normal -0.554562 -0.211308 -0.804867
    outer loop
      vertex 17.7587 -4.14616 -0.555702
      vertex 16.941 -2.00017 -0.555702
      vertex 18.9311 -3.27024 -1.59346
    endloop
  endfacet
  facet normal -0.473696 -0.321023 -0.820095
    outer loop
      vertex 20.9623 -6.69588 -1.59346
      vertex 18.786 -6.13566 -0.555702
      vertex 19.8599 -5.0692 -1.59346
    endloop
  endfacet
  facet normal -0.740287 -0.501702 -0.447514
    outer loop
      vertex 18.2102 -10.2574 3.0491
      vertex 16.7721 -8.13541 3.0491
      vertex 18.6171 -9.73077 1.7856
    endloop
  endfacet
  facet normal -0.666457 -0.587205 -0.459376
    outer loop
      vertex 19.8499 -12.1184 3.0491
      vertex 18.2102 -10.2574 3.0491
      vertex 18.6171 -9.73077 1.7856
    endloop
  endfacet
  facet normal -0.888549 -0.458782 0
    outer loop
      vertex 16.5419 -8.36408 4.34597
      vertex 15.3091 -5.97645 5.65403
      vertex 15.3091 -5.97645 4.34597
    endloop
  endfacet
  facet normal -0.888549 -0.458782 0
    outer loop
      vertex 15.3091 -5.97645 5.65403
      vertex 16.5419 -8.36408 4.34597
      vertex 16.5419 -8.36408 5.65403
    endloop
  endfacet
  facet normal -0.683806 -0.179374 -0.707272
    outer loop
      vertex 15.9138 -2.5508 0.577112
      vertex 15.2727 -0.10681 0.577112
      vertex 16.3467 0.265595 -0.555702
    endloop
  endfacet
  facet normal -0.703443 -0.108149 -0.702475
    outer loop
      vertex 16.3467 0.265595 -0.555702
      vertex 15.2727 -0.10681 0.577112
      vertex 15.9859 2.61237 -0.555702
    endloop
  endfacet
  facet normal -0.654055 -0.249219 -0.714215
    outer loop
      vertex 17.7587 -4.14616 -0.555702
      vertex 15.9138 -2.5508 0.577112
      vertex 16.941 -2.00017 -0.555702
    endloop
  endfacet
  facet normal -0.683826 -0.179364 -0.707256
    outer loop
      vertex 16.941 -2.00017 -0.555702
      vertex 15.9138 -2.5508 0.577112
      vertex 16.3467 0.265595 -0.555702
    endloop
  endfacet
  facet normal -0.51914 -0.813497 0.262137
    outer loop
      vertex 21.6633 -13.6865 6.9509
      vertex 21.5182 -14.0118 5.65403
      vertex 23.5083 -15.2818 5.65403
    endloop
  endfacet
  facet normal -0.470818 -0.737691 -0.483883
    outer loop
      vertex 23.8396 -14.2467 1.7856
      vertex 21.6633 -13.6865 3.0491
      vertex 21.9511 -13.0414 1.7856
    endloop
  endfacet
  facet normal -0.302043 -0.687606 0.660278
    outer loop
      vertex 24.1653 -13.2293 9.42289
      vertex 23.8396 -14.2467 8.21439
      vertex 25.8336 -15.1226 8.21439
    endloop
  endfacet
  facet normal -0.239741 -0.931232 0.274467
    outer loop
      vertex 25.6846 -15.842 6.9509
      vertex 25.6095 -16.2049 5.65403
      vertex 27.8237 -16.3927 6.9509
    endloop
  endfacet
  facet normal 0.18549 -0.720606 0.668072
    outer loop
      vertex 34.1664 -15.1226 8.21439
      vertex 31.9901 -14.5624 9.42289
      vertex 32.1012 -15.6542 8.21439
    endloop
  endfacet
  facet normal 0.0625967 -0.737679 0.672243
    outer loop
      vertex 30 -14.7312 9.42289
      vertex 30 -15.8325 8.21439
      vertex 32.1012 -15.6542 8.21439
    endloop
  endfacet
  facet normal -0.503986 -0.582851 0.637403
    outer loop
      vertex 20.7183 -10.6538 9.42289
      vertex 20.2003 -11.5275 8.21439
      vertex 21.9511 -13.0414 8.21439
    endloop
  endfacet
  facet normal -0.57668 -0.66692 0.471867
    outer loop
      vertex 21.9511 -13.0414 8.21439
      vertex 20.2003 -11.5275 8.21439
      vertex 21.6633 -13.6865 6.9509
    endloop
  endfacet
  facet normal -0.613825 -0.316925 0.723033
    outer loop
      vertex 18.786 -6.13566 10.5557
      vertex 16.7959 -4.8656 9.42289
      vertex 17.9039 -7.01159 9.42289
    endloop
  endfacet
  facet normal -0.613834 -0.31696 0.72301
    outer loop
      vertex 17.7587 -4.14616 10.5557
      vertex 16.7959 -4.8656 9.42289
      vertex 18.786 -6.13566 10.5557
    endloop
  endfacet
  facet normal -0.0581874 0.0394404 0.997526
    outer loop
      vertex 27.6549 8.03489 14.8079
      vertex 27.3688 7.6128 14.8079
      vertex 29.2138 6.01743 14.9786
    endloop
  endfacet
  facet normal 0.069289 -0.108575 0.991671
    outer loop
      vertex 31.6583 1.28303 14.8079
      vertex 31.2692 1.03472 14.8079
      vertex 32.7322 -1.12424 14.4693
    endloop
  endfacet
  facet normal -0.346355 -0.178813 0.920904
    outer loop
      vertex 21.8207 -1.11127 13.3147
      vertex 20.2928 -2.2528 12.5184
      vertex 22.507 -2.44061 13.3147
    endloop
  endfacet
  facet normal -0.305746 -0.0801962 0.94873
    outer loop
      vertex 23.0534 1.27636 13.9687
      vertex 20.8771 1.83657 13.3147
      vertex 21.2742 0.322634 13.3147
    endloop
  endfacet
  facet normal -0.316246 -0.0486046 0.947431
    outer loop
      vertex 22.5454 3.72993 13.9687
      vertex 20.6361 3.40464 13.3147
      vertex 20.8771 1.83657 13.3147
    endloop
  endfacet
  facet normal -0.316237 -0.0486137 0.947434
    outer loop
      vertex 22.5454 3.72993 13.9687
      vertex 20.8771 1.83657 13.3147
      vertex 22.7373 2.4816 13.9687
    endloop
  endfacet
  facet normal -0.214989 -0.189423 0.95807
    outer loop
      vertex 25.4228 -2.71961 13.9687
      vertex 23.3216 -3.64264 13.3147
      vertex 24.2504 -4.6968 13.3147
    endloop
  endfacet
  facet normal -0.214982 -0.189439 0.958069
    outer loop
      vertex 24.6833 -1.8804 13.9687
      vertex 23.3216 -3.64264 13.3147
      vertex 25.4228 -2.71961 13.9687
    endloop
  endfacet
  facet normal -0.269647 -0.139211 0.952844
    outer loop
      vertex 23.4884 0.134824 13.9687
      vertex 21.8207 -1.11127 13.3147
      vertex 22.507 -2.44061 13.3147
    endloop
  endfacet
  facet normal -0.179235 -0.121464 0.976279
    outer loop
      vertex 25.6647 0.695041 14.4693
      vertex 24.0348 -0.923462 13.9687
      vertex 24.6833 -1.8804 13.9687
    endloop
  endfacet
  facet normal -0.277143 -0.244211 0.929276
    outer loop
      vertex 23.3216 -3.64264 13.3147
      vertex 22.0741 -5.25701 12.5184
      vertex 23.1765 -6.50807 12.5184
    endloop
  endfacet
  facet normal -0.187527 -0.293822 0.937285
    outer loop
      vertex 25.2777 -5.58503 13.3147
      vertex 24.3956 -7.56222 12.5184
      vertex 25.7105 -8.40143 12.5184
    endloop
  endfacet
  facet normal 0.179236 -0.121464 0.976279
    outer loop
      vertex 34.3353 0.695041 14.4693
      vertex 33.864 -0.000424385 14.4693
      vertex 35.3167 -1.8804 13.9687
    endloop
  endfacet
  facet normal 0.105889 -0.165923 0.980437
    outer loop
      vertex 33.7595 -3.42673 13.9687
      vertex 32.0912 -1.53337 14.4693
      vertex 32.8774 -3.98967 13.9687
    endloop
  endfacet
  facet normal 0.0215239 -0.253767 0.967026
    outer loop
      vertex 30 -4.73035 13.9687
      vertex 30 -7.22254 13.3147
      vertex 30.9814 -4.64711 13.9687
    endloop
  endfacet
  facet normal 0.0215232 -0.253767 0.967026
    outer loop
      vertex 30.9814 -4.64711 13.9687
      vertex 30 -7.22254 13.3147
      vertex 31.2328 -7.11798 13.3147
    endloop
  endfacet
  facet normal 0.0831882 -0.323167 0.942678
    outer loop
      vertex 32.4445 -6.80607 13.3147
      vertex 31.2328 -7.11798 13.3147
      vertex 32.9011 -9.01134 12.5184
    endloop
  endfacet
  facet normal 0.0831895 -0.323166 0.942679
    outer loop
      vertex 32.9011 -9.01134 12.5184
      vertex 31.2328 -7.11798 13.3147
      vertex 31.4631 -9.38151 12.5184
    endloop
  endfacet
  facet normal -0.069289 -0.108575 0.991671
    outer loop
      vertex 28.3417 1.28303 14.8079
      vertex 27.2678 -1.12424 14.4693
      vertex 28.7308 1.03472 14.8079
    endloop
  endfacet
  facet normal -0.0869812 -0.100605 0.991117
    outer loop
      vertex 28.3417 1.28303 14.8079
      vertex 26.6734 -0.610332 14.4693
      vertex 27.2678 -1.12424 14.4693
    endloop
  endfacet
  facet normal 0.117558 -0.0796832 0.989864
    outer loop
      vertex 32.6312 2.3872 14.8079
      vertex 32.3451 1.96511 14.8079
      vertex 34.3353 0.695041 14.4693
    endloop
  endfacet
  facet normal 0.0693956 -0.0264478 0.997239
    outer loop
      vertex 33.0641 3.35753 14.8079
      vertex 31.0272 4.44937 14.9786
      vertex 32.8722 2.85401 14.8079
    endloop
  endfacet
  facet normal -0.316237 0.0486137 0.947434
    outer loop
      vertex 22.7373 7.5184 13.9687
      vertex 20.8771 8.16343 13.3147
      vertex 22.5454 6.27007 13.9687
    endloop
  endfacet
  facet normal -0.232758 0.0357808 0.971876
    outer loop
      vertex 22.7373 7.5184 13.9687
      vertex 22.5454 6.27007 13.9687
      vertex 24.5823 5.92304 14.4693
    endloop
  endfacet
  facet normal -0.599255 -0.0921312 0.795239
    outer loop
      vertex 17.6542 0.719009 11.5935
      vertex 15.9859 2.61237 10.5557
      vertex 16.3467 0.265595 10.5557
    endloop
  endfacet
  facet normal -0.654054 -0.249218 0.714216
    outer loop
      vertex 16.941 -2.00017 10.5557
      vertex 15.9138 -2.5508 9.42289
      vertex 17.7587 -4.14616 10.5557
    endloop
  endfacet
  facet normal -0.608105 -0.0308141 0.793259
    outer loop
      vertex 17.2187 5 11.5935
      vertex 15.9859 2.61237 10.5557
      vertex 17.3281 2.84103 11.5935
    endloop
  endfacet
  facet normal -0.599221 -0.0920849 0.79527
    outer loop
      vertex 17.3281 2.84103 11.5935
      vertex 15.9859 2.61237 10.5557
      vertex 17.6542 0.719009 11.5935
    endloop
  endfacet
  facet normal -0.0305827 0.118807 -0.992446
    outer loop
      vertex 29.1416 9.14574 -4.80785
      vertex 28.5857 11.8307 -4.4693
      vertex 29.5671 9.25527 -4.80785
    endloop
  endfacet
  facet normal -0.0151131 0.0587113 -0.998161
    outer loop
      vertex 29.7122 6.38984 -4.97859
      vertex 29.1416 9.14574 -4.80785
      vertex 29.5671 9.25527 -4.80785
    endloop
  endfacet
  facet normal -0.0430066 0.0497638 -0.997835
    outer loop
      vertex 29.3231 6.14153 -4.97859
      vertex 28.3417 8.71697 -4.80785
      vertex 29.4441 6.2461 -4.97859
    endloop
  endfacet
  facet normal 0.0249025 -0.0566789 -0.998082
    outer loop
      vertex 31.2692 1.03472 -4.80785
      vertex 30.2878 3.61016 -4.97859
      vertex 30.4255 3.67066 -4.97859
    endloop
  endfacet
  facet normal 0.0503729 0.114669 -0.992126
    outer loop
      vertex 31.2692 8.96528 -4.80785
      vertex 30.8584 9.14574 -4.80785
      vertex 31.4143 11.8307 -4.4693
    endloop
  endfacet
  facet normal 0.024899 0.0566803 -0.998082
    outer loop
      vertex 31.2692 8.96528 -4.80785
      vertex 30.2878 6.38984 -4.97859
      vertex 30.8584 9.14574 -4.80785
    endloop
  endfacet
  facet normal -0.0770247 0.175363 -0.981486
    outer loop
      vertex 28.5857 11.8307 -4.4693
      vertex 27.1226 13.9897 -3.96873
      vertex 28.054 14.3988 -3.96873
    endloop
  endfacet
  facet normal -0.0770216 0.175365 -0.981486
    outer loop
      vertex 27.9088 11.5334 -4.4693
      vertex 27.1226 13.9897 -3.96873
      vertex 28.5857 11.8307 -4.4693
    endloop
  endfacet
  facet normal -0.083197 0.323169 -0.942677
    outer loop
      vertex 28.7672 17.118 -3.3147
      vertex 27.0989 19.0113 -2.5184
      vertex 28.5369 19.3815 -2.5184
    endloop
  endfacet
  facet normal -0.0279047 0.329196 -0.943849
    outer loop
      vertex 30 17.2225 -3.3147
      vertex 28.7672 17.118 -3.3147
      vertex 30 19.5056 -2.5184
    endloop
  endfacet
  facet normal 0.0279231 0.329204 -0.943846
    outer loop
      vertex 31.2328 17.118 -3.3147
      vertex 30 19.5056 -2.5184
      vertex 31.4631 19.3815 -2.5184
    endloop
  endfacet
  facet normal -0.0215117 0.253776 -0.967024
    outer loop
      vertex 29.0186 14.6471 -3.96873
      vertex 28.7672 17.118 -3.3147
      vertex 30 17.2225 -3.3147
    endloop
  endfacet
  facet normal 0.898607 -0.138124 0.416445
    outer loop
      vertex 46.5307 2.1836 6.9509
      vertex 45.9601 2.28082 8.21439
      vertex 46.1052 -0.58461 6.9509
    endloop
  endfacet
  facet normal 0.974664 -0.0493492 0.218162
    outer loop
      vertex 46.6733 5 6.9509
      vertex 46.5307 2.1836 6.9509
      vertex 46.8185 2.13457 5.65403
    endloop
  endfacet
  facet normal 0.943063 -0.247352 0.222373
    outer loop
      vertex 46.1052 -0.58461 6.9509
      vertex 45.4042 -3.25727 6.9509
      vertex 45.6723 -3.40101 5.65403
    endloop
  endfacet
  facet normal 0.943039 -0.24738 0.222442
    outer loop
      vertex 46.1052 -0.58461 6.9509
      vertex 45.6723 -3.40101 5.65403
      vertex 46.3856 -0.681828 5.65403
    endloop
  endfacet
  facet normal 0.864289 0.446213 0.23216
    outer loop
      vertex 44.6909 15.9764 5.65403
      vertex 43.2279 18.1354 6.9509
      vertex 44.4395 15.7886 6.9509
    endloop
  endfacet
  facet normal 0.799272 0.412646 0.436906
    outer loop
      vertex 44.4395 15.7886 6.9509
      vertex 43.2279 18.1354 6.9509
      vertex 43.9411 15.4162 8.21439
    endloop
  endfacet
  facet normal 0.844527 0.321856 0.427998
    outer loop
      vertex 44.4395 15.7886 6.9509
      vertex 43.9411 15.4162 8.21439
      vertex 45.4042 13.2573 6.9509
    endloop
  endfacet
  facet normal 0.91012 0.346855 0.226656
    outer loop
      vertex 44.6909 15.9764 5.65403
      vertex 44.4395 15.7886 6.9509
      vertex 45.4042 13.2573 6.9509
    endloop
  endfacet
  facet normal 0.806633 0.123985 -0.577902
    outer loop
      vertex 45.9601 7.71918 1.7856
      vertex 44.7273 10.1068 0.577112
      vertex 45.5493 10.3918 1.7856
    endloop
  endfacet
  facet normal 0.785806 0.206136 -0.58311
    outer loop
      vertex 45.5493 10.3918 1.7856
      vertex 44.7273 10.1068 0.577112
      vertex 44.8724 12.9722 1.7856
    endloop
  endfacet
  facet normal 0.785804 -0.206135 -0.583113
    outer loop
      vertex 44.8724 -2.97224 1.7856
      vertex 44.7273 -0.10681 0.577112
      vertex 45.5493 -0.391838 1.7856
    endloop
  endfacet
  facet normal 0.78581 -0.206131 -0.583106
    outer loop
      vertex 44.8724 -2.97224 1.7856
      vertex 44.0862 -2.5508 0.577112
      vertex 44.7273 -0.10681 0.577112
    endloop
  endfacet
  facet normal 0.506862 -0.0256839 -0.861644
    outer loop
      vertex 42.6719 2.84103 -1.59346
      vertex 41.113 3.10664 -2.5184
      vertex 42.7813 5 -1.59346
    endloop
  endfacet
  facet normal 0.71323 0.0361123 -0.699999
    outer loop
      vertex 45.2468 5 0.577112
      vertex 44.135 5 -0.555702
      vertex 45.1164 7.57544 0.577112
    endloop
  endfacet
  facet normal 0.460156 -0.175356 -0.870349
    outer loop
      vertex 41.8084 -1.32977 -1.59346
      vertex 39.7072 -2.2528 -2.5184
      vertex 40.3557 -0.551055 -2.5184
    endloop
  endfacet
  facet normal 0.269658 -0.139217 -0.95284
    outer loop
      vertex 37.493 -2.44061 -3.3147
      vertex 36.5116 0.134824 -3.96873
      vertex 38.1793 -1.11127 -3.3147
    endloop
  endfacet
  facet normal 0.799263 -0.412653 -0.436917
    outer loop
      vertex 43.2279 -8.13541 3.0491
      vertex 42.7713 -7.682 1.7856
      vertex 43.9411 -5.41623 1.7856
    endloop
  endfacet
  facet normal 0.710536 -0.366844 -0.60047
    outer loop
      vertex 43.9411 -5.41623 1.7856
      vertex 42.7713 -7.682 1.7856
      vertex 43.2041 -4.8656 0.577112
    endloop
  endfacet
  facet normal 0.185489 -0.720603 -0.668076
    outer loop
      vertex 32.1012 -15.6542 1.7856
      vertex 31.9901 -14.5624 0.577112
      vertex 34.1664 -15.1226 1.7856
    endloop
  endfacet
  facet normal 0.0625716 -0.7377 -0.672223
    outer loop
      vertex 32.1012 -15.6542 1.7856
      vertex 30 -14.7312 0.577112
      vertex 31.9901 -14.5624 0.577112
    endloop
  endfacet
  facet normal 0.345872 -0.541964 -0.765929
    outer loop
      vertex 35.8347 -13.2293 0.577112
      vertex 35.4092 -11.8999 -0.555702
      vertex 37.0675 -10.8416 -0.555702
    endloop
  endfacet
  facet normal 0.254272 -0.578832 -0.77479
    outer loop
      vertex 35.8347 -13.2293 0.577112
      vertex 33.6584 -12.669 -0.555702
      vertex 35.4092 -11.8999 -0.555702
    endloop
  endfacet
  facet normal 0.40474 0.0622236 0.912312
    outer loop
      vertex 40.8269 8.75433 12.5184
      vertex 39.3639 6.59536 13.3147
      vertex 41.113 6.89336 12.5184
    endloop
  endfacet
  facet normal 0.499019 0.0767176 0.863189
    outer loop
      vertex 42.3458 9.28099 11.5935
      vertex 40.8269 8.75433 12.5184
      vertex 41.113 6.89336 12.5184
    endloop
  endfacet
  facet normal 0.224894 -0.0589832 0.972596
    outer loop
      vertex 37.2627 2.4816 13.9687
      vertex 35.0485 2.29379 14.4693
      vertex 36.9466 1.27636 13.9687
    endloop
  endfacet
  facet normal 0.404759 -0.0622083 0.912305
    outer loop
      vertex 39.3639 3.40464 13.3147
      vertex 39.1229 1.83657 13.3147
      vertex 40.8269 1.24567 12.5184
    endloop
  endfacet
  facet normal 0.155707 -0.0078657 0.987772
    outer loop
      vertex 33.3165 5 14.8079
      vertex 33.2882 4.43978 14.8079
      vertex 35.4645 5 14.4693
    endloop
  endfacet
  facet normal 0.236718 -0.0120021 0.971504
    outer loop
      vertex 35.4645 5 14.4693
      vertex 35.4177 4.07696 14.4693
      vertex 37.4546 3.72993 13.9687
    endloop
  endfacet
  facet normal 0.181655 -0.210062 0.960664
    outer loop
      vertex 34.5772 -2.71961 13.9687
      vertex 33.7595 -3.42673 13.9687
      vertex 34.7223 -5.58503 13.3147
    endloop
  endfacet
  facet normal 0.144963 -0.227142 0.963012
    outer loop
      vertex 33.7595 -3.42673 13.9687
      vertex 33.6143 -6.29216 13.3147
      vertex 34.7223 -5.58503 13.3147
    endloop
  endfacet
  facet normal 0.21045 -0.479075 0.852172
    outer loop
      vertex 35.4092 -11.8999 10.5557
      vertex 33.308 -10.9769 11.5935
      vertex 33.6584 -12.669 10.5557
    endloop
  endfacet
  facet normal 0.171409 -0.390195 0.904636
    outer loop
      vertex 34.2895 -8.40143 12.5184
      vertex 32.9011 -9.01134 12.5184
      vertex 33.308 -10.9769 11.5935
    endloop
  endfacet
  facet normal -0.0279227 -0.3292 0.943847
    outer loop
      vertex 28.7672 -7.11798 13.3147
      vertex 28.5369 -9.38151 12.5184
      vertex 30 -9.50561 12.5184
    endloop
  endfacet
  facet normal -0.0215232 -0.253767 0.967026
    outer loop
      vertex 29.0186 -4.64711 13.9687
      vertex 28.7672 -7.11798 13.3147
      vertex 30 -7.22254 13.3147
    endloop
  endfacet
  facet normal 0.254272 -0.578831 0.774791
    outer loop
      vertex 35.4092 -11.8999 10.5557
      vertex 33.6584 -12.669 10.5557
      vertex 35.8347 -13.2293 9.42289
    endloop
  endfacet
  facet normal 0.0523956 -0.617728 0.784645
    outer loop
      vertex 31.845 -13.1358 10.5557
      vertex 30 -14.7312 9.42289
      vertex 31.9901 -14.5624 9.42289
    endloop
  endfacet
  facet normal -0.0151043 0.0586978 0.998162
    outer loop
      vertex 29.8549 6.42656 14.9786
      vertex 29.5671 9.25527 14.8079
      vertex 29.7122 6.38984 14.9786
    endloop
  endfacet
  facet normal 0.0581899 0.0394375 0.997526
    outer loop
      vertex 32.6312 7.6128 14.8079
      vertex 30.7862 6.01743 14.9786
      vertex 30.8821 5.87593 14.9786
    endloop
  endfacet
  facet normal 0.129942 0.0670886 0.989249
    outer loop
      vertex 34.3353 9.30496 14.4693
      vertex 32.8722 7.14599 14.8079
      vertex 34.7324 8.53583 14.4693
    endloop
  endfacet
  facet normal 0.129945 0.0670865 0.989249
    outer loop
      vertex 34.3353 9.30496 14.4693
      vertex 32.6312 7.6128 14.8079
      vertex 32.8722 7.14599 14.8079
    endloop
  endfacet
  facet normal 0.0694042 0.0264378 0.997238
    outer loop
      vertex 32.8722 7.14599 14.8079
      vertex 30.9629 5.71943 14.9786
      vertex 31.0272 5.55063 14.9786
    endloop
  endfacet
  facet normal 0.0510542 -0.0449655 0.997683
    outer loop
      vertex 30.7862 3.98257 14.9786
      vertex 30.6769 3.85847 14.9786
      vertex 32.3451 1.96511 14.8079
    endloop
  endfacet
  facet normal 0.0758887 0.0116341 0.997048
    outer loop
      vertex 33.2035 6.11085 14.8079
      vertex 31.074 5.37241 14.9786
      vertex 31.1023 5.18781 14.9786
    endloop
  endfacet
  facet normal 0.153074 0.0235464 0.987934
    outer loop
      vertex 35.4177 5.92304 14.4693
      vertex 33.2035 6.11085 14.8079
      vertex 33.2882 5.56022 14.8079
    endloop
  endfacet
  facet normal 0.21323 -0.0812446 0.973618
    outer loop
      vertex 35.0485 2.29379 14.4693
      vertex 34.7324 1.46417 14.4693
      vertex 36.9466 1.27636 13.9687
    endloop
  endfacet
  facet normal 0.140084 -0.0533883 0.988699
    outer loop
      vertex 33.0641 3.35753 14.8079
      vertex 32.8722 2.85401 14.8079
      vertex 35.0485 2.29379 14.4693
    endloop
  endfacet
  facet normal 0.224895 0.0590011 0.972595
    outer loop
      vertex 37.2627 7.5184 13.9687
      vertex 35.0485 7.70621 14.4693
      vertex 35.2783 6.83028 14.4693
    endloop
  endfacet
  facet normal 0.224894 0.0589832 0.972596
    outer loop
      vertex 36.9466 8.72364 13.9687
      vertex 35.0485 7.70621 14.4693
      vertex 37.2627 7.5184 13.9687
    endloop
  endfacet
  facet normal 0.147831 -0.0387835 0.988252
    outer loop
      vertex 35.2783 3.16972 14.4693
      vertex 33.2035 3.88915 14.8079
      vertex 35.0485 2.29379 14.4693
    endloop
  endfacet
  facet normal 0.232758 0.0357808 0.971876
    outer loop
      vertex 37.2627 7.5184 13.9687
      vertex 35.4177 5.92304 14.4693
      vertex 37.4546 6.27007 13.9687
    endloop
  endfacet
  facet normal 0.0248967 0.0566657 0.998083
    outer loop
      vertex 31.2692 8.96528 14.8079
      vertex 30.2878 6.38984 14.9786
      vertex 30.4255 6.32934 14.9786
    endloop
  endfacet
  facet normal -0.0305889 -0.118823 0.992444
    outer loop
      vertex 29.5671 0.744731 14.8079
      vertex 28.5857 -1.83071 14.4693
      vertex 29.2867 -2.01117 14.4693
    endloop
  endfacet
  facet normal -0.0342472 0.0536651 0.997972
    outer loop
      vertex 28.7308 8.96528 14.8079
      vertex 28.3417 8.71697 14.8079
      vertex 29.4441 6.2461 14.9786
    endloop
  endfacet
  facet normal -0.064158 -0.24924 0.966314
    outer loop
      vertex 28.054 -4.3988 13.9687
      vertex 27.5555 -6.80607 13.3147
      vertex 28.7672 -7.11798 13.3147
    endloop
  endfacet
  facet normal -0.0831882 -0.323167 0.942678
    outer loop
      vertex 27.5555 -6.80607 13.3147
      vertex 27.0989 -9.01134 12.5184
      vertex 28.7672 -7.11798 13.3147
    endloop
  endfacet
  facet normal -0.806632 -0.123983 -0.577904
    outer loop
      vertex 14.4507 -0.391838 1.7856
      vertex 14.0399 2.28082 1.7856
      vertex 15.2727 -0.10681 0.577112
    endloop
  endfacet
  facet normal -0.877326 -0.230143 -0.421109
    outer loop
      vertex 15.1276 -2.97224 1.7856
      vertex 13.8948 -0.58461 3.0491
      vertex 14.4507 -0.391838 1.7856
    endloop
  endfacet
  facet normal -0.964266 -0.148214 -0.219597
    outer loop
      vertex 13.6144 -0.681828 4.34597
      vertex 13.1815 2.13457 4.34597
      vertex 13.8948 -0.58461 3.0491
    endloop
  endfacet
  facet normal -0.964267 -0.148217 -0.219593
    outer loop
      vertex 13.8948 -0.58461 3.0491
      vertex 13.1815 2.13457 4.34597
      vertex 13.4693 2.1836 3.0491
    endloop
  endfacet
  facet normal -0.499035 0.0767201 -0.863179
    outer loop
      vertex 18.887 6.89336 -2.5184
      vertex 17.6542 9.28099 -1.59346
      vertex 19.1731 8.75433 -2.5184
    endloop
  endfacet
  facet normal -0.506853 0.0256724 -0.86165
    outer loop
      vertex 18.7911 5 -2.5184
      vertex 17.2187 5 -1.59346
      vertex 18.887 6.89336 -2.5184
    endloop
  endfacet
  facet normal 0.0342634 -0.0536755 -0.99797
    outer loop
      vertex 31.2692 1.03472 -4.80785
      vertex 30.4255 3.67066 -4.97859
      vertex 30.5559 3.7539 -4.97859
    endloop
  endfacet
  facet normal 0.132814 -0.153616 -0.979164
    outer loop
      vertex 33.7595 -3.42673 -3.96873
      vertex 32.7322 -1.12424 -4.4693
      vertex 33.3266 -0.610332 -4.4693
    endloop
  endfacet
  facet normal 0.0869781 0.100584 -0.991119
    outer loop
      vertex 32.019 8.40506 -4.80785
      vertex 31.6583 8.71697 -4.80785
      vertex 33.3266 10.6103 -4.4693
    endloop
  endfacet
  facet normal 0.10317 0.0908876 -0.990503
    outer loop
      vertex 32.3451 8.03489 -4.80785
      vertex 32.019 8.40506 -4.80785
      vertex 33.3266 10.6103 -4.4693
    endloop
  endfacet
  facet normal -0.0151129 -0.0587113 -0.998161
    outer loop
      vertex 29.5671 0.744731 -4.80785
      vertex 29.1416 0.854259 -4.80785
      vertex 29.7122 3.61016 -4.97859
    endloop
  endfacet
  facet normal 0.0694204 0.0264439 -0.997237
    outer loop
      vertex 31.0272 5.55063 -4.97859
      vertex 30.9629 5.71943 -4.97859
      vertex 32.8722 7.14599 -4.80785
    endloop
  endfacet
  facet normal 0.153052 0.0235431 -0.987938
    outer loop
      vertex 33.2882 5.56022 -4.80785
      vertex 33.2035 6.11085 -4.80785
      vertex 35.4177 5.92304 -4.4693
    endloop
  endfacet
  facet normal -0.0510661 -0.044976 -0.997682
    outer loop
      vertex 29.3231 3.85847 -4.97859
      vertex 27.6549 1.96511 -4.80785
      vertex 29.2138 3.98257 -4.97859
    endloop
  endfacet
  facet normal -0.277172 0.244202 -0.929269
    outer loop
      vertex 23.3216 13.6426 -3.3147
      vertex 23.1765 16.5081 -2.5184
      vertex 24.2504 14.6968 -3.3147
    endloop
  endfacet
  facet normal -0.234571 0.271307 -0.933472
    outer loop
      vertex 24.2504 14.6968 -3.3147
      vertex 23.1765 16.5081 -2.5184
      vertex 25.2777 15.585 -3.3147
    endloop
  endfacet
  facet normal -0.157408 0.138707 -0.977744
    outer loop
      vertex 26.6734 10.6103 -4.4693
      vertex 24.6833 11.8804 -3.96873
      vertex 25.4228 12.7196 -3.96873
    endloop
  endfacet
  facet normal -0.269654 0.139219 -0.95284
    outer loop
      vertex 23.4884 9.86518 -3.96873
      vertex 21.8207 11.1113 -3.3147
      vertex 22.507 12.4406 -3.3147
    endloop
  endfacet
  facet normal -0.244472 0.165681 -0.955397
    outer loop
      vertex 24.0348 10.9235 -3.96873
      vertex 22.507 12.4406 -3.3147
      vertex 24.6833 11.8804 -3.96873
    endloop
  endfacet
  facet normal -0.236704 -0.0120014 -0.971508
    outer loop
      vertex 24.5823 4.07696 -4.4693
      vertex 22.5454 3.72993 -3.96873
      vertex 24.5355 5 -4.4693
    endloop
  endfacet
  facet normal -0.269653 0.139219 -0.95284
    outer loop
      vertex 23.4884 9.86518 -3.96873
      vertex 22.507 12.4406 -3.3147
      vertex 24.0348 10.9235 -3.96873
    endloop
  endfacet
  facet normal -0.683807 0.179373 -0.707272
    outer loop
      vertex 16.3467 9.7344 -0.555702
      vertex 15.2727 10.1068 0.577112
      vertex 15.9138 12.5508 0.577112
    endloop
  endfacet
  facet normal -0.483493 0.126795 -0.866116
    outer loop
      vertex 19.1731 8.75433 -2.5184
      vertex 18.1916 11.3298 -1.59346
      vertex 19.6443 10.5511 -2.5184
    endloop
  endfacet
  facet normal -0.321533 -0.0162783 -0.946758
    outer loop
      vertex 22.5454 3.72993 -3.96873
      vertex 20.5553 5 -3.3147
      vertex 22.4811 5 -3.96873
    endloop
  endfacet
  facet normal -0.224882 -0.0589977 -0.972598
    outer loop
      vertex 24.9515 2.29379 -4.4693
      vertex 22.7373 2.4816 -3.96873
      vertex 24.7217 3.16972 -4.4693
    endloop
  endfacet
  facet normal -0.460156 -0.175356 -0.870349
    outer loop
      vertex 20.2928 -2.2528 -2.5184
      vertex 18.1916 -1.32977 -1.59346
      vertex 19.6443 -0.551055 -2.5184
    endloop
  endfacet
  facet normal -0.599206 -0.0920825 -0.795282
    outer loop
      vertex 17.6542 0.719009 -1.59346
      vertex 15.9859 2.61237 -0.555702
      vertex 17.3281 2.84103 -1.59346
    endloop
  endfacet
  facet normal -0.0248991 -0.0566802 -0.998082
    outer loop
      vertex 29.1416 0.854259 -4.80785
      vertex 28.7308 1.03472 -4.80785
      vertex 29.7122 3.61016 -4.97859
    endloop
  endfacet
  facet normal -0.411311 -0.0208332 -0.911257
    outer loop
      vertex 18.887 3.10664 -2.5184
      vertex 18.7911 5 -2.5184
      vertex 20.5553 5 -3.3147
    endloop
  endfacet
  facet normal -0.404759 -0.0622083 -0.912305
    outer loop
      vertex 20.8771 1.83657 -3.3147
      vertex 19.1731 1.24567 -2.5184
      vertex 20.6361 3.40464 -3.3147
    endloop
  endfacet
  facet normal -0.290169 -0.110573 -0.950566
    outer loop
      vertex 23.4884 0.134824 -3.96873
      vertex 21.8207 -1.11127 -3.3147
      vertex 23.0534 1.27636 -3.96873
    endloop
  endfacet
  facet normal -0.140064 -0.0533806 -0.988703
    outer loop
      vertex 27.1278 2.85401 -4.80785
      vertex 24.9515 2.29379 -4.4693
      vertex 26.9359 3.35753 -4.80785
    endloop
  endfacet
  facet normal 0.0643632 0.0332288 -0.997373
    outer loop
      vertex 32.8722 7.14599 -4.80785
      vertex 30.9629 5.71943 -4.97859
      vertex 32.6312 7.6128 -4.80785
    endloop
  endfacet
  facet normal -0.147823 -0.0387619 -0.988254
    outer loop
      vertex 26.9359 3.35753 -4.80785
      vertex 24.9515 2.29379 -4.4693
      vertex 26.7965 3.88915 -4.80785
    endloop
  endfacet
  facet normal -0.140067 -0.053368 -0.988703
    outer loop
      vertex 25.2676 1.46417 -4.4693
      vertex 24.9515 2.29379 -4.4693
      vertex 27.1278 2.85401 -4.80785
    endloop
  endfacet
  facet normal -0.0510661 0.044976 -0.997682
    outer loop
      vertex 29.2138 6.01743 -4.97859
      vertex 27.6549 8.03489 -4.80785
      vertex 29.3231 6.14153 -4.97859
    endloop
  endfacet
  facet normal 0.0151078 0.0587115 -0.998161
    outer loop
      vertex 30.2878 6.38984 -4.97859
      vertex 30.1451 6.42656 -4.97859
      vertex 30.4329 9.25527 -4.80785
    endloop
  endfacet
  facet normal -0.0869781 0.100584 -0.991119
    outer loop
      vertex 27.981 8.40506 -4.80785
      vertex 26.6734 10.6103 -4.4693
      vertex 28.3417 8.71697 -4.80785
    endloop
  endfacet
  facet normal -0.0692798 0.108561 -0.991673
    outer loop
      vertex 28.3417 8.71697 -4.80785
      vertex 27.2678 11.1242 -4.4693
      vertex 28.7308 8.96528 -4.80785
    endloop
  endfacet
  facet normal -0.0342552 0.0536777 -0.997971
    outer loop
      vertex 29.4441 6.2461 -4.97859
      vertex 28.3417 8.71697 -4.80785
      vertex 28.7308 8.96528 -4.80785
    endloop
  endfacet
  facet normal 0.197921 -0.102207 -0.974875
    outer loop
      vertex 35.9651 -0.923462 -3.96873
      vertex 34.3353 0.695041 -4.4693
      vertex 36.5116 0.134824 -3.96873
    endloop
  endfacet
  facet normal 0.269621 -0.139233 -0.952848
    outer loop
      vertex 37.493 -2.44061 -3.3147
      vertex 35.9651 -0.923462 -3.96873
      vertex 36.5116 0.134824 -3.96873
    endloop
  endfacet
  facet normal 0.391665 -0.102732 -0.914355
    outer loop
      vertex 40.8269 1.24567 -2.5184
      vertex 38.7258 0.322634 -3.3147
      vertex 39.1229 1.83657 -3.3147
    endloop
  endfacet
  facet normal 0.40474 -0.0622236 -0.912312
    outer loop
      vertex 40.8269 1.24567 -2.5184
      vertex 39.3639 3.40464 -3.3147
      vertex 41.113 3.10664 -2.5184
    endloop
  endfacet
  facet normal 0.292846 -0.33867 -0.894172
    outer loop
      vertex 36.3906 -9.32447 -1.59346
      vertex 35.6044 -7.56222 -2.5184
      vertex 36.8235 -6.50807 -2.5184
    endloop
  endfacet
  facet normal 0.234585 -0.271292 -0.933472
    outer loop
      vertex 35.6044 -7.56222 -2.5184
      vertex 34.7223 -5.58503 -3.3147
      vertex 36.8235 -6.50807 -2.5184
    endloop
  endfacet
  facet normal 0.277168 -0.244208 -0.929269
    outer loop
      vertex 36.8235 -6.50807 -2.5184
      vertex 35.7496 -4.6968 -3.3147
      vertex 36.6784 -3.64264 -3.3147
    endloop
  endfacet
  facet normal 0.214998 -0.189431 -0.958067
    outer loop
      vertex 35.7496 -4.6968 -3.3147
      vertex 34.5772 -2.71961 -3.96873
      vertex 36.6784 -3.64264 -3.3147
    endloop
  endfacet
  facet normal -0.0350767 -0.413544 -0.909808
    outer loop
      vertex 30 -9.50561 -2.5184
      vertex 28.3317 -11.399 -1.59346
      vertex 28.5369 -9.38151 -2.5184
    endloop
  endfacet
  facet normal -0.0279211 -0.3292 -0.943847
    outer loop
      vertex 30 -9.50561 -2.5184
      vertex 28.7672 -7.11798 -3.3147
      vertex 30 -7.22254 -3.3147
    endloop
  endfacet
  facet normal -0.29285 -0.33867 -0.894171
    outer loop
      vertex 23.6094 -9.32447 -1.59346
      vertex 22.2193 -8.12244 -1.59346
      vertex 23.1765 -6.50807 -2.5184
    endloop
  endfacet
  facet normal -0.345121 -0.3041 -0.887927
    outer loop
      vertex 22.2193 -8.12244 -1.59346
      vertex 20.9623 -6.69588 -1.59346
      vertex 23.1765 -6.50807 -2.5184
    endloop
  endfacet
  facet normal -0.234637 -0.367636 -0.899883
    outer loop
      vertex 25.7105 -8.40143 -2.5184
      vertex 23.6094 -9.32447 -1.59346
      vertex 24.3956 -7.56222 -2.5184
    endloop
  endfacet
  facet normal -0.234578 -0.271306 -0.93347
    outer loop
      vertex 25.2777 -5.58503 -3.3147
      vertex 23.1765 -6.50807 -2.5184
      vertex 24.2504 -4.6968 -3.3147
    endloop
  endfacet
  facet normal -0.0215248 -0.253778 -0.967023
    outer loop
      vertex 30 -7.22254 -3.3147
      vertex 29.0186 -4.64711 -3.96873
      vertex 30 -4.73035 -3.96873
    endloop
  endfacet
  facet normal -0.0156916 -0.185004 -0.982612
    outer loop
      vertex 30 -4.73035 -3.96873
      vertex 29.0186 -4.64711 -3.96873
      vertex 30 -2.07167 -4.4693
    endloop
  endfacet
  facet normal -0.0467928 -0.181768 -0.982228
    outer loop
      vertex 29.0186 -4.64711 -3.96873
      vertex 28.5857 -1.83071 -4.4693
      vertex 29.2867 -2.01117 -4.4693
    endloop
  endfacet
  facet normal -0.0102539 -0.120895 -0.992612
    outer loop
      vertex 30 -2.07167 -4.4693
      vertex 29.2867 -2.01117 -4.4693
      vertex 29.5671 0.744731 -4.80785
    endloop
  endfacet
  facet normal -0.103156 -0.0908922 -0.990504
    outer loop
      vertex 26.6734 -0.610332 -4.4693
      vertex 26.136 -0.000424385 -4.4693
      vertex 27.6549 1.96511 -4.80785
    endloop
  endfacet
  facet normal -0.117541 -0.0796716 -0.989867
    outer loop
      vertex 27.6549 1.96511 -4.80785
      vertex 25.6647 0.695041 -4.4693
      vertex 27.3688 2.3872 -4.80785
    endloop
  endfacet
  facet normal -0.0692868 -0.108554 -0.991673
    outer loop
      vertex 27.9088 -1.53337 -4.4693
      vertex 27.2678 -1.12424 -4.4693
      vertex 28.7308 1.03472 -4.80785
    endloop
  endfacet
  facet normal -0.105892 -0.165905 -0.98044
    outer loop
      vertex 27.9088 -1.53337 -4.4693
      vertex 26.2405 -3.42673 -3.96873
      vertex 27.2678 -1.12424 -4.4693
    endloop
  endfacet
  facet normal -0.408979 0.640801 -0.6497
    outer loop
      vertex 24.1653 23.2293 0.577112
      vertex 21.9511 23.0414 1.7856
      vertex 23.8396 24.2467 1.7856
    endloop
  endfacet
  facet normal -0.470797 0.737744 -0.483823
    outer loop
      vertex 23.8396 24.2467 1.7856
      vertex 21.6633 23.6865 3.0491
      vertex 23.6194 24.9348 3.0491
    endloop
  endfacet
  facet normal 0.470817 0.73769 0.483886
    outer loop
      vertex 38.3367 23.6865 6.9509
      vertex 36.1604 24.2467 8.21439
      vertex 38.0489 23.0414 8.21439
    endloop
  endfacet
  facet normal 0.57668 0.66692 0.471867
    outer loop
      vertex 38.3367 23.6865 6.9509
      vertex 38.0489 23.0414 8.21439
      vertex 39.7997 21.5275 8.21439
    endloop
  endfacet
  facet normal 0.254272 0.578831 0.774791
    outer loop
      vertex 35.8347 23.2293 9.42289
      vertex 33.6584 22.669 10.5557
      vertex 35.4092 21.8999 10.5557
    endloop
  endfacet
  facet normal 0.21045 0.479075 0.852172
    outer loop
      vertex 33.6584 22.669 10.5557
      vertex 33.308 20.9769 11.5935
      vertex 35.4092 21.8999 10.5557
    endloop
  endfacet
  facet normal 0.42854 0.495605 0.755466
    outer loop
      vertex 37.6234 22.0877 9.42289
      vertex 37.0675 20.8416 10.5557
      vertex 39.2817 20.6538 9.42289
    endloop
  endfacet
  facet normal 0.50398 0.582851 0.637408
    outer loop
      vertex 38.0489 23.0414 8.21439
      vertex 37.6234 22.0877 9.42289
      vertex 39.2817 20.6538 9.42289
    endloop
  endfacet
  facet normal 0.345108 0.304101 0.887932
    outer loop
      vertex 37.7807 18.1224 11.5935
      vertex 36.8235 16.5081 12.5184
      vertex 39.0377 16.6959 11.5935
    endloop
  endfacet
  facet normal 0.419811 0.369928 0.828801
    outer loop
      vertex 38.6048 19.5123 10.5557
      vertex 37.7807 18.1224 11.5935
      vertex 39.0377 16.6959 11.5935
    endloop
  endfacet
  facet normal 0.0510542 0.0449655 0.997683
    outer loop
      vertex 32.3451 8.03489 14.8079
      vertex 30.6769 6.14153 14.9786
      vertex 30.7862 6.01743 14.9786
    endloop
  endfacet
  facet normal 0.0581874 0.0394404 0.997526
    outer loop
      vertex 32.3451 8.03489 14.8079
      vertex 30.7862 6.01743 14.9786
      vertex 32.6312 7.6128 14.8079
    endloop
  endfacet
  facet normal 0.132843 0.153621 0.979159
    outer loop
      vertex 33.7595 13.4267 13.9687
      vertex 33.3266 10.6103 14.4693
      vertex 34.5772 12.7196 13.9687
    endloop
  endfacet
  facet normal 0.157417 0.138715 0.977741
    outer loop
      vertex 34.5772 12.7196 13.9687
      vertex 33.3266 10.6103 14.4693
      vertex 35.3167 11.8804 13.9687
    endloop
  endfacet
  facet normal 0.234571 0.271307 0.933472
    outer loop
      vertex 36.8235 16.5081 12.5184
      vertex 34.7223 15.585 13.3147
      vertex 35.7496 14.6968 13.3147
    endloop
  endfacet
  facet normal 0.234577 0.271295 0.933473
    outer loop
      vertex 35.6044 17.5622 12.5184
      vertex 34.7223 15.585 13.3147
      vertex 36.8235 16.5081 12.5184
    endloop
  endfacet
  facet normal 0.0692899 0.108577 0.99167
    outer loop
      vertex 32.7322 11.1242 14.4693
      vertex 31.2692 8.96528 14.8079
      vertex 31.6583 8.71697 14.8079
    endloop
  endfacet
  facet normal 0.105912 0.165908 0.980437
    outer loop
      vertex 33.7595 13.4267 13.9687
      vertex 32.0912 11.5334 14.4693
      vertex 32.7322 11.1242 14.4693
    endloop
  endfacet
  facet normal 0.0156926 0.185017 0.98261
    outer loop
      vertex 30.9814 14.6471 13.9687
      vertex 30 12.0717 14.4693
      vertex 30.7133 12.0112 14.4693
    endloop
  endfacet
  facet normal 0.0102553 0.120911 0.99261
    outer loop
      vertex 30.7133 12.0112 14.4693
      vertex 30 12.0717 14.4693
      vertex 30.4329 9.25527 14.8079
    endloop
  endfacet
  facet normal -0.390716 0.264785 0.881606
    outer loop
      vertex 20.9623 16.6959 11.5935
      vertex 19.8599 15.0692 11.5935
      vertex 22.0741 15.257 12.5184
    endloop
  endfacet
  facet normal -0.419811 0.369928 0.828801
    outer loop
      vertex 21.3952 19.5123 10.5557
      vertex 20.9623 16.6959 11.5935
      vertex 22.2193 18.1224 11.5935
    endloop
  endfacet
  facet normal -0.171411 0.390192 0.904637
    outer loop
      vertex 26.692 20.9769 11.5935
      vertex 25.1088 20.2814 11.5935
      vertex 25.7105 18.4014 12.5184
    endloop
  endfacet
  facet normal -0.254272 0.578831 0.774791
    outer loop
      vertex 26.3416 22.669 10.5557
      vertex 24.1653 23.2293 9.42289
      vertex 24.5908 21.8999 10.5557
    endloop
  endfacet
  facet normal -0.077026 0.175375 0.981484
    outer loop
      vertex 28.5857 11.8307 14.4693
      vertex 27.1226 13.9897 13.9687
      vertex 27.9088 11.5334 14.4693
    endloop
  endfacet
  facet normal -0.181651 0.210064 0.960664
    outer loop
      vertex 26.2405 13.4267 13.9687
      vertex 25.2777 15.585 13.3147
      vertex 25.4228 12.7196 13.9687
    endloop
  endfacet
  facet normal -0.277145 0.244205 0.929276
    outer loop
      vertex 23.1765 16.5081 12.5184
      vertex 22.0741 15.257 12.5184
      vertex 23.3216 13.6426 13.3147
    endloop
  endfacet
  facet normal -0.129942 0.0670886 0.989249
    outer loop
      vertex 25.6647 9.30496 14.4693
      vertex 25.2676 8.53583 14.4693
      vertex 27.1278 7.14599 14.8079
    endloop
  endfacet
  facet normal -0.069306 0.108566 0.99167
    outer loop
      vertex 27.9088 11.5334 14.4693
      vertex 27.2678 11.1242 14.4693
      vertex 28.7308 8.96528 14.8079
    endloop
  endfacet
  facet normal -0.0692899 0.108577 0.99167
    outer loop
      vertex 28.7308 8.96528 14.8079
      vertex 27.2678 11.1242 14.4693
      vertex 28.3417 8.71697 14.8079
    endloop
  endfacet
  facet normal 0.0215401 0.253775 0.967023
    outer loop
      vertex 30 17.2225 13.3147
      vertex 30 14.7304 13.9687
      vertex 30.9814 14.6471 13.9687
    endloop
  endfacet
  facet normal -0.0215401 0.253775 0.967023
    outer loop
      vertex 30 17.2225 13.3147
      vertex 29.0186 14.6471 13.9687
      vertex 30 14.7304 13.9687
    endloop
  endfacet
  facet normal 0.0770292 0.175373 0.981484
    outer loop
      vertex 31.946 14.3988 13.9687
      vertex 31.4143 11.8307 14.4693
      vertex 32.8774 13.9897 13.9687
    endloop
  endfacet
  facet normal 0.0641554 0.249237 0.966315
    outer loop
      vertex 32.4445 16.8061 13.3147
      vertex 31.2328 17.118 13.3147
      vertex 31.946 14.3988 13.9687
    endloop
  endfacet
  facet normal -0.249283 0.968431 0
    outer loop
      vertex 27.7858 26.7651 4.34597
      vertex 25.6095 26.2049 5.65403
      vertex 27.7858 26.7651 5.65403
    endloop
  endfacet
  facet normal -0.249283 0.968431 0
    outer loop
      vertex 25.6095 26.2049 5.65403
      vertex 27.7858 26.7651 4.34597
      vertex 25.6095 26.2049 4.34597
    endloop
  endfacet
  facet normal -0.185485 0.720609 -0.668071
    outer loop
      vertex 26.0538 24.0589 0.577112
      vertex 25.8336 25.1226 1.7856
      vertex 28.0099 24.5624 0.577112
    endloop
  endfacet
  facet normal -0.30206 0.68761 -0.660267
    outer loop
      vertex 26.0538 24.0589 0.577112
      vertex 24.1653 23.2293 0.577112
      vertex 25.8336 25.1226 1.7856
    endloop
  endfacet
  facet normal -0.46014 0.175354 0.870357
    outer loop
      vertex 20.2928 12.2528 12.5184
      vertex 18.1916 11.3298 11.5935
      vertex 19.6443 10.5511 12.5184
    endloop
  endfacet
  facet normal -0.483477 0.126791 0.866126
    outer loop
      vertex 19.6443 10.5511 12.5184
      vertex 18.1916 11.3298 11.5935
      vertex 19.1731 8.75433 12.5184
    endloop
  endfacet
  facet normal -0.554569 0.21131 0.804861
    outer loop
      vertex 17.7587 14.1462 10.5557
      vertex 16.941 12.0002 10.5557
      vertex 18.9311 13.2702 11.5935
    endloop
  endfacet
  facet normal -0.554587 0.211357 0.804837
    outer loop
      vertex 18.9311 13.2702 11.5935
      vertex 16.941 12.0002 10.5557
      vertex 18.1916 11.3298 11.5935
    endloop
  endfacet
  facet normal 0.185485 0.720612 0.668067
    outer loop
      vertex 34.1664 25.1226 8.21439
      vertex 31.9901 24.5624 9.42289
      vertex 33.9462 24.0589 9.42289
    endloop
  endfacet
  facet normal 0.18549 0.720606 0.668072
    outer loop
      vertex 32.1012 25.6542 8.21439
      vertex 31.9901 24.5624 9.42289
      vertex 34.1664 25.1226 8.21439
    endloop
  endfacet
  facet normal -0.155603 0.604519 0.781246
    outer loop
      vertex 28.0099 24.5624 9.42289
      vertex 26.0538 24.0589 9.42289
      vertex 26.3416 22.669 10.5557
    endloop
  endfacet
  facet normal -0.155615 0.604525 0.781239
    outer loop
      vertex 28.0099 24.5624 9.42289
      vertex 26.3416 22.669 10.5557
      vertex 28.155 23.1358 10.5557
    endloop
  endfacet
  facet normal 0.0350753 0.413527 0.909816
    outer loop
      vertex 31.6683 21.399 11.5935
      vertex 30 19.5056 12.5184
      vertex 31.4631 19.3815 12.5184
    endloop
  endfacet
  facet normal 0.0279231 0.329204 0.943846
    outer loop
      vertex 31.4631 19.3815 12.5184
      vertex 30 19.5056 12.5184
      vertex 31.2328 17.118 13.3147
    endloop
  endfacet
  facet normal -0.21045 0.479075 0.852172
    outer loop
      vertex 26.3416 22.669 10.5557
      vertex 24.5908 21.8999 10.5557
      vertex 26.692 20.9769 11.5935
    endloop
  endfacet
  facet normal -0.210455 0.479068 0.852175
    outer loop
      vertex 26.692 20.9769 11.5935
      vertex 24.5908 21.8999 10.5557
      vertex 25.1088 20.2814 11.5935
    endloop
  endfacet
  facet normal -0.104433 0.405658 0.908039
    outer loop
      vertex 28.3317 21.399 11.5935
      vertex 27.0989 19.0113 12.5184
      vertex 28.5369 19.3815 12.5184
    endloop
  endfacet
  facet normal -0.083197 0.323169 0.942677
    outer loop
      vertex 28.5369 19.3815 12.5184
      vertex 27.0989 19.0113 12.5184
      vertex 28.7672 17.118 13.3147
    endloop
  endfacet
  facet normal -0.0431901 0.509216 0.859554
    outer loop
      vertex 30 23.2923 10.5557
      vertex 28.3317 21.399 11.5935
      vertex 30 21.5405 11.5935
    endloop
  endfacet
  facet normal -0.0350742 0.413528 0.909816
    outer loop
      vertex 30 21.5405 11.5935
      vertex 28.3317 21.399 11.5935
      vertex 30 19.5056 12.5184
    endloop
  endfacet
  facet normal 0.613831 0.316927 -0.723028
    outer loop
      vertex 43.2041 14.8656 0.577112
      vertex 41.214 16.1357 -0.555702
      vertex 42.0961 17.0116 0.577112
    endloop
  endfacet
  facet normal 0.710521 0.366849 -0.600485
    outer loop
      vertex 43.2041 14.8656 0.577112
      vertex 42.0961 17.0116 0.577112
      vertex 42.7713 17.682 1.7856
    endloop
  endfacet
  facet normal 0.554555 0.211304 -0.804872
    outer loop
      vertex 43.059 12.0002 -0.555702
      vertex 41.0689 13.2702 -1.59346
      vertex 42.2413 14.1462 -0.555702
    endloop
  endfacet
  facet normal 0.554572 0.211351 -0.804848
    outer loop
      vertex 41.8084 11.3298 -1.59346
      vertex 41.0689 13.2702 -1.59346
      vertex 43.059 12.0002 -0.555702
    endloop
  endfacet
  facet normal 0.18163 0.210075 -0.960666
    outer loop
      vertex 35.7496 14.6968 -3.3147
      vertex 34.5772 12.7196 -3.96873
      vertex 34.7223 15.585 -3.3147
    endloop
  endfacet
  facet normal 0.215002 0.189427 -0.958066
    outer loop
      vertex 36.6784 13.6426 -3.3147
      vertex 34.5772 12.7196 -3.96873
      vertex 35.7496 14.6968 -3.3147
    endloop
  endfacet
  facet normal 0.244472 0.16568 -0.955397
    outer loop
      vertex 37.493 12.4406 -3.3147
      vertex 35.3167 11.8804 -3.96873
      vertex 36.6784 13.6426 -3.3147
    endloop
  endfacet
  facet normal 0.179227 0.121463 -0.976281
    outer loop
      vertex 34.3353 9.30496 -4.4693
      vertex 33.864 10.0004 -4.4693
      vertex 35.9651 10.9235 -3.96873
    endloop
  endfacet
  facet normal 0.140067 0.053368 -0.988703
    outer loop
      vertex 35.0485 7.70621 -4.4693
      vertex 32.8722 7.14599 -4.80785
      vertex 34.7324 8.53583 -4.4693
    endloop
  endfacet
  facet normal 0.129923 0.0670789 -0.989252
    outer loop
      vertex 34.7324 8.53583 -4.4693
      vertex 32.8722 7.14599 -4.80785
      vertex 34.3353 9.30496 -4.4693
    endloop
  endfacet
  facet normal 0.0468036 0.181769 -0.982227
    outer loop
      vertex 31.4143 11.8307 -4.4693
      vertex 30.7133 12.0112 -4.4693
      vertex 30.9814 14.6471 -3.96873
    endloop
  endfacet
  facet normal 0.0305907 0.118804 -0.992446
    outer loop
      vertex 31.4143 11.8307 -4.4693
      vertex 30.4329 9.25527 -4.80785
      vertex 30.7133 12.0112 -4.4693
    endloop
  endfacet
  facet normal 0.0582034 0.0394467 -0.997525
    outer loop
      vertex 30.8821 5.87593 -4.97859
      vertex 30.7862 6.01743 -4.97859
      vertex 32.6312 7.6128 -4.80785
    endloop
  endfacet
  facet normal 0.0582009 0.0394496 -0.997525
    outer loop
      vertex 32.6312 7.6128 -4.80785
      vertex 30.7862 6.01743 -4.97859
      vertex 32.3451 8.03489 -4.80785
    endloop
  endfacet
  facet normal 0.140064 -0.0533806 -0.988703
    outer loop
      vertex 35.0485 2.29379 -4.4693
      vertex 32.8722 2.85401 -4.80785
      vertex 33.0641 3.35753 -4.80785
    endloop
  endfacet
  facet normal -0.0249025 -0.0566789 -0.998082
    outer loop
      vertex 29.7122 3.61016 -4.97859
      vertex 28.7308 1.03472 -4.80785
      vertex 29.5745 3.67066 -4.97859
    endloop
  endfacet
  facet normal 0.34512 0.304112 -0.887924
    outer loop
      vertex 39.0377 16.6959 -1.59346
      vertex 36.8235 16.5081 -2.5184
      vertex 37.7807 18.1224 -1.59346
    endloop
  endfacet
  facet normal 0.292868 0.33867 -0.894165
    outer loop
      vertex 36.8235 16.5081 -2.5184
      vertex 36.3906 19.3245 -1.59346
      vertex 37.7807 18.1224 -1.59346
    endloop
  endfacet
  facet normal 0.346354 0.17883 -0.920901
    outer loop
      vertex 39.7072 12.2528 -2.5184
      vertex 37.493 12.4406 -3.3147
      vertex 38.8926 13.8305 -2.5184
    endloop
  endfacet
  facet normal 0.31456 0.213179 -0.92499
    outer loop
      vertex 37.493 12.4406 -3.3147
      vertex 36.6784 13.6426 -3.3147
      vertex 37.9259 15.257 -2.5184
    endloop
  endfacet
  facet normal 0.302042 0.687603 -0.660282
    outer loop
      vertex 35.8347 23.2293 0.577112
      vertex 34.1664 25.1226 1.7856
      vertex 36.1604 24.2467 1.7856
    endloop
  endfacet
  facet normal 0.408979 0.640801 -0.6497
    outer loop
      vertex 38.0489 23.0414 1.7856
      vertex 35.8347 23.2293 0.577112
      vertex 36.1604 24.2467 1.7856
    endloop
  endfacet
  facet normal 0.428543 0.495598 -0.755469
    outer loop
      vertex 38.6048 19.5123 -0.555702
      vertex 37.0675 20.8416 -0.555702
      vertex 39.2817 20.6538 0.577112
    endloop
  endfacet
  facet normal 0.357446 0.413377 -0.837468
    outer loop
      vertex 38.6048 19.5123 -0.555702
      vertex 36.3906 19.3245 -1.59346
      vertex 37.0675 20.8416 -0.555702
    endloop
  endfacet
  facet normal 0.0503802 0.114686 0.992123
    outer loop
      vertex 31.4143 11.8307 14.4693
      vertex 30.8584 9.14574 14.8079
      vertex 31.2692 8.96528 14.8079
    endloop
  endfacet
  facet normal 0.0305871 0.118824 0.992444
    outer loop
      vertex 31.4143 11.8307 14.4693
      vertex 30.4329 9.25527 14.8079
      vertex 30.8584 9.14574 14.8079
    endloop
  endfacet
  facet normal -0.0151096 0.0586976 0.998161
    outer loop
      vertex 29.5671 9.25527 14.8079
      vertex 29.1416 9.14574 14.8079
      vertex 29.7122 6.38984 14.9786
    endloop
  endfacet
  facet normal -0.0305871 0.118824 0.992444
    outer loop
      vertex 29.5671 9.25527 14.8079
      vertex 28.5857 11.8307 14.4693
      vertex 29.1416 9.14574 14.8079
    endloop
  endfacet
  facet normal -0.0156926 0.185017 0.98261
    outer loop
      vertex 30 12.0717 14.4693
      vertex 29.0186 14.6471 13.9687
      vertex 29.2867 12.0112 14.4693
    endloop
  endfacet
  facet normal -0.0468063 0.18178 0.982225
    outer loop
      vertex 29.0186 14.6471 13.9687
      vertex 28.5857 11.8307 14.4693
      vertex 29.2867 12.0112 14.4693
    endloop
  endfacet
  facet normal -0.0732585 -0.0192374 0.997127
    outer loop
      vertex 28.926 4.62759 14.9786
      vertex 26.7965 3.88915 14.8079
      vertex 28.9728 4.44937 14.9786
    endloop
  endfacet
  facet normal -0.0732652 -0.0192114 0.997127
    outer loop
      vertex 28.9728 4.44937 14.9786
      vertex 26.7965 3.88915 14.8079
      vertex 26.9359 3.35753 14.8079
    endloop
  endfacet
  facet normal -0.21323 0.0812446 0.973618
    outer loop
      vertex 25.2676 8.53583 14.4693
      vertex 23.0534 8.72364 13.9687
      vertex 24.9515 7.70621 14.4693
    endloop
  endfacet
  facet normal -0.0693956 0.0264478 0.997239
    outer loop
      vertex 27.1278 7.14599 14.8079
      vertex 26.9359 6.64247 14.8079
      vertex 28.9728 5.55063 14.9786
    endloop
  endfacet
  facet normal -0.0102556 -0.120912 0.99261
    outer loop
      vertex 30 0.708013 14.8079
      vertex 29.5671 0.744731 14.8079
      vertex 30 -2.07167 14.4693
    endloop
  endfacet
  facet normal -0.0510542 0.0449655 0.997683
    outer loop
      vertex 29.3231 6.14153 14.9786
      vertex 27.6549 8.03489 14.8079
      vertex 29.2138 6.01743 14.9786
    endloop
  endfacet
  facet normal -0.103185 0.0909008 0.9905
    outer loop
      vertex 27.981 8.40506 14.8079
      vertex 26.6734 10.6103 14.4693
      vertex 27.6549 8.03489 14.8079
    endloop
  endfacet
  facet normal -0.302062 -0.687613 0.660263
    outer loop
      vertex 26.0538 -14.0589 9.42289
      vertex 24.1653 -13.2293 9.42289
      vertex 25.8336 -15.1226 8.21439
    endloop
  endfacet
  facet normal -0.155603 -0.604519 0.781246
    outer loop
      vertex 26.3416 -12.669 10.5557
      vertex 26.0538 -14.0589 9.42289
      vertex 28.0099 -14.5624 9.42289
    endloop
  endfacet
  facet normal -0.345872 -0.541963 0.76593
    outer loop
      vertex 24.5908 -11.8999 10.5557
      vertex 22.9325 -10.8416 10.5557
      vertex 24.1653 -13.2293 9.42289
    endloop
  endfacet
  facet normal -0.254272 -0.578831 0.774791
    outer loop
      vertex 24.5908 -11.8999 10.5557
      vertex 24.1653 -13.2293 9.42289
      vertex 26.3416 -12.669 10.5557
    endloop
  endfacet
  facet normal -0.501077 -0.44151 0.744305
    outer loop
      vertex 20.0051 -7.93463 10.5557
      vertex 19.2189 -8.95207 9.42289
      vertex 21.3952 -9.51228 10.5557
    endloop
  endfacet
  facet normal -0.501078 -0.441501 0.74431
    outer loop
      vertex 21.3952 -9.51228 10.5557
      vertex 19.2189 -8.95207 9.42289
      vertex 20.7183 -10.6538 9.42289
    endloop
  endfacet
  facet normal -0.29284 -0.338658 0.894179
    outer loop
      vertex 23.1765 -6.50807 12.5184
      vertex 22.2193 -8.12244 11.5935
      vertex 23.6094 -9.32447 11.5935
    endloop
  endfacet
  facet normal -0.292836 -0.338658 0.89418
    outer loop
      vertex 24.3956 -7.56222 12.5184
      vertex 23.1765 -6.50807 12.5184
      vertex 23.6094 -9.32447 11.5935
    endloop
  endfacet
  facet normal -0.316246 0.0486046 0.947431
    outer loop
      vertex 20.8771 8.16343 13.3147
      vertex 20.6361 6.59536 13.3147
      vertex 22.5454 6.27007 13.9687
    endloop
  endfacet
  facet normal -0.404759 0.0622083 0.912305
    outer loop
      vertex 20.8771 8.16343 13.3147
      vertex 19.1731 8.75433 12.5184
      vertex 20.6361 6.59536 13.3147
    endloop
  endfacet
  facet normal -0.632588 0.731557 0.254277
    outer loop
      vertex 21.5182 24.0118 5.65403
      vertex 19.6732 22.4164 5.65403
      vertex 21.6633 23.6865 6.9509
    endloop
  endfacet
  facet normal -0.503986 0.582851 0.637403
    outer loop
      vertex 21.9511 23.0414 8.21439
      vertex 20.2003 21.5275 8.21439
      vertex 20.7183 20.6538 9.42289
    endloop
  endfacet
  facet normal -0.50398 0.582851 0.637408
    outer loop
      vertex 21.9511 23.0414 8.21439
      vertex 20.7183 20.6538 9.42289
      vertex 22.3766 22.0877 9.42289
    endloop
  endfacet
  facet normal -0.608114 -0.0307925 -0.793252
    outer loop
      vertex 15.9859 2.61237 -0.555702
      vertex 15.865 5 -0.555702
      vertex 17.2187 5 -1.59346
    endloop
  endfacet
  facet normal -0.654058 0.249219 -0.714211
    outer loop
      vertex 16.941 12.0002 -0.555702
      vertex 15.9138 12.5508 0.577112
      vertex 17.7587 14.1462 -0.555702
    endloop
  endfacet
  facet normal 0.519139 -0.813497 0.262139
    outer loop
      vertex 38.3367 -13.6865 6.9509
      vertex 36.3806 -14.9348 6.9509
      vertex 36.4917 -15.2818 5.65403
    endloop
  endfacet
  facet normal 0.470796 -0.737742 0.483826
    outer loop
      vertex 38.3367 -13.6865 6.9509
      vertex 36.1604 -14.2467 8.21439
      vertex 36.3806 -14.9348 6.9509
    endloop
  endfacet
  facet normal -0.0431926 -0.509204 -0.859562
    outer loop
      vertex 30 -13.2923 -0.555702
      vertex 28.155 -13.1358 -0.555702
      vertex 28.3317 -11.399 -1.59346
    endloop
  endfacet
  facet normal -0.0431889 -0.509201 -0.859563
    outer loop
      vertex 30 -13.2923 -0.555702
      vertex 28.3317 -11.399 -1.59346
      vertex 30 -11.5405 -1.59346
    endloop
  endfacet
  facet normal 0.0812055 -0.957354 -0.277269
    outer loop
      vertex 32.1763 -16.3927 3.0491
      vertex 30 -16.9529 4.34597
      vertex 30 -16.5773 3.0491
    endloop
  endfacet
  facet normal 0.0728778 -0.859177 -0.506462
    outer loop
      vertex 32.1763 -16.3927 3.0491
      vertex 30 -16.5773 3.0491
      vertex 30 -15.8325 1.7856
    endloop
  endfacet
  facet normal -0.0845127 -0.996422 0
    outer loop
      vertex 27.7858 -16.7651 4.34597
      vertex 30 -16.9529 5.65403
      vertex 27.7858 -16.7651 5.65403
    endloop
  endfacet
  facet normal -0.0845127 -0.996422 -0
    outer loop
      vertex 30 -16.9529 5.65403
      vertex 27.7858 -16.7651 4.34597
      vertex 30 -16.9529 4.34597
    endloop
  endfacet
  facet normal 0.236715 0.0119842 -0.971505
    outer loop
      vertex 37.5189 5 -3.96873
      vertex 35.4645 5 -4.4693
      vertex 37.4546 6.27007 -3.96873
    endloop
  endfacet
  facet normal 0.321533 0.0162783 -0.946758
    outer loop
      vertex 37.5189 5 -3.96873
      vertex 37.4546 6.27007 -3.96873
      vertex 39.4447 5 -3.3147
    endloop
  endfacet
  facet normal -0.0430066 -0.0497638 -0.997835
    outer loop
      vertex 29.4441 3.7539 -4.97859
      vertex 28.3417 1.28303 -4.80785
      vertex 29.3231 3.85847 -4.97859
    endloop
  endfacet
  facet normal -0.0759064 -0.0116368 -0.997047
    outer loop
      vertex 28.926 4.62759 -4.97859
      vertex 26.7965 3.88915 -4.80785
      vertex 28.8977 4.81219 -4.97859
    endloop
  endfacet
  facet normal 0.0869686 -0.10059 -0.99112
    outer loop
      vertex 32.7322 -1.12424 -4.4693
      vertex 31.6583 1.28303 -4.80785
      vertex 33.3266 -0.610332 -4.4693
    endloop
  endfacet
  facet normal 0.0248991 -0.0566802 -0.998082
    outer loop
      vertex 30.8584 0.854259 -4.80785
      vertex 30.2878 3.61016 -4.97859
      vertex 31.2692 1.03472 -4.80785
    endloop
  endfacet
  facet normal 0.050373 -0.114669 -0.992126
    outer loop
      vertex 31.4143 -1.83071 -4.4693
      vertex 30.8584 0.854259 -4.80785
      vertex 31.2692 1.03472 -4.80785
    endloop
  endfacet
  facet normal 0.00506784 -0.0597355 -0.998201
    outer loop
      vertex 30.4329 0.744731 -4.80785
      vertex 30 3.56113 -4.97859
      vertex 30.1451 3.57344 -4.97859
    endloop
  endfacet
  facet normal 0.00506784 0.0597355 -0.998201
    outer loop
      vertex 30.1451 6.42656 -4.97859
      vertex 30 6.43887 -4.97859
      vertex 30.4329 9.25527 -4.80785
    endloop
  endfacet
  facet normal 0.140067 -0.053368 -0.988703
    outer loop
      vertex 34.7324 1.46417 -4.4693
      vertex 32.8722 2.85401 -4.80785
      vertex 35.0485 2.29379 -4.4693
    endloop
  endfacet
  facet normal 0.213218 -0.08124 -0.973621
    outer loop
      vertex 36.9466 1.27636 -3.96873
      vertex 34.7324 1.46417 -4.4693
      vertex 35.0485 2.29379 -4.4693
    endloop
  endfacet
  facet normal 0.236704 -0.0120014 -0.971508
    outer loop
      vertex 37.4546 3.72993 -3.96873
      vertex 35.4177 4.07696 -4.4693
      vertex 35.4645 5 -4.4693
    endloop
  endfacet
  facet normal 0.232745 -0.0357787 -0.97188
    outer loop
      vertex 37.2627 2.4816 -3.96873
      vertex 35.4177 4.07696 -4.4693
      vertex 37.4546 3.72993 -3.96873
    endloop
  endfacet
  facet normal 0.0694117 -0.026454 -0.997237
    outer loop
      vertex 32.8722 2.85401 -4.80785
      vertex 31.0272 4.44937 -4.97859
      vertex 33.0641 3.35753 -4.80785
    endloop
  endfacet
  facet normal 0.0732823 -0.0192159 -0.997126
    outer loop
      vertex 33.0641 3.35753 -4.80785
      vertex 31.0272 4.44937 -4.97859
      vertex 33.2035 3.88915 -4.80785
    endloop
  endfacet
  facet normal 0.144969 -0.227151 -0.963009
    outer loop
      vertex 34.7223 -5.58503 -3.3147
      vertex 33.6143 -6.29216 -3.3147
      vertex 33.7595 -3.42673 -3.96873
    endloop
  endfacet
  facet normal 0.144964 -0.227151 -0.96301
    outer loop
      vertex 33.6143 -6.29216 -3.3147
      vertex 32.8774 -3.98967 -3.96873
      vertex 33.7595 -3.42673 -3.96873
    endloop
  endfacet
  facet normal 0.117549 -0.07966 -0.989867
    outer loop
      vertex 33.864 -0.000424385 -4.4693
      vertex 32.3451 1.96511 -4.80785
      vertex 34.3353 0.695041 -4.4693
    endloop
  endfacet
  facet normal 0.103156 -0.0908922 -0.990504
    outer loop
      vertex 33.3266 -0.610332 -4.4693
      vertex 32.3451 1.96511 -4.80785
      vertex 33.864 -0.000424385 -4.4693
    endloop
  endfacet
  facet normal -0.357446 -0.41337 -0.837471
    outer loop
      vertex 22.9325 -10.8416 -0.555702
      vertex 21.3952 -9.51228 -0.555702
      vertex 23.6094 -9.32447 -1.59346
    endloop
  endfacet
  facet normal -0.28728 -0.450153 -0.845477
    outer loop
      vertex 24.5908 -11.8999 -0.555702
      vertex 22.9325 -10.8416 -0.555702
      vertex 23.6094 -9.32447 -1.59346
    endloop
  endfacet
  facet normal -0.254272 -0.578832 -0.77479
    outer loop
      vertex 26.3416 -12.669 -0.555702
      vertex 24.1653 -13.2293 0.577112
      vertex 24.5908 -11.8999 -0.555702
    endloop
  endfacet
  facet normal -0.155615 -0.604526 -0.781237
    outer loop
      vertex 28.0099 -14.5624 0.577112
      vertex 26.3416 -12.669 -0.555702
      vertex 28.155 -13.1358 -0.555702
    endloop
  endfacet
  facet normal -0.30206 -0.68761 -0.660267
    outer loop
      vertex 25.8336 -15.1226 1.7856
      vertex 24.1653 -13.2293 0.577112
      vertex 26.0538 -14.0589 0.577112
    endloop
  endfacet
  facet normal -0.254274 -0.578829 -0.774791
    outer loop
      vertex 26.0538 -14.0589 0.577112
      vertex 24.1653 -13.2293 0.577112
      vertex 26.3416 -12.669 -0.555702
    endloop
  endfacet
  facet normal -0.483463 -0.126813 -0.866131
    outer loop
      vertex 18.1916 -1.32977 -1.59346
      vertex 17.6542 0.719009 -1.59346
      vertex 19.1731 1.24567 -2.5184
    endloop
  endfacet
  facet normal -0.554575 -0.211345 -0.804848
    outer loop
      vertex 18.9311 -3.27024 -1.59346
      vertex 16.941 -2.00017 -0.555702
      vertex 18.1916 -1.32977 -1.59346
    endloop
  endfacet
  facet normal -0.632588 -0.731557 -0.254277
    outer loop
      vertex 21.5182 -14.0118 4.34597
      vertex 19.6732 -12.4164 4.34597
      vertex 21.6633 -13.6865 3.0491
    endloop
  endfacet
  facet normal -0.632592 -0.731549 -0.25429
    outer loop
      vertex 21.6633 -13.6865 3.0491
      vertex 19.6732 -12.4164 4.34597
      vertex 19.8499 -12.1184 3.0491
    endloop
  endfacet
  facet normal -0.654087 -0.756419 0
    outer loop
      vertex 19.6732 -12.4164 4.34597
      vertex 21.5182 -14.0118 5.65403
      vertex 19.6732 -12.4164 5.65403
    endloop
  endfacet
  facet normal -0.654087 -0.756419 -0
    outer loop
      vertex 21.5182 -14.0118 5.65403
      vertex 19.6732 -12.4164 4.34597
      vertex 21.5182 -14.0118 4.34597
    endloop
  endfacet
  facet normal -0.537952 -0.842975 0
    outer loop
      vertex 21.5182 -14.0118 4.34597
      vertex 23.5083 -15.2818 5.65403
      vertex 21.5182 -14.0118 5.65403
    endloop
  endfacet
  facet normal -0.537952 -0.842975 -0
    outer loop
      vertex 23.5083 -15.2818 5.65403
      vertex 21.5182 -14.0118 4.34597
      vertex 23.5083 -15.2818 4.34597
    endloop
  endfacet
  facet normal 0.0812055 -0.957354 0.277269
    outer loop
      vertex 30 -16.5773 6.9509
      vertex 30 -16.9529 5.65403
      vertex 32.1763 -16.3927 6.9509
    endloop
  endfacet
  facet normal 0.0728777 -0.859175 0.506465
    outer loop
      vertex 30 -15.8325 8.21439
      vertex 30 -16.5773 6.9509
      vertex 32.1763 -16.3927 6.9509
    endloop
  endfacet
  facet normal -0.408981 -0.640803 0.649697
    outer loop
      vertex 24.1653 -13.2293 9.42289
      vertex 21.9511 -13.0414 8.21439
      vertex 23.8396 -14.2467 8.21439
    endloop
  endfacet
  facet normal -0.50398 -0.582851 0.637408
    outer loop
      vertex 22.3766 -12.0877 9.42289
      vertex 20.7183 -10.6538 9.42289
      vertex 21.9511 -13.0414 8.21439
    endloop
  endfacet
  facet normal -0.21323 -0.0812446 0.973618
    outer loop
      vertex 24.9515 2.29379 14.4693
      vertex 23.0534 1.27636 13.9687
      vertex 25.2676 1.46417 14.4693
    endloop
  endfacet
  facet normal -0.224894 -0.0589832 0.972596
    outer loop
      vertex 24.9515 2.29379 14.4693
      vertex 22.7373 2.4816 13.9687
      vertex 23.0534 1.27636 13.9687
    endloop
  endfacet
  facet normal -0.213229 -0.0812544 0.973617
    outer loop
      vertex 25.2676 1.46417 14.4693
      vertex 23.0534 1.27636 13.9687
      vertex 23.4884 0.134824 13.9687
    endloop
  endfacet
  facet normal -0.290138 -0.110579 0.950575
    outer loop
      vertex 23.0534 1.27636 13.9687
      vertex 21.2742 0.322634 13.3147
      vertex 21.8207 -1.11127 13.3147
    endloop
  endfacet
  facet normal -0.117566 -0.0796715 0.989864
    outer loop
      vertex 27.6549 1.96511 14.8079
      vertex 25.6647 0.695041 14.4693
      vertex 26.136 -0.000424385 14.4693
    endloop
  endfacet
  facet normal -0.179236 -0.121464 0.976279
    outer loop
      vertex 25.6647 0.695041 14.4693
      vertex 24.6833 -1.8804 13.9687
      vertex 26.136 -0.000424385 14.4693
    endloop
  endfacet
  facet normal 0.105898 -0.165915 0.980438
    outer loop
      vertex 32.7322 -1.12424 14.4693
      vertex 32.0912 -1.53337 14.4693
      vertex 33.7595 -3.42673 13.9687
    endloop
  endfacet
  facet normal 0.0305865 -0.118824 0.992444
    outer loop
      vertex 30.8584 0.854259 14.8079
      vertex 30.4329 0.744731 14.8079
      vertex 31.4143 -1.83071 14.4693
    endloop
  endfacet
  facet normal 0.104428 -0.405662 0.908038
    outer loop
      vertex 32.9011 -9.01134 12.5184
      vertex 31.6683 -11.399 11.5935
      vertex 33.308 -10.9769 11.5935
    endloop
  endfacet
  facet normal 0.136736 -0.311266 0.940434
    outer loop
      vertex 33.6143 -6.29216 13.3147
      vertex 32.9011 -9.01134 12.5184
      vertex 34.2895 -8.40143 12.5184
    endloop
  endfacet
  facet normal -0.0102554 -0.120912 0.99261
    outer loop
      vertex 29.5671 0.744731 14.8079
      vertex 29.2867 -2.01117 14.4693
      vertex 30 -2.07167 14.4693
    endloop
  endfacet
  facet normal -0.0467955 -0.181778 0.982225
    outer loop
      vertex 29.2867 -2.01117 14.4693
      vertex 28.5857 -1.83071 14.4693
      vertex 29.0186 -4.64711 13.9687
    endloop
  endfacet
  facet normal 0.129945 -0.0670865 0.989249
    outer loop
      vertex 32.8722 2.85401 14.8079
      vertex 32.6312 2.3872 14.8079
      vertex 34.3353 0.695041 14.4693
    endloop
  endfacet
  facet normal -0.23277 0.0357658 0.971874
    outer loop
      vertex 24.7217 6.83028 14.4693
      vertex 22.7373 7.5184 13.9687
      vertex 24.5823 5.92304 14.4693
    endloop
  endfacet
  facet normal -0.153072 0.02352 0.987935
    outer loop
      vertex 24.7217 6.83028 14.4693
      vertex 24.5823 5.92304 14.4693
      vertex 26.7965 6.11085 14.8079
    endloop
  endfacet
  facet normal -0.703442 -0.108149 0.702476
    outer loop
      vertex 15.9859 2.61237 10.5557
      vertex 15.2727 -0.10681 9.42289
      vertex 16.3467 0.265595 10.5557
    endloop
  endfacet
  facet normal -0.683805 -0.179374 0.707273
    outer loop
      vertex 16.3467 0.265595 10.5557
      vertex 15.2727 -0.10681 9.42289
      vertex 15.9138 -2.5508 9.42289
    endloop
  endfacet
  facet normal 0.0151078 -0.0587116 -0.998161
    outer loop
      vertex 30.4329 0.744731 -4.80785
      vertex 30.1451 3.57344 -4.97859
      vertex 30.2878 3.61016 -4.97859
    endloop
  endfacet
  facet normal -0.0643621 -0.0332298 -0.997373
    outer loop
      vertex 29.1179 4.12407 -4.97859
      vertex 27.3688 2.3872 -4.80785
      vertex 29.0371 4.28057 -4.97859
    endloop
  endfacet
  facet normal -0.0102546 0.120894 -0.992613
    outer loop
      vertex 30 9.29199 -4.80785
      vertex 29.5671 9.25527 -4.80785
      vertex 30 12.0717 -4.4693
    endloop
  endfacet
  facet normal 0.0102546 0.120894 -0.992613
    outer loop
      vertex 30.4329 9.25527 -4.80785
      vertex 30 9.29199 -4.80785
      vertex 30 12.0717 -4.4693
    endloop
  endfacet
  facet normal 0.0758903 -0.0116737 -0.997048
    outer loop
      vertex 33.2035 3.88915 -4.80785
      vertex 31.1023 4.81219 -4.97859
      vertex 33.2882 4.43978 -4.80785
    endloop
  endfacet
  facet normal -0.0772153 0.0039469 -0.997007
    outer loop
      vertex 28.8881 5 -4.97859
      vertex 26.6835 5 -4.80785
      vertex 28.8977 5.18781 -4.97859
    endloop
  endfacet
  facet normal 0.0215117 0.253776 -0.967024
    outer loop
      vertex 30.9814 14.6471 -3.96873
      vertex 30 17.2225 -3.3147
      vertex 31.2328 17.118 -3.3147
    endloop
  endfacet
  facet normal 0.0279047 0.329196 -0.943849
    outer loop
      vertex 31.2328 17.118 -3.3147
      vertex 30 17.2225 -3.3147
      vertex 30 19.5056 -2.5184
    endloop
  endfacet
  facet normal -0.105566 0.240301 -0.964941
    outer loop
      vertex 28.054 14.3988 -3.96873
      vertex 26.3857 16.2922 -3.3147
      vertex 27.5555 16.8061 -3.3147
    endloop
  endfacet
  facet normal -0.136745 0.311276 -0.94043
    outer loop
      vertex 27.5555 16.8061 -3.3147
      vertex 26.3857 16.2922 -3.3147
      vertex 27.0989 19.0113 -2.5184
    endloop
  endfacet
  facet normal 0.898612 -0.138121 0.416437
    outer loop
      vertex 45.9601 2.28082 8.21439
      vertex 45.5493 -0.391838 8.21439
      vertex 46.1052 -0.58461 6.9509
    endloop
  endfacet
  facet normal 0.877325 -0.230143 0.421111
    outer loop
      vertex 45.5493 -0.391838 8.21439
      vertex 44.8724 -2.97224 8.21439
      vertex 46.1052 -0.58461 6.9509
    endloop
  endfacet
  facet normal 0.844512 0.321806 0.428067
    outer loop
      vertex 45.4042 13.2573 6.9509
      vertex 43.9411 15.4162 8.21439
      vertex 44.8724 12.9722 8.21439
    endloop
  endfacet
  facet normal 0.877305 0.230101 0.421177
    outer loop
      vertex 45.4042 13.2573 6.9509
      vertex 44.8724 12.9722 8.21439
      vertex 46.1052 10.5846 6.9509
    endloop
  endfacet
  facet normal 0.909081 0.0460361 -0.414069
    outer loop
      vertex 46.0978 5 1.7856
      vertex 45.9601 7.71918 1.7856
      vertex 46.6733 5 3.0491
    endloop
  endfacet
  facet normal 0.909081 -0.0460361 -0.414069
    outer loop
      vertex 46.6733 5 3.0491
      vertex 45.9601 2.28082 1.7856
      vertex 46.0978 5 1.7856
    endloop
  endfacet
  facet normal 0.877324 0.230143 -0.421113
    outer loop
      vertex 45.5493 10.3918 1.7856
      vertex 44.8724 12.9722 1.7856
      vertex 46.1052 10.5846 3.0491
    endloop
  endfacet
  facet normal 0.898611 0.138123 -0.416437
    outer loop
      vertex 45.9601 7.71918 1.7856
      vertex 45.5493 10.3918 1.7856
      vertex 46.1052 10.5846 3.0491
    endloop
  endfacet
  facet normal 0.806636 -0.123989 -0.577897
    outer loop
      vertex 45.9601 2.28082 1.7856
      vertex 44.7273 -0.10681 0.577112
      vertex 45.1164 2.42456 0.577112
    endloop
  endfacet
  facet normal 0.599206 -0.0920825 -0.795282
    outer loop
      vertex 44.0141 2.61237 -0.555702
      vertex 42.3458 0.719009 -1.59346
      vertex 42.6719 2.84103 -1.59346
    endloop
  endfacet
  facet normal 0.703471 0.108132 -0.70245
    outer loop
      vertex 45.1164 7.57544 0.577112
      vertex 44.0141 7.38763 -0.555702
      vertex 44.7273 10.1068 0.577112
    endloop
  endfacet
  facet normal 0.713227 0.0361149 -0.700002
    outer loop
      vertex 44.135 5 -0.555702
      vertex 44.0141 7.38763 -0.555702
      vertex 45.1164 7.57544 0.577112
    endloop
  endfacet
  facet normal 0.506853 -0.0256724 -0.86165
    outer loop
      vertex 42.7813 5 -1.59346
      vertex 41.113 3.10664 -2.5184
      vertex 41.2089 5 -2.5184
    endloop
  endfacet
  facet normal 0.506853 0.0256724 -0.86165
    outer loop
      vertex 41.2089 5 -2.5184
      vertex 41.113 6.89336 -2.5184
      vertex 42.7813 5 -1.59346
    endloop
  endfacet
  facet normal 0.0523957 -0.617729 -0.784643
    outer loop
      vertex 31.9901 -14.5624 0.577112
      vertex 30 -14.7312 0.577112
      vertex 31.845 -13.1358 -0.555702
    endloop
  endfacet
  facet normal 0.155615 -0.604526 -0.781237
    outer loop
      vertex 31.9901 -14.5624 0.577112
      vertex 31.845 -13.1358 -0.555702
      vertex 33.6584 -12.669 -0.555702
    endloop
  endfacet
  facet normal 0.171419 -0.39021 -0.904628
    outer loop
      vertex 34.8912 -10.2814 -1.59346
      vertex 33.308 -10.9769 -1.59346
      vertex 34.2895 -8.40143 -2.5184
    endloop
  endfacet
  facet normal 0.210444 -0.479061 -0.852182
    outer loop
      vertex 33.6584 -12.669 -0.555702
      vertex 33.308 -10.9769 -1.59346
      vertex 35.4092 -11.8999 -0.555702
    endloop
  endfacet
  facet normal 0.23277 0.0357658 0.971874
    outer loop
      vertex 37.2627 7.5184 13.9687
      vertex 35.2783 6.83028 14.4693
      vertex 35.4177 5.92304 14.4693
    endloop
  endfacet
  facet normal 0.316237 -0.0486137 0.947434
    outer loop
      vertex 37.4546 3.72993 13.9687
      vertex 37.2627 2.4816 13.9687
      vertex 39.1229 1.83657 13.3147
    endloop
  endfacet
  facet normal 0.155615 -0.604525 0.781239
    outer loop
      vertex 33.6584 -12.669 10.5557
      vertex 31.845 -13.1358 10.5557
      vertex 31.9901 -14.5624 9.42289
    endloop
  endfacet
  facet normal 0.0431939 -0.509219 0.859552
    outer loop
      vertex 31.6683 -11.399 11.5935
      vertex 30 -13.2923 10.5557
      vertex 31.845 -13.1358 10.5557
    endloop
  endfacet
  facet normal 0.0758726 0.011671 0.997049
    outer loop
      vertex 33.2035 6.11085 14.8079
      vertex 31.1023 5.18781 14.9786
      vertex 33.2882 5.56022 14.8079
    endloop
  endfacet
  facet normal 0.0771934 0.00389949 0.997009
    outer loop
      vertex 33.2882 5.56022 14.8079
      vertex 31.1023 5.18781 14.9786
      vertex 33.3165 5 14.8079
    endloop
  endfacet
  facet normal 0.213229 0.0812541 0.973617
    outer loop
      vertex 36.5116 9.86518 13.9687
      vertex 34.7324 8.53583 14.4693
      vertex 36.9466 8.72364 13.9687
    endloop
  endfacet
  facet normal 0.197928 0.102207 0.974874
    outer loop
      vertex 35.9651 10.9235 13.9687
      vertex 34.7324 8.53583 14.4693
      vertex 36.5116 9.86518 13.9687
    endloop
  endfacet
  facet normal -0.0248967 0.0566657 0.998083
    outer loop
      vertex 29.7122 6.38984 14.9786
      vertex 28.7308 8.96528 14.8079
      vertex 29.5745 6.32934 14.9786
    endloop
  endfacet
  facet normal 0.0151043 -0.0586979 0.998162
    outer loop
      vertex 30.2878 3.61016 14.9786
      vertex 30.1451 3.57344 14.9786
      vertex 30.4329 0.744731 14.8079
    endloop
  endfacet
  facet normal 0.0694042 -0.0264378 0.997238
    outer loop
      vertex 31.0272 4.44937 14.9786
      vertex 30.9629 4.28057 14.9786
      vertex 32.8722 2.85401 14.8079
    endloop
  endfacet
  facet normal -0.0503776 -0.114686 0.992124
    outer loop
      vertex 28.7308 1.03472 14.8079
      vertex 27.9088 -1.53337 14.4693
      vertex 28.5857 -1.83071 14.4693
    endloop
  endfacet
  facet normal -0.132822 -0.153625 0.979162
    outer loop
      vertex 26.6734 -0.610332 14.4693
      vertex 26.2405 -3.42673 13.9687
      vertex 27.2678 -1.12424 14.4693
    endloop
  endfacet
  facet normal -0.105889 -0.165923 0.980437
    outer loop
      vertex 27.9088 -1.53337 14.4693
      vertex 26.2405 -3.42673 13.9687
      vertex 27.1226 -3.98967 13.9687
    endloop
  endfacet
  facet normal 0.00506579 0.0597217 0.998202
    outer loop
      vertex 30 9.29199 14.8079
      vertex 30 6.43887 14.9786
      vertex 30.4329 9.25527 14.8079
    endloop
  endfacet
  facet normal -0.00506666 0.0597215 0.998202
    outer loop
      vertex 30 6.43887 14.9786
      vertex 29.5671 9.25527 14.8079
      vertex 29.8549 6.42656 14.9786
    endloop
  endfacet
  facet normal -0.0643471 -0.033222 0.997374
    outer loop
      vertex 29.0371 4.28057 14.9786
      vertex 27.3688 2.3872 14.8079
      vertex 29.1179 4.12407 14.9786
    endloop
  endfacet
  facet normal -0.00506579 0.0597217 0.998202
    outer loop
      vertex 30 9.29199 14.8079
      vertex 29.5671 9.25527 14.8079
      vertex 30 6.43887 14.9786
    endloop
  endfacet
  facet normal 0.14781 0.0387779 -0.988255
    outer loop
      vertex 35.2783 6.83028 -4.4693
      vertex 33.2035 6.11085 -4.80785
      vertex 35.0485 7.70621 -4.4693
    endloop
  endfacet
  facet normal 0.224882 0.0589977 -0.972598
    outer loop
      vertex 35.2783 6.83028 -4.4693
      vertex 35.0485 7.70621 -4.4693
      vertex 37.2627 7.5184 -3.96873
    endloop
  endfacet
  facet normal 0.155692 0.00789392 -0.987774
    outer loop
      vertex 35.4645 5 -4.4693
      vertex 33.2882 5.56022 -4.80785
      vertex 35.4177 5.92304 -4.4693
    endloop
  endfacet
  facet normal 0.0772114 0.0039004 -0.997007
    outer loop
      vertex 33.3165 5 -4.80785
      vertex 31.1023 5.18781 -4.97859
      vertex 33.2882 5.56022 -4.80785
    endloop
  endfacet
  facet normal -0.215002 0.189427 -0.958066
    outer loop
      vertex 25.4228 12.7196 -3.96873
      vertex 23.3216 13.6426 -3.3147
      vertex 24.2504 14.6968 -3.3147
    endloop
  endfacet
  facet normal -0.18163 0.210075 -0.960666
    outer loop
      vertex 25.4228 12.7196 -3.96873
      vertex 24.2504 14.6968 -3.3147
      vertex 25.2777 15.585 -3.3147
    endloop
  endfacet
  facet normal -0.0582009 0.0394496 -0.997525
    outer loop
      vertex 29.2138 6.01743 -4.97859
      vertex 27.3688 7.6128 -4.80785
      vertex 27.6549 8.03489 -4.80785
    endloop
  endfacet
  facet normal -0.0582034 0.0394467 -0.997525
    outer loop
      vertex 29.1179 5.87593 -4.97859
      vertex 27.3688 7.6128 -4.80785
      vertex 29.2138 6.01743 -4.97859
    endloop
  endfacet
  facet normal -0.232745 -0.0357787 -0.97188
    outer loop
      vertex 22.7373 2.4816 -3.96873
      vertex 22.5454 3.72993 -3.96873
      vertex 24.5823 4.07696 -4.4693
    endloop
  endfacet
  facet normal -0.31625 -0.0486157 -0.947429
    outer loop
      vertex 22.7373 2.4816 -3.96873
      vertex 20.8771 1.83657 -3.3147
      vertex 22.5454 3.72993 -3.96873
    endloop
  endfacet
  facet normal -0.305759 0.0801993 -0.948725
    outer loop
      vertex 23.0534 8.72364 -3.96873
      vertex 20.8771 8.16343 -3.3147
      vertex 21.2742 9.67737 -3.3147
    endloop
  endfacet
  facet normal -0.290151 0.110582 -0.95057
    outer loop
      vertex 23.0534 8.72364 -3.96873
      vertex 21.2742 9.67737 -3.3147
      vertex 21.8207 11.1113 -3.3147
    endloop
  endfacet
  facet normal -0.372109 -0.141821 -0.91729
    outer loop
      vertex 21.8207 -1.11127 -3.3147
      vertex 20.2928 -2.2528 -2.5184
      vertex 21.2742 0.322634 -3.3147
    endloop
  endfacet
  facet normal -0.269658 -0.139217 -0.95284
    outer loop
      vertex 22.507 -2.44061 -3.3147
      vertex 21.8207 -1.11127 -3.3147
      vertex 23.4884 0.134824 -3.96873
    endloop
  endfacet
  facet normal -0.411312 -0.0208317 -0.911257
    outer loop
      vertex 20.6361 3.40464 -3.3147
      vertex 18.887 3.10664 -2.5184
      vertex 20.5553 5 -3.3147
    endloop
  endfacet
  facet normal -0.499071 -0.0766943 -0.863161
    outer loop
      vertex 17.6542 0.719009 -1.59346
      vertex 17.3281 2.84103 -1.59346
      vertex 18.887 3.10664 -2.5184
    endloop
  endfacet
  facet normal -0.483491 -0.126798 -0.866117
    outer loop
      vertex 19.6443 -0.551055 -2.5184
      vertex 18.1916 -1.32977 -1.59346
      vertex 19.1731 1.24567 -2.5184
    endloop
  endfacet
  facet normal -0.391658 -0.102714 -0.91436
    outer loop
      vertex 19.6443 -0.551055 -2.5184
      vertex 19.1731 1.24567 -2.5184
      vertex 21.2742 0.322634 -3.3147
    endloop
  endfacet
  facet normal -0.581422 -0.152504 -0.799181
    outer loop
      vertex 16.941 -2.00017 -0.555702
      vertex 16.3467 0.265595 -0.555702
      vertex 17.6542 0.719009 -1.59346
    endloop
  endfacet
  facet normal -0.59924 -0.0921288 -0.795251
    outer loop
      vertex 16.3467 0.265595 -0.555702
      vertex 15.9859 2.61237 -0.555702
      vertex 17.6542 0.719009 -1.59346
    endloop
  endfacet
  facet normal 0.0510661 -0.044976 -0.997682
    outer loop
      vertex 32.3451 1.96511 -4.80785
      vertex 30.6769 3.85847 -4.97859
      vertex 30.7862 3.98257 -4.97859
    endloop
  endfacet
  facet normal -0.179226 -0.121457 -0.976282
    outer loop
      vertex 26.136 -0.000424385 -4.4693
      vertex 24.6833 -1.8804 -3.96873
      vertex 25.6647 0.695041 -4.4693
    endloop
  endfacet
  facet normal -0.179225 -0.121457 -0.976282
    outer loop
      vertex 24.6833 -1.8804 -3.96873
      vertex 24.0348 -0.923462 -3.96873
      vertex 25.6647 0.695041 -4.4693
    endloop
  endfacet
  facet normal -0.0758903 -0.0116737 -0.997048
    outer loop
      vertex 26.7965 3.88915 -4.80785
      vertex 26.7118 4.43978 -4.80785
      vertex 28.8977 4.81219 -4.97859
    endloop
  endfacet
  facet normal -0.0151078 -0.0587116 -0.998161
    outer loop
      vertex 29.8549 3.57344 -4.97859
      vertex 29.5671 0.744731 -4.80785
      vertex 29.7122 3.61016 -4.97859
    endloop
  endfacet
  facet normal -0.14781 -0.0387779 -0.988255
    outer loop
      vertex 24.9515 2.29379 -4.4693
      vertex 24.7217 3.16972 -4.4693
      vertex 26.7965 3.88915 -4.80785
    endloop
  endfacet
  facet normal -0.15305 -0.0235166 -0.987939
    outer loop
      vertex 24.7217 3.16972 -4.4693
      vertex 24.5823 4.07696 -4.4693
      vertex 26.7965 3.88915 -4.80785
    endloop
  endfacet
  facet normal -0.0869687 0.100592 -0.991119
    outer loop
      vertex 28.3417 8.71697 -4.80785
      vertex 26.6734 10.6103 -4.4693
      vertex 27.2678 11.1242 -4.4693
    endloop
  endfacet
  facet normal -0.0430261 0.0497563 -0.997834
    outer loop
      vertex 29.3231 6.14153 -4.97859
      vertex 27.981 8.40506 -4.80785
      vertex 28.3417 8.71697 -4.80785
    endloop
  endfacet
  facet normal -0.0342634 0.0536755 -0.99797
    outer loop
      vertex 29.4441 6.2461 -4.97859
      vertex 28.7308 8.96528 -4.80785
      vertex 29.5745 6.32934 -4.97859
    endloop
  endfacet
  facet normal -0.0249025 0.0566789 -0.998082
    outer loop
      vertex 29.5745 6.32934 -4.97859
      vertex 28.7308 8.96528 -4.80785
      vertex 29.7122 6.38984 -4.97859
    endloop
  endfacet
  facet normal 0.390731 -0.264777 -0.881602
    outer loop
      vertex 40.1401 -5.0692 -1.59346
      vertex 37.9259 -5.25701 -2.5184
      vertex 38.8926 -3.83045 -2.5184
    endloop
  endfacet
  facet normal 0.314581 -0.213174 -0.924984
    outer loop
      vertex 37.9259 -5.25701 -2.5184
      vertex 37.493 -2.44061 -3.3147
      vertex 38.8926 -3.83045 -2.5184
    endloop
  endfacet
  facet normal 0.372109 -0.141821 -0.91729
    outer loop
      vertex 39.7072 -2.2528 -2.5184
      vertex 38.1793 -1.11127 -3.3147
      vertex 38.7258 0.322634 -3.3147
    endloop
  endfacet
  facet normal 0.346355 -0.178813 -0.920904
    outer loop
      vertex 39.7072 -2.2528 -2.5184
      vertex 37.493 -2.44061 -3.3147
      vertex 38.1793 -1.11127 -3.3147
    endloop
  endfacet
  facet normal 0.499035 -0.0767201 -0.863179
    outer loop
      vertex 42.3458 0.719009 -1.59346
      vertex 40.8269 1.24567 -2.5184
      vertex 41.113 3.10664 -2.5184
    endloop
  endfacet
  facet normal 0.483463 -0.126813 -0.866131
    outer loop
      vertex 41.8084 -1.32977 -1.59346
      vertex 40.8269 1.24567 -2.5184
      vertex 42.3458 0.719009 -1.59346
    endloop
  endfacet
  facet normal 0.171415 -0.390209 -0.904629
    outer loop
      vertex 33.308 -10.9769 -1.59346
      vertex 32.9011 -9.01134 -2.5184
      vertex 34.2895 -8.40143 -2.5184
    endloop
  endfacet
  facet normal 0.136736 -0.311266 -0.940434
    outer loop
      vertex 34.2895 -8.40143 -2.5184
      vertex 32.9011 -9.01134 -2.5184
      vertex 33.6143 -6.29216 -3.3147
    endloop
  endfacet
  facet normal 0.0279227 -0.3292 -0.943847
    outer loop
      vertex 31.4631 -9.38151 -2.5184
      vertex 30 -9.50561 -2.5184
      vertex 31.2328 -7.11798 -3.3147
    endloop
  endfacet
  facet normal 0.0831895 -0.323166 -0.942679
    outer loop
      vertex 31.4631 -9.38151 -2.5184
      vertex 31.2328 -7.11798 -3.3147
      vertex 32.9011 -9.01134 -2.5184
    endloop
  endfacet
  facet normal -0.104429 -0.405675 -0.908032
    outer loop
      vertex 28.3317 -11.399 -1.59346
      vertex 27.0989 -9.01134 -2.5184
      vertex 28.5369 -9.38151 -2.5184
    endloop
  endfacet
  facet normal -0.0831895 -0.323166 -0.942679
    outer loop
      vertex 28.5369 -9.38151 -2.5184
      vertex 27.0989 -9.01134 -2.5184
      vertex 28.7672 -7.11798 -3.3147
    endloop
  endfacet
  facet normal -0.277143 -0.244211 -0.929276
    outer loop
      vertex 23.1765 -6.50807 -2.5184
      vertex 22.0741 -5.25701 -2.5184
      vertex 23.3216 -3.64264 -3.3147
    endloop
  endfacet
  facet normal -0.345119 -0.304109 -0.887925
    outer loop
      vertex 23.1765 -6.50807 -2.5184
      vertex 20.9623 -6.69588 -1.59346
      vertex 22.0741 -5.25701 -2.5184
    endloop
  endfacet
  facet normal -0.181635 -0.210073 -0.960665
    outer loop
      vertex 25.2777 -5.58503 -3.3147
      vertex 24.2504 -4.6968 -3.3147
      vertex 25.4228 -2.71961 -3.96873
    endloop
  endfacet
  facet normal -0.234585 -0.271292 -0.933472
    outer loop
      vertex 24.3956 -7.56222 -2.5184
      vertex 23.1765 -6.50807 -2.5184
      vertex 25.2777 -5.58503 -3.3147
    endloop
  endfacet
  facet normal -0.0510601 -0.0449813 -0.997682
    outer loop
      vertex 27.981 1.59494 -4.80785
      vertex 27.6549 1.96511 -4.80785
      vertex 29.3231 3.85847 -4.97859
    endloop
  endfacet
  facet normal -0.0430261 -0.0497563 -0.997834
    outer loop
      vertex 28.3417 1.28303 -4.80785
      vertex 27.981 1.59494 -4.80785
      vertex 29.3231 3.85847 -4.97859
    endloop
  endfacet
  facet normal -0.503978 0.582848 -0.637412
    outer loop
      vertex 22.3766 22.0877 0.577112
      vertex 20.7183 20.6538 0.577112
      vertex 21.9511 23.0414 1.7856
    endloop
  endfacet
  facet normal -0.408979 0.640802 -0.649699
    outer loop
      vertex 22.3766 22.0877 0.577112
      vertex 21.9511 23.0414 1.7856
      vertex 24.1653 23.2293 0.577112
    endloop
  endfacet
  facet normal -0.349594 0.795857 -0.494364
    outer loop
      vertex 25.8336 25.1226 1.7856
      vertex 23.8396 24.2467 1.7856
      vertex 25.6846 25.842 3.0491
    endloop
  endfacet
  facet normal -0.302042 0.687603 -0.660282
    outer loop
      vertex 24.1653 23.2293 0.577112
      vertex 23.8396 24.2467 1.7856
      vertex 25.8336 25.1226 1.7856
    endloop
  endfacet
  facet normal 0.0510482 0.0449708 0.997683
    outer loop
      vertex 32.019 8.40506 14.8079
      vertex 30.6769 6.14153 14.9786
      vertex 32.3451 8.03489 14.8079
    endloop
  endfacet
  facet normal 0.103185 0.0909008 0.9905
    outer loop
      vertex 33.3266 10.6103 14.4693
      vertex 32.019 8.40506 14.8079
      vertex 32.3451 8.03489 14.8079
    endloop
  endfacet
  facet normal 0.0248932 0.056667 0.998083
    outer loop
      vertex 30.8584 9.14574 14.8079
      vertex 30.2878 6.38984 14.9786
      vertex 31.2692 8.96528 14.8079
    endloop
  endfacet
  facet normal 0.0869813 0.100606 0.991117
    outer loop
      vertex 32.7322 11.1242 14.4693
      vertex 31.6583 8.71697 14.8079
      vertex 33.3266 10.6103 14.4693
    endloop
  endfacet
  facet normal -0.214993 0.189419 0.95807
    outer loop
      vertex 24.2504 14.6968 13.3147
      vertex 23.3216 13.6426 13.3147
      vertex 25.4228 12.7196 13.9687
    endloop
  endfacet
  facet normal -0.345108 0.304101 0.887932
    outer loop
      vertex 22.2193 18.1224 11.5935
      vertex 20.9623 16.6959 11.5935
      vertex 23.1765 16.5081 12.5184
    endloop
  endfacet
  facet normal -0.42854 0.495605 0.755466
    outer loop
      vertex 22.3766 22.0877 9.42289
      vertex 20.7183 20.6538 9.42289
      vertex 22.9325 20.8416 10.5557
    endloop
  endfacet
  facet normal -0.428542 0.495597 0.75547
    outer loop
      vertex 22.9325 20.8416 10.5557
      vertex 20.7183 20.6538 9.42289
      vertex 21.3952 19.5123 10.5557
    endloop
  endfacet
  facet normal -0.292821 0.338657 0.894185
    outer loop
      vertex 23.6094 19.3245 11.5935
      vertex 23.1765 16.5081 12.5184
      vertex 24.3956 17.5622 12.5184
    endloop
  endfacet
  facet normal -0.0770292 0.175373 0.981484
    outer loop
      vertex 28.054 14.3988 13.9687
      vertex 27.1226 13.9897 13.9687
      vertex 28.5857 11.8307 14.4693
    endloop
  endfacet
  facet normal -0.132843 0.153621 0.979159
    outer loop
      vertex 26.2405 13.4267 13.9687
      vertex 25.4228 12.7196 13.9687
      vertex 26.6734 10.6103 14.4693
    endloop
  endfacet
  facet normal -0.105898 0.16592 0.980437
    outer loop
      vertex 27.1226 13.9897 13.9687
      vertex 26.2405 13.4267 13.9687
      vertex 27.9088 11.5334 14.4693
    endloop
  endfacet
  facet normal -0.269643 0.139213 0.952844
    outer loop
      vertex 22.507 12.4406 13.3147
      vertex 21.8207 11.1113 13.3147
      vertex 23.4884 9.86518 13.9687
    endloop
  endfacet
  facet normal -0.290156 0.110568 0.950571
    outer loop
      vertex 23.4884 9.86518 13.9687
      vertex 21.8207 11.1113 13.3147
      vertex 23.0534 8.72364 13.9687
    endloop
  endfacet
  facet normal -0.103171 0.0909065 0.990501
    outer loop
      vertex 26.6734 10.6103 14.4693
      vertex 26.136 10.0004 14.4693
      vertex 27.6549 8.03489 14.8079
    endloop
  endfacet
  facet normal -0.179231 0.121466 0.97628
    outer loop
      vertex 24.6833 11.8804 13.9687
      vertex 24.0348 10.9235 13.9687
      vertex 26.136 10.0004 14.4693
    endloop
  endfacet
  facet normal 0.077026 0.175375 0.981484
    outer loop
      vertex 32.8774 13.9897 13.9687
      vertex 31.4143 11.8307 14.4693
      vertex 32.0912 11.5334 14.4693
    endloop
  endfacet
  facet normal 0.105898 0.16592 0.980437
    outer loop
      vertex 32.8774 13.9897 13.9687
      vertex 32.0912 11.5334 14.4693
      vertex 33.7595 13.4267 13.9687
    endloop
  endfacet
  facet normal 0.136745 0.311276 0.94043
    outer loop
      vertex 32.9011 19.0113 12.5184
      vertex 32.4445 16.8061 13.3147
      vertex 33.6143 16.2922 13.3147
    endloop
  endfacet
  facet normal 0.0831879 0.323176 0.942675
    outer loop
      vertex 32.9011 19.0113 12.5184
      vertex 31.2328 17.118 13.3147
      vertex 32.4445 16.8061 13.3147
    endloop
  endfacet
  facet normal -0.104426 0.405655 0.908041
    outer loop
      vertex 28.3317 21.399 11.5935
      vertex 26.692 20.9769 11.5935
      vertex 27.0989 19.0113 12.5184
    endloop
  endfacet
  facet normal -0.171404 0.39019 0.90464
    outer loop
      vertex 26.692 20.9769 11.5935
      vertex 25.7105 18.4014 12.5184
      vertex 27.0989 19.0113 12.5184
    endloop
  endfacet
  facet normal 0.753997 0.287315 -0.590711
    outer loop
      vertex 44.0862 12.5508 0.577112
      vertex 43.9411 15.4162 1.7856
      vertex 44.8724 12.9722 1.7856
    endloop
  endfacet
  facet normal 0.785814 0.206131 -0.583101
    outer loop
      vertex 44.7273 10.1068 0.577112
      vertex 44.0862 12.5508 0.577112
      vertex 44.8724 12.9722 1.7856
    endloop
  endfacet
  facet normal 0.59924 0.092129 -0.795251
    outer loop
      vertex 44.0141 7.38763 -0.555702
      vertex 42.3458 9.28099 -1.59346
      vertex 43.6533 9.7344 -0.555702
    endloop
  endfacet
  facet normal 0.460157 0.175369 -0.870345
    outer loop
      vertex 41.8084 11.3298 -1.59346
      vertex 39.7072 12.2528 -2.5184
      vertex 41.0689 13.2702 -1.59346
    endloop
  endfacet
  facet normal 0.429198 0.221589 -0.875607
    outer loop
      vertex 41.0689 13.2702 -1.59346
      vertex 39.7072 12.2528 -2.5184
      vertex 40.1401 15.0692 -1.59346
    endloop
  endfacet
  facet normal 0.518649 0.267772 -0.811974
    outer loop
      vertex 41.0689 13.2702 -1.59346
      vertex 40.1401 15.0692 -1.59346
      vertex 42.2413 14.1462 -0.555702
    endloop
  endfacet
  facet normal 0.105892 0.16591 -0.980439
    outer loop
      vertex 33.7595 13.4267 -3.96873
      vertex 32.0912 11.5334 -4.4693
      vertex 32.8774 13.9897 -3.96873
    endloop
  endfacet
  facet normal 0.0692798 0.108561 -0.991673
    outer loop
      vertex 31.6583 8.71697 -4.80785
      vertex 31.2692 8.96528 -4.80785
      vertex 32.7322 11.1242 -4.4693
    endloop
  endfacet
  facet normal 0.157408 0.138707 -0.977744
    outer loop
      vertex 35.3167 11.8804 -3.96873
      vertex 33.3266 10.6103 -4.4693
      vertex 34.5772 12.7196 -3.96873
    endloop
  endfacet
  facet normal 0.214992 0.18945 -0.958064
    outer loop
      vertex 35.3167 11.8804 -3.96873
      vertex 34.5772 12.7196 -3.96873
      vertex 36.6784 13.6426 -3.3147
    endloop
  endfacet
  facet normal 0.0102538 0.120893 -0.992613
    outer loop
      vertex 30.4329 9.25527 -4.80785
      vertex 30 12.0717 -4.4693
      vertex 30.7133 12.0112 -4.4693
    endloop
  endfacet
  facet normal 0.0156917 0.185007 -0.982612
    outer loop
      vertex 30.7133 12.0112 -4.4693
      vertex 30 12.0717 -4.4693
      vertex 30.9814 14.6471 -3.96873
    endloop
  endfacet
  facet normal 0.314571 0.213176 -0.924987
    outer loop
      vertex 38.8926 13.8305 -2.5184
      vertex 37.493 12.4406 -3.3147
      vertex 37.9259 15.257 -2.5184
    endloop
  endfacet
  facet normal 0.39073 0.264787 -0.8816
    outer loop
      vertex 38.8926 13.8305 -2.5184
      vertex 37.9259 15.257 -2.5184
      vertex 40.1401 15.0692 -1.59346
    endloop
  endfacet
  facet normal 0.00506666 -0.0597216 0.998202
    outer loop
      vertex 30.1451 3.57344 14.9786
      vertex 30 3.56113 14.9786
      vertex 30.4329 0.744731 14.8079
    endloop
  endfacet
  facet normal 0.0643471 -0.033222 0.997374
    outer loop
      vertex 30.9629 4.28057 14.9786
      vertex 30.8821 4.12407 14.9786
      vertex 32.6312 2.3872 14.8079
    endloop
  endfacet
  facet normal 0.0342472 0.0536651 0.997972
    outer loop
      vertex 31.2692 8.96528 14.8079
      vertex 30.5559 6.2461 14.9786
      vertex 31.6583 8.71697 14.8079
    endloop
  endfacet
  facet normal -0.0151043 -0.0586979 0.998162
    outer loop
      vertex 29.7122 3.61016 14.9786
      vertex 29.5671 0.744731 14.8079
      vertex 29.8549 3.57344 14.9786
    endloop
  endfacet
  facet normal 0.0771934 -0.00389949 0.997009
    outer loop
      vertex 33.3165 5 14.8079
      vertex 31.1023 4.81219 14.9786
      vertex 33.2882 4.43978 14.8079
    endloop
  endfacet
  facet normal -0.140084 0.0533883 0.988699
    outer loop
      vertex 27.1278 7.14599 14.8079
      vertex 24.9515 7.70621 14.4693
      vertex 26.9359 6.64247 14.8079
    endloop
  endfacet
  facet normal -0.147845 0.0387675 0.98825
    outer loop
      vertex 26.9359 6.64247 14.8079
      vertex 24.9515 7.70621 14.4693
      vertex 26.7965 6.11085 14.8079
    endloop
  endfacet
  facet normal -0.197938 0.102193 0.974873
    outer loop
      vertex 24.0348 10.9235 13.9687
      vertex 23.4884 9.86518 13.9687
      vertex 25.2676 8.53583 14.4693
    endloop
  endfacet
  facet normal -0.213229 0.0812541 0.973617
    outer loop
      vertex 23.4884 9.86518 13.9687
      vertex 23.0534 8.72364 13.9687
      vertex 25.2676 8.53583 14.4693
    endloop
  endfacet
  facet normal -0.0510482 0.0449708 0.997683
    outer loop
      vertex 27.981 8.40506 14.8079
      vertex 27.6549 8.03489 14.8079
      vertex 29.3231 6.14153 14.9786
    endloop
  endfacet
  facet normal -0.043016 0.0497447 0.997835
    outer loop
      vertex 28.3417 8.71697 14.8079
      vertex 27.981 8.40506 14.8079
      vertex 29.3231 6.14153 14.9786
    endloop
  endfacet
  facet normal -0.215562 -0.837433 0.502234
    outer loop
      vertex 25.8336 -15.1226 8.21439
      vertex 25.6846 -15.842 6.9509
      vertex 27.8988 -15.6542 8.21439
    endloop
  endfacet
  facet normal -0.0625719 -0.737704 0.672219
    outer loop
      vertex 28.0099 -14.5624 9.42289
      vertex 27.8988 -15.6542 8.21439
      vertex 30 -14.7312 9.42289
    endloop
  endfacet
  facet normal -0.390718 -0.264768 0.881611
    outer loop
      vertex 21.1074 -3.83045 12.5184
      vertex 19.8599 -5.0692 11.5935
      vertex 22.0741 -5.25701 12.5184
    endloop
  endfacet
  facet normal -0.314581 -0.213174 0.924984
    outer loop
      vertex 22.507 -2.44061 13.3147
      vertex 21.1074 -3.83045 12.5184
      vertex 22.0741 -5.25701 12.5184
    endloop
  endfacet
  facet normal -0.346354 0.17883 -0.920901
    outer loop
      vertex 22.507 12.4406 -3.3147
      vertex 20.2928 12.2528 -2.5184
      vertex 21.1074 13.8305 -2.5184
    endloop
  endfacet
  facet normal -0.346354 0.178818 -0.920903
    outer loop
      vertex 21.8207 11.1113 -3.3147
      vertex 20.2928 12.2528 -2.5184
      vertex 22.507 12.4406 -3.3147
    endloop
  endfacet
  facet normal -0.0643621 0.0332298 -0.997373
    outer loop
      vertex 29.0371 5.71943 -4.97859
      vertex 27.3688 7.6128 -4.80785
      vertex 29.1179 5.87593 -4.97859
    endloop
  endfacet
  facet normal -0.224882 0.0589977 -0.972598
    outer loop
      vertex 24.7217 6.83028 -4.4693
      vertex 22.7373 7.5184 -3.96873
      vertex 24.9515 7.70621 -4.4693
    endloop
  endfacet
  facet normal -0.0342634 -0.0536755 -0.99797
    outer loop
      vertex 29.5745 3.67066 -4.97859
      vertex 28.7308 1.03472 -4.80785
      vertex 29.4441 3.7539 -4.97859
    endloop
  endfacet
  facet normal 0.0342552 -0.0536777 -0.997971
    outer loop
      vertex 31.2692 1.03472 -4.80785
      vertex 30.5559 3.7539 -4.97859
      vertex 31.6583 1.28303 -4.80785
    endloop
  endfacet
  facet normal 0.0430066 -0.0497638 -0.997835
    outer loop
      vertex 31.6583 1.28303 -4.80785
      vertex 30.5559 3.7539 -4.97859
      vertex 30.6769 3.85847 -4.97859
    endloop
  endfacet
  facet normal 0.030582 -0.118807 -0.992446
    outer loop
      vertex 31.4143 -1.83071 -4.4693
      vertex 30.4329 0.744731 -4.80785
      vertex 30.8584 0.854259 -4.80785
    endloop
  endfacet
  facet normal 0.0151129 -0.0587113 -0.998161
    outer loop
      vertex 30.4329 0.744731 -4.80785
      vertex 30.2878 3.61016 -4.97859
      vertex 30.8584 0.854259 -4.80785
    endloop
  endfacet
  facet normal -0.0305844 -0.118806 -0.992446
    outer loop
      vertex 29.2867 -2.01117 -4.4693
      vertex 28.5857 -1.83071 -4.4693
      vertex 29.5671 0.744731 -4.80785
    endloop
  endfacet
  facet normal -0.030582 -0.118807 -0.992446
    outer loop
      vertex 29.5671 0.744731 -4.80785
      vertex 28.5857 -1.83071 -4.4693
      vertex 29.1416 0.854259 -4.80785
    endloop
  endfacet
  facet normal 0.15305 -0.0235166 -0.987939
    outer loop
      vertex 35.2783 3.16972 -4.4693
      vertex 33.2035 3.88915 -4.80785
      vertex 35.4177 4.07696 -4.4693
    endloop
  endfacet
  facet normal 0.232757 -0.0357638 -0.971877
    outer loop
      vertex 37.2627 2.4816 -3.96873
      vertex 35.2783 3.16972 -4.4693
      vertex 35.4177 4.07696 -4.4693
    endloop
  endfacet
  facet normal 0.0582009 -0.0394496 -0.997525
    outer loop
      vertex 32.3451 1.96511 -4.80785
      vertex 30.7862 3.98257 -4.97859
      vertex 32.6312 2.3872 -4.80785
    endloop
  endfacet
  facet normal 0.0582034 -0.0394467 -0.997525
    outer loop
      vertex 32.6312 2.3872 -4.80785
      vertex 30.7862 3.98257 -4.97859
      vertex 30.8821 4.12407 -4.97859
    endloop
  endfacet
  facet normal -0.155603 -0.60452 -0.781245
    outer loop
      vertex 28.0099 -14.5624 0.577112
      vertex 26.0538 -14.0589 0.577112
      vertex 26.3416 -12.669 -0.555702
    endloop
  endfacet
  facet normal -0.185485 -0.720609 -0.668071
    outer loop
      vertex 28.0099 -14.5624 0.577112
      vertex 25.8336 -15.1226 1.7856
      vertex 26.0538 -14.0589 0.577112
    endloop
  endfacet
  facet normal -0.3459 -0.541969 0.765913
    outer loop
      vertex 22.9325 -10.8416 10.5557
      vertex 22.3766 -12.0877 9.42289
      vertex 24.1653 -13.2293 9.42289
    endloop
  endfacet
  facet normal -0.42854 -0.495605 0.755466
    outer loop
      vertex 22.9325 -10.8416 10.5557
      vertex 20.7183 -10.6538 9.42289
      vertex 22.3766 -12.0877 9.42289
    endloop
  endfacet
  facet normal -0.269637 -0.139215 0.952846
    outer loop
      vertex 23.4884 0.134824 13.9687
      vertex 22.507 -2.44061 13.3147
      vertex 24.0348 -0.923462 13.9687
    endloop
  endfacet
  facet normal -0.197937 -0.102196 0.974873
    outer loop
      vertex 25.6647 0.695041 14.4693
      vertex 23.4884 0.134824 13.9687
      vertex 24.0348 -0.923462 13.9687
    endloop
  endfacet
  facet normal 0.0770346 -0.175372 0.981484
    outer loop
      vertex 32.8774 -3.98967 13.9687
      vertex 31.4143 -1.83071 14.4693
      vertex 31.946 -4.3988 13.9687
    endloop
  endfacet
  facet normal 0.0770351 -0.175372 0.981484
    outer loop
      vertex 32.0912 -1.53337 14.4693
      vertex 31.4143 -1.83071 14.4693
      vertex 32.8774 -3.98967 13.9687
    endloop
  endfacet
  facet normal 0.103171 -0.0909054 0.990501
    outer loop
      vertex 33.864 -0.000424385 14.4693
      vertex 32.3451 1.96511 14.8079
      vertex 33.3266 -0.610332 14.4693
    endloop
  endfacet
  facet normal 0.157423 -0.138708 0.977741
    outer loop
      vertex 33.864 -0.000424385 14.4693
      vertex 33.3266 -0.610332 14.4693
      vertex 35.3167 -1.8804 13.9687
    endloop
  endfacet
  facet normal 0.171413 -0.390196 0.904635
    outer loop
      vertex 34.2895 -8.40143 12.5184
      vertex 33.308 -10.9769 11.5935
      vertex 34.8912 -10.2814 11.5935
    endloop
  endfacet
  facet normal 0.210455 -0.479068 0.852175
    outer loop
      vertex 34.8912 -10.2814 11.5935
      vertex 33.308 -10.9769 11.5935
      vertex 35.4092 -11.8999 10.5557
    endloop
  endfacet
  facet normal 0.0102556 -0.120912 0.99261
    outer loop
      vertex 30 0.708013 14.8079
      vertex 30 -2.07167 14.4693
      vertex 30.4329 0.744731 14.8079
    endloop
  endfacet
  facet normal 0.0350754 0.413543 -0.909809
    outer loop
      vertex 31.6683 21.399 -1.59346
      vertex 30 19.5056 -2.5184
      vertex 30 21.5405 -1.59346
    endloop
  endfacet
  facet normal 0.0350766 0.413542 -0.909809
    outer loop
      vertex 31.4631 19.3815 -2.5184
      vertex 30 19.5056 -2.5184
      vertex 31.6683 21.399 -1.59346
    endloop
  endfacet
  facet normal 0.0641581 0.249248 -0.966312
    outer loop
      vertex 31.946 14.3988 -3.96873
      vertex 31.2328 17.118 -3.3147
      vertex 32.4445 16.8061 -3.3147
    endloop
  endfacet
  facet normal 0.0641596 0.249248 -0.966312
    outer loop
      vertex 31.946 14.3988 -3.96873
      vertex 30.9814 14.6471 -3.96873
      vertex 31.2328 17.118 -3.3147
    endloop
  endfacet
  facet normal 0.964266 0.148216 -0.219596
    outer loop
      vertex 46.8185 7.86543 4.34597
      vertex 46.1052 10.5846 3.0491
      vertex 46.3856 10.6818 4.34597
    endloop
  endfacet
  facet normal 0.964267 0.148217 -0.219593
    outer loop
      vertex 46.5307 7.8164 3.0491
      vertex 46.1052 10.5846 3.0491
      vertex 46.8185 7.86543 4.34597
    endloop
  endfacet
  facet normal 0.816921 0.0413625 -0.575264
    outer loop
      vertex 45.2468 5 0.577112
      vertex 45.1164 7.57544 0.577112
      vertex 46.0978 5 1.7856
    endloop
  endfacet
  facet normal 0.816928 -0.0413694 -0.575255
    outer loop
      vertex 45.9601 2.28082 1.7856
      vertex 45.1164 2.42456 0.577112
      vertex 46.0978 5 1.7856
    endloop
  endfacet
  facet normal 0.581418 0.152505 -0.799185
    outer loop
      vertex 42.3458 9.28099 -1.59346
      vertex 41.8084 11.3298 -1.59346
      vertex 43.059 12.0002 -0.555702
    endloop
  endfacet
  facet normal 0.703444 0.10815 -0.702475
    outer loop
      vertex 44.0141 7.38763 -0.555702
      vertex 43.6533 9.7344 -0.555702
      vertex 44.7273 10.1068 0.577112
    endloop
  endfacet
  facet normal 0.232758 -0.0357808 0.971876
    outer loop
      vertex 37.4546 3.72993 13.9687
      vertex 35.4177 4.07696 14.4693
      vertex 37.2627 2.4816 13.9687
    endloop
  endfacet
  facet normal 0.224895 -0.0590011 0.972595
    outer loop
      vertex 35.2783 3.16972 14.4693
      vertex 35.0485 2.29379 14.4693
      vertex 37.2627 2.4816 13.9687
    endloop
  endfacet
  facet normal 0.155603 -0.604519 0.781246
    outer loop
      vertex 33.6584 -12.669 10.5557
      vertex 31.9901 -14.5624 9.42289
      vertex 33.9462 -14.0589 9.42289
    endloop
  endfacet
  facet normal 0.254274 -0.578828 0.774792
    outer loop
      vertex 35.8347 -13.2293 9.42289
      vertex 33.6584 -12.669 10.5557
      vertex 33.9462 -14.0589 9.42289
    endloop
  endfacet
  facet normal 0.0732585 -0.0192374 0.997127
    outer loop
      vertex 31.074 4.62759 14.9786
      vertex 31.0272 4.44937 14.9786
      vertex 33.2035 3.88915 14.8079
    endloop
  endfacet
  facet normal 0.0758887 -0.0116341 0.997048
    outer loop
      vertex 31.1023 4.81219 14.9786
      vertex 31.074 4.62759 14.9786
      vertex 33.2035 3.88915 14.8079
    endloop
  endfacet
  facet normal -0.0643471 0.033222 0.997374
    outer loop
      vertex 29.1179 5.87593 14.9786
      vertex 27.3688 7.6128 14.8079
      vertex 29.0371 5.71943 14.9786
    endloop
  endfacet
  facet normal -0.0869899 -0.100597 0.991117
    outer loop
      vertex 27.981 1.59494 14.8079
      vertex 26.6734 -0.610332 14.4693
      vertex 28.3417 1.28303 14.8079
    endloop
  endfacet
  facet normal -0.043016 -0.0497447 0.997835
    outer loop
      vertex 29.3231 3.85847 14.9786
      vertex 27.981 1.59494 14.8079
      vertex 28.3417 1.28303 14.8079
    endloop
  endfacet
  facet normal -0.105898 -0.165915 0.980438
    outer loop
      vertex 27.2678 -1.12424 14.4693
      vertex 26.2405 -3.42673 13.9687
      vertex 27.9088 -1.53337 14.4693
    endloop
  endfacet
  facet normal -0.0692968 -0.10857 0.991671
    outer loop
      vertex 28.7308 1.03472 14.8079
      vertex 27.2678 -1.12424 14.4693
      vertex 27.9088 -1.53337 14.4693
    endloop
  endfacet
  facet normal -0.10317 0.0908876 -0.990503
    outer loop
      vertex 27.6549 8.03489 -4.80785
      vertex 26.6734 10.6103 -4.4693
      vertex 27.981 8.40506 -4.80785
    endloop
  endfacet
  facet normal -0.103156 0.0908934 -0.990504
    outer loop
      vertex 27.6549 8.03489 -4.80785
      vertex 26.136 10.0004 -4.4693
      vertex 26.6734 10.6103 -4.4693
    endloop
  endfacet
  facet normal -0.179221 0.12146 -0.976283
    outer loop
      vertex 26.136 10.0004 -4.4693
      vertex 24.0348 10.9235 -3.96873
      vertex 24.6833 11.8804 -3.96873
    endloop
  endfacet
  facet normal -0.244472 0.16568 -0.955397
    outer loop
      vertex 24.6833 11.8804 -3.96873
      vertex 22.507 12.4406 -3.3147
      vertex 23.3216 13.6426 -3.3147
    endloop
  endfacet
  facet normal 0.0759064 -0.0116368 -0.997047
    outer loop
      vertex 33.2035 3.88915 -4.80785
      vertex 31.074 4.62759 -4.97859
      vertex 31.1023 4.81219 -4.97859
    endloop
  endfacet
  facet normal -0.0772114 -0.0039004 -0.997007
    outer loop
      vertex 26.7118 4.43978 -4.80785
      vertex 26.6835 5 -4.80785
      vertex 28.8977 4.81219 -4.97859
    endloop
  endfacet
  facet normal -0.213218 -0.08124 -0.973621
    outer loop
      vertex 25.2676 1.46417 -4.4693
      vertex 23.0534 1.27636 -3.96873
      vertex 24.9515 2.29379 -4.4693
    endloop
  endfacet
  facet normal -0.224881 -0.0589798 -0.9726
    outer loop
      vertex 23.0534 1.27636 -3.96873
      vertex 22.7373 2.4816 -3.96873
      vertex 24.9515 2.29379 -4.4693
    endloop
  endfacet
  facet normal -0.236704 0.0120014 -0.971508
    outer loop
      vertex 24.5355 5 -4.4693
      vertex 22.5454 6.27007 -3.96873
      vertex 24.5823 5.92304 -4.4693
    endloop
  endfacet
  facet normal -0.40474 -0.0622236 -0.912312
    outer loop
      vertex 19.1731 1.24567 -2.5184
      vertex 18.887 3.10664 -2.5184
      vertex 20.6361 3.40464 -3.3147
    endloop
  endfacet
  facet normal -0.155685 0.00786456 -0.987775
    outer loop
      vertex 26.6835 5 -4.80785
      vertex 24.5355 5 -4.4693
      vertex 26.7118 5.56022 -4.80785
    endloop
  endfacet
  facet normal -0.31625 0.0486157 -0.947429
    outer loop
      vertex 22.5454 6.27007 -3.96873
      vertex 20.8771 8.16343 -3.3147
      vertex 22.7373 7.5184 -3.96873
    endloop
  endfacet
  facet normal -0.197926 -0.102189 -0.974876
    outer loop
      vertex 25.6647 0.695041 -4.4693
      vertex 23.4884 0.134824 -3.96873
      vertex 25.2676 1.46417 -4.4693
    endloop
  endfacet
  facet normal -0.197925 -0.10219 -0.974876
    outer loop
      vertex 24.0348 -0.923462 -3.96873
      vertex 23.4884 0.134824 -3.96873
      vertex 25.6647 0.695041 -4.4693
    endloop
  endfacet
  facet normal -0.155692 0.00789392 -0.987774
    outer loop
      vertex 26.7118 5.56022 -4.80785
      vertex 24.5355 5 -4.4693
      vertex 24.5823 5.92304 -4.4693
    endloop
  endfacet
  facet normal -0.153052 -0.0235431 -0.987938
    outer loop
      vertex 26.7965 3.88915 -4.80785
      vertex 24.5823 4.07696 -4.4693
      vertex 26.7118 4.43978 -4.80785
    endloop
  endfacet
  facet normal -0.0694204 -0.0264439 -0.997237
    outer loop
      vertex 29.0371 4.28057 -4.97859
      vertex 27.1278 2.85401 -4.80785
      vertex 28.9728 4.44937 -4.97859
    endloop
  endfacet
  facet normal -0.0732823 -0.0192159 -0.997126
    outer loop
      vertex 26.9359 3.35753 -4.80785
      vertex 26.7965 3.88915 -4.80785
      vertex 28.9728 4.44937 -4.97859
    endloop
  endfacet
  facet normal 0.391658 -0.102714 -0.91436
    outer loop
      vertex 40.3557 -0.551055 -2.5184
      vertex 38.7258 0.322634 -3.3147
      vertex 40.8269 1.24567 -2.5184
    endloop
  endfacet
  facet normal 0.483491 -0.126798 -0.866117
    outer loop
      vertex 41.8084 -1.32977 -1.59346
      vertex 40.3557 -0.551055 -2.5184
      vertex 40.8269 1.24567 -2.5184
    endloop
  endfacet
  facet normal 0.234637 -0.367636 -0.899883
    outer loop
      vertex 36.3906 -9.32447 -1.59346
      vertex 34.2895 -8.40143 -2.5184
      vertex 35.6044 -7.56222 -2.5184
    endloop
  endfacet
  facet normal 0.187527 -0.293822 -0.937285
    outer loop
      vertex 35.6044 -7.56222 -2.5184
      vertex 34.2895 -8.40143 -2.5184
      vertex 34.7223 -5.58503 -3.3147
    endloop
  endfacet
  facet normal 0.234633 -0.367643 -0.899881
    outer loop
      vertex 34.8912 -10.2814 -1.59346
      vertex 34.2895 -8.40143 -2.5184
      vertex 36.3906 -9.32447 -1.59346
    endloop
  endfacet
  facet normal 0.287293 -0.450156 -0.845472
    outer loop
      vertex 35.4092 -11.8999 -0.555702
      vertex 34.8912 -10.2814 -1.59346
      vertex 36.3906 -9.32447 -1.59346
    endloop
  endfacet
  facet normal -0.181662 -0.210071 -0.960661
    outer loop
      vertex 26.2405 -3.42673 -3.96873
      vertex 25.2777 -5.58503 -3.3147
      vertex 25.4228 -2.71961 -3.96873
    endloop
  endfacet
  facet normal -0.144969 -0.227151 -0.963009
    outer loop
      vertex 26.3857 -6.29216 -3.3147
      vertex 25.2777 -5.58503 -3.3147
      vertex 26.2405 -3.42673 -3.96873
    endloop
  endfacet
  facet normal -0.314571 0.213176 0.924987
    outer loop
      vertex 22.0741 15.257 12.5184
      vertex 21.1074 13.8305 12.5184
      vertex 22.507 12.4406 13.3147
    endloop
  endfacet
  facet normal -0.346354 0.178818 0.920903
    outer loop
      vertex 22.507 12.4406 13.3147
      vertex 20.2928 12.2528 12.5184
      vertex 21.8207 11.1113 13.3147
    endloop
  endfacet
  facet normal -0.390717 0.264778 0.881608
    outer loop
      vertex 22.0741 15.257 12.5184
      vertex 19.8599 15.0692 11.5935
      vertex 21.1074 13.8305 12.5184
    endloop
  endfacet
  facet normal -0.429165 0.221587 0.875623
    outer loop
      vertex 21.1074 13.8305 12.5184
      vertex 19.8599 15.0692 11.5935
      vertex 20.2928 12.2528 12.5184
    endloop
  endfacet
  facet normal -0.105561 0.240291 0.964944
    outer loop
      vertex 27.5555 16.8061 13.3147
      vertex 26.3857 16.2922 13.3147
      vertex 28.054 14.3988 13.9687
    endloop
  endfacet
  facet normal -0.181623 0.210066 0.960669
    outer loop
      vertex 25.2777 15.585 13.3147
      vertex 24.2504 14.6968 13.3147
      vertex 25.4228 12.7196 13.9687
    endloop
  endfacet
  facet normal -0.345872 0.541963 0.76593
    outer loop
      vertex 24.1653 23.2293 9.42289
      vertex 22.9325 20.8416 10.5557
      vertex 24.5908 21.8999 10.5557
    endloop
  endfacet
  facet normal -0.287292 0.450171 0.845464
    outer loop
      vertex 24.5908 21.8999 10.5557
      vertex 22.9325 20.8416 10.5557
      vertex 23.6094 19.3245 11.5935
    endloop
  endfacet
  facet normal -0.0641554 0.249237 0.966315
    outer loop
      vertex 28.7672 17.118 13.3147
      vertex 27.5555 16.8061 13.3147
      vertex 28.054 14.3988 13.9687
    endloop
  endfacet
  facet normal -0.136738 0.311275 0.940431
    outer loop
      vertex 27.0989 19.0113 12.5184
      vertex 25.7105 18.4014 12.5184
      vertex 26.3857 16.2922 13.3147
    endloop
  endfacet
  facet normal -0.105912 0.165908 0.980437
    outer loop
      vertex 27.9088 11.5334 14.4693
      vertex 26.2405 13.4267 13.9687
      vertex 27.2678 11.1242 14.4693
    endloop
  endfacet
  facet normal -0.0503711 0.114686 0.992124
    outer loop
      vertex 28.5857 11.8307 14.4693
      vertex 27.9088 11.5334 14.4693
      vertex 28.7308 8.96528 14.8079
    endloop
  endfacet
  facet normal 0.0503638 0.11467 -0.992126
    outer loop
      vertex 32.0912 11.5334 -4.4693
      vertex 31.2692 8.96528 -4.80785
      vertex 31.4143 11.8307 -4.4693
    endloop
  endfacet
  facet normal 0.0770216 0.175365 -0.981486
    outer loop
      vertex 32.0912 11.5334 -4.4693
      vertex 31.4143 11.8307 -4.4693
      vertex 32.8774 13.9897 -3.96873
    endloop
  endfacet
  facet normal 0.197916 0.102201 -0.974876
    outer loop
      vertex 36.5116 9.86518 -3.96873
      vertex 34.7324 8.53583 -4.4693
      vertex 35.9651 10.9235 -3.96873
    endloop
  endfacet
  facet normal 0.197933 0.102192 -0.974874
    outer loop
      vertex 34.7324 8.53583 -4.4693
      vertex 34.3353 9.30496 -4.4693
      vertex 35.9651 10.9235 -3.96873
    endloop
  endfacet
  facet normal 0.00506552 -0.0597217 0.998202
    outer loop
      vertex 30 3.56113 14.9786
      vertex 30 0.708013 14.8079
      vertex 30.4329 0.744731 14.8079
    endloop
  endfacet
  facet normal -0.215585 -0.837405 0.502271
    outer loop
      vertex 27.8988 -15.6542 8.21439
      vertex 25.6846 -15.842 6.9509
      vertex 27.8237 -16.3927 6.9509
    endloop
  endfacet
  facet normal -0.0729044 -0.859152 0.506501
    outer loop
      vertex 27.8988 -15.6542 8.21439
      vertex 27.8237 -16.3927 6.9509
      vertex 30 -15.8325 8.21439
    endloop
  endfacet
  facet normal -0.346355 -0.178836 0.920899
    outer loop
      vertex 22.507 -2.44061 13.3147
      vertex 20.2928 -2.2528 12.5184
      vertex 21.1074 -3.83045 12.5184
    endloop
  endfacet
  facet normal -0.429157 -0.22159 0.875627
    outer loop
      vertex 20.2928 -2.2528 12.5184
      vertex 19.8599 -5.0692 11.5935
      vertex 21.1074 -3.83045 12.5184
    endloop
  endfacet
  facet normal -0.59924 0.092129 -0.795251
    outer loop
      vertex 17.6542 9.28099 -1.59346
      vertex 15.9859 7.38763 -0.555702
      vertex 16.3467 9.7344 -0.555702
    endloop
  endfacet
  facet normal -0.608089 0.0308133 -0.793271
    outer loop
      vertex 17.2187 5 -1.59346
      vertex 15.9859 7.38763 -0.555702
      vertex 17.3281 7.15897 -1.59346
    endloop
  endfacet
  facet normal -0.473693 0.321018 -0.820099
    outer loop
      vertex 19.8599 15.0692 -1.59346
      vertex 18.786 16.1357 -0.555702
      vertex 20.9623 16.6959 -1.59346
    endloop
  endfacet
  facet normal -0.39073 0.264794 -0.881598
    outer loop
      vertex 22.0741 15.257 -2.5184
      vertex 19.8599 15.0692 -1.59346
      vertex 20.9623 16.6959 -1.59346
    endloop
  endfacet
  facet normal 0.155685 -0.00786456 -0.987775
    outer loop
      vertex 35.4645 5 -4.4693
      vertex 33.2882 4.43978 -4.80785
      vertex 33.3165 5 -4.80785
    endloop
  endfacet
  facet normal 0.0772114 -0.0039004 -0.997007
    outer loop
      vertex 33.2882 4.43978 -4.80785
      vertex 31.1023 4.81219 -4.97859
      vertex 33.3165 5 -4.80785
    endloop
  endfacet
  facet normal -0.0694117 -0.026454 -0.997237
    outer loop
      vertex 27.1278 2.85401 -4.80785
      vertex 26.9359 3.35753 -4.80785
      vertex 28.9728 4.44937 -4.97859
    endloop
  endfacet
  facet normal 0.0430261 -0.0497563 -0.997834
    outer loop
      vertex 31.6583 1.28303 -4.80785
      vertex 30.6769 3.85847 -4.97859
      vertex 32.019 1.59494 -4.80785
    endloop
  endfacet
  facet normal 0.0869773 -0.100583 -0.99112
    outer loop
      vertex 33.3266 -0.610332 -4.4693
      vertex 31.6583 1.28303 -4.80785
      vertex 32.019 1.59494 -4.80785
    endloop
  endfacet
  facet normal 0.0050667 -0.0597357 -0.998201
    outer loop
      vertex 30.4329 0.744731 -4.80785
      vertex 30 0.708013 -4.80785
      vertex 30 3.56113 -4.97859
    endloop
  endfacet
  facet normal 0.0102541 -0.120895 -0.992612
    outer loop
      vertex 30.4329 0.744731 -4.80785
      vertex 30 -2.07167 -4.4693
      vertex 30 0.708013 -4.80785
    endloop
  endfacet
  facet normal 0.0692968 -0.10857 0.991671
    outer loop
      vertex 32.7322 -1.12424 14.4693
      vertex 31.2692 1.03472 14.8079
      vertex 32.0912 -1.53337 14.4693
    endloop
  endfacet
  facet normal 0.105555 -0.2403 0.964942
    outer loop
      vertex 32.8774 -3.98967 13.9687
      vertex 31.946 -4.3988 13.9687
      vertex 33.6143 -6.29216 13.3147
    endloop
  endfacet
  facet normal 0.0510482 -0.0449708 0.997683
    outer loop
      vertex 32.3451 1.96511 14.8079
      vertex 30.6769 3.85847 14.9786
      vertex 32.019 1.59494 14.8079
    endloop
  endfacet
  facet normal 0.0503776 -0.114686 0.992124
    outer loop
      vertex 32.0912 -1.53337 14.4693
      vertex 31.2692 1.03472 14.8079
      vertex 31.4143 -1.83071 14.4693
    endloop
  endfacet
  facet normal 0.0156924 -0.185015 0.98261
    outer loop
      vertex 30.7133 -2.01117 14.4693
      vertex 30 -2.07167 14.4693
      vertex 30.9814 -4.64711 13.9687
    endloop
  endfacet
  facet normal 0.0467938 -0.181778 0.982226
    outer loop
      vertex 31.4143 -1.83071 14.4693
      vertex 30.9814 -4.64711 13.9687
      vertex 31.946 -4.3988 13.9687
    endloop
  endfacet
  facet normal 0.287302 -0.450169 0.845462
    outer loop
      vertex 36.3906 -9.32447 11.5935
      vertex 34.8912 -10.2814 11.5935
      vertex 35.4092 -11.8999 10.5557
    endloop
  endfacet
  facet normal 0.234625 -0.36763 0.899889
    outer loop
      vertex 36.3906 -9.32447 11.5935
      vertex 34.2895 -8.40143 12.5184
      vertex 34.8912 -10.2814 11.5935
    endloop
  endfacet
  facet normal -0.00506666 -0.0597216 0.998202
    outer loop
      vertex 29.8549 3.57344 14.9786
      vertex 29.5671 0.744731 14.8079
      vertex 30 3.56113 14.9786
    endloop
  endfacet
  facet normal -0.0248933 -0.056667 0.998083
    outer loop
      vertex 29.7122 3.61016 14.9786
      vertex 28.7308 1.03472 14.8079
      vertex 29.1416 0.854259 14.8079
    endloop
  endfacet
  facet normal -0.0503803 -0.114685 0.992124
    outer loop
      vertex 28.7308 1.03472 14.8079
      vertex 28.5857 -1.83071 14.4693
      vertex 29.1416 0.854259 14.8079
    endloop
  endfacet
  facet normal 0.703443 -0.108149 -0.702475
    outer loop
      vertex 44.7273 -0.10681 0.577112
      vertex 43.6533 0.265595 -0.555702
      vertex 44.0141 2.61237 -0.555702
    endloop
  endfacet
  facet normal 0.59924 -0.0921288 -0.795251
    outer loop
      vertex 43.6533 0.265595 -0.555702
      vertex 42.3458 0.719009 -1.59346
      vertex 44.0141 2.61237 -0.555702
    endloop
  endfacet
  facet normal 0.816921 -0.0413625 -0.575264
    outer loop
      vertex 46.0978 5 1.7856
      vertex 45.1164 2.42456 0.577112
      vertex 45.2468 5 0.577112
    endloop
  endfacet
  facet normal 0.71323 -0.0361123 -0.699999
    outer loop
      vertex 45.1164 2.42456 0.577112
      vertex 44.135 5 -0.555702
      vertex 45.2468 5 0.577112
    endloop
  endfacet
  facet normal 0.608089 0.0308133 -0.793271
    outer loop
      vertex 42.7813 5 -1.59346
      vertex 42.6719 7.15897 -1.59346
      vertex 44.0141 7.38763 -0.555702
    endloop
  endfacet
  facet normal 0.506862 0.0256839 -0.861644
    outer loop
      vertex 42.7813 5 -1.59346
      vertex 41.113 6.89336 -2.5184
      vertex 42.6719 7.15897 -1.59346
    endloop
  endfacet
  facet normal 0.140087 -0.0533757 0.988699
    outer loop
      vertex 35.0485 2.29379 14.4693
      vertex 32.8722 2.85401 14.8079
      vertex 34.7324 1.46417 14.4693
    endloop
  endfacet
  facet normal 0.129942 -0.0670886 0.989249
    outer loop
      vertex 34.7324 1.46417 14.4693
      vertex 32.8722 2.85401 14.8079
      vertex 34.3353 0.695041 14.4693
    endloop
  endfacet
  facet normal 0.155715 0.00789505 0.987771
    outer loop
      vertex 35.4177 5.92304 14.4693
      vertex 33.2882 5.56022 14.8079
      vertex 35.4645 5 14.4693
    endloop
  endfacet
  facet normal 0.236718 0.0120021 0.971504
    outer loop
      vertex 37.4546 6.27007 13.9687
      vertex 35.4177 5.92304 14.4693
      vertex 35.4645 5 14.4693
    endloop
  endfacet
  facet normal 0 0 1
    outer loop
      vertex 28.8881 5 14.9786
      vertex 31.1119 5 14.9786
      vertex 31.1023 5.18781 14.9786
    endloop
  endfacet
  facet normal 0 0 1
    outer loop
      vertex 28.8977 5.18781 14.9786
      vertex 31.1023 5.18781 14.9786
      vertex 31.074 5.37241 14.9786
    endloop
  endfacet
  facet normal 0 0 1
    outer loop
      vertex 31.1119 5 14.9786
      vertex 28.8881 5 14.9786
      vertex 31.1023 4.81219 14.9786
    endloop
  endfacet
  facet normal 0 0 1
    outer loop
      vertex 28.926 5.37241 14.9786
      vertex 31.074 5.37241 14.9786
      vertex 31.0272 5.55063 14.9786
    endloop
  endfacet
  facet normal 0 -0 1
    outer loop
      vertex 28.8977 4.81219 14.9786
      vertex 31.1023 4.81219 14.9786
      vertex 28.8881 5 14.9786
    endloop
  endfacet
  facet normal 0 0 1
    outer loop
      vertex 28.9728 5.55063 14.9786
      vertex 31.0272 5.55063 14.9786
      vertex 30.9629 5.71943 14.9786
    endloop
  endfacet
  facet normal 0 0 1
    outer loop
      vertex 31.1023 4.81219 14.9786
      vertex 28.8977 4.81219 14.9786
      vertex 31.074 4.62759 14.9786
    endloop
  endfacet
  facet normal 0 0 1
    outer loop
      vertex 29.0371 5.71943 14.9786
      vertex 30.9629 5.71943 14.9786
      vertex 30.8821 5.87593 14.9786
    endloop
  endfacet
  facet normal 0 -0 1
    outer loop
      vertex 28.926 4.62759 14.9786
      vertex 31.074 4.62759 14.9786
      vertex 28.8977 4.81219 14.9786
    endloop
  endfacet
  facet normal 0 0 1
    outer loop
      vertex 29.1179 5.87593 14.9786
      vertex 30.8821 5.87593 14.9786
      vertex 30.7862 6.01743 14.9786
    endloop
  endfacet
  facet normal 0 0 1
    outer loop
      vertex 31.074 4.62759 14.9786
      vertex 28.926 4.62759 14.9786
      vertex 31.0272 4.44937 14.9786
    endloop
  endfacet
  facet normal 0 0 1
    outer loop
      vertex 29.2138 6.01743 14.9786
      vertex 30.7862 6.01743 14.9786
      vertex 30.6769 6.14153 14.9786
    endloop
  endfacet
  facet normal 0 -0 1
    outer loop
      vertex 28.9728 4.44937 14.9786
      vertex 31.0272 4.44937 14.9786
      vertex 28.926 4.62759 14.9786
    endloop
  endfacet
  facet normal 0 0 1
    outer loop
      vertex 29.3231 6.14153 14.9786
      vertex 30.6769 6.14153 14.9786
      vertex 30.5559 6.2461 14.9786
    endloop
  endfacet
  facet normal 0 0 1
    outer loop
      vertex 31.0272 4.44937 14.9786
      vertex 28.9728 4.44937 14.9786
      vertex 30.9629 4.28057 14.9786
    endloop
  endfacet
  facet normal 0 0 1
    outer loop
      vertex 29.4441 6.2461 14.9786
      vertex 30.5559 6.2461 14.9786
      vertex 30.4255 6.32934 14.9786
    endloop
  endfacet
  facet normal 0 -0 1
    outer loop
      vertex 29.0371 4.28057 14.9786
      vertex 30.9629 4.28057 14.9786
      vertex 28.9728 4.44937 14.9786
    endloop
  endfacet
  facet normal 0 0 1
    outer loop
      vertex 29.5745 6.32934 14.9786
      vertex 30.4255 6.32934 14.9786
      vertex 30.2878 6.38984 14.9786
    endloop
  endfacet
  facet normal 0 0 1
    outer loop
      vertex 30.9629 4.28057 14.9786
      vertex 29.0371 4.28057 14.9786
      vertex 30.8821 4.12407 14.9786
    endloop
  endfacet
  facet normal 0 0 1
    outer loop
      vertex 29.5745 6.32934 14.9786
      vertex 30.2878 6.38984 14.9786
      vertex 30.1451 6.42656 14.9786
    endloop
  endfacet
  facet normal 0 -0 1
    outer loop
      vertex 29.1179 4.12407 14.9786
      vertex 30.8821 4.12407 14.9786
      vertex 29.0371 4.28057 14.9786
    endloop
  endfacet
  facet normal 0 0 1
    outer loop
      vertex 29.5745 6.32934 14.9786
      vertex 30.1451 6.42656 14.9786
      vertex 30 6.43887 14.9786
    endloop
  endfacet
  facet normal 0 0 1
    outer loop
      vertex 30.8821 4.12407 14.9786
      vertex 29.1179 4.12407 14.9786
      vertex 30.7862 3.98257 14.9786
    endloop
  endfacet
  facet normal 0 0 1
    outer loop
      vertex 29.5745 6.32934 14.9786
      vertex 30 6.43887 14.9786
      vertex 29.8549 6.42656 14.9786
    endloop
  endfacet
  facet normal 0 -0 1
    outer loop
      vertex 29.2138 3.98257 14.9786
      vertex 30.7862 3.98257 14.9786
      vertex 29.1179 4.12407 14.9786
    endloop
  endfacet
  facet normal 0 0 1
    outer loop
      vertex 29.5745 6.32934 14.9786
      vertex 29.8549 6.42656 14.9786
      vertex 29.7122 6.38984 14.9786
    endloop
  endfacet
  facet normal 0 0 1
    outer loop
      vertex 31.1023 5.18781 14.9786
      vertex 28.8977 5.18781 14.9786
      vertex 28.8881 5 14.9786
    endloop
  endfacet
  facet normal 0 0 1
    outer loop
      vertex 30.4255 6.32934 14.9786
      vertex 29.5745 6.32934 14.9786
      vertex 29.4441 6.2461 14.9786
    endloop
  endfacet
  facet normal 0 0 1
    outer loop
      vertex 30.7862 3.98257 14.9786
      vertex 29.2138 3.98257 14.9786
      vertex 30.6769 3.85847 14.9786
    endloop
  endfacet
  facet normal 0 0 1
    outer loop
      vertex 30.5559 6.2461 14.9786
      vertex 29.4441 6.2461 14.9786
      vertex 29.3231 6.14153 14.9786
    endloop
  endfacet
  facet normal 0 -0 1
    outer loop
      vertex 29.3231 3.85847 14.9786
      vertex 30.6769 3.85847 14.9786
      vertex 29.2138 3.98257 14.9786
    endloop
  endfacet
  facet normal 0 0 1
    outer loop
      vertex 30.6769 6.14153 14.9786
      vertex 29.3231 6.14153 14.9786
      vertex 29.2138 6.01743 14.9786
    endloop
  endfacet
  facet normal 0 0 1
    outer loop
      vertex 30.6769 3.85847 14.9786
      vertex 29.3231 3.85847 14.9786
      vertex 30.5559 3.7539 14.9786
    endloop
  endfacet
  facet normal 0 0 1
    outer loop
      vertex 30.7862 6.01743 14.9786
      vertex 29.2138 6.01743 14.9786
      vertex 29.1179 5.87593 14.9786
    endloop
  endfacet
  facet normal 0 -0 1
    outer loop
      vertex 29.4441 3.7539 14.9786
      vertex 30.5559 3.7539 14.9786
      vertex 29.3231 3.85847 14.9786
    endloop
  endfacet
  facet normal 0 0 1
    outer loop
      vertex 30.8821 5.87593 14.9786
      vertex 29.1179 5.87593 14.9786
      vertex 29.0371 5.71943 14.9786
    endloop
  endfacet
  facet normal 0 0 1
    outer loop
      vertex 31.074 5.37241 14.9786
      vertex 28.926 5.37241 14.9786
      vertex 28.8977 5.18781 14.9786
    endloop
  endfacet
  facet normal 0 0 1
    outer loop
      vertex 30.9629 5.71943 14.9786
      vertex 29.0371 5.71943 14.9786
      vertex 28.9728 5.55063 14.9786
    endloop
  endfacet
  facet normal 0 0 1
    outer loop
      vertex 31.0272 5.55063 14.9786
      vertex 28.9728 5.55063 14.9786
      vertex 28.926 5.37241 14.9786
    endloop
  endfacet
  facet normal 0 -0 1
    outer loop
      vertex 29.5745 3.67066 14.9786
      vertex 30.4255 3.67066 14.9786
      vertex 29.4441 3.7539 14.9786
    endloop
  endfacet
  facet normal 0 0 1
    outer loop
      vertex 30 3.56113 14.9786
      vertex 29.5745 3.67066 14.9786
      vertex 29.8549 3.57344 14.9786
    endloop
  endfacet
  facet normal 0 0 1
    outer loop
      vertex 30.1451 3.57344 14.9786
      vertex 29.5745 3.67066 14.9786
      vertex 30 3.56113 14.9786
    endloop
  endfacet
  facet normal 0 0 1
    outer loop
      vertex 29.8549 3.57344 14.9786
      vertex 29.5745 3.67066 14.9786
      vertex 29.7122 3.61016 14.9786
    endloop
  endfacet
  facet normal 0 0 1
    outer loop
      vertex 30.4255 3.67066 14.9786
      vertex 29.5745 3.67066 14.9786
      vertex 30.2878 3.61016 14.9786
    endloop
  endfacet
  facet normal 0 0 1
    outer loop
      vertex 30.2878 3.61016 14.9786
      vertex 29.5745 3.67066 14.9786
      vertex 30.1451 3.57344 14.9786
    endloop
  endfacet
  facet normal 0 0 1
    outer loop
      vertex 30.5559 3.7539 14.9786
      vertex 29.4441 3.7539 14.9786
      vertex 30.4255 3.67066 14.9786
    endloop
  endfacet
  facet normal -0.321537 -0.0162848 -0.946757
    outer loop
      vertex 20.6361 3.40464 -3.3147
      vertex 20.5553 5 -3.3147
      vertex 22.5454 3.72993 -3.96873
    endloop
  endfacet
  facet normal -0.316259 -0.0486066 -0.947427
    outer loop
      vertex 20.8771 1.83657 -3.3147
      vertex 20.6361 3.40464 -3.3147
      vertex 22.5454 3.72993 -3.96873
    endloop
  endfacet
  facet normal -0.321533 0.0162783 -0.946758
    outer loop
      vertex 22.4811 5 -3.96873
      vertex 20.5553 5 -3.3147
      vertex 22.5454 6.27007 -3.96873
    endloop
  endfacet
  facet normal -0.305757 0.0801914 -0.948726
    outer loop
      vertex 22.7373 7.5184 -3.96873
      vertex 20.8771 8.16343 -3.3147
      vertex 23.0534 8.72364 -3.96873
    endloop
  endfacet
  facet normal -0.147823 0.0387619 -0.988254
    outer loop
      vertex 26.7965 6.11085 -4.80785
      vertex 24.9515 7.70621 -4.4693
      vertex 26.9359 6.64247 -4.80785
    endloop
  endfacet
  facet normal -0.236715 0.0119842 -0.971505
    outer loop
      vertex 24.5355 5 -4.4693
      vertex 22.4811 5 -3.96873
      vertex 22.5454 6.27007 -3.96873
    endloop
  endfacet
  facet normal -0.117548 0.079662 -0.989867
    outer loop
      vertex 27.6549 8.03489 -4.80785
      vertex 25.6647 9.30496 -4.4693
      vertex 26.136 10.0004 -4.4693
    endloop
  endfacet
  facet normal -0.197926 0.102187 -0.974876
    outer loop
      vertex 25.2676 8.53583 -4.4693
      vertex 23.4884 9.86518 -3.96873
      vertex 24.0348 10.9235 -3.96873
    endloop
  endfacet
  facet normal -0.129926 0.0670768 -0.989252
    outer loop
      vertex 27.1278 7.14599 -4.80785
      vertex 25.6647 9.30496 -4.4693
      vertex 27.3688 7.6128 -4.80785
    endloop
  endfacet
  facet normal -0.232757 0.0357638 -0.971877
    outer loop
      vertex 24.5823 5.92304 -4.4693
      vertex 22.7373 7.5184 -3.96873
      vertex 24.7217 6.83028 -4.4693
    endloop
  endfacet
  facet normal -0.29015 -0.110584 -0.95057
    outer loop
      vertex 21.8207 -1.11127 -3.3147
      vertex 21.2742 0.322634 -3.3147
      vertex 23.0534 1.27636 -3.96873
    endloop
  endfacet
  facet normal -0.305759 -0.0801995 -0.948725
    outer loop
      vertex 21.2742 0.322634 -3.3147
      vertex 20.8771 1.83657 -3.3147
      vertex 23.0534 1.27636 -3.96873
    endloop
  endfacet
  facet normal -0.0732756 -0.0192419 -0.997126
    outer loop
      vertex 28.9728 4.44937 -4.97859
      vertex 26.7965 3.88915 -4.80785
      vertex 28.926 4.62759 -4.97859
    endloop
  endfacet
  facet normal -0.0772153 -0.0039469 -0.997007
    outer loop
      vertex 28.8977 4.81219 -4.97859
      vertex 26.6835 5 -4.80785
      vertex 28.8881 5 -4.97859
    endloop
  endfacet
  facet normal -0.234577 0.271295 0.933473
    outer loop
      vertex 24.3956 17.5622 12.5184
      vertex 23.1765 16.5081 12.5184
      vertex 25.2777 15.585 13.3147
    endloop
  endfacet
  facet normal -0.234571 0.271307 0.933472
    outer loop
      vertex 25.2777 15.585 13.3147
      vertex 23.1765 16.5081 12.5184
      vertex 24.2504 14.6968 13.3147
    endloop
  endfacet
  facet normal -0.269642 0.139214 0.952845
    outer loop
      vertex 24.0348 10.9235 13.9687
      vertex 22.507 12.4406 13.3147
      vertex 23.4884 9.86518 13.9687
    endloop
  endfacet
  facet normal -0.31456 0.213179 0.92499
    outer loop
      vertex 23.3216 13.6426 13.3147
      vertex 22.0741 15.257 12.5184
      vertex 22.507 12.4406 13.3147
    endloop
  endfacet
  facet normal -0.214983 0.189442 0.958068
    outer loop
      vertex 25.4228 12.7196 13.9687
      vertex 23.3216 13.6426 13.3147
      vertex 24.6833 11.8804 13.9687
    endloop
  endfacet
  facet normal -0.244462 0.165673 0.955401
    outer loop
      vertex 23.3216 13.6426 13.3147
      vertex 22.507 12.4406 13.3147
      vertex 24.6833 11.8804 13.9687
    endloop
  endfacet
  facet normal -0.287294 0.450172 0.845463
    outer loop
      vertex 24.5908 21.8999 10.5557
      vertex 23.6094 19.3245 11.5935
      vertex 25.1088 20.2814 11.5935
    endloop
  endfacet
  facet normal -0.234616 0.367628 0.899892
    outer loop
      vertex 25.1088 20.2814 11.5935
      vertex 23.6094 19.3245 11.5935
      vertex 25.7105 18.4014 12.5184
    endloop
  endfacet
  facet normal -0.0831879 0.323176 0.942675
    outer loop
      vertex 28.7672 17.118 13.3147
      vertex 27.0989 19.0113 12.5184
      vertex 27.5555 16.8061 13.3147
    endloop
  endfacet
  facet normal -0.136745 0.311276 0.94043
    outer loop
      vertex 27.0989 19.0113 12.5184
      vertex 26.3857 16.2922 13.3147
      vertex 27.5555 16.8061 13.3147
    endloop
  endfacet
  facet normal -0.13282 0.153625 0.979162
    outer loop
      vertex 27.2678 11.1242 14.4693
      vertex 26.2405 13.4267 13.9687
      vertex 26.6734 10.6103 14.4693
    endloop
  endfacet
  facet normal -0.0869813 0.100606 0.991117
    outer loop
      vertex 27.2678 11.1242 14.4693
      vertex 26.6734 10.6103 14.4693
      vertex 28.3417 8.71697 14.8079
    endloop
  endfacet
  facet normal 0.132812 0.153617 -0.979164
    outer loop
      vertex 33.3266 10.6103 -4.4693
      vertex 32.7322 11.1242 -4.4693
      vertex 33.7595 13.4267 -3.96873
    endloop
  endfacet
  facet normal 0.0869687 0.100592 -0.991119
    outer loop
      vertex 33.3266 10.6103 -4.4693
      vertex 31.6583 8.71697 -4.80785
      vertex 32.7322 11.1242 -4.4693
    endloop
  endfacet
  facet normal -0.506862 0.0256839 -0.861644
    outer loop
      vertex 18.887 6.89336 -2.5184
      vertex 17.2187 5 -1.59346
      vertex 17.3281 7.15897 -1.59346
    endloop
  endfacet
  facet normal -0.608114 0.0307925 -0.793252
    outer loop
      vertex 17.2187 5 -1.59346
      vertex 15.865 5 -0.555702
      vertex 15.9859 7.38763 -0.555702
    endloop
  endfacet
  facet normal -0.411312 0.0208317 -0.911257
    outer loop
      vertex 20.5553 5 -3.3147
      vertex 18.887 6.89336 -2.5184
      vertex 20.6361 6.59536 -3.3147
    endloop
  endfacet
  facet normal -0.411311 0.0208332 -0.911257
    outer loop
      vertex 20.5553 5 -3.3147
      vertex 18.7911 5 -2.5184
      vertex 18.887 6.89336 -2.5184
    endloop
  endfacet
  facet normal -0.42918 0.221595 -0.875614
    outer loop
      vertex 20.2928 12.2528 -2.5184
      vertex 19.8599 15.0692 -1.59346
      vertex 21.1074 13.8305 -2.5184
    endloop
  endfacet
  facet normal -0.39073 0.264787 -0.8816
    outer loop
      vertex 21.1074 13.8305 -2.5184
      vertex 19.8599 15.0692 -1.59346
      vertex 22.0741 15.257 -2.5184
    endloop
  endfacet
  facet normal 0.155692 -0.00789392 -0.987774
    outer loop
      vertex 35.4177 4.07696 -4.4693
      vertex 33.2882 4.43978 -4.80785
      vertex 35.4645 5 -4.4693
    endloop
  endfacet
  facet normal 0.153052 -0.0235431 -0.987938
    outer loop
      vertex 35.4177 4.07696 -4.4693
      vertex 33.2035 3.88915 -4.80785
      vertex 33.2882 4.43978 -4.80785
    endloop
  endfacet
  facet normal 0.0248967 -0.0566657 0.998083
    outer loop
      vertex 30.4255 3.67066 14.9786
      vertex 30.2878 3.61016 14.9786
      vertex 31.2692 1.03472 14.8079
    endloop
  endfacet
  facet normal 0.0503803 -0.114685 0.992124
    outer loop
      vertex 31.2692 1.03472 14.8079
      vertex 30.8584 0.854259 14.8079
      vertex 31.4143 -1.83071 14.4693
    endloop
  endfacet
  facet normal 0.0467955 -0.181778 0.982225
    outer loop
      vertex 31.4143 -1.83071 14.4693
      vertex 30.7133 -2.01117 14.4693
      vertex 30.9814 -4.64711 13.9687
    endloop
  endfacet
  facet normal 0.0305889 -0.118823 0.992444
    outer loop
      vertex 31.4143 -1.83071 14.4693
      vertex 30.4329 0.744731 14.8079
      vertex 30.7133 -2.01117 14.4693
    endloop
  endfacet
  facet normal -0.0151094 -0.0586976 0.998161
    outer loop
      vertex 29.7122 3.61016 14.9786
      vertex 29.1416 0.854259 14.8079
      vertex 29.5671 0.744731 14.8079
    endloop
  endfacet
  facet normal -0.0305865 -0.118824 0.992444
    outer loop
      vertex 29.1416 0.854259 14.8079
      vertex 28.5857 -1.83071 14.4693
      vertex 29.5671 0.744731 14.8079
    endloop
  endfacet
  facet normal 0.599206 0.0920826 -0.795282
    outer loop
      vertex 42.6719 7.15897 -1.59346
      vertex 42.3458 9.28099 -1.59346
      vertex 44.0141 7.38763 -0.555702
    endloop
  endfacet
  facet normal 0.499071 0.0766943 -0.863161
    outer loop
      vertex 42.6719 7.15897 -1.59346
      vertex 41.113 6.89336 -2.5184
      vertex 42.3458 9.28099 -1.59346
    endloop
  endfacet
  facet normal 0.155715 -0.00789505 0.987771
    outer loop
      vertex 35.4645 5 14.4693
      vertex 33.2882 4.43978 14.8079
      vertex 35.4177 4.07696 14.4693
    endloop
  endfacet
  facet normal 0.153074 -0.0235464 0.987934
    outer loop
      vertex 33.2882 4.43978 14.8079
      vertex 33.2035 3.88915 14.8079
      vertex 35.4177 4.07696 14.4693
    endloop
  endfacet
  facet normal 0.197937 -0.102195 0.974873
    outer loop
      vertex 34.7324 1.46417 14.4693
      vertex 34.3353 0.695041 14.4693
      vertex 36.5116 0.134824 13.9687
    endloop
  endfacet
  facet normal 0.213229 -0.0812544 0.973617
    outer loop
      vertex 36.9466 1.27636 13.9687
      vertex 34.7324 1.46417 14.4693
      vertex 36.5116 0.134824 13.9687
    endloop
  endfacet
  facet normal -0.155685 -0.00786456 -0.987775
    outer loop
      vertex 26.7118 4.43978 -4.80785
      vertex 24.5355 5 -4.4693
      vertex 26.6835 5 -4.80785
    endloop
  endfacet
  facet normal -0.155692 -0.00789392 -0.987774
    outer loop
      vertex 24.5823 4.07696 -4.4693
      vertex 24.5355 5 -4.4693
      vertex 26.7118 4.43978 -4.80785
    endloop
  endfacet
  facet normal -0.140064 0.0533806 -0.988703
    outer loop
      vertex 26.9359 6.64247 -4.80785
      vertex 24.9515 7.70621 -4.4693
      vertex 27.1278 7.14599 -4.80785
    endloop
  endfacet
  facet normal -0.232745 0.0357787 -0.97188
    outer loop
      vertex 24.5823 5.92304 -4.4693
      vertex 22.5454 6.27007 -3.96873
      vertex 22.7373 7.5184 -3.96873
    endloop
  endfacet
  facet normal -0.197925 0.102188 -0.974876
    outer loop
      vertex 25.2676 8.53583 -4.4693
      vertex 24.0348 10.9235 -3.96873
      vertex 25.6647 9.30496 -4.4693
    endloop
  endfacet
  facet normal -0.179221 0.121458 -0.976283
    outer loop
      vertex 25.6647 9.30496 -4.4693
      vertex 24.0348 10.9235 -3.96873
      vertex 26.136 10.0004 -4.4693
    endloop
  endfacet
  facet normal -0.0732823 0.0192159 -0.997126
    outer loop
      vertex 28.9728 5.55063 -4.97859
      vertex 26.7965 6.11085 -4.80785
      vertex 26.9359 6.64247 -4.80785
    endloop
  endfacet
  facet normal -0.0643632 -0.0332288 -0.997373
    outer loop
      vertex 27.3688 2.3872 -4.80785
      vertex 27.1278 2.85401 -4.80785
      vertex 29.0371 4.28057 -4.97859
    endloop
  endfacet
  facet normal -0.0643632 0.0332288 -0.997373
    outer loop
      vertex 29.0371 5.71943 -4.97859
      vertex 27.1278 7.14599 -4.80785
      vertex 27.3688 7.6128 -4.80785
    endloop
  endfacet
  facet normal -0.0694204 0.0264439 -0.997237
    outer loop
      vertex 28.9728 5.55063 -4.97859
      vertex 27.1278 7.14599 -4.80785
      vertex 29.0371 5.71943 -4.97859
    endloop
  endfacet
  facet normal -0.144974 0.227137 0.963012
    outer loop
      vertex 26.3857 16.2922 13.3147
      vertex 25.2777 15.585 13.3147
      vertex 26.2405 13.4267 13.9687
    endloop
  endfacet
  facet normal -0.187538 0.293823 0.937282
    outer loop
      vertex 25.7105 18.4014 12.5184
      vertex 25.2777 15.585 13.3147
      vertex 26.3857 16.2922 13.3147
    endloop
  endfacet
  facet normal -0.157421 0.138708 0.977742
    outer loop
      vertex 26.6734 10.6103 14.4693
      vertex 24.6833 11.8804 13.9687
      vertex 26.136 10.0004 14.4693
    endloop
  endfacet
  facet normal -0.157417 0.138715 0.977741
    outer loop
      vertex 25.4228 12.7196 13.9687
      vertex 24.6833 11.8804 13.9687
      vertex 26.6734 10.6103 14.4693
    endloop
  endfacet
  facet normal -0.554572 0.211351 -0.804848
    outer loop
      vertex 18.1916 11.3298 -1.59346
      vertex 16.941 12.0002 -0.555702
      vertex 18.9311 13.2702 -1.59346
    endloop
  endfacet
  facet normal -0.683829 0.179363 -0.707253
    outer loop
      vertex 16.3467 9.7344 -0.555702
      vertex 15.9138 12.5508 0.577112
      vertex 16.941 12.0002 -0.555702
    endloop
  endfacet
  facet normal -0.506862 -0.0256839 -0.861644
    outer loop
      vertex 17.3281 2.84103 -1.59346
      vertex 17.2187 5 -1.59346
      vertex 18.887 3.10664 -2.5184
    endloop
  endfacet
  facet normal -0.608089 -0.0308133 -0.793271
    outer loop
      vertex 17.3281 2.84103 -1.59346
      vertex 15.9859 2.61237 -0.555702
      vertex 17.2187 5 -1.59346
    endloop
  endfacet
  facet normal -0.404759 0.0622083 -0.912305
    outer loop
      vertex 20.6361 6.59536 -3.3147
      vertex 19.1731 8.75433 -2.5184
      vertex 20.8771 8.16343 -3.3147
    endloop
  endfacet
  facet normal -0.316259 0.0486066 -0.947427
    outer loop
      vertex 22.5454 6.27007 -3.96873
      vertex 20.6361 6.59536 -3.3147
      vertex 20.8771 8.16343 -3.3147
    endloop
  endfacet
  facet normal 0.0248933 -0.056667 0.998083
    outer loop
      vertex 31.2692 1.03472 14.8079
      vertex 30.2878 3.61016 14.9786
      vertex 30.8584 0.854259 14.8079
    endloop
  endfacet
  facet normal 0.0151094 -0.0586976 0.998161
    outer loop
      vertex 30.8584 0.854259 14.8079
      vertex 30.2878 3.61016 14.9786
      vertex 30.4329 0.744731 14.8079
    endloop
  endfacet
  facet normal 0.0869812 -0.100605 0.991117
    outer loop
      vertex 33.3266 -0.610332 14.4693
      vertex 31.6583 1.28303 14.8079
      vertex 32.7322 -1.12424 14.4693
    endloop
  endfacet
  facet normal 0.043016 -0.0497447 0.997835
    outer loop
      vertex 32.019 1.59494 14.8079
      vertex 30.6769 3.85847 14.9786
      vertex 31.6583 1.28303 14.8079
    endloop
  endfacet
  facet normal 0.23277 -0.0357658 0.971874
    outer loop
      vertex 35.4177 4.07696 14.4693
      vertex 35.2783 3.16972 14.4693
      vertex 37.2627 2.4816 13.9687
    endloop
  endfacet
  facet normal 0.153072 -0.02352 0.987935
    outer loop
      vertex 35.4177 4.07696 14.4693
      vertex 33.2035 3.88915 14.8079
      vertex 35.2783 3.16972 14.4693
    endloop
  endfacet
  facet normal -0.224881 0.0589798 -0.9726
    outer loop
      vertex 24.9515 7.70621 -4.4693
      vertex 22.7373 7.5184 -3.96873
      vertex 23.0534 8.72364 -3.96873
    endloop
  endfacet
  facet normal -0.213218 0.08124 -0.973621
    outer loop
      vertex 24.9515 7.70621 -4.4693
      vertex 23.0534 8.72364 -3.96873
      vertex 25.2676 8.53583 -4.4693
    endloop
  endfacet
  facet normal -0.0758903 0.0116737 -0.997048
    outer loop
      vertex 28.8977 5.18781 -4.97859
      vertex 26.7118 5.56022 -4.80785
      vertex 26.7965 6.11085 -4.80785
    endloop
  endfacet
  facet normal -0.0772114 0.0039004 -0.997007
    outer loop
      vertex 28.8977 5.18781 -4.97859
      vertex 26.6835 5 -4.80785
      vertex 26.7118 5.56022 -4.80785
    endloop
  endfacet
  facet normal -0.429198 0.221589 -0.875607
    outer loop
      vertex 20.2928 12.2528 -2.5184
      vertex 18.9311 13.2702 -1.59346
      vertex 19.8599 15.0692 -1.59346
    endloop
  endfacet
  facet normal -0.581423 0.152502 -0.799181
    outer loop
      vertex 17.6542 9.28099 -1.59346
      vertex 16.3467 9.7344 -0.555702
      vertex 16.941 12.0002 -0.555702
    endloop
  endfacet
  facet normal -0.713227 0.0361149 -0.700002
    outer loop
      vertex 15.865 5 -0.555702
      vertex 14.8836 7.57544 0.577112
      vertex 15.9859 7.38763 -0.555702
    endloop
  endfacet
  facet normal -0.703471 0.108132 -0.70245
    outer loop
      vertex 15.9859 7.38763 -0.555702
      vertex 14.8836 7.57544 0.577112
      vertex 15.2727 10.1068 0.577112
    endloop
  endfacet
  facet normal 0.0869899 -0.100597 0.991117
    outer loop
      vertex 32.019 1.59494 14.8079
      vertex 31.6583 1.28303 14.8079
      vertex 33.3266 -0.610332 14.4693
    endloop
  endfacet
  facet normal 0.103184 -0.0909 0.9905
    outer loop
      vertex 32.3451 1.96511 14.8079
      vertex 32.019 1.59494 14.8079
      vertex 33.3266 -0.610332 14.4693
    endloop
  endfacet
  facet normal -0.14781 0.0387779 -0.988255
    outer loop
      vertex 26.7965 6.11085 -4.80785
      vertex 24.7217 6.83028 -4.4693
      vertex 24.9515 7.70621 -4.4693
    endloop
  endfacet
  facet normal -0.15305 0.0235166 -0.987939
    outer loop
      vertex 26.7965 6.11085 -4.80785
      vertex 24.5823 5.92304 -4.4693
      vertex 24.7217 6.83028 -4.4693
    endloop
  endfacet
  facet normal -0.460157 0.175369 -0.870345
    outer loop
      vertex 20.2928 12.2528 -2.5184
      vertex 18.1916 11.3298 -1.59346
      vertex 18.9311 13.2702 -1.59346
    endloop
  endfacet
  facet normal -0.391658 0.102712 -0.91436
    outer loop
      vertex 21.2742 9.67737 -3.3147
      vertex 19.1731 8.75433 -2.5184
      vertex 19.6443 10.5511 -2.5184
    endloop
  endfacet
  facet normal -0.599206 0.0920826 -0.795282
    outer loop
      vertex 17.3281 7.15897 -1.59346
      vertex 15.9859 7.38763 -0.555702
      vertex 17.6542 9.28099 -1.59346
    endloop
  endfacet
  facet normal -0.499071 0.0766943 -0.863161
    outer loop
      vertex 18.887 6.89336 -2.5184
      vertex 17.3281 7.15897 -1.59346
      vertex 17.6542 9.28099 -1.59346
    endloop
  endfacet
  facet normal -0.460155 0.17536 -0.870348
    outer loop
      vertex 19.6443 10.5511 -2.5184
      vertex 18.1916 11.3298 -1.59346
      vertex 20.2928 12.2528 -2.5184
    endloop
  endfacet
  facet normal -0.372126 0.141813 -0.917285
    outer loop
      vertex 21.2742 9.67737 -3.3147
      vertex 19.6443 10.5511 -2.5184
      vertex 20.2928 12.2528 -2.5184
    endloop
  endfacet
  facet normal -0.581418 0.152505 -0.799185
    outer loop
      vertex 17.6542 9.28099 -1.59346
      vertex 16.941 12.0002 -0.555702
      vertex 18.1916 11.3298 -1.59346
    endloop
  endfacet
  facet normal -0.483463 0.126812 -0.866131
    outer loop
      vertex 19.1731 8.75433 -2.5184
      vertex 17.6542 9.28099 -1.59346
      vertex 18.1916 11.3298 -1.59346
    endloop
  endfacet
endsolid OpenSCAD_Model
